[Licensing::Module] Trying to connect to existing licensing client channel...
[Licensing::IpcConnector] Channel LicenseClient-User doesn't exist
[Licensing::Module] Successfully launched the LicensingClient (PId: 16968)
[Licensing::IpcConnector] Successfully connected to: "LicenseClient-User" at "2026-06-23T00:17:58.4180548Z"
[Licensing::Client] Code 10 while verifying Licensing Client signature (process Id: 16968, path: "C:/Program Files/Unity/Hub/Editor/2022.3.62f3/Editor/Data/Resources/Licensing/Client/Unity.Licensing.Client.exe")
[Licensing::Module] LicensingClient has failed validation; ignoring
[Licensing::Client] Handshaking with LicensingClient:
  Version:                 1.16.2+bdef8f5
  Session Id:              015d6b9248ce42968e97d1a92701a329
  Correlation Id:          1b98d4315e6d05b8576c2721128628f5
  External correlation Id: 2700234092507388136
  Machine Id:              Jq9BtygUimSA+fW3p/p42m4cWug=
[Licensing::Module] Successfully connected to LicensingClient on channel: "LicenseClient-User" (connect: 0.85s, validation: 0.06s, handshake: 0.03s)
[Licensing::IpcConnector] Successfully connected to: "LicenseClient-User-notifications" at "2026-06-23T00:17:58.5065125Z"
[Licensing::Module] Connected to LicensingClient (PId: 16968, launch time: 0.00, total connection time: 0.94s)
[Licensing::Module] Error: Access token is unavailable; failed to update
[Licensing::Client] Error: Code 500 while processing request (status: Unable to update licenses. Errors: No ULF license found.,Token not found in cache)
[Licensing::Client] Error: Code 500 while updating license in client (status: Unable to update licenses. Errors: No ULF license found.,Token not found in cache)
Built from '2022.3/respin/2022.3.62f2-4af31df585-v2' branch; Version is '2022.3.62f3 (96770f904ca7) revision 9860879'; Using compiler version '192829333'; Build Type 'Release'
OS: 'Windows 11  (10.0.26200) 64bit Enterprise' Language: 'en' Physical Memory: 10961 MB
[Licensing::Client] Successfully resolved entitlement details
[Licensing::Module] Serial number assigned to: "2474517393173-UnityPersXXXX"
BatchMode: 1, IsHumanControllingUs: 0, StartBugReporterOnCrash: 0, Is64bit: 1, IsPro: 0
[Licensing::Client] Successfully resolved entitlement details

COMMAND LINE ARGUMENTS:
C:\Program Files\Unity\Hub\Editor\2022.3.62f3\Editor\Unity.exe
-batchmode
-quit
-projectPath
Q:\QCXR-XR-Wrapper
-buildTarget
Android
-executeMethod
QuestCraftCliBuild.BuildAndroid
-outputPath
Q:\QCXR-XR-Wrapper\Builds\QuestCraft.apk
-logFile
Q:\QCXR-XR-Wrapper\unity-apk-build.log
Successfully changed project path to: Q:\QCXR-XR-Wrapper
Q:/QCXR-XR-Wrapper
[UnityMemory] Configuration Parameters - Can be set up in boot.config
    "memorysetup-bucket-allocator-granularity=16"
    "memorysetup-bucket-allocator-bucket-count=8"
    "memorysetup-bucket-allocator-block-size=33554432"
    "memorysetup-bucket-allocator-block-count=8"
    "memorysetup-main-allocator-block-size=16777216"
    "memorysetup-thread-allocator-block-size=16777216"
    "memorysetup-gfx-main-allocator-block-size=16777216"
    "memorysetup-gfx-thread-allocator-block-size=16777216"
    "memorysetup-cache-allocator-block-size=4194304"
    "memorysetup-typetree-allocator-block-size=2097152"
    "memorysetup-profiler-bucket-allocator-granularity=16"
    "memorysetup-profiler-bucket-allocator-bucket-count=8"
    "memorysetup-profiler-bucket-allocator-block-size=33554432"
    "memorysetup-profiler-bucket-allocator-block-count=8"
    "memorysetup-profiler-allocator-block-size=16777216"
    "memorysetup-profiler-editor-allocator-block-size=1048576"
    "memorysetup-temp-allocator-size-main=16777216"
    "memorysetup-job-temp-allocator-block-size=2097152"
    "memorysetup-job-temp-allocator-block-size-background=1048576"
    "memorysetup-job-temp-allocator-reduction-small-platforms=262144"
    "memorysetup-allocator-temp-initial-block-size-main=262144"
    "memorysetup-allocator-temp-initial-block-size-worker=262144"
    "memorysetup-temp-allocator-size-background-worker=32768"
    "memorysetup-temp-allocator-size-job-worker=262144"
    "memorysetup-temp-allocator-size-preload-manager=33554432"
    "memorysetup-temp-allocator-size-nav-mesh-worker=65536"
    "memorysetup-temp-allocator-size-audio-worker=65536"
    "memorysetup-temp-allocator-size-cloud-worker=32768"
    "memorysetup-temp-allocator-size-gi-baking-worker=262144"
    "memorysetup-temp-allocator-size-gfx=262144"
Player connection [15804]  Target information:

Player connection [15804]  * "[IP] 10.0.0.227 [Port] 55504 [Flags] 2 [Guid] 3664171861 [EditorId] 3664171861 [Version] 1048832 [Id] WindowsEditor(7,netcats-vibrator) [Debug] 1 [PackageName] WindowsEditor [ProjectName] Editor" 

Player connection [15804] Host joined multi-casting on [225.0.0.222:54997]...
Player connection [15804] Host joined alternative multi-casting on [225.0.0.222:34997]...
Input System module state changed to: Initialized.
[PhysX] Initialized MultithreadedTaskDispatcher with 16 workers.
[Package Manager] UpmClient::Connect -- Connected to IPC stream "Upm-18232" after 0.4 seconds.
[Package Manager] Restoring resolved packages state from cache
[Licensing::Client] Successfully resolved entitlement details
[Package Manager] Registered 61 packages:
  Packages from [https://packages.unity.com]:
    com.unity.collab-proxy@2.7.1 (location: Q:\QCXR-XR-Wrapper\Library\PackageCache\com.unity.collab-proxy@2.7.1)
    com.unity.ide.rider@3.0.36 (location: Q:\QCXR-XR-Wrapper\Library\PackageCache\com.unity.ide.rider@3.0.36)
    com.unity.ide.visualstudio@2.0.22 (location: Q:\QCXR-XR-Wrapper\Library\PackageCache\com.unity.ide.visualstudio@2.0.22)
    com.unity.test-framework@1.3.9 (location: Q:\QCXR-XR-Wrapper\Library\PackageCache\com.unity.test-framework@1.3.9)
    com.unity.textmeshpro@3.0.9 (location: Q:\QCXR-XR-Wrapper\Library\PackageCache\com.unity.textmeshpro@3.0.9)
    com.unity.timeline@1.8.6 (location: Q:\QCXR-XR-Wrapper\Library\PackageCache\com.unity.timeline@1.8.6)
    com.unity.toolchain.win-x86_64-linux-x86_64@2.0.10 (location: Q:\QCXR-XR-Wrapper\Library\PackageCache\com.unity.toolchain.win-x86_64-linux-x86_64@2.0.10)
    com.unity.visualscripting@1.9.4 (location: Q:\QCXR-XR-Wrapper\Library\PackageCache\com.unity.visualscripting@1.9.4)
    com.unity.xr.core-utils@2.5.2 (location: Q:\QCXR-XR-Wrapper\Library\PackageCache\com.unity.xr.core-utils@2.5.2)
    com.unity.xr.interaction.toolkit@3.0.5 (location: Q:\QCXR-XR-Wrapper\Library\PackageCache\com.unity.xr.interaction.toolkit@3.0.5)
    com.unity.xr.management@4.5.1 (location: Q:\QCXR-XR-Wrapper\Library\PackageCache\com.unity.xr.management@4.5.1)
    com.unity.xr.openxr@1.14.3 (location: Q:\QCXR-XR-Wrapper\Library\PackageCache\com.unity.xr.openxr@1.14.3)
    com.unity.xr.legacyinputhelpers@2.1.12 (location: Q:\QCXR-XR-Wrapper\Library\PackageCache\com.unity.xr.legacyinputhelpers@2.1.12)
    com.unity.inputsystem@1.14.0 (location: Q:\QCXR-XR-Wrapper\Library\PackageCache\com.unity.inputsystem@1.14.0)
    com.unity.mathematics@1.2.6 (location: Q:\QCXR-XR-Wrapper\Library\PackageCache\com.unity.mathematics@1.2.6)
    com.unity.sysroot@2.0.10 (location: Q:\QCXR-XR-Wrapper\Library\PackageCache\com.unity.sysroot@2.0.10)
    com.unity.sysroot.linux-x86_64@2.0.9 (location: Q:\QCXR-XR-Wrapper\Library\PackageCache\com.unity.sysroot.linux-x86_64@2.0.9)
    com.unity.ext.nunit@2.0.3 (location: Q:\QCXR-XR-Wrapper\Library\PackageCache\com.unity.ext.nunit@2.0.3)
    com.unity.ide.vscode@1.2.5 (location: Q:\QCXR-XR-Wrapper\Library\PackageCache\com.unity.ide.vscode@1.2.5)
    com.unity.editorcoroutines@1.0.0 (location: Q:\QCXR-XR-Wrapper\Library\PackageCache\com.unity.editorcoroutines@1.0.0)
    com.unity.performance.profile-analyzer@1.2.3 (location: Q:\QCXR-XR-Wrapper\Library\PackageCache\com.unity.performance.profile-analyzer@1.2.3)
    com.unity.testtools.codecoverage@1.2.6 (location: Q:\QCXR-XR-Wrapper\Library\PackageCache\com.unity.testtools.codecoverage@1.2.6)
    com.unity.settings-manager@2.1.0 (location: Q:\QCXR-XR-Wrapper\Library\PackageCache\com.unity.settings-manager@2.1.0)
  Packages from [https://unitynuget-registry.openupm.com]:
    org.nuget.system.runtime.compilerservices.unsafe@6.0.0 (location: Q:\QCXR-XR-Wrapper\Library\PackageCache\org.nuget.system.runtime.compilerservices.unsafe@6.0.0)
  Built-in packages:
    com.unity.2d.sprite@1.0.0 (location: Q:\QCXR-XR-Wrapper\Library\PackageCache\com.unity.2d.sprite@1.0.0)
    com.unity.feature.development@1.0.1 (location: Q:\QCXR-XR-Wrapper\Library\PackageCache\com.unity.feature.development@1.0.1)
    com.unity.ugui@1.0.0 (location: Q:\QCXR-XR-Wrapper\Library\PackageCache\com.unity.ugui@1.0.0)
    com.unity.modules.ai@1.0.0 (location: Q:\QCXR-XR-Wrapper\Library\PackageCache\com.unity.modules.ai@1.0.0)
    com.unity.modules.androidjni@1.0.0 (location: Q:\QCXR-XR-Wrapper\Library\PackageCache\com.unity.modules.androidjni@1.0.0)
    com.unity.modules.animation@1.0.0 (location: Q:\QCXR-XR-Wrapper\Library\PackageCache\com.unity.modules.animation@1.0.0)
    com.unity.modules.assetbundle@1.0.0 (location: Q:\QCXR-XR-Wrapper\Library\PackageCache\com.unity.modules.assetbundle@1.0.0)
    com.unity.modules.audio@1.0.0 (location: Q:\QCXR-XR-Wrapper\Library\PackageCache\com.unity.modules.audio@1.0.0)
    com.unity.modules.cloth@1.0.0 (location: Q:\QCXR-XR-Wrapper\Library\PackageCache\com.unity.modules.cloth@1.0.0)
    com.unity.modules.director@1.0.0 (location: Q:\QCXR-XR-Wrapper\Library\PackageCache\com.unity.modules.director@1.0.0)
    com.unity.modules.imageconversion@1.0.0 (location: Q:\QCXR-XR-Wrapper\Library\PackageCache\com.unity.modules.imageconversion@1.0.0)
    com.unity.modules.imgui@1.0.0 (location: Q:\QCXR-XR-Wrapper\Library\PackageCache\com.unity.modules.imgui@1.0.0)
    com.unity.modules.jsonserialize@1.0.0 (location: Q:\QCXR-XR-Wrapper\Library\PackageCache\com.unity.modules.jsonserialize@1.0.0)
    com.unity.modules.particlesystem@1.0.0 (location: Q:\QCXR-XR-Wrapper\Library\PackageCache\com.unity.modules.particlesystem@1.0.0)
    com.unity.modules.physics@1.0.0 (location: Q:\QCXR-XR-Wrapper\Library\PackageCache\com.unity.modules.physics@1.0.0)
    com.unity.modules.physics2d@1.0.0 (location: Q:\QCXR-XR-Wrapper\Library\PackageCache\com.unity.modules.physics2d@1.0.0)
    com.unity.modules.screencapture@1.0.0 (location: Q:\QCXR-XR-Wrapper\Library\PackageCache\com.unity.modules.screencapture@1.0.0)
    com.unity.modules.terrain@1.0.0 (location: Q:\QCXR-XR-Wrapper\Library\PackageCache\com.unity.modules.terrain@1.0.0)
    com.unity.modules.terrainphysics@1.0.0 (location: Q:\QCXR-XR-Wrapper\Library\PackageCache\com.unity.modules.terrainphysics@1.0.0)
    com.unity.modules.tilemap@1.0.0 (location: Q:\QCXR-XR-Wrapper\Library\PackageCache\com.unity.modules.tilemap@1.0.0)
    com.unity.modules.ui@1.0.0 (location: Q:\QCXR-XR-Wrapper\Library\PackageCache\com.unity.modules.ui@1.0.0)
    com.unity.modules.uielements@1.0.0 (location: Q:\QCXR-XR-Wrapper\Library\PackageCache\com.unity.modules.uielements@1.0.0)
    com.unity.modules.umbra@1.0.0 (location: Q:\QCXR-XR-Wrapper\Library\PackageCache\com.unity.modules.umbra@1.0.0)
    com.unity.modules.unityanalytics@1.0.0 (location: Q:\QCXR-XR-Wrapper\Library\PackageCache\com.unity.modules.unityanalytics@1.0.0)
    com.unity.modules.unitywebrequest@1.0.0 (location: Q:\QCXR-XR-Wrapper\Library\PackageCache\com.unity.modules.unitywebrequest@1.0.0)
    com.unity.modules.unitywebrequestassetbundle@1.0.0 (location: Q:\QCXR-XR-Wrapper\Library\PackageCache\com.unity.modules.unitywebrequestassetbundle@1.0.0)
    com.unity.modules.unitywebrequestaudio@1.0.0 (location: Q:\QCXR-XR-Wrapper\Library\PackageCache\com.unity.modules.unitywebrequestaudio@1.0.0)
    com.unity.modules.unitywebrequesttexture@1.0.0 (location: Q:\QCXR-XR-Wrapper\Library\PackageCache\com.unity.modules.unitywebrequesttexture@1.0.0)
    com.unity.modules.unitywebrequestwww@1.0.0 (location: Q:\QCXR-XR-Wrapper\Library\PackageCache\com.unity.modules.unitywebrequestwww@1.0.0)
    com.unity.modules.vehicles@1.0.0 (location: Q:\QCXR-XR-Wrapper\Library\PackageCache\com.unity.modules.vehicles@1.0.0)
    com.unity.modules.video@1.0.0 (location: Q:\QCXR-XR-Wrapper\Library\PackageCache\com.unity.modules.video@1.0.0)
    com.unity.modules.vr@1.0.0 (location: Q:\QCXR-XR-Wrapper\Library\PackageCache\com.unity.modules.vr@1.0.0)
    com.unity.modules.wind@1.0.0 (location: Q:\QCXR-XR-Wrapper\Library\PackageCache\com.unity.modules.wind@1.0.0)
    com.unity.modules.xr@1.0.0 (location: Q:\QCXR-XR-Wrapper\Library\PackageCache\com.unity.modules.xr@1.0.0)
    com.unity.modules.subsystems@1.0.0 (location: Q:\QCXR-XR-Wrapper\Library\PackageCache\com.unity.modules.subsystems@1.0.0)
  Local packages:
    com.netpyoung.webp@file:Q:\QCXR-XR-Wrapper\Packages\LocalPackages\unity.webp (location: Q:\QCXR-XR-Wrapper\Packages\LocalPackages\unity.webp)
    com.unity.xr.openxr.picoxr@file:Q:\QCXR-XR-Wrapper\Packages\LocalPackages\PICO Unity OpenXR Integration SDK-1.3.0 (location: Q:\QCXR-XR-Wrapper\Packages\LocalPackages\PICO Unity OpenXR Integration SDK-1.3.0)
[Subsystems] Looking for new subsystems at path Q:\QCXR-XR-Wrapper\Library\PackageCache\com.unity.xr.openxr@1.14.3
[Subsystems] Novel subsystem found at Library/PackageCache/com.unity.xr.openxr@1.14.3/Runtime/UnitySubsystemsManifest.json
[Subsystems] Discovering subsystems at path C:/Program Files/Unity/Hub/Editor/2022.3.62f3/Editor/Data/Resources/UnitySubsystems
[Subsystems] Discovering subsystems at path Q:/QCXR-XR-Wrapper/Assets
[Subsystems] Discovering subsystems at path Q:\QCXR-XR-Wrapper\Library\PackageCache\com.unity.xr.openxr@1.14.3
[Subsystems] No descriptors matched for  examples in Library/PackageCache/com.unity.xr.openxr@1.14.3/Runtime/UnitySubsystemsManifest.json.
[Subsystems] 1 'inputs' descriptors matched in Library/PackageCache/com.unity.xr.openxr@1.14.3/Runtime/UnitySubsystemsManifest.json
[Subsystems] 1 'displays' descriptors matched in Library/PackageCache/com.unity.xr.openxr@1.14.3/Runtime/UnitySubsystemsManifest.json
[Subsystems] No descriptors matched for  meshings in Library/PackageCache/com.unity.xr.openxr@1.14.3/Runtime/UnitySubsystemsManifest.json.
[Subsystems] Discovering subsystems at path Q:\QCXR-XR-Wrapper\Packages\LocalPackages\PICO Unity OpenXR Integration SDK-1.3.0
[Subsystems] No descriptors matched for  examples in Packages/LocalPackages/PICO Unity OpenXR Integration SDK-1.3.0/Runtime/UnitySubsystemsManifest.json.
[Subsystems] No descriptors matched for  inputs in Packages/LocalPackages/PICO Unity OpenXR Integration SDK-1.3.0/Runtime/UnitySubsystemsManifest.json.
[Subsystems] No descriptors matched for  displays in Packages/LocalPackages/PICO Unity OpenXR Integration SDK-1.3.0/Runtime/UnitySubsystemsManifest.json.
[Subsystems] 1 'meshings' descriptors matched in Packages/LocalPackages/PICO Unity OpenXR Integration SDK-1.3.0/Runtime/UnitySubsystemsManifest.json
Package Manager log level set to [2]
[Package Manager] Done registering packages in 0.09 seconds
[Licensing::Client] Successfully resolved entitlement details
Targeting platform: Android
Refreshing native plugins compatible for Editor in 90.90 ms, found 19 plugins.
Preloading 0 native plugins for Editor in 0.00 ms.
Initialize engine version: 2022.3.62f3 (96770f904ca7)
[Subsystems] Discovering subsystems at path C:/Program Files/Unity/Hub/Editor/2022.3.62f3/Editor/Data/Resources/UnitySubsystems
[Subsystems] Discovering subsystems at path Q:/QCXR-XR-Wrapper/Assets
[Subsystems] Discovering subsystems at path Q:\QCXR-XR-Wrapper\Library\PackageCache\com.unity.xr.openxr@1.14.3
[Subsystems] No descriptors matched for  examples in Library/PackageCache/com.unity.xr.openxr@1.14.3/Runtime/UnitySubsystemsManifest.json.
[Subsystems] 1 'inputs' descriptors matched in Library/PackageCache/com.unity.xr.openxr@1.14.3/Runtime/UnitySubsystemsManifest.json
[Subsystems] 1 'displays' descriptors matched in Library/PackageCache/com.unity.xr.openxr@1.14.3/Runtime/UnitySubsystemsManifest.json
[Subsystems] No descriptors matched for  meshings in Library/PackageCache/com.unity.xr.openxr@1.14.3/Runtime/UnitySubsystemsManifest.json.
[Subsystems] Discovering subsystems at path Q:\QCXR-XR-Wrapper\Packages\LocalPackages\PICO Unity OpenXR Integration SDK-1.3.0
[Subsystems] No descriptors matched for  examples in Packages/LocalPackages/PICO Unity OpenXR Integration SDK-1.3.0/Runtime/UnitySubsystemsManifest.json.
[Subsystems] No descriptors matched for  inputs in Packages/LocalPackages/PICO Unity OpenXR Integration SDK-1.3.0/Runtime/UnitySubsystemsManifest.json.
[Subsystems] No descriptors matched for  displays in Packages/LocalPackages/PICO Unity OpenXR Integration SDK-1.3.0/Runtime/UnitySubsystemsManifest.json.
[Subsystems] 1 'meshings' descriptors matched in Packages/LocalPackages/PICO Unity OpenXR Integration SDK-1.3.0/Runtime/UnitySubsystemsManifest.json
GfxDevice: creating device client; threaded=0; jobified=0
Direct3D:
    Version:  Direct3D 11.0 [level 11.1]
    Renderer: AMD Radeon Graphics (ID=0x15bf)
    Vendor:   ATI
    VRAM:     5480 MB
    Driver:   32.0.23027.3001
[Licensing::Client] Successfully resolved entitlement details
Initialize mono
Mono path[0] = 'C:/Program Files/Unity/Hub/Editor/2022.3.62f3/Editor/Data/Managed'
Mono path[1] = 'C:/Program Files/Unity/Hub/Editor/2022.3.62f3/Editor/Data/MonoBleedingEdge/lib/mono/unityjit-win32'
Mono config path = 'C:/Program Files/Unity/Hub/Editor/2022.3.62f3/Editor/Data/MonoBleedingEdge/etc'
Using monoOptions --debugger-agent=transport=dt_socket,embedding=1,server=y,suspend=n,address=127.0.0.1:56232
Using cacheserver namespaces - metadata:defaultmetadata, artifacts:defaultartifacts
Using cacheserver namespaces - metadata:defaultmetadata, artifacts:defaultartifacts
ImportWorker Server TCP listen port: 0
Begin MonoManager ReloadAssembly
Registering precompiled unity dll's ...
Register platform support module: C:/Program Files/Unity/Hub/Editor/2022.3.62f3/Editor/Data/PlaybackEngines/AndroidPlayer/UnityEditor.Android.Extensions.dll
Register platform support module: C:/Program Files/Unity/Hub/Editor/2022.3.62f3/Editor/Data/PlaybackEngines/WindowsStandaloneSupport/UnityEditor.WindowsStandalone.Extensions.dll
Register platform support module: C:/Program Files/Unity/Hub/Editor/2022.3.62f3/Editor/Data/PlaybackEngines/LinuxStandaloneSupport/UnityEditor.LinuxStandalone.Extensions.dll
[Licensing::Client] Successfully resolved entitlement details
Register platform support module: C:/Program Files/Unity/Hub/Editor/2022.3.62f3/Editor/Data/PlaybackEngines/MetroSupport/UnityEditor.UWP.Extensions.dll
Registered in 0.029312 seconds.
- Loaded All Assemblies, in  0.406 seconds
Native extension for UWP target not found
Native extension for LinuxStandalone target not found
Native extension for WindowsStandalone target not found
Native extension for Android target not found
Android Extension - Scanning For ADB Devices 2211 ms
Mono: successfully reloaded assembly
- Finished resetting the current domain, in  2.515 seconds
Domain Reload Profiling: 2918ms
	BeginReloadAssembly (144ms)
		ExecutionOrderSort (0ms)
		DisableScriptedObjects (0ms)
		BackupInstance (0ms)
		ReleaseScriptingObjects (0ms)
		CreateAndSetChildDomain (1ms)
	RebuildCommonClasses (31ms)
	RebuildNativeTypeToScriptingClass (10ms)
	initialDomainReloadingComplete (77ms)
	LoadAllAssembliesAndSetupDomain (141ms)
		LoadAssemblies (145ms)
		RebuildTransferFunctionScriptingTraits (0ms)
		AnalyzeDomain (136ms)
			TypeCache.Refresh (135ms)
				TypeCache.ScanAssembly (123ms)
			ScanForSourceGeneratedMonoScriptInfo (0ms)
			ResolveRequiredComponents (0ms)
	FinalizeReload (2515ms)
		ReleaseScriptCaches (0ms)
		RebuildScriptCaches (0ms)
		SetupLoadedEditorAssemblies (2475ms)
			LogAssemblyErrors (0ms)
			InitializePlatformSupportModulesInManaged (2304ms)
			SetLoadedEditorAssemblies (3ms)
			RefreshPlugins (0ms)
			BeforeProcessingInitializeOnLoad (2ms)
			ProcessInitializeOnLoadAttributes (121ms)
			ProcessInitializeOnLoadMethodAttributes (45ms)
			AfterProcessingInitializeOnLoad (0ms)
			EditorAssembliesLoaded (0ms)
		ExecutionOrderSort2 (0ms)
		AwakeInstancesAfterBackupRestoration (0ms)
[Licensing::Client] Successfully resolved entitlement details
[Licensing::Client] Successfully resolved entitlement details
Application.AssetDatabase Initial Refresh Start
[ScriptCompilation] Requested script compilation because: InitialRefresh: Force Refresh Recompile flag enabled
Starting: C:\Program Files\Unity\Hub\Editor\2022.3.62f3\Editor\Data\bee_backend.exe --ipc --defer-dag-verification --dagfile="Library/Bee/1300b0aE.dag" --continue-on-failure --profile="Library/Bee/backend1.traceevents" ScriptAssemblies
WorkingDir: Q:/QCXR-XR-Wrapper
ExitCode: 4 Duration: 0s48ms
[             ] Require frontend run.  Library/Bee/1300b0aE.dag couldn't be loaded
DisplayProgressbar: Compiling Scripts
Starting: C:\Program Files\Unity\Hub\Editor\2022.3.62f3\Editor\Data\Tools\netcorerun\netcorerun.exe "C:\Program Files\Unity\Hub\Editor\2022.3.62f3\Editor\Data\Tools\BuildPipeline\ScriptCompilationBuildProgram.exe" "Library/Bee/1300b0aE.dag.json" "Library/Bee/1300b0aE-inputdata.json" "Library\Bee\buildprogram0.traceevents"
WorkingDir: Q:/QCXR-XR-Wrapper
ExitCode: 0 Duration: 0s482ms
Starting: C:\Program Files\Unity\Hub\Editor\2022.3.62f3\Editor\Data\bee_backend.exe --ipc --defer-dag-verification --dagfile="Library/Bee/1300b0aE.dag" --continue-on-failure --dagfilejson="Library\Bee\1300b0aE.dag.json" --profile="Library/Bee/backend2.traceevents" ScriptAssemblies
WorkingDir: Q:/QCXR-XR-Wrapper
ExitCode: 0 Duration: 15s
Finished compiling graph: 720 nodes, 10398 flattened edges (9112 ToBuild, 140 ToUse), maximum node priority 605
[ 99/717    0s] WriteText Library/Bee/artifacts/1300b0aE.dag/UnityEngine.TestRunner.rsp2
[100/717    0s] WriteText Library/Bee/artifacts/1300b0aE.dag/UnityEngine.UI.rsp
[101/717    0s] WriteText Library/Bee/artifacts/1300b0aE.dag/UnityEditor.UI.rsp
[102/717    0s] WriteText Library/Bee/artifacts/1300b0aE.dag/Unity.InputSystem.rsp2
[103/717    0s] WriteText Library/Bee/artifacts/1300b0aE.dag/Unity.InputSystem.UnityAdditionalFile.txt
[104/717    0s] WriteText Library/Bee/artifacts/1300b0aE.dag/Unity.InputSystem.dll.mvfrm.rsp
[105/717    0s] WriteText Library/Bee/artifacts/1300b0aE.dag/UnityEngine.SpatialTracking.rsp2
[106/717    0s] WriteText Library/Bee/artifacts/1300b0aE.dag/Unity.InputSystem.rsp
[107/717    0s] WriteText Library/Bee/artifacts/1300b0aE.dag/UnityEngine.SpatialTracking.UnityAdditionalFile.txt
[108/717    0s] WriteText Library/Bee/artifacts/1300b0aE.dag/UnityEngine.SpatialTracking.dll.mvfrm.rsp
[109/717    0s] WriteText Library/Bee/artifacts/1300b0aE.dag/UnityEngine.SpatialTracking.rsp
[110/717    0s] WriteText Library/Bee/artifacts/1300b0aE.dag/Unity.XR.CoreUtils.UnityAdditionalFile.txt
[111/717    0s] WriteText Library/Bee/artifacts/1300b0aE.dag/Unity.XR.CoreUtils.rsp2
[112/717    0s] WriteText Library/Bee/artifacts/1300b0aE.dag/Unity.XR.CoreUtils.dll.mvfrm.rsp
[113/717    0s] WriteText Library/Bee/artifacts/1300b0aE.dag/Unity.XR.CoreUtils.rsp
[114/717    0s] WriteText Library/Bee/artifacts/1300b0aE.dag/Unity.XR.Management.rsp2
[115/717    0s] WriteText Library/Bee/artifacts/1300b0aE.dag/UnityEditor.TestRunner.rsp2
[116/717    0s] WriteText Library/Bee/artifacts/1300b0aE.dag/Unity.XR.Management.UnityAdditionalFile.txt
[117/717    0s] WriteText Library/Bee/artifacts/1300b0aE.dag/UnityEngine.UI.dll.mvfrm.rsp
[118/717    0s] WriteText Library/Bee/artifacts/1300b0aE.dag/UnityEditor.TestRunner.UnityAdditionalFile.txt
[119/717    0s] WriteText Library/Bee/artifacts/1300b0aE.dag/Unity.XR.CoreUtils.Editor.rsp2
[120/717    0s] WriteText Library/Bee/artifacts/1300b0aE.dag/Unity.XR.Management.rsp
[121/717    0s] WriteText Library/Bee/artifacts/1300b0aE.dag/Unity.XR.Management.dll.mvfrm.rsp
[122/717    0s] WriteText Library/Bee/artifacts/1300b0aE.dag/Unity.XR.CoreUtils.Editor.UnityAdditionalFile.txt
[123/717    0s] WriteText Library/Bee/artifacts/1300b0aE.dag/Unity.XR.CoreUtils.Editor.dll.mvfrm.rsp
[124/717    0s] WriteText Library/Bee/artifacts/1300b0aE.dag/Unity.XR.CoreUtils.Editor.rsp
[125/717    0s] WriteText Library/Bee/artifacts/1300b0aE.dag/Unity.XR.Management.Editor.UnityAdditionalFile.txt
[126/717    0s] WriteText Library/Bee/artifacts/1300b0aE.dag/Unity.XR.Management.Editor.dll.mvfrm.rsp
[127/717    0s] WriteText Library/Bee/artifacts/1300b0aE.dag/Unity.XR.Management.Editor.rsp2
[128/717    0s] WriteText Library/Bee/artifacts/1300b0aE.dag/Unity.XR.OpenXR.rsp2
[129/717    0s] WriteText Library/Bee/artifacts/1300b0aE.dag/Unity.XR.Management.Editor.rsp
[130/717    0s] WriteText Library/Bee/artifacts/1300b0aE.dag/Unity.XR.OpenXR.UnityAdditionalFile.txt
[131/717    0s] WriteText Library/Bee/artifacts/1300b0aE.dag/Unity.XR.OpenXR.dll.mvfrm.rsp
[132/717    0s] WriteText Library/Bee/artifacts/1300b0aE.dag/Unity.VisualScripting.Core.UnityAdditionalFile.txt
[133/717    0s] WriteText Library/Bee/artifacts/1300b0aE.dag/Unity.VisualScripting.Core.rsp2
[134/717    0s] WriteText Library/Bee/artifacts/1300b0aE.dag/Unity.VisualScripting.Core.dll.mvfrm.rsp
[135/717    0s] WriteText Library/Bee/artifacts/1300b0aE.dag/Unity.XR.OpenXR.rsp
[136/717    0s] WriteText Library/Bee/artifacts/1300b0aE.dag/Unity.VisualScripting.Flow.UnityAdditionalFile.txt
[137/717    0s] WriteText Library/Bee/artifacts/1300b0aE.dag/UnityEngine.TestRunner.dll.mvfrm.rsp
[138/717    0s] WriteText Library/Bee/artifacts/1300b0aE.dag/Unity.VisualScripting.Core.rsp
[139/717    0s] WriteText Library/Bee/artifacts/1300b0aE.dag/Unity.VisualScripting.Flow.rsp2
[140/717    0s] WriteText Library/Bee/artifacts/1300b0aE.dag/Unity.VisualScripting.Core.Editor.UnityAdditionalFile.txt
[141/717    0s] WriteText Library/Bee/artifacts/1300b0aE.dag/UnityEngine.TestRunner.rsp
[142/717    0s] WriteText Library/Bee/artifacts/1300b0aE.dag/Unity.VisualScripting.Flow.dll.mvfrm.rsp
[143/717    0s] WriteText Library/Bee/artifacts/1300b0aE.dag/Unity.VisualScripting.Core.Editor.rsp2
[144/717    0s] WriteText Library/Bee/artifacts/1300b0aE.dag/UnityEngine.UI.UnityAdditionalFile.txt
[145/717    0s] WriteText Library/Bee/artifacts/1300b0aE.dag/Unity.VisualScripting.Core.Editor.dll.mvfrm.rsp
[146/717    0s] WriteText Library/Bee/artifacts/1300b0aE.dag/Unity.VisualScripting.Flow.rsp
[147/717    0s] WriteText Library/Bee/artifacts/1300b0aE.dag/Unity.VisualScripting.Core.Editor.rsp
[148/717    0s] WriteText Library/Bee/artifacts/1300b0aE.dag/Unity.XR.OpenXRPico.rsp2
[149/717    0s] WriteText Library/Bee/artifacts/1300b0aE.dag/Unity.XR.OpenXRPico.UnityAdditionalFile.txt
[150/717    0s] WriteText Library/Bee/artifacts/1300b0aE.dag/Unity.XR.OpenXR.Editor.UnityAdditionalFile.txt
[151/717    0s] WriteText Library/Bee/artifacts/1300b0aE.dag/Unity.XR.OpenXR.Editor.rsp2
[152/717    0s] WriteText Library/Bee/artifacts/1300b0aE.dag/Unity.XR.OpenXRPico.dll.mvfrm.rsp
[153/717    0s] WriteText Library/Bee/artifacts/1300b0aE.dag/Unity.Mathematics.rsp2
[154/717    0s] WriteText Library/Bee/artifacts/1300b0aE.dag/Unity.Mathematics.UnityAdditionalFile.txt
[155/717    0s] WriteText Library/Bee/artifacts/1300b0aE.dag/Unity.XR.OpenXRPico.rsp
[156/717    0s] WriteText Library/Bee/artifacts/1300b0aE.dag/Unity.VisualScripting.Flow.Editor.UnityAdditionalFile.txt
[157/717    0s] WriteText Library/Bee/artifacts/1300b0aE.dag/UnityEngine.TestRunner.UnityAdditionalFile.txt
[158/717    0s] WriteText Library/Bee/artifacts/1300b0aE.dag/Unity.VisualScripting.Flow.Editor.rsp2
[159/717    0s] WriteText Library/Bee/artifacts/1300b0aE.dag/UnityEngine.UI.rsp2
[160/717    0s] WriteText Library/Bee/artifacts/1300b0aE.dag/UnityEditor.TestRunner.dll.mvfrm.rsp
[161/717    0s] WriteText Library/Bee/artifacts/1300b0aE.dag/Unity.VisualScripting.State.rsp2
[162/717    0s] WriteText Library/Bee/artifacts/1300b0aE.dag/Unity.VisualScripting.State.UnityAdditionalFile.txt
[163/717    0s] WriteText Library/Bee/artifacts/1300b0aE.dag/UnityEngine.XR.LegacyInputHelpers.rsp2
[164/717    0s] WriteText Library/Bee/artifacts/1300b0aE.dag/UnityEngine.XR.LegacyInputHelpers.UnityAdditionalFile.txt
[165/717    0s] WriteText Library/Bee/artifacts/1300b0aE.dag/Unity.XR.OpenXR.Features.MetaQuestSupport.rsp2
[166/717    0s] WriteText Library/Bee/artifacts/1300b0aE.dag/Unity.XR.OpenXR.Features.MetaQuestSupport.UnityAdditionalFile.txt
[167/717    0s] WriteText Library/Bee/artifacts/1300b0aE.dag/Unity.SysrootPackage.Editor.rsp2
[168/717    0s] WriteText Library/Bee/artifacts/1300b0aE.dag/Unity.SysrootPackage.Editor.UnityAdditionalFile.txt
[169/717    0s] WriteText Library/Bee/artifacts/1300b0aE.dag/Unity.XR.OpenXR.Editor.dll.mvfrm.rsp
[170/717    0s] WriteText Library/Bee/artifacts/1300b0aE.dag/Unity.Mathematics.dll.mvfrm.rsp
[171/717    0s] WriteText Library/Bee/artifacts/1300b0aE.dag/Unity.XR.OpenXR.Features.PICOSupport.rsp2
[172/717    0s] WriteText Library/Bee/artifacts/1300b0aE.dag/Unity.XR.OpenXR.Features.PICOSupport.UnityAdditionalFile.txt
[173/717    0s] WriteText Library/Bee/artifacts/1300b0aE.dag/UnityEditor.UI.UnityAdditionalFile.txt
[174/717    0s] WriteText Library/Bee/artifacts/1300b0aE.dag/UnityEditor.UI.rsp2
[175/717    0s] WriteText Library/Bee/artifacts/1300b0aE.dag/Unity.VisualScripting.Flow.Editor.dll.mvfrm.rsp
[176/717    0s] WriteText Library/Bee/artifacts/1300b0aE.dag/Unity.XR.OpenXR.Editor.rsp
[177/717    0s] WriteText Library/Bee/artifacts/1300b0aE.dag/UnityEngine.XR.LegacyInputHelpers.dll.mvfrm.rsp
[178/717    0s] WriteText Library/Bee/artifacts/1300b0aE.dag/Unity.VisualScripting.State.dll.mvfrm.rsp
[179/717    0s] WriteText Library/Bee/artifacts/1300b0aE.dag/Unity.Mathematics.rsp
[180/717    0s] WriteText Library/Bee/artifacts/1300b0aE.dag/Unity.XR.OpenXR.Features.MetaQuestSupport.dll.mvfrm.rsp
[181/717    0s] WriteText Library/Bee/artifacts/1300b0aE.dag/Unity.SysrootPackage.Editor.dll.mvfrm.rsp
[182/717    0s] WriteText Library/Bee/artifacts/1300b0aE.dag/Unity.VisualScripting.State.rsp
[183/717    0s] WriteText Library/Bee/artifacts/1300b0aE.dag/UnityEngine.XR.LegacyInputHelpers.rsp
[184/717    0s] WriteText Library/Bee/artifacts/1300b0aE.dag/Unity.XR.OpenXR.Features.MetaQuestSupport.rsp
[185/717    0s] WriteText Library/Bee/artifacts/1300b0aE.dag/Unity.VisualScripting.Flow.Editor.rsp
[186/717    0s] WriteText Library/Bee/artifacts/1300b0aE.dag/Unity.SysrootPackage.Editor.rsp
[187/717    0s] WriteText Library/Bee/artifacts/1300b0aE.dag/UnityEditor.TestRunner.rsp
[188/717    0s] WriteText Library/Bee/artifacts/1300b0aE.dag/Unity.XR.OpenXR.Features.PICOSupport.dll.mvfrm.rsp
[189/717    0s] WriteText Library/Bee/artifacts/1300b0aE.dag/Unity.XR.OpenXR.Features.PICOSupport.rsp
[190/717    0s] WriteText Library/Bee/artifacts/1300b0aE.dag/Unity.TestTools.CodeCoverage.Editor.OpenCover.Model.rsp2
[191/717    0s] WriteText Library/Bee/artifacts/1300b0aE.dag/Unity.TestTools.CodeCoverage.Editor.OpenCover.Mono.Reflection.UnityAdditionalFile.txt
[192/717    0s] WriteText Library/Bee/artifacts/1300b0aE.dag/Unity.XR.Interaction.Toolkit.UnityAdditionalFile.txt
[193/717    0s] WriteText Library/Bee/artifacts/1300b0aE.dag/UnityEditor.UI.dll.mvfrm.rsp
[194/717    0s] WriteText Library/Bee/artifacts/1300b0aE.dag/Unity.TextMeshPro.rsp2
[195/717    0s] WriteText Library/Bee/artifacts/1300b0aE.dag/Unity.TestTools.CodeCoverage.Editor.OpenCover.Mono.Reflection.rsp2
[196/717    0s] WriteText Library/Bee/artifacts/1300b0aE.dag/Unity.Settings.Editor.rsp2
[197/717    0s] WriteText Library/Bee/artifacts/1300b0aE.dag/Unity.Timeline.UnityAdditionalFile.txt
[198/717    0s] WriteText Library/Bee/artifacts/1300b0aE.dag/Unity.XR.Interaction.Toolkit.rsp2
[199/717    0s] WriteText Library/Bee/artifacts/1300b0aE.dag/Unity.Settings.Editor.UnityAdditionalFile.txt
[200/717    0s] WriteText Library/Bee/artifacts/1300b0aE.dag/Unity.TestTools.CodeCoverage.Editor.OpenCover.Model.UnityAdditionalFile.txt
[201/717    0s] WriteText Library/Bee/artifacts/1300b0aE.dag/Unity.XR.OpenXR.Features.OculusQuestSupport.rsp2
[202/717    0s] WriteText Library/Bee/artifacts/1300b0aE.dag/Unity.XR.OpenXR.Features.OculusQuestSupport.UnityAdditionalFile.txt
[203/717    0s] WriteText Library/Bee/artifacts/1300b0aE.dag/Unity.VisualScripting.State.Editor.rsp2
[204/717    0s] WriteText Library/Bee/artifacts/1300b0aE.dag/Unity.VisualScripting.State.Editor.UnityAdditionalFile.txt
[205/717    0s] WriteText Library/Bee/artifacts/1300b0aE.dag/Unity.TextMeshPro.UnityAdditionalFile.txt
[206/717    0s] WriteText Library/Bee/artifacts/1300b0aE.dag/Unity.Sysroot.Linux_x86_64.rsp2
[207/717    0s] WriteText Library/Bee/artifacts/1300b0aE.dag/Unity.Sysroot.Linux_x86_64.UnityAdditionalFile.txt
[208/717    0s] WriteText Library/Bee/artifacts/1300b0aE.dag/Unity.XR.Interaction.Toolkit.dll.mvfrm.rsp
[209/717    0s] WriteText Library/Bee/artifacts/1300b0aE.dag/Unity.XR.Interaction.Toolkit.rsp
[210/717    0s] WriteText Library/Bee/artifacts/1300b0aE.dag/Unity.TextMeshPro.dll.mvfrm.rsp
[211/717    0s] WriteText Library/Bee/artifacts/1300b0aE.dag/Unity.Timeline.rsp2
[212/717    0s] WriteText Library/Bee/artifacts/1300b0aE.dag/Unity.TestTools.CodeCoverage.Editor.OpenCover.Mono.Reflection.dll.mvfrm.rsp
[213/717    0s] WriteText Library/Bee/artifacts/1300b0aE.dag/Unity.XR.OpenXR.Features.OculusQuestSupport.dll.mvfrm.rsp
[214/717    0s] WriteText Library/Bee/artifacts/1300b0aE.dag/Unity.Sysroot.Linux_x86_64.dll.mvfrm.rsp
[215/717    0s] WriteText Library/Bee/artifacts/1300b0aE.dag/Unity.TestTools.CodeCoverage.Editor.OpenCover.Model.dll.mvfrm.rsp
[216/717    0s] WriteText Library/Bee/artifacts/1300b0aE.dag/Unity.VisualScripting.State.Editor.dll.mvfrm.rsp
[217/717    0s] WriteText Library/Bee/artifacts/1300b0aE.dag/Unity.Timeline.dll.mvfrm.rsp
[218/717    0s] WriteText Library/Bee/artifacts/1300b0aE.dag/Unity.Settings.Editor.dll.mvfrm.rsp
[219/717    0s] WriteText Library/Bee/artifacts/1300b0aE.dag/Unity.XR.OpenXR.Features.OculusQuestSupport.rsp
[220/717    0s] WriteText Library/Bee/artifacts/1300b0aE.dag/Unity.TextMeshPro.rsp
[221/717    0s] WriteText Library/Bee/artifacts/1300b0aE.dag/Unity.TestTools.CodeCoverage.Editor.OpenCover.Mono.Reflection.rsp
[222/717    0s] WriteText Library/Bee/artifacts/1300b0aE.dag/Unity.XR.OpenXR.Features.RuntimeDebugger.UnityAdditionalFile.txt
[223/717    0s] WriteText Library/Bee/artifacts/1300b0aE.dag/Unity.Settings.Editor.rsp
[224/717    0s] WriteText Library/Bee/artifacts/1300b0aE.dag/Unity.Sysroot.Linux_x86_64.rsp
[225/717    0s] WriteText Library/Bee/artifacts/1300b0aE.dag/Unity.TestTools.CodeCoverage.Editor.OpenCover.Model.rsp
[226/717    0s] WriteText Library/Bee/artifacts/1300b0aE.dag/Unity.VisualScripting.State.Editor.rsp
[227/717    0s] WriteText Library/Bee/artifacts/1300b0aE.dag/Unity.XR.OpenXR.Features.PICOSupport.Editor.rsp2
[228/717    0s] WriteText Library/Bee/artifacts/1300b0aE.dag/Unity.XR.OpenXR.Features.RuntimeDebugger.rsp2
[229/717    0s] WriteText Library/Bee/artifacts/1300b0aE.dag/Unity.PlasticSCM.Editor.rsp2
[230/717    0s] WriteText Library/Bee/artifacts/1300b0aE.dag/Unity.Timeline.rsp
[231/717    0s] WriteText Library/Bee/artifacts/1300b0aE.dag/Unity.XR.OpenXR.Features.RuntimeDebugger.dll.mvfrm.rsp
[232/717    0s] WriteText Library/Bee/artifacts/1300b0aE.dag/Unity.XR.OpenXR.Features.PICOSupport.Editor.dll.mvfrm.rsp
[233/717    0s] WriteText Library/Bee/artifacts/1300b0aE.dag/Unity.PlasticSCM.Editor.UnityAdditionalFile.txt
[234/717    0s] WriteText Library/Bee/artifacts/1300b0aE.dag/Unity.Mathematics.Editor.UnityAdditionalFile.txt
[235/717    0s] WriteText Library/Bee/artifacts/1300b0aE.dag/UnityEditor.XR.LegacyInputHelpers.rsp2
[236/717    0s] WriteText Library/Bee/artifacts/1300b0aE.dag/Unity.XR.OpenXR.Features.PICOSupport.Editor.rsp
[237/717    0s] WriteText Library/Bee/artifacts/1300b0aE.dag/Unity.Performance.Profile-Analyzer.Editor.UnityAdditionalFile.txt
[238/717    0s] WriteText Library/Bee/artifacts/1300b0aE.dag/UnityEditor.XR.LegacyInputHelpers.UnityAdditionalFile.txt
[239/717    0s] WriteText Library/Bee/artifacts/1300b0aE.dag/Unity.XR.OpenXR.Features.RuntimeDebugger.rsp
[240/717    0s] WriteText Library/Bee/artifacts/1300b0aE.dag/Unity.Mathematics.Editor.rsp2
[241/717    0s] WriteText Library/Bee/artifacts/1300b0aE.dag/Unity.Performance.Profile-Analyzer.Editor.rsp2
[242/717    0s] WriteText Library/Bee/artifacts/1300b0aE.dag/Unity.XR.OpenXR.Features.PICOSupport.Editor.UnityAdditionalFile.txt
[243/717    0s] WriteText Library/Bee/artifacts/1300b0aE.dag/Unity.EditorCoroutines.Editor.rsp2
[244/717    0s] WriteText Library/Bee/artifacts/1300b0aE.dag/Unity.VisualScripting.Shared.Editor.rsp2
[245/717    0s] WriteText Library/Bee/artifacts/1300b0aE.dag/UnityEditor.SpatialTracking.rsp2
[246/717    0s] WriteText Library/Bee/artifacts/1300b0aE.dag/Unity.Rider.Editor.rsp2
[247/717    0s] WriteText Library/Bee/artifacts/1300b0aE.dag/Unity.Rider.Editor.UnityAdditionalFile.txt
[248/717    0s] WriteText Library/Bee/artifacts/1300b0aE.dag/Unity.XR.OpenXR.Features.ConformanceAutomation.UnityAdditionalFile.txt
[249/717    0s] WriteText Library/Bee/artifacts/1300b0aE.dag/Unity.XR.Interaction.Toolkit.Editor.rsp2
[250/717    0s] WriteText Library/Bee/artifacts/1300b0aE.dag/Unity.XR.OpenXR.Features.MetaQuestSupport.Editor.rsp2
[251/717    0s] WriteText Library/Bee/artifacts/1300b0aE.dag/UnityEditor.SpatialTracking.UnityAdditionalFile.txt
[252/717    0s] WriteText Library/Bee/artifacts/1300b0aE.dag/Unity.TestTools.CodeCoverage.Editor.UnityAdditionalFile.txt
[253/717    0s] WriteText Library/Bee/artifacts/1300b0aE.dag/Unity.TextMeshPro.Editor.UnityAdditionalFile.txt
[254/717    0s] WriteText Library/Bee/artifacts/1300b0aE.dag/Unity.VisualStudio.Editor.UnityAdditionalFile.txt
[255/717    0s] WriteText Library/Bee/artifacts/1300b0aE.dag/Unity.XR.OpenXR.Features.MetaQuestSupport.Editor.UnityAdditionalFile.txt
[256/717    0s] WriteText Library/Bee/artifacts/1300b0aE.dag/Unity.XR.OpenXR.Features.RuntimeDebugger.Editor.rsp2
[257/717    0s] WriteText Library/Bee/artifacts/1300b0aE.dag/Unity.TestTools.CodeCoverage.Editor.rsp2
[258/717    0s] WriteText Library/Bee/artifacts/1300b0aE.dag/Unity.TextMeshPro.Editor.rsp2
[259/717    0s] WriteText Library/Bee/artifacts/1300b0aE.dag/Unity.Timeline.Editor.UnityAdditionalFile.txt
[260/717    0s] WriteText Library/Bee/artifacts/1300b0aE.dag/Unity.VisualStudio.Editor.rsp2
[261/717    0s] WriteText Library/Bee/artifacts/1300b0aE.dag/Unity.XR.OpenXR.Features.RuntimeDebugger.Editor.UnityAdditionalFile.txt
[262/717    0s] WriteText Library/Bee/artifacts/1300b0aE.dag/UnityGifDecoder.UnityAdditionalFile.txt
[263/717    0s] WriteText Library/Bee/artifacts/1300b0aE.dag/Unity.InputSystem.ForUI.UnityAdditionalFile.txt
[264/717    0s] WriteText Library/Bee/artifacts/1300b0aE.dag/Unity.XR.OpenXR.Features.OculusQuestSupport.Editor.rsp2
[265/717    0s] WriteText Library/Bee/artifacts/1300b0aE.dag/Unity.Toolchain.Win-x86_64-Linux-x86_64.UnityAdditionalFile.txt
[266/717    0s] WriteText Library/Bee/artifacts/1300b0aE.dag/Unity.XR.Interaction.Toolkit.Samples.StarterAssets.UnityAdditionalFile.txt
[267/717    0s] WriteText Library/Bee/artifacts/1300b0aE.dag/Unity.Timeline.Editor.rsp2
[268/717    0s] WriteText Library/Bee/artifacts/1300b0aE.dag/Unity.XR.Interaction.Toolkit.Editor.UnityAdditionalFile.txt
[269/717    0s] WriteText Library/Bee/artifacts/1300b0aE.dag/Unity.Toolchain.Win-x86_64-Linux-x86_64.rsp2
[270/717    0s] WriteText Library/Bee/artifacts/1300b0aE.dag/Unity.XR.Interaction.Toolkit.Samples.StarterAssets.rsp2
[271/717    0s] WriteText Library/Bee/artifacts/1300b0aE.dag/Unity.VSCode.Editor.UnityAdditionalFile.txt
[272/717    0s] WriteText Library/Bee/artifacts/1300b0aE.dag/Unity.VSCode.Editor.rsp2
[273/717    0s] WriteText Library/Bee/artifacts/1300b0aE.dag/Unity.XR.OpenXR.Features.ConformanceAutomation.rsp2
[274/717    0s] WriteText Library/Bee/artifacts/1300b0aE.dag/Unity.VisualScripting.SettingsProvider.Editor.UnityAdditionalFile.txt
[275/717    0s] WriteText Library/Bee/artifacts/1300b0aE.dag/Unity.XR.OpenXR.Features.OculusQuestSupport.Editor.UnityAdditionalFile.txt
[276/717    0s] WriteText Library/Bee/artifacts/1300b0aE.dag/Unity.VisualScripting.SettingsProvider.Editor.rsp2
[277/717    0s] WriteText Library/Bee/artifacts/1300b0aE.dag/Unity.InputSystem.ForUI.rsp2
[278/717    0s] WriteText Library/Bee/artifacts/1300b0aE.dag/UnityGifDecoder.rsp2
[279/717    0s] WriteText Library/Bee/artifacts/1300b0aE.dag/Unity.VisualScripting.Shared.Editor.UnityAdditionalFile.txt
[280/717    0s] WriteText Library/Bee/artifacts/1300b0aE.dag/Unity.2D.Sprite.Editor.UnityAdditionalFile.txt
[281/717    0s] WriteText Library/Bee/artifacts/1300b0aE.dag/Unity.2D.Sprite.Editor.rsp2
[282/717    0s] WriteText Library/Bee/artifacts/1300b0aE.dag/Unity.EditorCoroutines.Editor.UnityAdditionalFile.txt
[283/717    0s] WriteText Library/Bee/artifacts/1300b0aE.dag/PICO.Platform.rsp2
[284/717    0s] WriteText Library/Bee/artifacts/1300b0aE.dag/Unity.PlasticSCM.Editor.dll.mvfrm.rsp
[285/717    0s] WriteText Library/Bee/artifacts/1300b0aE.dag/PICO.Platform.UnityAdditionalFile.txt
[286/717    0s] WriteText Library/Bee/artifacts/1300b0aE.dag/Unity.Timeline.Editor.dll.mvfrm.rsp
[287/717    0s] WriteText Library/Bee/artifacts/1300b0aE.dag/Unity.Toolchain.Win-x86_64-Linux-x86_64.dll.mvfrm.rsp
[288/717    0s] WriteText Library/Bee/artifacts/1300b0aE.dag/Unity.VSCode.Editor.dll.mvfrm.rsp
[289/717    0s] WriteText Library/Bee/artifacts/1300b0aE.dag/Unity.VisualScripting.SettingsProvider.Editor.dll.mvfrm.rsp
[290/717    0s] WriteText Library/Bee/artifacts/1300b0aE.dag/Unity.VisualStudio.Editor.dll.mvfrm.rsp
[291/717    0s] WriteText Library/Bee/artifacts/1300b0aE.dag/Unity.VisualScripting.Shared.Editor.dll.mvfrm.rsp
[292/717    0s] WriteText Library/Bee/artifacts/1300b0aE.dag/Unity.XR.Interaction.Toolkit.Editor.dll.mvfrm.rsp
[293/717    0s] WriteText Library/Bee/artifacts/1300b0aE.dag/UnityEditor.SpatialTracking.dll.mvfrm.rsp
[294/717    0s] WriteText Library/Bee/artifacts/1300b0aE.dag/Unity.XR.Interaction.Toolkit.Samples.StarterAssets.dll.mvfrm.rsp
[295/717    0s] WriteText Library/Bee/artifacts/1300b0aE.dag/Unity.XR.OpenXR.Features.MetaQuestSupport.Editor.dll.mvfrm.rsp
[296/717    0s] WriteText Library/Bee/artifacts/1300b0aE.dag/Unity.XR.OpenXR.Features.OculusQuestSupport.Editor.dll.mvfrm.rsp
[297/717    0s] WriteText Library/Bee/artifacts/1300b0aE.dag/Unity.XR.OpenXR.Features.ConformanceAutomation.dll.mvfrm.rsp
[298/717    0s] WriteText Library/Bee/artifacts/1300b0aE.dag/Unity.XR.OpenXR.Features.RuntimeDebugger.Editor.dll.mvfrm.rsp
[299/717    0s] WriteText Library/Bee/artifacts/1300b0aE.dag/UnityEditor.XR.LegacyInputHelpers.dll.mvfrm.rsp
[300/717    0s] WriteText Library/Bee/artifacts/1300b0aE.dag/Unity.EditorCoroutines.Editor.dll.mvfrm.rsp
[301/717    0s] WriteText Library/Bee/artifacts/1300b0aE.dag/UnityGifDecoder.dll.mvfrm.rsp
[302/717    0s] WriteText Library/Bee/artifacts/1300b0aE.dag/Unity.Rider.Editor.dll.mvfrm.rsp
[303/717    0s] WriteText Library/Bee/artifacts/1300b0aE.dag/Unity.2D.Sprite.Editor.dll.mvfrm.rsp
[304/717    0s] WriteText Library/Bee/artifacts/1300b0aE.dag/Unity.Performance.Profile-Analyzer.Editor.dll.mvfrm.rsp
[305/717    0s] WriteText Library/Bee/artifacts/1300b0aE.dag/Unity.Mathematics.Editor.dll.mvfrm.rsp
[306/717    0s] WriteText Library/Bee/artifacts/1300b0aE.dag/Unity.TextMeshPro.Editor.dll.mvfrm.rsp
[307/717    0s] WriteText Library/Bee/artifacts/1300b0aE.dag/Unity.TestTools.CodeCoverage.Editor.dll.mvfrm.rsp
[308/717    0s] WriteText Library/Bee/artifacts/1300b0aE.dag/Unity.InputSystem.ForUI.dll.mvfrm.rsp
[309/717    0s] WriteText Library/Bee/artifacts/1300b0aE.dag/PICO.Platform.dll.mvfrm.rsp
[310/717    0s] WriteText Library/Bee/artifacts/1300b0aE.dag/Unity.PlasticSCM.Editor.rsp
[311/717    0s] WriteText Library/Bee/artifacts/1300b0aE.dag/Unity.Performance.Profile-Analyzer.Editor.rsp
[312/717    0s] WriteText Library/Bee/artifacts/1300b0aE.dag/Unity.Rider.Editor.rsp
[313/717    0s] WriteText Library/Bee/artifacts/1300b0aE.dag/Unity.XR.Interaction.Toolkit.Samples.StarterAssets.rsp
[314/717    0s] WriteText Library/Bee/artifacts/1300b0aE.dag/Unity.InputSystem.ForUI.rsp
[315/717    0s] WriteText Library/Bee/artifacts/1300b0aE.dag/UnityEditor.SpatialTracking.rsp
[316/717    0s] WriteText Library/Bee/artifacts/1300b0aE.dag/Unity.VSCode.Editor.rsp
[317/717    0s] WriteText Library/Bee/artifacts/1300b0aE.dag/UnityGifDecoder.rsp
[318/717    0s] WriteText Library/Bee/artifacts/1300b0aE.dag/Unity.TestTools.CodeCoverage.Editor.rsp
[319/717    0s] WriteText Library/Bee/artifacts/1300b0aE.dag/Unity.Mathematics.Editor.rsp
[320/717    0s] WriteText Library/Bee/artifacts/1300b0aE.dag/Unity.VisualScripting.Shared.Editor.rsp
[321/717    0s] WriteText Library/Bee/artifacts/1300b0aE.dag/Unity.EditorCoroutines.Editor.rsp
[322/717    0s] WriteText Library/Bee/artifacts/1300b0aE.dag/Unity.VisualStudio.Editor.rsp
[323/717    0s] WriteText Library/Bee/artifacts/1300b0aE.dag/Unity.XR.OpenXR.Features.RuntimeDebugger.Editor.rsp
[324/717    0s] WriteText Library/Bee/artifacts/1300b0aE.dag/Unity.Timeline.Editor.rsp
[325/717    0s] WriteText Library/Bee/artifacts/1300b0aE.dag/Unity.XR.OpenXR.Features.MetaQuestSupport.Editor.rsp
[326/717    0s] WriteText Library/Bee/artifacts/1300b0aE.dag/UnityEditor.XR.LegacyInputHelpers.rsp
[327/717    0s] WriteText Library/Bee/artifacts/1300b0aE.dag/ControllerSample.rsp2
[328/717    0s] WriteText Library/Bee/artifacts/1300b0aE.dag/Unity.XR.OpenXR.Features.OculusQuestSupport.Editor.rsp
[329/717    0s] WriteText Library/Bee/artifacts/1300b0aE.dag/Unity.XR.Interaction.Toolkit.Editor.rsp
[330/717    0s] WriteText Library/Bee/artifacts/1300b0aE.dag/unity.webp.rsp2
[331/717    0s] WriteText Library/Bee/artifacts/1300b0aE.dag/unity.webp.UnityAdditionalFile.txt
[332/717    0s] WriteText Library/Bee/artifacts/1300b0aE.dag/PICO.Platform.rsp
[333/717    0s] WriteText Library/Bee/artifacts/1300b0aE.dag/Unity.VisualScripting.SettingsProvider.Editor.rsp
[334/717    0s] WriteText Library/Bee/artifacts/1300b0aE.dag/Unity.2D.Sprite.Editor.rsp
[335/717    0s] WriteText Library/Bee/artifacts/1300b0aE.dag/Unity.TextMeshPro.Editor.rsp
[336/717    0s] WriteText Library/Bee/artifacts/1300b0aE.dag/Unity.Toolchain.Win-x86_64-Linux-x86_64.rsp
[337/717    0s] WriteText Library/Bee/artifacts/1300b0aE.dag/ControllerSample.UnityAdditionalFile.txt
[338/717    0s] WriteText Library/Bee/artifacts/1300b0aE.dag/PICO.TobSupport.rsp2
[339/717    0s] WriteText Library/Bee/artifacts/1300b0aE.dag/Unity.XR.OpenXR.Features.ConformanceAutomation.rsp
[340/717    0s] WriteText Library/Bee/artifacts/1300b0aE.dag/unity.webp.rsp
[341/717    0s] WriteText Library/Bee/artifacts/1300b0aE.dag/unity.webp.dll.mvfrm.rsp
[342/717    0s] WriteText Library/Bee/artifacts/1300b0aE.dag/PICO.Platform.Editor.dll.mvfrm.rsp
[343/717    0s] WriteText Library/Bee/artifacts/1300b0aE.dag/PICO.TobSupport.UnityAdditionalFile.txt
[344/717    0s] WriteText Library/Bee/artifacts/1300b0aE.dag/PICO.Platform.Editor.rsp2
[345/717    0s] WriteText Library/Bee/artifacts/1300b0aE.dag/ControllerSample.dll.mvfrm.rsp
[346/717    0s] WriteText Library/Bee/artifacts/1300b0aE.dag/PICO.Platform.Editor.rsp
[347/717    0s] WriteText Library/Bee/artifacts/1300b0aE.dag/PICO.TobSupport.rsp
[348/717    0s] WriteText Library/Bee/artifacts/1300b0aE.dag/PICO.Platform.Editor.UnityAdditionalFile.txt
[349/717    0s] WriteText Library/Bee/artifacts/1300b0aE.dag/Assembly-CSharp.rsp2
[350/717    0s] WriteText Library/Bee/artifacts/1300b0aE.dag/PICO.TobSupport.dll.mvfrm.rsp
[351/717    0s] WriteText Library/Bee/artifacts/1300b0aE.dag/ControllerSample.rsp
[352/717    0s] WriteText Library/Bee/artifacts/1300b0aE.dag/Assembly-CSharp.rsp
[353/717    0s] WriteText Library/Bee/artifacts/1300b0aE.dag/Assembly-CSharp.dll.mvfrm.rsp
[354/717    0s] WriteText Library/Bee/artifacts/1300b0aE.dag/Unity.InputSystem.TestFramework.dll.mvfrm.rsp
[355/717    0s] WriteText Library/Bee/artifacts/1300b0aE.dag/Unity.XR.OpenXR.Features.MockRuntime.UnityAdditionalFile.txt
[356/717    0s] WriteText Library/Bee/artifacts/1300b0aE.dag/Unity.InputSystem.TestFramework.rsp2
[357/717    0s] WriteText Library/Bee/artifacts/1300b0aE.dag/Unity.CollabProxy.Editor.dll.mvfrm.rsp
[358/717    0s] WriteText Library/Bee/artifacts/1300b0aE.dag/Assembly-CSharp.UnityAdditionalFile.txt
[359/717    0s] WriteText Library/Bee/artifacts/1300b0aE.dag/Unity.CollabProxy.Editor.rsp2
[360/717    0s] WriteText Library/Bee/artifacts/1300b0aE.dag/Unity.InputSystem.DocCodeSamples.UnityAdditionalFile.txt
[361/717    0s] WriteText Library/Bee/artifacts/1300b0aE.dag/Unity.InputSystem.TestFramework.UnityAdditionalFile.txt
[362/717    0s] WriteText Library/Bee/artifacts/1300b0aE.dag/Unity.XR.OpenXR.Features.MockRuntime.rsp2
[363/717    0s] WriteText Library/Bee/artifacts/1300b0aE.dag/Assembly-CSharp-Editor.UnityAdditionalFile.txt
[364/717    0s] WriteText Library/Bee/artifacts/1300b0aE.dag/WebP.Editor.rsp2
[365/717    0s] WriteText Library/Bee/artifacts/1300b0aE.dag/WebP.Editor.dll.mvfrm.rsp
[366/717    0s] WriteText Library/Bee/artifacts/1300b0aE.dag/Unity.CollabProxy.Editor.UnityAdditionalFile.txt
[367/717    0s] WriteText Library/Bee/artifacts/1300b0aE.dag/Assembly-CSharp-Editor.rsp2
[368/717    0s] WriteText Library/Bee/artifacts/1300b0aE.dag/WebP.Editor.UnityAdditionalFile.txt
[369/717    0s] WriteText Library/Bee/artifacts/1300b0aE.dag/Unity.XR.OpenXR.Features.MockRuntime.dll.mvfrm.rsp
[370/717    0s] WriteText Library/Bee/artifacts/1300b0aE.dag/Unity.InputSystem.DocCodeSamples.rsp2
[371/717    0s] WriteText Library/Bee/artifacts/1300b0aE.dag/Assembly-CSharp-Editor.dll.mvfrm.rsp
[372/717    0s] WriteText Library/Bee/artifacts/1300b0aE.dag/Unity.InputSystem.TestFramework.rsp
[373/717    0s] WriteText Library/Bee/artifacts/1300b0aE.dag/Unity.InputSystem.DocCodeSamples.rsp
[374/717    0s] WriteText Library/Bee/artifacts/1300b0aE.dag/Unity.InputSystem.DocCodeSamples.dll.mvfrm.rsp
[375/717    0s] WriteText Library/Bee/artifacts/1300b0aE.dag/Assembly-CSharp-Editor.rsp
[376/717    0s] WriteText Library/Bee/artifacts/1300b0aE.dag/Unity.CollabProxy.Editor.rsp
[377/717    0s] WriteText Library/Bee/artifacts/1300b0aE.dag/WebP.Editor.rsp
[378/717    0s] WriteText Library/Bee/artifacts/1300b0aE.dag/Unity.XR.OpenXR.Features.MockRuntime.rsp
[379/717    0s] MovedFromExtractorCombine Library/Bee/artifacts/1300b0aE.dag/UnityEngine.UI.dll.mvfrm
[380/717    0s] MovedFromExtractorCombine Library/Bee/artifacts/1300b0aE.dag/UnityEngine.TestRunner.dll.mvfrm
[381/717    1s] Csc Library/Bee/artifacts/1300b0aE.dag/UnityEngine.TestRunner.dll (+2 others)
[382/717    1s] Csc Library/Bee/artifacts/1300b0aE.dag/UnityEngine.UI.dll (+2 others)
[           0s] Csc Library/Bee/artifacts/1300b0aE.dag/UnityEngine.TestRunner.dll (+2 others) [CacheWrite 00000000000000000000000000000003]
[           0s] Csc Library/Bee/artifacts/1300b0aE.dag/UnityEngine.UI.dll (+2 others) [CacheWrite 00000000000000000000000000000003]
[383/717    0s] CopyFiles Library/ScriptAssemblies/UnityEngine.TestRunner.pdb
[384/717    0s] CopyFiles Library/ScriptAssemblies/UnityEngine.UI.pdb
[385/717    0s] CopyFiles Library/ScriptAssemblies/UnityEngine.TestRunner.dll
[386/717    0s] MovedFromExtractor Library/Bee/artifacts/mvdfrm/UnityEngine.TestRunner.ref.dll_7423F2FBC6CF80C4.mvfrm
[387/717    0s] MovedFromExtractor Library/Bee/artifacts/mvdfrm/UnityEngine.UI.ref.dll_BDDAB6C3AC1C4D86.mvfrm
[388/717    0s] CopyFiles Library/ScriptAssemblies/UnityEngine.UI.dll
[389/717    0s] MovedFromExtractorCombine Library/Bee/artifacts/1300b0aE.dag/UnityEditor.TestRunner.dll.mvfrm
[390/717    0s] Csc Library/Bee/artifacts/1300b0aE.dag/UnityEditor.TestRunner.dll (+2 others)
[           0s] Csc Library/Bee/artifacts/1300b0aE.dag/UnityEditor.TestRunner.dll (+2 others) [CacheWrite 00000000000000000000000000000003]
[391/717    0s] CopyFiles Library/ScriptAssemblies/UnityEditor.TestRunner.pdb
[392/717    0s] MovedFromExtractor Library/Bee/artifacts/mvdfrm/UnityEditor.TestRunner.ref.dll_A805A84D9B0C22D9.mvfrm
[393/717    0s] CopyFiles Library/ScriptAssemblies/UnityEditor.TestRunner.dll
[394/717    0s] MovedFromExtractorCombine Library/Bee/artifacts/1300b0aE.dag/UnityEditor.UI.dll.mvfrm
[395/717    0s] Csc Library/Bee/artifacts/1300b0aE.dag/UnityEditor.UI.dll (+2 others)
[           0s] Csc Library/Bee/artifacts/1300b0aE.dag/UnityEditor.UI.dll (+2 others) [CacheWrite 00000000000000000000000000000003]
[396/717    0s] CopyFiles Library/ScriptAssemblies/UnityEditor.UI.pdb
[397/717    0s] MovedFromExtractor Library/Bee/artifacts/mvdfrm/UnityEditor.UI.ref.dll_0174E068A5FA251B.mvfrm
[398/717    0s] MovedFromExtractorCombine Library/Bee/artifacts/1300b0aE.dag/Unity.VisualStudio.Editor.dll.mvfrm
[399/717    0s] MovedFromExtractorCombine Library/Bee/artifacts/1300b0aE.dag/Unity.2D.Sprite.Editor.dll.mvfrm
[400/717    0s] MovedFromExtractorCombine Library/Bee/artifacts/1300b0aE.dag/Unity.PlasticSCM.Editor.dll.mvfrm
[401/717    0s] MovedFromExtractorCombine Library/Bee/artifacts/1300b0aE.dag/Unity.SysrootPackage.Editor.dll.mvfrm
[402/717    0s] MovedFromExtractorCombine Library/Bee/artifacts/1300b0aE.dag/Unity.Timeline.dll.mvfrm
[403/717    0s] MovedFromExtractorCombine Library/Bee/artifacts/1300b0aE.dag/Unity.TestTools.CodeCoverage.Editor.OpenCover.Mono.Reflection.dll.mvfrm
[404/717    0s] MovedFromExtractorCombine Library/Bee/artifacts/1300b0aE.dag/Unity.Mathematics.dll.mvfrm
[405/717    0s] MovedFromExtractorCombine Library/Bee/artifacts/1300b0aE.dag/Unity.VSCode.Editor.dll.mvfrm
[406/717    0s] MovedFromExtractorCombine Library/Bee/artifacts/1300b0aE.dag/Unity.TextMeshPro.dll.mvfrm
[407/717    0s] MovedFromExtractorCombine Library/Bee/artifacts/1300b0aE.dag/Unity.Performance.Profile-Analyzer.Editor.dll.mvfrm
[408/717    0s] MovedFromExtractorCombine Library/Bee/artifacts/1300b0aE.dag/Unity.XR.Management.dll.mvfrm
[409/717    0s] MovedFromExtractorCombine Library/Bee/artifacts/1300b0aE.dag/Unity.Settings.Editor.dll.mvfrm
[410/717    0s] MovedFromExtractorCombine Library/Bee/artifacts/1300b0aE.dag/Unity.TestTools.CodeCoverage.Editor.OpenCover.Model.dll.mvfrm
[411/717    0s] MovedFromExtractorCombine Library/Bee/artifacts/1300b0aE.dag/UnityEngine.SpatialTracking.dll.mvfrm
[412/717    0s] MovedFromExtractorCombine Library/Bee/artifacts/1300b0aE.dag/Unity.InputSystem.dll.mvfrm
[413/717    0s] CopyFiles Library/ScriptAssemblies/UnityEditor.UI.dll
[414/717    0s] MovedFromExtractorCombine Library/Bee/artifacts/1300b0aE.dag/UnityGifDecoder.dll.mvfrm
[415/717    0s] MovedFromExtractorCombine Library/Bee/artifacts/1300b0aE.dag/Unity.Rider.Editor.dll.mvfrm
[416/717    0s] MovedFromExtractorCombine Library/Bee/artifacts/1300b0aE.dag/Unity.EditorCoroutines.Editor.dll.mvfrm
[417/717    0s] Csc Library/Bee/artifacts/1300b0aE.dag/Unity.Settings.Editor.dll (+2 others)
[418/717    0s] Csc Library/Bee/artifacts/1300b0aE.dag/Unity.SysrootPackage.Editor.dll (+2 others)
[419/717    0s] Csc Library/Bee/artifacts/1300b0aE.dag/Unity.Timeline.dll (+2 others)
[420/717    0s] Csc Library/Bee/artifacts/1300b0aE.dag/Unity.XR.Management.dll (+2 others)
[421/717    1s] Csc Library/Bee/artifacts/1300b0aE.dag/Unity.TestTools.CodeCoverage.Editor.OpenCover.Mono.Reflection.dll (+2 others)
[           0s] Csc Library/Bee/artifacts/1300b0aE.dag/Unity.SysrootPackage.Editor.dll (+2 others) [CacheWrite 00000000000000000000000000000003]
[422/717    1s] Csc Library/Bee/artifacts/1300b0aE.dag/Unity.EditorCoroutines.Editor.dll (+2 others)
[423/717    1s] Csc Library/Bee/artifacts/1300b0aE.dag/UnityEngine.SpatialTracking.dll (+2 others)
[           0s] Csc Library/Bee/artifacts/1300b0aE.dag/Unity.Settings.Editor.dll (+2 others) [CacheWrite 00000000000000000000000000000003]
[424/717    1s] Csc Library/Bee/artifacts/1300b0aE.dag/Unity.TestTools.CodeCoverage.Editor.OpenCover.Model.dll (+2 others)
[425/717    1s] Csc Library/Bee/artifacts/1300b0aE.dag/UnityGifDecoder.dll (+2 others)
[           0s] Csc Library/Bee/artifacts/1300b0aE.dag/Unity.Timeline.dll (+2 others) [CacheWrite 00000000000000000000000000000003]
[           0s] Csc Library/Bee/artifacts/1300b0aE.dag/Unity.TestTools.CodeCoverage.Editor.OpenCover.Mono.Reflection.dll (+2 others) [CacheWrite 00000000000000000000000000000003]
[           0s] Csc Library/Bee/artifacts/1300b0aE.dag/Unity.XR.Management.dll (+2 others) [CacheWrite 00000000000000000000000000000003]
[           0s] Csc Library/Bee/artifacts/1300b0aE.dag/UnityEngine.SpatialTracking.dll (+2 others) [CacheWrite 00000000000000000000000000000003]
[           0s] Csc Library/Bee/artifacts/1300b0aE.dag/Unity.EditorCoroutines.Editor.dll (+2 others) [CacheWrite 00000000000000000000000000000003]
[           0s] Csc Library/Bee/artifacts/1300b0aE.dag/Unity.TestTools.CodeCoverage.Editor.OpenCover.Model.dll (+2 others) [CacheWrite 00000000000000000000000000000003]
[426/717    0s] MovedFromExtractor Library/Bee/artifacts/mvdfrm/Unity.Settings.Editor.ref.dll_8A1461A5C565B4EA.mvfrm
[427/717    0s] MovedFromExtractor Library/Bee/artifacts/mvdfrm/Unity.SysrootPackage.Editor.ref.dll_08B16BA041802A06.mvfrm
[428/717    0s] MovedFromExtractor Library/Bee/artifacts/mvdfrm/Unity.TestTools.CodeCoverage.Editor.OpenCover.Model.ref.dll_22F664961FC0158D.mvfrm
[429/717    0s] MovedFromExtractor Library/Bee/artifacts/mvdfrm/UnityEngine.SpatialTracking.ref.dll_CC46AD662704850F.mvfrm
[430/717    0s] MovedFromExtractor Library/Bee/artifacts/mvdfrm/Unity.XR.Management.ref.dll_B8AA0C3955A88449.mvfrm
[431/717    0s] MovedFromExtractor Library/Bee/artifacts/mvdfrm/Unity.TestTools.CodeCoverage.Editor.OpenCover.Mono.Reflection.ref.dll_39D3266F6029657A.mvfrm
[432/717    0s] MovedFromExtractor Library/Bee/artifacts/mvdfrm/Unity.Timeline.ref.dll_16F8EA6B67022FB5.mvfrm
[433/717    2s] Csc Library/Bee/artifacts/1300b0aE.dag/Unity.PlasticSCM.Editor.dll (+2 others)
[434/717    0s] MovedFromExtractorCombine Library/Bee/artifacts/1300b0aE.dag/unity.webp.dll.mvfrm
[435/717    2s] Csc Library/Bee/artifacts/1300b0aE.dag/Unity.TextMeshPro.dll (+2 others)
[436/717    2s] Csc Library/Bee/artifacts/1300b0aE.dag/Unity.VSCode.Editor.dll (+2 others)
[437/717    0s] MovedFromExtractorCombine Library/Bee/artifacts/1300b0aE.dag/Unity.Timeline.Editor.dll.mvfrm
[438/717    0s] MovedFromExtractorCombine Library/Bee/artifacts/1300b0aE.dag/Unity.TestTools.CodeCoverage.Editor.dll.mvfrm
[439/717    1s] MovedFromExtractorCombine Library/Bee/artifacts/1300b0aE.dag/Unity.Sysroot.Linux_x86_64.dll.mvfrm
[440/717    0s] MovedFromExtractorCombine Library/Bee/artifacts/1300b0aE.dag/UnityEngine.XR.LegacyInputHelpers.dll.mvfrm
[441/717    0s] MovedFromExtractorCombine Library/Bee/artifacts/1300b0aE.dag/UnityEditor.SpatialTracking.dll.mvfrm
[442/717    2s] Csc Library/Bee/artifacts/1300b0aE.dag/Unity.Rider.Editor.dll (+2 others)
[443/717    2s] Csc Library/Bee/artifacts/1300b0aE.dag/Unity.Performance.Profile-Analyzer.Editor.dll (+2 others)
[           0s] Csc Library/Bee/artifacts/1300b0aE.dag/Unity.PlasticSCM.Editor.dll (+2 others) [CacheWrite 00000000000000000000000000000003]
[444/717    1s] MovedFromExtractor Library/Bee/artifacts/mvdfrm/Unity.EditorCoroutines.Editor.ref.dll_1315E0A407C70415.mvfrm
[           0s] Csc Library/Bee/artifacts/1300b0aE.dag/Unity.TextMeshPro.dll (+2 others) [CacheWrite 00000000000000000000000000000003]
[           0s] Csc Library/Bee/artifacts/1300b0aE.dag/Unity.VSCode.Editor.dll (+2 others) [CacheWrite 00000000000000000000000000000003]
[           0s] Csc Library/Bee/artifacts/1300b0aE.dag/Unity.Performance.Profile-Analyzer.Editor.dll (+2 others) [CacheWrite 00000000000000000000000000000003]
[           0s] Csc Library/Bee/artifacts/1300b0aE.dag/Unity.Rider.Editor.dll (+2 others) [CacheWrite 00000000000000000000000000000003]
[445/717    1s] Csc Library/Bee/artifacts/1300b0aE.dag/Unity.2D.Sprite.Editor.dll (+2 others)
[446/717    1s] Csc Library/Bee/artifacts/1300b0aE.dag/Unity.VisualStudio.Editor.dll (+2 others)
[447/717    0s] MovedFromExtractor Library/Bee/artifacts/mvdfrm/UnityGifDecoder.ref.dll_C99FF3210004F810.mvfrm
[448/717    0s] MovedFromExtractor Library/Bee/artifacts/mvdfrm/Unity.TextMeshPro.ref.dll_02929A3ECA791895.mvfrm
[           0s] Csc Library/Bee/artifacts/1300b0aE.dag/Unity.2D.Sprite.Editor.dll (+2 others) [CacheWrite 00000000000000000000000000000003]
[449/717    0s] MovedFromExtractor Library/Bee/artifacts/mvdfrm/Unity.VSCode.Editor.ref.dll_AE868214B5ED3D13.mvfrm
[450/717    0s] CopyFiles Library/ScriptAssemblies/Unity.TextMeshPro.dll
[451/717    0s] CopyFiles Library/ScriptAssemblies/UnityEngine.SpatialTracking.dll
[452/717    0s] CopyFiles Library/ScriptAssemblies/Unity.Timeline.dll
[453/717    0s] CopyFiles Library/ScriptAssemblies/Unity.XR.Management.dll
[454/717    0s] CopyFiles Library/ScriptAssemblies/UnityGifDecoder.dll
[455/717    0s] CopyFiles Library/ScriptAssemblies/Unity.2D.Sprite.Editor.pdb
[456/717    0s] CopyFiles Library/ScriptAssemblies/Unity.2D.Sprite.Editor.dll
[457/717    0s] MovedFromExtractor Library/Bee/artifacts/mvdfrm/Unity.PlasticSCM.Editor.ref.dll_A558B9E65539D7D0.mvfrm
[458/717    0s] CopyFiles Library/ScriptAssemblies/Unity.Rider.Editor.dll
[459/717    0s] CopyFiles Library/ScriptAssemblies/Unity.Rider.Editor.pdb
[460/717    0s] CopyFiles Library/ScriptAssemblies/Unity.Performance.Profile-Analyzer.Editor.dll
[461/717    0s] CopyFiles Library/ScriptAssemblies/Unity.Performance.Profile-Analyzer.Editor.pdb
[462/717    0s] CopyFiles Library/ScriptAssemblies/Unity.PlasticSCM.Editor.pdb
[463/717    0s] CopyFiles Library/ScriptAssemblies/Unity.PlasticSCM.Editor.dll
[464/717    0s] CopyFiles Library/ScriptAssemblies/Unity.TextMeshPro.pdb
[465/717    0s] CopyFiles Library/ScriptAssemblies/Unity.VSCode.Editor.pdb
[466/717    0s] CopyFiles Library/ScriptAssemblies/Unity.VSCode.Editor.dll
[467/717    0s] CopyFiles Library/ScriptAssemblies/Unity.TestTools.CodeCoverage.Editor.OpenCover.Model.dll
[468/717    0s] CopyFiles Library/ScriptAssemblies/Unity.TestTools.CodeCoverage.Editor.OpenCover.Model.pdb
[469/717    0s] CopyFiles Library/ScriptAssemblies/Unity.EditorCoroutines.Editor.dll
[470/717    0s] CopyFiles Library/ScriptAssemblies/Unity.EditorCoroutines.Editor.pdb
[471/717    0s] CopyFiles Library/ScriptAssemblies/UnityEngine.SpatialTracking.pdb
[472/717    0s] CopyFiles Library/ScriptAssemblies/Unity.Timeline.pdb
[473/717    0s] CopyFiles Library/ScriptAssemblies/Unity.XR.Management.pdb
[474/717    0s] CopyFiles Library/ScriptAssemblies/Unity.TestTools.CodeCoverage.Editor.OpenCover.Mono.Reflection.dll
[475/717    0s] CopyFiles Library/ScriptAssemblies/Unity.TestTools.CodeCoverage.Editor.OpenCover.Mono.Reflection.pdb
[476/717    0s] CopyFiles Library/ScriptAssemblies/UnityGifDecoder.pdb
[477/717    0s] CopyFiles Library/ScriptAssemblies/Unity.Settings.Editor.dll
[478/717    0s] CopyFiles Library/ScriptAssemblies/Unity.Settings.Editor.pdb
[479/717    0s] CopyFiles Library/ScriptAssemblies/Unity.SysrootPackage.Editor.pdb
[480/717    0s] CopyFiles Library/ScriptAssemblies/Unity.SysrootPackage.Editor.dll
[           0s] Csc Library/Bee/artifacts/1300b0aE.dag/Unity.VisualStudio.Editor.dll (+2 others) [CacheWrite 00000000000000000000000000000003]
[481/717    0s] CopyFiles Library/ScriptAssemblies/Unity.VisualStudio.Editor.pdb
[482/717    0s] CopyFiles Library/ScriptAssemblies/Unity.VisualStudio.Editor.dll
[483/717    0s] MovedFromExtractor Library/Bee/artifacts/mvdfrm/Unity.Performance.Profile-Analyzer.Editor.ref.dll_8B44F821019897E5.mvfrm
[484/717    0s] MovedFromExtractor Library/Bee/artifacts/mvdfrm/Unity.Rider.Editor.ref.dll_DA88E6A3E9EB6155.mvfrm
[485/717    0s] Csc Library/Bee/artifacts/1300b0aE.dag/Unity.Sysroot.Linux_x86_64.dll (+2 others)
[486/717    0s] MovedFromExtractorCombine Library/Bee/artifacts/1300b0aE.dag/Unity.TextMeshPro.Editor.dll.mvfrm
[487/717    0s] MovedFromExtractorCombine Library/Bee/artifacts/1300b0aE.dag/WebP.Editor.dll.mvfrm
[488/717    0s] MovedFromExtractorCombine Library/Bee/artifacts/1300b0aE.dag/Unity.CollabProxy.Editor.dll.mvfrm
[489/717    0s] MovedFromExtractor Library/Bee/artifacts/mvdfrm/Unity.2D.Sprite.Editor.ref.dll_6C8185F9E5AE014E.mvfrm
[490/717    0s] Csc Library/Bee/artifacts/1300b0aE.dag/UnityEditor.SpatialTracking.dll (+2 others)
[491/717    0s] MovedFromExtractor Library/Bee/artifacts/mvdfrm/Unity.VisualStudio.Editor.ref.dll_0FE027DDD6F41767.mvfrm
[492/717    4s] Csc Library/Bee/artifacts/1300b0aE.dag/Unity.InputSystem.dll (+2 others)
[           0s] Csc Library/Bee/artifacts/1300b0aE.dag/Unity.Sysroot.Linux_x86_64.dll (+2 others) [CacheWrite 00000000000000000000000000000003]
[493/717    0s] Csc Library/Bee/artifacts/1300b0aE.dag/UnityEngine.XR.LegacyInputHelpers.dll (+2 others)
[494/717    1s] Csc Library/Bee/artifacts/1300b0aE.dag/unity.webp.dll (+2 others)
[495/717    0s] CopyFiles Library/ScriptAssemblies/Unity.Sysroot.Linux_x86_64.pdb
[496/717    0s] CopyFiles Library/ScriptAssemblies/Unity.Sysroot.Linux_x86_64.dll
[           0s] Csc Library/Bee/artifacts/1300b0aE.dag/unity.webp.dll (+2 others) [CacheWrite 00000000000000000000000000000003]
[           0s] Csc Library/Bee/artifacts/1300b0aE.dag/UnityEditor.SpatialTracking.dll (+2 others) [CacheWrite 00000000000000000000000000000003]
[           0s] Csc Library/Bee/artifacts/1300b0aE.dag/Unity.InputSystem.dll (+2 others) [CacheWrite 00000000000000000000000000000003]
[           0s] Csc Library/Bee/artifacts/1300b0aE.dag/UnityEngine.XR.LegacyInputHelpers.dll (+2 others) [CacheWrite 00000000000000000000000000000003]
[497/717    0s] CopyFiles Library/ScriptAssemblies/UnityEditor.SpatialTracking.dll
[498/717    0s] CopyFiles Library/ScriptAssemblies/UnityEditor.SpatialTracking.pdb
[499/717    0s] CopyFiles Library/ScriptAssemblies/UnityEngine.XR.LegacyInputHelpers.pdb
[500/717    0s] CopyFiles Library/ScriptAssemblies/UnityEngine.XR.LegacyInputHelpers.dll
[501/717    0s] CopyFiles Library/ScriptAssemblies/unity.webp.pdb
[502/717    0s] CopyFiles Library/ScriptAssemblies/unity.webp.dll
[503/717    0s] CopyFiles Library/ScriptAssemblies/Unity.InputSystem.pdb
[504/717    0s] CopyFiles Library/ScriptAssemblies/Unity.InputSystem.dll
[505/717    0s] MovedFromExtractor Library/Bee/artifacts/mvdfrm/Unity.Sysroot.Linux_x86_64.ref.dll_0CF00D8B82A87F25.mvfrm
[506/717    1s] Csc Library/Bee/artifacts/1300b0aE.dag/Unity.TestTools.CodeCoverage.Editor.dll (+2 others)
[507/717    0s] MovedFromExtractor Library/Bee/artifacts/mvdfrm/UnityEditor.SpatialTracking.ref.dll_4005BB3EAE0C01EA.mvfrm
[           0s] Csc Library/Bee/artifacts/1300b0aE.dag/Unity.TestTools.CodeCoverage.Editor.dll (+2 others) [CacheWrite 00000000000000000000000000000003]
[508/717    0s] CopyFiles Library/ScriptAssemblies/Unity.TestTools.CodeCoverage.Editor.pdb
[509/717    0s] CopyFiles Library/ScriptAssemblies/Unity.TestTools.CodeCoverage.Editor.dll
[510/717    0s] MovedFromExtractor Library/Bee/artifacts/mvdfrm/UnityEngine.XR.LegacyInputHelpers.ref.dll_632513B3DE0B9F3C.mvfrm
[511/717    0s] MovedFromExtractor Library/Bee/artifacts/mvdfrm/Unity.InputSystem.ref.dll_7B1D397D2193763B.mvfrm
[512/717    4s] Csc Library/Bee/artifacts/1300b0aE.dag/Unity.Mathematics.dll (+2 others)
[513/717    0s] MovedFromExtractorCombine Library/Bee/artifacts/1300b0aE.dag/Unity.Toolchain.Win-x86_64-Linux-x86_64.dll.mvfrm
[           0s] Csc Library/Bee/artifacts/1300b0aE.dag/Unity.Mathematics.dll (+2 others) [CacheWrite 00000000000000000000000000000003]
[514/717    0s] CopyFiles Library/ScriptAssemblies/Unity.Mathematics.pdb
[515/717    0s] CopyFiles Library/ScriptAssemblies/Unity.Mathematics.dll
[516/717    0s] Csc Library/Bee/artifacts/1300b0aE.dag/Unity.CollabProxy.Editor.dll (+2 others)
[517/717    0s] Csc Library/Bee/artifacts/1300b0aE.dag/Unity.TextMeshPro.Editor.dll (+2 others)
[518/717    0s] Csc Library/Bee/artifacts/1300b0aE.dag/WebP.Editor.dll (+2 others)
[519/717    0s] MovedFromExtractorCombine Library/Bee/artifacts/1300b0aE.dag/Unity.InputSystem.TestFramework.dll.mvfrm
[520/717    0s] MovedFromExtractorCombine Library/Bee/artifacts/1300b0aE.dag/UnityEditor.XR.LegacyInputHelpers.dll.mvfrm
[521/717    0s] MovedFromExtractorCombine Library/Bee/artifacts/1300b0aE.dag/Unity.XR.CoreUtils.dll.mvfrm
[522/717    0s] MovedFromExtractorCombine Library/Bee/artifacts/1300b0aE.dag/Unity.VisualScripting.Core.dll.mvfrm
[523/717    0s] MovedFromExtractorCombine Library/Bee/artifacts/1300b0aE.dag/Unity.InputSystem.DocCodeSamples.dll.mvfrm
[524/717    0s] MovedFromExtractorCombine Library/Bee/artifacts/1300b0aE.dag/Unity.InputSystem.ForUI.dll.mvfrm
[           0s] Csc Library/Bee/artifacts/1300b0aE.dag/Unity.CollabProxy.Editor.dll (+2 others) [CacheWrite 00000000000000000000000000000003]
[           0s] Csc Library/Bee/artifacts/1300b0aE.dag/Unity.TextMeshPro.Editor.dll (+2 others) [CacheWrite 00000000000000000000000000000003]
[525/717    0s] CopyFiles Library/ScriptAssemblies/Unity.CollabProxy.Editor.dll
[526/717    0s] CopyFiles Library/ScriptAssemblies/Unity.CollabProxy.Editor.pdb
[527/717    0s] MovedFromExtractor Library/Bee/artifacts/mvdfrm/Unity.TestTools.CodeCoverage.Editor.ref.dll_C6D619E6129B87D3.mvfrm
[528/717    0s] CopyFiles Library/ScriptAssemblies/Unity.TextMeshPro.Editor.pdb
[           0s] Csc Library/Bee/artifacts/1300b0aE.dag/WebP.Editor.dll (+2 others) [CacheWrite 00000000000000000000000000000003]
[529/717    0s] CopyFiles Library/ScriptAssemblies/WebP.Editor.pdb
[530/717    0s] CopyFiles Library/ScriptAssemblies/WebP.Editor.dll
[531/717    0s] MovedFromExtractor Library/Bee/artifacts/mvdfrm/Unity.Mathematics.ref.dll_66DE4C1C9A03AD08.mvfrm
[532/717    0s] MovedFromExtractor Library/Bee/artifacts/mvdfrm/Unity.TextMeshPro.Editor.ref.dll_D0BA3615D322EF6C.mvfrm
[533/717    2s] Csc Library/Bee/artifacts/1300b0aE.dag/Unity.Timeline.Editor.dll (+2 others)
[534/717    0s] Csc Library/Bee/artifacts/1300b0aE.dag/Unity.Toolchain.Win-x86_64-Linux-x86_64.dll (+2 others)
[535/717    0s] Csc Library/Bee/artifacts/1300b0aE.dag/UnityEditor.XR.LegacyInputHelpers.dll (+2 others)
[536/717    0s] Csc Library/Bee/artifacts/1300b0aE.dag/Unity.InputSystem.ForUI.dll (+2 others)
[           0s] Csc Library/Bee/artifacts/1300b0aE.dag/Unity.Toolchain.Win-x86_64-Linux-x86_64.dll (+2 others) [CacheWrite 00000000000000000000000000000003]
[537/717    0s] Csc Library/Bee/artifacts/1300b0aE.dag/Unity.InputSystem.DocCodeSamples.dll (+2 others)
[538/717    0s] CopyFiles Library/ScriptAssemblies/Unity.Toolchain.Win-x86_64-Linux-x86_64.dll
[539/717    0s] CopyFiles Library/ScriptAssemblies/Unity.Toolchain.Win-x86_64-Linux-x86_64.pdb
[           0s] Csc Library/Bee/artifacts/1300b0aE.dag/UnityEditor.XR.LegacyInputHelpers.dll (+2 others) [CacheWrite 00000000000000000000000000000003]
[           0s] Csc Library/Bee/artifacts/1300b0aE.dag/Unity.Timeline.Editor.dll (+2 others) [CacheWrite 00000000000000000000000000000003]
[540/717    0s] MovedFromExtractorCombine Library/Bee/artifacts/1300b0aE.dag/Unity.Mathematics.Editor.dll.mvfrm
[541/717    0s] CopyFiles Library/ScriptAssemblies/UnityEditor.XR.LegacyInputHelpers.pdb
[542/717    0s] Csc Library/Bee/artifacts/1300b0aE.dag/Unity.XR.CoreUtils.dll (+2 others)
[543/717    0s] CopyFiles Library/ScriptAssemblies/Unity.Timeline.Editor.pdb
[544/717    0s] CopyFiles Library/ScriptAssemblies/UnityEditor.XR.LegacyInputHelpers.dll
[545/717    0s] Csc Library/Bee/artifacts/1300b0aE.dag/Unity.InputSystem.TestFramework.dll (+2 others)
[           0s] Csc Library/Bee/artifacts/1300b0aE.dag/Unity.InputSystem.ForUI.dll (+2 others) [CacheWrite 00000000000000000000000000000003]
[           0s] Csc Library/Bee/artifacts/1300b0aE.dag/Unity.InputSystem.DocCodeSamples.dll (+2 others) [CacheWrite 00000000000000000000000000000003]
[546/717    0s] CopyFiles Library/ScriptAssemblies/Unity.InputSystem.ForUI.dll
[547/717    0s] CopyFiles Library/ScriptAssemblies/Unity.InputSystem.ForUI.pdb
[548/717    0s] CopyFiles Library/ScriptAssemblies/Unity.InputSystem.DocCodeSamples.dll
[549/717    0s] CopyFiles Library/ScriptAssemblies/Unity.InputSystem.DocCodeSamples.pdb
[           0s] Csc Library/Bee/artifacts/1300b0aE.dag/Unity.XR.CoreUtils.dll (+2 others) [CacheWrite 00000000000000000000000000000003]
[           0s] Csc Library/Bee/artifacts/1300b0aE.dag/Unity.InputSystem.TestFramework.dll (+2 others) [CacheWrite 00000000000000000000000000000003]
[550/717    0s] CopyFiles Library/ScriptAssemblies/Unity.XR.CoreUtils.pdb
[551/717    0s] CopyFiles Library/ScriptAssemblies/Unity.XR.CoreUtils.dll
[552/717    0s] CopyFiles Library/ScriptAssemblies/Unity.InputSystem.TestFramework.pdb
[553/717    0s] CopyFiles Library/ScriptAssemblies/Unity.InputSystem.TestFramework.dll
[554/717    0s] MovedFromExtractor Library/Bee/artifacts/mvdfrm/UnityEditor.XR.LegacyInputHelpers.ref.dll_A2957EFDA2C64C37.mvfrm
[555/717    0s] MovedFromExtractor Library/Bee/artifacts/mvdfrm/Unity.Toolchain.Win-x86_64-Linux-x86_64.ref.dll_64DDAC33FF976D62.mvfrm
[556/717    0s] MovedFromExtractor Library/Bee/artifacts/mvdfrm/Unity.Timeline.Editor.ref.dll_17F688653313AA4C.mvfrm
[557/717    0s] MovedFromExtractor Library/Bee/artifacts/mvdfrm/Unity.InputSystem.ForUI.ref.dll_8456852F39E72DEA.mvfrm
[558/717    0s] CopyFiles Library/ScriptAssemblies/Unity.Timeline.Editor.dll
[559/717    0s] MovedFromExtractor Library/Bee/artifacts/mvdfrm/Unity.XR.CoreUtils.ref.dll_7BD60984F2BC85A2.mvfrm
[560/717    0s] Csc Library/Bee/artifacts/1300b0aE.dag/Unity.Mathematics.Editor.dll (+2 others)
[           0s] Csc Library/Bee/artifacts/1300b0aE.dag/Unity.Mathematics.Editor.dll (+2 others) [CacheWrite 00000000000000000000000000000003]
[561/717    0s] CopyFiles Library/ScriptAssemblies/Unity.Mathematics.Editor.pdb
[562/717    0s] CopyFiles Library/ScriptAssemblies/Unity.Mathematics.Editor.dll
[563/717    0s] CopyFiles Library/ScriptAssemblies/Unity.TextMeshPro.Editor.dll
[564/717    0s] MovedFromExtractorCombine Library/Bee/artifacts/1300b0aE.dag/Unity.XR.CoreUtils.Editor.dll.mvfrm
[565/717    1s] Csc Library/Bee/artifacts/1300b0aE.dag/Unity.VisualScripting.Core.dll (+2 others)
[           0s] Csc Library/Bee/artifacts/1300b0aE.dag/Unity.VisualScripting.Core.dll (+2 others) [CacheWrite 00000000000000000000000000000003]
[566/717    0s] MovedFromExtractor Library/Bee/artifacts/mvdfrm/Unity.Mathematics.Editor.ref.dll_553CFFCCE7430329.mvfrm
[567/717    0s] CopyFiles Library/ScriptAssemblies/Unity.VisualScripting.Core.pdb
[568/717    0s] CopyFiles Library/ScriptAssemblies/Unity.VisualScripting.Core.dll
[569/717    0s] Csc Library/Bee/artifacts/1300b0aE.dag/Unity.XR.CoreUtils.Editor.dll (+2 others)
[           0s] Csc Library/Bee/artifacts/1300b0aE.dag/Unity.XR.CoreUtils.Editor.dll (+2 others) [CacheWrite 00000000000000000000000000000003]
[570/717    0s] CopyFiles Library/ScriptAssemblies/Unity.XR.CoreUtils.Editor.pdb
[571/717    0s] MovedFromExtractor Library/Bee/artifacts/mvdfrm/Unity.VisualScripting.Core.ref.dll_BF8650D11F8E519A.mvfrm
[572/717    0s] MovedFromExtractorCombine Library/Bee/artifacts/1300b0aE.dag/Unity.VisualScripting.Flow.dll.mvfrm
[573/717    0s] MovedFromExtractorCombine Library/Bee/artifacts/1300b0aE.dag/Unity.VisualScripting.Core.Editor.dll.mvfrm
[574/717    0s] MovedFromExtractor Library/Bee/artifacts/mvdfrm/Unity.XR.CoreUtils.Editor.ref.dll_8144CEBFC8DD722F.mvfrm
[575/717    0s] CopyFiles Library/ScriptAssemblies/Unity.XR.CoreUtils.Editor.dll
[576/717    0s] MovedFromExtractorCombine Library/Bee/artifacts/1300b0aE.dag/Unity.XR.Management.Editor.dll.mvfrm
[577/717    0s] Csc Library/Bee/artifacts/1300b0aE.dag/Unity.XR.Management.Editor.dll (+2 others)
[           0s] Csc Library/Bee/artifacts/1300b0aE.dag/Unity.XR.Management.Editor.dll (+2 others) [CacheWrite 00000000000000000000000000000003]
[578/717    0s] CopyFiles Library/ScriptAssemblies/Unity.XR.Management.Editor.pdb
[579/717    0s] Csc Library/Bee/artifacts/1300b0aE.dag/Unity.VisualScripting.Flow.dll (+2 others)
[           0s] Csc Library/Bee/artifacts/1300b0aE.dag/Unity.VisualScripting.Flow.dll (+2 others) [CacheWrite 00000000000000000000000000000003]
[580/717    0s] CopyFiles Library/ScriptAssemblies/Unity.VisualScripting.Flow.pdb
[581/717    0s] MovedFromExtractor Library/Bee/artifacts/mvdfrm/Unity.XR.Management.Editor.ref.dll_63D1283B59813AF8.mvfrm
[582/717    0s] CopyFiles Library/ScriptAssemblies/Unity.VisualScripting.Flow.dll
[583/717    0s] CopyFiles Library/ScriptAssemblies/Unity.XR.Management.Editor.dll
[584/717    0s] MovedFromExtractorCombine Library/Bee/artifacts/1300b0aE.dag/Unity.XR.OpenXR.dll.mvfrm
[585/717    0s] Csc Library/Bee/artifacts/1300b0aE.dag/Unity.VisualScripting.Core.Editor.dll (+2 others)
[586/717    0s] MovedFromExtractor Library/Bee/artifacts/mvdfrm/Unity.VisualScripting.Flow.ref.dll_06973127A197C649.mvfrm
[           0s] Csc Library/Bee/artifacts/1300b0aE.dag/Unity.VisualScripting.Core.Editor.dll (+2 others) [CacheWrite 00000000000000000000000000000003]
[587/717    0s] CopyFiles Library/ScriptAssemblies/Unity.VisualScripting.Core.Editor.pdb
[588/717    0s] MovedFromExtractorCombine Library/Bee/artifacts/1300b0aE.dag/Unity.VisualScripting.State.dll.mvfrm
[589/717    0s] CopyFiles Library/ScriptAssemblies/Unity.VisualScripting.Core.Editor.dll
[590/717    0s] MovedFromExtractor Library/Bee/artifacts/mvdfrm/Unity.VisualScripting.Core.Editor.ref.dll_514B12BC0D1D8DB7.mvfrm
[591/717    0s] Csc Library/Bee/artifacts/1300b0aE.dag/Unity.XR.OpenXR.dll (+2 others)
[           0s] Csc Library/Bee/artifacts/1300b0aE.dag/Unity.XR.OpenXR.dll (+2 others) [CacheWrite 00000000000000000000000000000003]
[592/717    0s] CopyFiles Library/ScriptAssemblies/Unity.XR.OpenXR.pdb
[593/717    0s] Csc Library/Bee/artifacts/1300b0aE.dag/Unity.VisualScripting.State.dll (+2 others)
[594/717    0s] MovedFromExtractorCombine Library/Bee/artifacts/1300b0aE.dag/Unity.VisualScripting.Flow.Editor.dll.mvfrm
[           0s] Csc Library/Bee/artifacts/1300b0aE.dag/Unity.VisualScripting.State.dll (+2 others) [CacheWrite 00000000000000000000000000000003]
[595/717    0s] CopyFiles Library/ScriptAssemblies/Unity.VisualScripting.State.dll
[596/717    0s] CopyFiles Library/ScriptAssemblies/Unity.VisualScripting.State.pdb
[597/717    0s] MovedFromExtractor Library/Bee/artifacts/mvdfrm/Unity.XR.OpenXR.ref.dll_CD391CA4E5ED3B9A.mvfrm
[598/717    0s] CopyFiles Library/ScriptAssemblies/Unity.XR.OpenXR.dll
[599/717    0s] MovedFromExtractor Library/Bee/artifacts/mvdfrm/Unity.VisualScripting.State.ref.dll_900B338E31D9525C.mvfrm
[600/717    0s] MovedFromExtractorCombine Library/Bee/artifacts/1300b0aE.dag/Unity.XR.OpenXR.Features.MetaQuestSupport.dll.mvfrm
[601/717    0s] MovedFromExtractorCombine Library/Bee/artifacts/1300b0aE.dag/ControllerSample.dll.mvfrm
[602/717    0s] MovedFromExtractorCombine Library/Bee/artifacts/1300b0aE.dag/Unity.XR.OpenXR.Features.ConformanceAutomation.dll.mvfrm
[603/717    0s] MovedFromExtractorCombine Library/Bee/artifacts/1300b0aE.dag/Unity.XR.OpenXR.Editor.dll.mvfrm
[604/717    0s] MovedFromExtractorCombine Library/Bee/artifacts/1300b0aE.dag/Unity.XR.Interaction.Toolkit.dll.mvfrm
[605/717    0s] MovedFromExtractorCombine Library/Bee/artifacts/1300b0aE.dag/Unity.XR.OpenXRPico.dll.mvfrm
[606/717    0s] Csc Library/Bee/artifacts/1300b0aE.dag/ControllerSample.dll (+2 others)
[607/717    0s] Csc Library/Bee/artifacts/1300b0aE.dag/Unity.XR.OpenXR.Features.ConformanceAutomation.dll (+2 others)
[608/717    0s] Csc Library/Bee/artifacts/1300b0aE.dag/Unity.XR.OpenXR.Features.MetaQuestSupport.dll (+2 others)
[609/717    0s] CopyFiles Library/ScriptAssemblies/ControllerSample.pdb
[610/717    0s] CopyFiles Library/ScriptAssemblies/ControllerSample.dll
[611/717    0s] Csc Library/Bee/artifacts/1300b0aE.dag/Unity.VisualScripting.Flow.Editor.dll (+2 others)
[612/717    0s] Csc Library/Bee/artifacts/1300b0aE.dag/Unity.XR.OpenXRPico.dll (+2 others)
[           0s] Csc Library/Bee/artifacts/1300b0aE.dag/Unity.XR.OpenXR.Features.ConformanceAutomation.dll (+2 others) [CacheWrite 00000000000000000000000000000003]
[           0s] Csc Library/Bee/artifacts/1300b0aE.dag/Unity.XR.OpenXR.Features.MetaQuestSupport.dll (+2 others) [CacheWrite 00000000000000000000000000000003]
[           0s] Csc Library/Bee/artifacts/1300b0aE.dag/Unity.VisualScripting.Flow.Editor.dll (+2 others) [CacheWrite 00000000000000000000000000000003]
[613/717    0s] CopyFiles Library/ScriptAssemblies/Unity.XR.OpenXR.Features.MetaQuestSupport.dll
[614/717    0s] CopyFiles Library/ScriptAssemblies/Unity.XR.OpenXR.Features.ConformanceAutomation.dll
[615/717    0s] CopyFiles Library/ScriptAssemblies/Unity.XR.OpenXR.Features.ConformanceAutomation.pdb
[616/717    0s] CopyFiles Library/ScriptAssemblies/Unity.XR.OpenXR.Features.MetaQuestSupport.pdb
[           0s] Csc Library/Bee/artifacts/1300b0aE.dag/Unity.XR.OpenXRPico.dll (+2 others) [CacheWrite 00000000000000000000000000000003]
[617/717    0s] Csc Library/Bee/artifacts/1300b0aE.dag/Unity.XR.OpenXR.Editor.dll (+2 others)
[618/717    0s] CopyFiles Library/ScriptAssemblies/Unity.VisualScripting.Flow.Editor.pdb
[619/717    0s] CopyFiles Library/ScriptAssemblies/Unity.XR.OpenXRPico.pdb
[           0s] Csc Library/Bee/artifacts/1300b0aE.dag/Unity.XR.OpenXR.Editor.dll (+2 others) [CacheWrite 00000000000000000000000000000003]
[620/717    0s] CopyFiles Library/ScriptAssemblies/Unity.XR.OpenXR.Editor.pdb
[621/717    0s] CopyFiles Library/ScriptAssemblies/Unity.VisualScripting.Flow.Editor.dll
[622/717    0s] MovedFromExtractor Library/Bee/artifacts/mvdfrm/Unity.XR.OpenXR.Features.ConformanceAutomation.ref.dll_F8E9C0BA9435A965.mvfrm
[623/717    0s] CopyFiles Library/ScriptAssemblies/Unity.XR.OpenXRPico.dll
[624/717    0s] MovedFromExtractor Library/Bee/artifacts/mvdfrm/Unity.XR.OpenXR.Features.MetaQuestSupport.ref.dll_F733DA097ED735AF.mvfrm
[625/717    0s] MovedFromExtractor Library/Bee/artifacts/mvdfrm/Unity.VisualScripting.Flow.Editor.ref.dll_CE7BFB6B1BFC18F8.mvfrm
[626/717    0s] MovedFromExtractor Library/Bee/artifacts/mvdfrm/Unity.XR.OpenXRPico.ref.dll_75788B5DA0AAC30F.mvfrm
[627/717    0s] CopyFiles Library/ScriptAssemblies/Unity.XR.OpenXR.Editor.dll
[628/717    0s] MovedFromExtractor Library/Bee/artifacts/mvdfrm/Unity.XR.OpenXR.Editor.ref.dll_3621FFDAA8DB43B7.mvfrm
[629/717    0s] MovedFromExtractorCombine Library/Bee/artifacts/1300b0aE.dag/Unity.VisualScripting.SettingsProvider.Editor.dll.mvfrm
[630/717    0s] MovedFromExtractorCombine Library/Bee/artifacts/1300b0aE.dag/Unity.XR.OpenXR.Features.PICOSupport.dll.mvfrm
[631/717    0s] MovedFromExtractorCombine Library/Bee/artifacts/1300b0aE.dag/Unity.VisualScripting.State.Editor.dll.mvfrm
[632/717    0s] MovedFromExtractorCombine Library/Bee/artifacts/1300b0aE.dag/Unity.XR.OpenXR.Features.OculusQuestSupport.dll.mvfrm
[633/717    0s] MovedFromExtractorCombine Library/Bee/artifacts/1300b0aE.dag/Unity.XR.OpenXR.Features.RuntimeDebugger.dll.mvfrm
[634/717    0s] MovedFromExtractorCombine Library/Bee/artifacts/1300b0aE.dag/Unity.XR.OpenXR.Features.MetaQuestSupport.Editor.dll.mvfrm
[635/717    0s] MovedFromExtractorCombine Library/Bee/artifacts/1300b0aE.dag/Unity.XR.OpenXR.Features.MockRuntime.dll.mvfrm
[636/717    0s] Csc Library/Bee/artifacts/1300b0aE.dag/Unity.XR.OpenXR.Features.OculusQuestSupport.dll (+2 others)
[637/717    0s] Csc Library/Bee/artifacts/1300b0aE.dag/Unity.VisualScripting.SettingsProvider.Editor.dll (+2 others)
[638/717    1s] Csc Library/Bee/artifacts/1300b0aE.dag/Unity.XR.Interaction.Toolkit.dll (+2 others)
[           0s] Csc Library/Bee/artifacts/1300b0aE.dag/Unity.XR.OpenXR.Features.OculusQuestSupport.dll (+2 others) [CacheWrite 00000000000000000000000000000003]
[639/717    0s] Csc Library/Bee/artifacts/1300b0aE.dag/Unity.XR.OpenXR.Features.RuntimeDebugger.dll (+2 others)
[640/717    0s] Csc Library/Bee/artifacts/1300b0aE.dag/Unity.XR.OpenXR.Features.MetaQuestSupport.Editor.dll (+2 others)
[           0s] Csc Library/Bee/artifacts/1300b0aE.dag/Unity.XR.Interaction.Toolkit.dll (+2 others) [CacheWrite 00000000000000000000000000000003]
[641/717    0s] Csc Library/Bee/artifacts/1300b0aE.dag/Unity.VisualScripting.State.Editor.dll (+2 others)
[642/717    0s] Csc Library/Bee/artifacts/1300b0aE.dag/Unity.XR.OpenXR.Features.MockRuntime.dll (+2 others)
[643/717    0s] CopyFiles Library/ScriptAssemblies/Unity.XR.OpenXR.Features.OculusQuestSupport.pdb
[644/717    0s] CopyFiles Library/ScriptAssemblies/Unity.XR.OpenXR.Features.OculusQuestSupport.dll
[           0s] Csc Library/Bee/artifacts/1300b0aE.dag/Unity.VisualScripting.SettingsProvider.Editor.dll (+2 others) [CacheWrite 00000000000000000000000000000003]
[645/717    0s] CopyFiles Library/ScriptAssemblies/Unity.VisualScripting.SettingsProvider.Editor.dll
[646/717    0s] CopyFiles Library/ScriptAssemblies/Unity.VisualScripting.SettingsProvider.Editor.pdb
[           0s] Csc Library/Bee/artifacts/1300b0aE.dag/Unity.XR.OpenXR.Features.MetaQuestSupport.Editor.dll (+2 others) [CacheWrite 00000000000000000000000000000003]
[           0s] Csc Library/Bee/artifacts/1300b0aE.dag/Unity.XR.OpenXR.Features.RuntimeDebugger.dll (+2 others) [CacheWrite 00000000000000000000000000000003]
[           0s] Csc Library/Bee/artifacts/1300b0aE.dag/Unity.VisualScripting.State.Editor.dll (+2 others) [CacheWrite 00000000000000000000000000000003]
[           0s] Csc Library/Bee/artifacts/1300b0aE.dag/Unity.XR.OpenXR.Features.MockRuntime.dll (+2 others) [CacheWrite 00000000000000000000000000000003]
[647/717    0s] CopyFiles Library/ScriptAssemblies/Unity.XR.Interaction.Toolkit.pdb
[648/717    0s] CopyFiles Library/ScriptAssemblies/Unity.XR.OpenXR.Features.RuntimeDebugger.pdb
[649/717    0s] CopyFiles Library/ScriptAssemblies/Unity.XR.OpenXR.Features.RuntimeDebugger.dll
[650/717    0s] CopyFiles Library/ScriptAssemblies/Unity.XR.OpenXR.Features.MockRuntime.dll
[651/717    0s] CopyFiles Library/ScriptAssemblies/Unity.XR.OpenXR.Features.MockRuntime.pdb
[652/717    0s] CopyFiles Library/ScriptAssemblies/Unity.XR.OpenXR.Features.MetaQuestSupport.Editor.dll
[653/717    0s] CopyFiles Library/ScriptAssemblies/Unity.XR.OpenXR.Features.MetaQuestSupport.Editor.pdb
[654/717    0s] CopyFiles Library/ScriptAssemblies/Unity.VisualScripting.State.Editor.pdb
[655/717    0s] CopyFiles Library/ScriptAssemblies/Unity.VisualScripting.State.Editor.dll
[656/717    0s] CopyFiles Library/ScriptAssemblies/Unity.XR.Interaction.Toolkit.dll
[657/717    0s] MovedFromExtractor Library/Bee/artifacts/mvdfrm/Unity.XR.OpenXR.Features.OculusQuestSupport.ref.dll_54D437838FE1B0D3.mvfrm
[658/717    0s] MovedFromExtractor Library/Bee/artifacts/mvdfrm/Unity.VisualScripting.SettingsProvider.Editor.ref.dll_EE1755C0672F8EE2.mvfrm
[659/717    0s] Csc Library/Bee/artifacts/1300b0aE.dag/Unity.XR.OpenXR.Features.PICOSupport.dll (+2 others)
Packages\LocalPackages\PICO Unity OpenXR Integration SDK-1.3.0\Runtime\Features\PassthroughLayerFeature.cs(15,22): warning CS0108: 'PassthroughLayerFeature.Awake()' hides inherited member 'LayerBase.Awake()'. Use the new keyword if hiding was intended.

Packages\LocalPackages\PICO Unity OpenXR Integration SDK-1.3.0\Runtime\Features\Utils\LitJson\JsonWriter.cs(387,21): warning CS3021: 'JsonWriter.Write(ulong)' does not need a CLSCompliant attribute because the assembly does not have a CLSCompliant attribute

Packages\LocalPackages\PICO Unity OpenXR Integration SDK-1.3.0\Runtime\Features\OpenXRExtensions.cs(229,17): warning CS0168: The variable 'status' is declared but never used

Packages\LocalPackages\PICO Unity OpenXR Integration SDK-1.3.0\Runtime\Features\OpenXRExtensions.cs(229,25): warning CS0168: The variable 'action' is declared but never used

Packages\LocalPackages\PICO Unity OpenXR Integration SDK-1.3.0\Runtime\Features\MixedReality\PXR_MixedReality.cs(59,24): warning CS1998: This async method lacks 'await' operators and will run synchronously. Consider using the 'await' operator to await non-blocking API calls, or 'await Task.Run(...)' to do CPU-bound work on a background thread.

Packages\LocalPackages\PICO Unity OpenXR Integration SDK-1.3.0\Runtime\Controller\PXR_ControllerLoader.cs(40,21): warning CS0414: The field 'PXR_ControllerLoader.systemOrLocal' is assigned but its value is never used

Packages\LocalPackages\PICO Unity OpenXR Integration SDK-1.3.0\Runtime\Controller\PXR_ControllerLoader.cs(44,24): warning CS0414: The field 'PXR_ControllerLoader.prePath' is assigned but its value is never used

Packages\LocalPackages\PICO Unity OpenXR Integration SDK-1.3.0\Runtime\Controller\PXR_ControllerWithHandAnimator.cs(73,33): warning CS0414: The field 'PXR_ControllerWithHandAnimator.menu_Press_LayerName' is assigned but its value is never used

Packages\LocalPackages\PICO Unity OpenXR Integration SDK-1.3.0\Runtime\Features\FoveationFeature.cs(43,27): warning CS0414: The field 'FoveationFeature.TAG' is assigned but its value is never used

Packages\LocalPackages\PICO Unity OpenXR Integration SDK-1.3.0\Runtime\Controller\PXR_ControllerLoader.cs(39,26): warning CS0414: The field 'PXR_ControllerLoader.curControllerData' is assigned but its value is never used

Packages\LocalPackages\PICO Unity OpenXR Integration SDK-1.3.0\Runtime\Controller\PXR_ControllerWithHandAnimator.cs(79,33): warning CS0414: The field 'PXR_ControllerWithHandAnimator.pico_Press_LayerName' is assigned but its value is never used

Packages\LocalPackages\PICO Unity OpenXR Integration SDK-1.3.0\Runtime\Controller\PXR_ControllerLoader.cs(43,24): warning CS0414: The field 'PXR_ControllerLoader.texFormat' is assigned but its value is never used

Packages\LocalPackages\PICO Unity OpenXR Integration SDK-1.3.0\Runtime\Controller\PXR_ControllerLoader.cs(48,22): warning CS0414: The field 'PXR_ControllerLoader.rightControllerState' is assigned but its value is never used

Packages\LocalPackages\PICO Unity OpenXR Integration SDK-1.3.0\Runtime\Controller\PXR_ControllerLoader.cs(47,22): warning CS0414: The field 'PXR_ControllerLoader.leftControllerState' is assigned but its value is never used
[660/717    0s] MovedFromExtractor Library/Bee/artifacts/mvdfrm/Unity.XR.OpenXR.Features.RuntimeDebugger.ref.dll_EE49132F7AB3C792.mvfrm
[661/717    0s] MovedFromExtractor Library/Bee/artifacts/mvdfrm/Unity.XR.OpenXR.Features.MetaQuestSupport.Editor.ref.dll_D7F834629185E1F2.mvfrm
[662/717    0s] MovedFromExtractor Library/Bee/artifacts/mvdfrm/Unity.VisualScripting.State.Editor.ref.dll_DC1879B0E64A8F15.mvfrm
[           0s] Csc Library/Bee/artifacts/1300b0aE.dag/Unity.XR.OpenXR.Features.PICOSupport.dll (+2 others) [CacheWrite 00000000000000000000000000000003]
[663/717    0s] MovedFromExtractor Library/Bee/artifacts/mvdfrm/Unity.XR.Interaction.Toolkit.ref.dll_3BC3806C28E64DC2.mvfrm
[664/717    0s] CopyFiles Library/ScriptAssemblies/Unity.XR.OpenXR.Features.PICOSupport.pdb
[665/717    0s] MovedFromExtractorCombine Library/Bee/artifacts/1300b0aE.dag/Unity.XR.OpenXR.Features.OculusQuestSupport.Editor.dll.mvfrm
[666/717    0s] MovedFromExtractorCombine Library/Bee/artifacts/1300b0aE.dag/Unity.XR.OpenXR.Features.RuntimeDebugger.Editor.dll.mvfrm
[667/717    0s] MovedFromExtractorCombine Library/Bee/artifacts/1300b0aE.dag/Unity.VisualScripting.Shared.Editor.dll.mvfrm
[668/717    0s] CopyFiles Library/ScriptAssemblies/Unity.XR.OpenXR.Features.PICOSupport.dll
[669/717    0s] MovedFromExtractorCombine Library/Bee/artifacts/1300b0aE.dag/Unity.XR.Interaction.Toolkit.Editor.dll.mvfrm
[670/717    0s] MovedFromExtractorCombine Library/Bee/artifacts/1300b0aE.dag/Unity.XR.Interaction.Toolkit.Samples.StarterAssets.dll.mvfrm
[671/717    0s] MovedFromExtractor Library/Bee/artifacts/mvdfrm/Unity.XR.OpenXR.Features.PICOSupport.ref.dll_39FE6AFD43B76CF3.mvfrm
[672/717    0s] Csc Library/Bee/artifacts/1300b0aE.dag/Unity.XR.OpenXR.Features.OculusQuestSupport.Editor.dll (+2 others)
[673/717    0s] MovedFromExtractorCombine Library/Bee/artifacts/1300b0aE.dag/Unity.XR.OpenXR.Features.PICOSupport.Editor.dll.mvfrm
[674/717    0s] Csc Library/Bee/artifacts/1300b0aE.dag/Unity.XR.OpenXR.Features.RuntimeDebugger.Editor.dll (+2 others)
[675/717    0s] MovedFromExtractorCombine Library/Bee/artifacts/1300b0aE.dag/PICO.Platform.dll.mvfrm
[676/717    0s] MovedFromExtractorCombine Library/Bee/artifacts/1300b0aE.dag/PICO.Platform.Editor.dll.mvfrm
[677/717    0s] Csc Library/Bee/artifacts/1300b0aE.dag/Unity.VisualScripting.Shared.Editor.dll (+2 others)
[678/717    0s] Csc Library/Bee/artifacts/1300b0aE.dag/Unity.XR.Interaction.Toolkit.Samples.StarterAssets.dll (+2 others)
Assets\Samples\XR Interaction Toolkit\2.3.2\Starter Assets\Scripts\DynamicMoveProvider.cs(11,40): warning CS0618: 'ActionBasedContinuousMoveProvider' is obsolete: 'ActionBasedContinuousMoveProvider has been deprecated in version 3.0.0. Use ContinuousMoveProvider instead.'

Assets\Samples\XR Interaction Toolkit\2.3.2\Starter Assets\Scripts\XRPokeFollowAffordance.cs(102,18): warning CS0618: 'Vector3TweenableVariable' is obsolete: 'The Affordance System namespace and all associated classes have been deprecated. The existing affordance system will be moved, replaced and updated with a new interaction feedback system in a future version of XRI.'

Assets\Samples\XR Interaction Toolkit\2.3.2\Starter Assets\Scripts\XRPokeFollowAffordance.cs(102,78): warning CS0618: 'Vector3TweenableVariable' is obsolete: 'The Affordance System namespace and all associated classes have been deprecated. The existing affordance system will be moved, replaced and updated with a new interaction feedback system in a future version of XRI.'

Assets\Samples\XR Interaction Toolkit\2.3.2\Starter Assets\Scripts\DynamicMoveProvider.cs(124,32): warning CS0618: 'LocomotionProvider.system' is obsolete: 'LocomotionSystem is deprecated in XRI 3.0.0 and will be removed in a future release. Use mediator instead.'
[679/717    0s] CopyFiles Library/ScriptAssemblies/Unity.XR.Interaction.Toolkit.Samples.StarterAssets.pdb
[680/717    0s] CopyFiles Library/ScriptAssemblies/Unity.XR.Interaction.Toolkit.Samples.StarterAssets.dll
[           0s] Csc Library/Bee/artifacts/1300b0aE.dag/Unity.XR.OpenXR.Features.RuntimeDebugger.Editor.dll (+2 others) [CacheWrite 00000000000000000000000000000003]
[           0s] Csc Library/Bee/artifacts/1300b0aE.dag/Unity.XR.OpenXR.Features.OculusQuestSupport.Editor.dll (+2 others) [CacheWrite 00000000000000000000000000000003]
[           0s] Csc Library/Bee/artifacts/1300b0aE.dag/Unity.VisualScripting.Shared.Editor.dll (+2 others) [CacheWrite 00000000000000000000000000000003]
[681/717    0s] CopyFiles Library/ScriptAssemblies/Unity.XR.OpenXR.Features.RuntimeDebugger.Editor.pdb
[682/717    0s] CopyFiles Library/ScriptAssemblies/Unity.XR.OpenXR.Features.RuntimeDebugger.Editor.dll
[683/717    0s] CopyFiles Library/ScriptAssemblies/Unity.XR.OpenXR.Features.OculusQuestSupport.Editor.pdb
[684/717    0s] CopyFiles Library/ScriptAssemblies/Unity.XR.OpenXR.Features.OculusQuestSupport.Editor.dll
[685/717    0s] CopyFiles Library/ScriptAssemblies/Unity.VisualScripting.Shared.Editor.dll
[686/717    0s] CopyFiles Library/ScriptAssemblies/Unity.VisualScripting.Shared.Editor.pdb
[687/717    0s] MovedFromExtractor Library/Bee/artifacts/mvdfrm/Unity.XR.Interaction.Toolkit.Samples.StarterAssets.ref.dll_DD000E33220D64F1.mvfrm
[688/717    0s] MovedFromExtractor Library/Bee/artifacts/mvdfrm/Unity.XR.OpenXR.Features.OculusQuestSupport.Editor.ref.dll_947714FF8A5EE50E.mvfrm
[689/717    0s] MovedFromExtractor Library/Bee/artifacts/mvdfrm/Unity.XR.OpenXR.Features.RuntimeDebugger.Editor.ref.dll_CB4BEE4624B29F3F.mvfrm
[690/717    0s] MovedFromExtractor Library/Bee/artifacts/mvdfrm/Unity.VisualScripting.Shared.Editor.ref.dll_6CA31C4FA5286AB1.mvfrm
[691/717    0s] Csc Library/Bee/artifacts/1300b0aE.dag/Unity.XR.OpenXR.Features.PICOSupport.Editor.dll (+2 others)
[692/717    0s] Csc Library/Bee/artifacts/1300b0aE.dag/Unity.XR.Interaction.Toolkit.Editor.dll (+2 others)
[           0s] Csc Library/Bee/artifacts/1300b0aE.dag/Unity.XR.OpenXR.Features.PICOSupport.Editor.dll (+2 others) [CacheWrite 00000000000000000000000000000003]
[           0s] Csc Library/Bee/artifacts/1300b0aE.dag/Unity.XR.Interaction.Toolkit.Editor.dll (+2 others) [CacheWrite 00000000000000000000000000000003]
[693/717    0s] CopyFiles Library/ScriptAssemblies/Unity.XR.OpenXR.Features.PICOSupport.Editor.pdb
[694/717    0s] CopyFiles Library/ScriptAssemblies/Unity.XR.Interaction.Toolkit.Editor.pdb
[695/717    0s] CopyFiles Library/ScriptAssemblies/Unity.XR.OpenXR.Features.PICOSupport.Editor.dll
[696/717    0s] MovedFromExtractor Library/Bee/artifacts/mvdfrm/Unity.XR.OpenXR.Features.PICOSupport.Editor.ref.dll_370795196DF44AEE.mvfrm
[697/717    0s] MovedFromExtractor Library/Bee/artifacts/mvdfrm/Unity.XR.Interaction.Toolkit.Editor.ref.dll_EA0A41A881A38C0F.mvfrm
[698/717    0s] MovedFromExtractorCombine Library/Bee/artifacts/1300b0aE.dag/PICO.TobSupport.dll.mvfrm
[699/717    0s] MovedFromExtractorCombine Library/Bee/artifacts/1300b0aE.dag/Assembly-CSharp-Editor.dll.mvfrm
[700/717    0s] MovedFromExtractorCombine Library/Bee/artifacts/1300b0aE.dag/Assembly-CSharp.dll.mvfrm
[701/717    0s] CopyFiles Library/ScriptAssemblies/Unity.XR.Interaction.Toolkit.Editor.dll
[702/717    0s] Csc Library/Bee/artifacts/1300b0aE.dag/PICO.Platform.dll (+2 others)
Packages\LocalPackages\PICO Unity OpenXR Integration SDK-1.3.0\Platform\Samples\SimpleDemo.cs(30,66): warning CS0618: 'Message.GetError()' is obsolete: 'Use Error instead'

Packages\LocalPackages\PICO Unity OpenXR Integration SDK-1.3.0\Platform\Samples\SimpleDemo.cs(30,94): warning CS0618: 'Message.GetError()' is obsolete: 'Use Error instead'
[           0s] Csc Library/Bee/artifacts/1300b0aE.dag/PICO.Platform.dll (+2 others) [CacheWrite 00000000000000000000000000000003]
[703/717    0s] CopyFiles Library/ScriptAssemblies/PICO.Platform.pdb
[704/717    0s] CopyFiles Library/ScriptAssemblies/PICO.Platform.dll
[705/717    0s] Csc Library/Bee/artifacts/1300b0aE.dag/PICO.TobSupport.dll (+2 others)
Packages\LocalPackages\PICO Unity OpenXR Integration SDK-1.3.0\Enterprise\Scripts\Plugin\PXR_EnterprisePlugin.cs(1663,17): warning CS0219: The variable 'sensorFrameIndex' is assigned but its value is never used
[           0s] Csc Library/Bee/artifacts/1300b0aE.dag/PICO.TobSupport.dll (+2 others) [CacheWrite 00000000000000000000000000000003]
[706/717    0s] CopyFiles Library/ScriptAssemblies/PICO.TobSupport.pdb
[707/717    0s] Csc Library/Bee/artifacts/1300b0aE.dag/PICO.Platform.Editor.dll (+2 others)
[           0s] Csc Library/Bee/artifacts/1300b0aE.dag/PICO.Platform.Editor.dll (+2 others) [CacheWrite 00000000000000000000000000000003]
[708/717    0s] CopyFiles Library/ScriptAssemblies/PICO.Platform.Editor.pdb
[709/717    0s] CopyFiles Library/ScriptAssemblies/PICO.TobSupport.dll
[710/717    0s] CopyFiles Library/ScriptAssemblies/PICO.Platform.Editor.dll
[711/717    0s] Csc Library/Bee/artifacts/1300b0aE.dag/Assembly-CSharp.dll (+2 others)
Assets\Scripts\InstanceButton.cs(33,127): warning CS4014: Because this call is not awaited, execution of the current method continues before the call is completed. Consider applying the 'await' operator to the result of the call.

Assets\Scripts\KeyboardHandler.cs(59,9): warning CS4014: Because this call is not awaited, execution of the current method continues before the call is completed. Consider applying the 'await' operator to the result of the call.

Assets\Scripts\KeyboardHandler.cs(62,24): warning CS1998: This async method lacks 'await' operators and will run synchronously. Consider using the 'await' operator to await non-blocking API calls, or 'await Task.Run(...)' to do CPU-bound work on a background thread.

Assets\Scripts\ModManager.cs(53,17): warning CS4014: Because this call is not awaited, execution of the current method continues before the call is completed. Consider applying the 'await' operator to the result of the call.

Assets\Scripts\ModManager.cs(56,21): warning CS4014: Because this call is not awaited, execution of the current method continues before the call is completed. Consider applying the 'await' operator to the result of the call.

Assets\Scripts\ModManager.cs(58,13): warning CS4014: Because this call is not awaited, execution of the current method continues before the call is completed. Consider applying the 'await' operator to the result of the call.

Assets\Scripts\ModManager.cs(51,24): warning CS1998: This async method lacks 'await' operators and will run synchronously. Consider using the 'await' operator to await non-blocking API calls, or 'await Task.Run(...)' to do CPU-bound work on a background thread.

Assets\Scripts\LoadReleases.cs(77,9): warning CS4014: Because this call is not awaited, execution of the current method continues before the call is completed. Consider applying the 'await' operator to the result of the call.

Assets\Scripts\LoadLog.cs(66,13): warning CS4014: Because this call is not awaited, execution of the current method continues before the call is completed. Consider applying the 'await' operator to the result of the call.

Assets\Scripts\InstanceButton.cs(86,23): warning CS1998: This async method lacks 'await' operators and will run synchronously. Consider using the 'await' operator to await non-blocking API calls, or 'await Task.Run(...)' to do CPU-bound work on a background thread.

Assets\Scripts\JNIStorage.cs(110,23): warning CS1998: This async method lacks 'await' operators and will run synchronously. Consider using the 'await' operator to await non-blocking API calls, or 'await Task.Run(...)' to do CPU-bound work on a background thread.

Assets\Scripts\InstanceButton.cs(92,23): warning CS1998: This async method lacks 'await' operators and will run synchronously. Consider using the 'await' operator to await non-blocking API calls, or 'await Task.Run(...)' to do CPU-bound work on a background thread.

Assets\Scripts\InstanceManager.cs(113,13): warning CS4014: Because this call is not awaited, execution of the current method continues before the call is completed. Consider applying the 'await' operator to the result of the call.

Assets\Scripts\InstanceManager.cs(93,24): warning CS1998: This async method lacks 'await' operators and will run synchronously. Consider using the 'await' operator to await non-blocking API calls, or 'await Task.Run(...)' to do CPU-bound work on a background thread.

Assets\Scripts\APIHandler.cs(76,9): warning CS4014: Because this call is not awaited, execution of the current method continues before the call is completed. Consider applying the 'await' operator to the result of the call.

Assets\Scripts\SkinHandler.cs(94,9): warning CS4014: Because this call is not awaited, execution of the current method continues before the call is completed. Consider applying the 'await' operator to the result of the call.

Assets\Scripts\SkinHandler.cs(95,9): warning CS4014: Because this call is not awaited, execution of the current method continues before the call is completed. Consider applying the 'await' operator to the result of the call.

Assets\Scripts\ModManager.cs(219,16): warning CS1998: This async method lacks 'await' operators and will run synchronously. Consider using the 'await' operator to await non-blocking API calls, or 'await Task.Run(...)' to do CPU-bound work on a background thread.

Assets\Scripts\ModManager.cs(267,9): warning CS4014: Because this call is not awaited, execution of the current method continues before the call is completed. Consider applying the 'await' operator to the result of the call.
[712/717    0s] CopyFiles Library/ScriptAssemblies/Assembly-CSharp.pdb
[713/717    0s] Csc Library/Bee/artifacts/1300b0aE.dag/Assembly-CSharp-Editor.dll (+2 others)
[714/717    0s] CopyFiles Library/ScriptAssemblies/Assembly-CSharp-Editor.pdb
[715/717    0s] CopyFiles Library/ScriptAssemblies/Assembly-CSharp-Editor.dll
[716/717    0s] CopyFiles Library/ScriptAssemblies/Assembly-CSharp.dll
*** Tundra build success (15.96 seconds), 618 items updated, 717 evaluated
Packages\LocalPackages\PICO Unity OpenXR Integration SDK-1.3.0\Runtime\Features\PassthroughLayerFeature.cs(15,22): warning CS0108: 'PassthroughLayerFeature.Awake()' hides inherited member 'LayerBase.Awake()'. Use the new keyword if hiding was intended.
Packages\LocalPackages\PICO Unity OpenXR Integration SDK-1.3.0\Runtime\Features\Utils\LitJson\JsonWriter.cs(387,21): warning CS3021: 'JsonWriter.Write(ulong)' does not need a CLSCompliant attribute because the assembly does not have a CLSCompliant attribute
Packages\LocalPackages\PICO Unity OpenXR Integration SDK-1.3.0\Runtime\Features\OpenXRExtensions.cs(229,17): warning CS0168: The variable 'status' is declared but never used
Packages\LocalPackages\PICO Unity OpenXR Integration SDK-1.3.0\Runtime\Features\OpenXRExtensions.cs(229,25): warning CS0168: The variable 'action' is declared but never used
Packages\LocalPackages\PICO Unity OpenXR Integration SDK-1.3.0\Runtime\Features\MixedReality\PXR_MixedReality.cs(59,24): warning CS1998: This async method lacks 'await' operators and will run synchronously. Consider using the 'await' operator to await non-blocking API calls, or 'await Task.Run(...)' to do CPU-bound work on a background thread.
Packages\LocalPackages\PICO Unity OpenXR Integration SDK-1.3.0\Runtime\Controller\PXR_ControllerLoader.cs(40,21): warning CS0414: The field 'PXR_ControllerLoader.systemOrLocal' is assigned but its value is never used
Packages\LocalPackages\PICO Unity OpenXR Integration SDK-1.3.0\Runtime\Controller\PXR_ControllerLoader.cs(44,24): warning CS0414: The field 'PXR_ControllerLoader.prePath' is assigned but its value is never used
Packages\LocalPackages\PICO Unity OpenXR Integration SDK-1.3.0\Runtime\Controller\PXR_ControllerWithHandAnimator.cs(73,33): warning CS0414: The field 'PXR_ControllerWithHandAnimator.menu_Press_LayerName' is assigned but its value is never used
Packages\LocalPackages\PICO Unity OpenXR Integration SDK-1.3.0\Runtime\Features\FoveationFeature.cs(43,27): warning CS0414: The field 'FoveationFeature.TAG' is assigned but its value is never used
Packages\LocalPackages\PICO Unity OpenXR Integration SDK-1.3.0\Runtime\Controller\PXR_ControllerLoader.cs(39,26): warning CS0414: The field 'PXR_ControllerLoader.curControllerData' is assigned but its value is never used
Packages\LocalPackages\PICO Unity OpenXR Integration SDK-1.3.0\Runtime\Controller\PXR_ControllerWithHandAnimator.cs(79,33): warning CS0414: The field 'PXR_ControllerWithHandAnimator.pico_Press_LayerName' is assigned but its value is never used
Packages\LocalPackages\PICO Unity OpenXR Integration SDK-1.3.0\Runtime\Controller\PXR_ControllerLoader.cs(43,24): warning CS0414: The field 'PXR_ControllerLoader.texFormat' is assigned but its value is never used
Packages\LocalPackages\PICO Unity OpenXR Integration SDK-1.3.0\Runtime\Controller\PXR_ControllerLoader.cs(48,22): warning CS0414: The field 'PXR_ControllerLoader.rightControllerState' is assigned but its value is never used
Packages\LocalPackages\PICO Unity OpenXR Integration SDK-1.3.0\Runtime\Controller\PXR_ControllerLoader.cs(47,22): warning CS0414: The field 'PXR_ControllerLoader.leftControllerState' is assigned but its value is never used
Assets\Samples\XR Interaction Toolkit\2.3.2\Starter Assets\Scripts\DynamicMoveProvider.cs(11,40): warning CS0618: 'ActionBasedContinuousMoveProvider' is obsolete: 'ActionBasedContinuousMoveProvider has been deprecated in version 3.0.0. Use ContinuousMoveProvider instead.'
Assets\Samples\XR Interaction Toolkit\2.3.2\Starter Assets\Scripts\XRPokeFollowAffordance.cs(102,18): warning CS0618: 'Vector3TweenableVariable' is obsolete: 'The Affordance System namespace and all associated classes have been deprecated. The existing affordance system will be moved, replaced and updated with a new interaction feedback system in a future version of XRI.'
Assets\Samples\XR Interaction Toolkit\2.3.2\Starter Assets\Scripts\XRPokeFollowAffordance.cs(102,78): warning CS0618: 'Vector3TweenableVariable' is obsolete: 'The Affordance System namespace and all associated classes have been deprecated. The existing affordance system will be moved, replaced and updated with a new interaction feedback system in a future version of XRI.'
Assets\Samples\XR Interaction Toolkit\2.3.2\Starter Assets\Scripts\DynamicMoveProvider.cs(124,32): warning CS0618: 'LocomotionProvider.system' is obsolete: 'LocomotionSystem is deprecated in XRI 3.0.0 and will be removed in a future release. Use mediator instead.'
Packages\LocalPackages\PICO Unity OpenXR Integration SDK-1.3.0\Platform\Samples\SimpleDemo.cs(30,66): warning CS0618: 'Message.GetError()' is obsolete: 'Use Error instead'
Packages\LocalPackages\PICO Unity OpenXR Integration SDK-1.3.0\Platform\Samples\SimpleDemo.cs(30,94): warning CS0618: 'Message.GetError()' is obsolete: 'Use Error instead'
Packages\LocalPackages\PICO Unity OpenXR Integration SDK-1.3.0\Enterprise\Scripts\Plugin\PXR_EnterprisePlugin.cs(1663,17): warning CS0219: The variable 'sensorFrameIndex' is assigned but its value is never used
Assets\Scripts\InstanceButton.cs(33,127): warning CS4014: Because this call is not awaited, execution of the current method continues before the call is completed. Consider applying the 'await' operator to the result of the call.
Assets\Scripts\KeyboardHandler.cs(59,9): warning CS4014: Because this call is not awaited, execution of the current method continues before the call is completed. Consider applying the 'await' operator to the result of the call.
Assets\Scripts\KeyboardHandler.cs(62,24): warning CS1998: This async method lacks 'await' operators and will run synchronously. Consider using the 'await' operator to await non-blocking API calls, or 'await Task.Run(...)' to do CPU-bound work on a background thread.
Assets\Scripts\ModManager.cs(53,17): warning CS4014: Because this call is not awaited, execution of the current method continues before the call is completed. Consider applying the 'await' operator to the result of the call.
Assets\Scripts\ModManager.cs(56,21): warning CS4014: Because this call is not awaited, execution of the current method continues before the call is completed. Consider applying the 'await' operator to the result of the call.
Assets\Scripts\ModManager.cs(58,13): warning CS4014: Because this call is not awaited, execution of the current method continues before the call is completed. Consider applying the 'await' operator to the result of the call.
Assets\Scripts\ModManager.cs(51,24): warning CS1998: This async method lacks 'await' operators and will run synchronously. Consider using the 'await' operator to await non-blocking API calls, or 'await Task.Run(...)' to do CPU-bound work on a background thread.
Assets\Scripts\LoadReleases.cs(77,9): warning CS4014: Because this call is not awaited, execution of the current method continues before the call is completed. Consider applying the 'await' operator to the result of the call.
Assets\Scripts\LoadLog.cs(66,13): warning CS4014: Because this call is not awaited, execution of the current method continues before the call is completed. Consider applying the 'await' operator to the result of the call.
Assets\Scripts\InstanceButton.cs(86,23): warning CS1998: This async method lacks 'await' operators and will run synchronously. Consider using the 'await' operator to await non-blocking API calls, or 'await Task.Run(...)' to do CPU-bound work on a background thread.
Assets\Scripts\JNIStorage.cs(110,23): warning CS1998: This async method lacks 'await' operators and will run synchronously. Consider using the 'await' operator to await non-blocking API calls, or 'await Task.Run(...)' to do CPU-bound work on a background thread.
Assets\Scripts\InstanceButton.cs(92,23): warning CS1998: This async method lacks 'await' operators and will run synchronously. Consider using the 'await' operator to await non-blocking API calls, or 'await Task.Run(...)' to do CPU-bound work on a background thread.
Assets\Scripts\InstanceManager.cs(113,13): warning CS4014: Because this call is not awaited, execution of the current method continues before the call is completed. Consider applying the 'await' operator to the result of the call.
Assets\Scripts\InstanceManager.cs(93,24): warning CS1998: This async method lacks 'await' operators and will run synchronously. Consider using the 'await' operator to await non-blocking API calls, or 'await Task.Run(...)' to do CPU-bound work on a background thread.
Assets\Scripts\APIHandler.cs(76,9): warning CS4014: Because this call is not awaited, execution of the current method continues before the call is completed. Consider applying the 'await' operator to the result of the call.
Assets\Scripts\SkinHandler.cs(94,9): warning CS4014: Because this call is not awaited, execution of the current method continues before the call is completed. Consider applying the 'await' operator to the result of the call.
Assets\Scripts\SkinHandler.cs(95,9): warning CS4014: Because this call is not awaited, execution of the current method continues before the call is completed. Consider applying the 'await' operator to the result of the call.
Assets\Scripts\ModManager.cs(219,16): warning CS1998: This async method lacks 'await' operators and will run synchronously. Consider using the 'await' operator to await non-blocking API calls, or 'await Task.Run(...)' to do CPU-bound work on a background thread.
Assets\Scripts\ModManager.cs(267,9): warning CS4014: Because this call is not awaited, execution of the current method continues before the call is completed. Consider applying the 'await' operator to the result of the call.
AssetDatabase: script compilation time: 17.244153s
Begin MonoManager ReloadAssembly
- Loaded All Assemblies, in 10.859 seconds
Refreshing native plugins compatible for Editor in 136.59 ms, found 19 plugins.
Preloading 0 native plugins for Editor in 0.00 ms.
Refreshing native plugins compatible for Editor in 33.27 ms, found 19 plugins.
Native extension for UWP target not found
Native extension for LinuxStandalone target not found
Native extension for WindowsStandalone target not found
Native extension for Android target not found
DisplayProgressbar: Restoring NuGet Packages
Mono: successfully reloaded assembly
- Finished resetting the current domain, in  0.781 seconds
Domain Reload Profiling: 11634ms
	BeginReloadAssembly (193ms)
		ExecutionOrderSort (0ms)
		DisableScriptedObjects (4ms)
		BackupInstance (0ms)
		ReleaseScriptingObjects (0ms)
		CreateAndSetChildDomain (35ms)
	RebuildCommonClasses (30ms)
	RebuildNativeTypeToScriptingClass (9ms)
	initialDomainReloadingComplete (38ms)
	LoadAllAssembliesAndSetupDomain (10583ms)
		LoadAssemblies (10444ms)
		RebuildTransferFunctionScriptingTraits (0ms)
		AnalyzeDomain (255ms)
			TypeCache.Refresh (221ms)
				TypeCache.ScanAssembly (198ms)
			ScanForSourceGeneratedMonoScriptInfo (25ms)
			ResolveRequiredComponents (7ms)
	FinalizeReload (781ms)
		ReleaseScriptCaches (0ms)
		RebuildScriptCaches (0ms)
		SetupLoadedEditorAssemblies (636ms)
			LogAssemblyErrors (0ms)
			InitializePlatformSupportModulesInManaged (23ms)
			SetLoadedEditorAssemblies (6ms)
			RefreshPlugins (0ms)
			BeforeProcessingInitializeOnLoad (80ms)
			ProcessInitializeOnLoadAttributes (464ms)
			ProcessInitializeOnLoadMethodAttributes (56ms)
			AfterProcessingInitializeOnLoad (7ms)
			EditorAssembliesLoaded (0ms)
		ExecutionOrderSort2 (0ms)
		AwakeInstancesAfterBackupRestoration (6ms)
Start importing Packages/com.unity.inputsystem/InputSystem/Editor/Icons/ChevronUp@3x.png using Guid(006305b616daf47409935f3dc8a172e2) Importer(-1,00000000000000000000000000000000) [PhysX] Initialized MultithreadedTaskDispatcher with 16 workers.
 -> (artifact id: 'afb275ba2de426977ec1aea26aefa78d') in 0.048857 seconds
Start importing Assets/Scenes/Main/Lightmap-48_comp_shadowmask.png using Guid(00e7115c8b92cb54db897c7b03aa1c04) Importer(-1,00000000000000000000000000000000) [PhysX] Initialized MultithreadedTaskDispatcher with 16 workers.
 -> (artifact id: 'c60d8857fac9717a7b8944a77b9ea5af') in 0.021548 seconds
Start importing Packages/com.unity.inputsystem/InputSystem/Editor/Icons/d_ChevronDown@2x.png using Guid(0068f400a72d84c92a1b8f5889a574b2) Importer(-1,00000000000000000000000000000000) [PhysX] Initialized MultithreadedTaskDispatcher with 16 workers.
 -> (artifact id: '55a885979ca6132458c323398da77ea0') in 0.013725 seconds
Start importing Packages/com.unity.collab-proxy/Editor/Assets/Images/step2@2x.png using Guid(0029170d14ce6c04c9f45c22cdae5559) Importer(-1,00000000000000000000000000000000) [PhysX] Initialized MultithreadedTaskDispatcher with 16 workers.
 -> (artifact id: 'b2d6b2d74430fea0f90b392c1fbcc7e3') in 0.023501 seconds
Start importing Packages/com.unity.xr.openxr.picoxr/Assets/Resources/Controller/PICO 4/Textures/Power/PICO4_ControllerPower_04.png using Guid(00b918d38c21608499365dcf824b50ac) Importer(-1,00000000000000000000000000000000) [PhysX] Initialized MultithreadedTaskDispatcher with 16 workers.
 -> (artifact id: '74cfc390b23ee5e0fad93dd1598aea66') in 0.020412 seconds
Start importing Assets/Scenes/Main/Lightmap-58_comp_shadowmask.png using Guid(10312df3238900540a2d82f0427896ed) Importer(-1,00000000000000000000000000000000) [PhysX] Initialized MultithreadedTaskDispatcher with 16 workers.
 -> (artifact id: '850b9c7d2e1e9432e0e5a714cf919e7f') in 0.014297 seconds
Start importing Packages/com.unity.collab-proxy/Editor/Assets/Images/d_iconlockedremoteoverlay.png using Guid(1046ed65e6aaffb4391378f6d08d6c14) Importer(-1,00000000000000000000000000000000) [PhysX] Initialized MultithreadedTaskDispatcher with 16 workers.
 -> (artifact id: 'e3bef9a8b20a8dcca1e07ab209e9fed5') in 0.023060 seconds
Start importing Packages/com.unity.inputsystem/InputSystem/Editor/Icons/Interactive Binding@2x.png using Guid(2027b97fd12d842d7a3169c784502a54) Importer(-1,00000000000000000000000000000000) [PhysX] Initialized MultithreadedTaskDispatcher with 16 workers.
 -> (artifact id: 'ba9b0e90fd5a6941e3471752d38cccb4') in 0.012402 seconds
Start importing Packages/com.unity.2d.sprite/Editor/ObjectMenuCreation/DefaultAssets/Textures/v2/Capsule.png using Guid(207ee8102dd4143d288186ef0be518ee) Importer(-1,00000000000000000000000000000000) [PhysX] Initialized MultithreadedTaskDispatcher with 16 workers.
 -> (artifact id: '9c82cb2a504f6cb8b6c6a3e36992d114') in 0.025041 seconds
Start importing Packages/com.unity.collab-proxy/Editor/Assets/Images/iconplastic.png using Guid(3042b019b052942a1baf7aa49d7ca6bb) Importer(-1,00000000000000000000000000000000) [PhysX] Initialized MultithreadedTaskDispatcher with 16 workers.
 -> (artifact id: 'ef06f5a1f9569d0b024521d11d266cd7') in 0.016258 seconds
Start importing Packages/com.unity.collab-proxy/Editor/Assets/Images/d_iconinviteusers.png using Guid(3094096a150921c409ef35579f2ada0f) Importer(-1,00000000000000000000000000000000) [PhysX] Initialized MultithreadedTaskDispatcher with 16 workers.
 -> (artifact id: '613ed2715848c8497180e23a0b89f3d1') in 0.015919 seconds
Start importing Packages/com.unity.collab-proxy/Editor/Assets/Images/d_buttonssosigninemail.png using Guid(3086d66a563317b40a20a20da2c64ac0) Importer(-1,00000000000000000000000000000000) [PhysX] Initialized MultithreadedTaskDispatcher with 16 workers.
 -> (artifact id: '08756d8956653cdb856c495cbd7e61d8') in 0.013514 seconds
Start importing Packages/com.unity.inputsystem/InputSystem/Editor/Icons/InputSystemUIInputModule@64.png using Guid(3028dc075ba8c584d9bc7d1e0255e038) Importer(-1,00000000000000000000000000000000) [PhysX] Initialized MultithreadedTaskDispatcher with 16 workers.
 -> (artifact id: '3f2be3492d4ea717a958eee495c43f8d') in 0.012610 seconds
Start importing Assets/Scenes/Main/Lightmap-53_comp_dir.png using Guid(307a3a87c6d8d22438f2e5ef0f4b97db) Importer(-1,00000000000000000000000000000000) [PhysX] Initialized MultithreadedTaskDispatcher with 16 workers.
 -> (artifact id: '3c853d1f0206ac7d4c1c5588e0c96c54') in 0.036940 seconds
Start importing Packages/com.unity.collab-proxy/Editor/Assets/Images/iconconflictresolvedoverlay@2x.png using Guid(309b1d5a294fd6c43ae9cf77656c1852) Importer(-1,00000000000000000000000000000000) [PhysX] Initialized MultithreadedTaskDispatcher with 16 workers.
 -> (artifact id: 'b1ba1e0d893ea5e4fb37b4d2a84b3640') in 0.013621 seconds
Start importing Packages/com.unity.collab-proxy/Editor/Assets/Images/iconinviteusers.png using Guid(40e23f4f2fddc724db517c63f4d8990d) Importer(-1,00000000000000000000000000000000) [PhysX] Initialized MultithreadedTaskDispatcher with 16 workers.
 -> (artifact id: '745fe7611b8bf80343b764a50280fdaa') in 0.017750 seconds
Start importing Packages/com.unity.timeline/Editor/StyleSheets/Images/Icons/d_TimelineCollapseMarkerButtonDisabled.png using Guid(40947ddc2dd4f0d499a92d0f3675c4e8) Importer(-1,00000000000000000000000000000000) [PhysX] Initialized MultithreadedTaskDispatcher with 16 workers.
 -> (artifact id: 'd76b9da67b7c819d2dab5fbe35dc16d1') in 0.026024 seconds
Start importing Packages/com.unity.inputsystem/InputSystem/Editor/Icons/InputAction.png using Guid(40265a896a0f341bb956e90c59025a29) Importer(-1,00000000000000000000000000000000) [PhysX] Initialized MultithreadedTaskDispatcher with 16 workers.
 -> (artifact id: '1b43a5e45c3411d822e5016e50c8077c') in 0.013375 seconds
Start importing Packages/com.unity.collab-proxy/Editor/Assets/Images/iconprivateoverlay@2x.png using Guid(40685941c1361aa4a957b61174bce3f6) Importer(-1,00000000000000000000000000000000) [PhysX] Initialized MultithreadedTaskDispatcher with 16 workers.
 -> (artifact id: 'cf824aca9df7afe683901c5919c2c6df') in 0.020700 seconds
Start importing Assets/WinterLodge/Reality Display/Reality Display Body.png using Guid(40df3110eee1ceb43a06636f133516e1) Importer(-1,00000000000000000000000000000000) [PhysX] Initialized MultithreadedTaskDispatcher with 16 workers.
 -> (artifact id: 'e3a8525d63fcb318b0e6701cc4377b41') in 0.024171 seconds
Start importing Packages/com.unity.timeline/Editor/StyleSheets/Images/DarkSkin/TimelineStartPlayback.png using Guid(5060c9f9eb2f7ee4695b638a21d8fe01) Importer(-1,00000000000000000000000000000000) [PhysX] Initialized MultithreadedTaskDispatcher with 16 workers.
 -> (artifact id: '0f1d359b2ad15c215c8dfb934693f8dd') in 0.019898 seconds
Start importing Assets/Scenes/Main/Lightmap-2_comp_shadowmask.png using Guid(50c82e008823df84fb80c92e6e99f4d5) Importer(-1,00000000000000000000000000000000) [PhysX] Initialized MultithreadedTaskDispatcher with 16 workers.
 -> (artifact id: 'b33967dbf1f7267b4d553fb3a91cc232') in 0.012269 seconds
Start importing Packages/com.unity.timeline/Editor/StyleSheets/Images/Icons/TrackRecordButtonDisabled@2x.png using Guid(6091f9516d23100479c03bca26138bc8) Importer(-1,00000000000000000000000000000000) [PhysX] Initialized MultithreadedTaskDispatcher with 16 workers.
 -> (artifact id: '19a9a2ef409baab2d7194ed1802a5dfe') in 0.018084 seconds
Start importing Assets/Scenes/Main/Lightmap-55_comp_light.exr using Guid(6005dad4cce9c934aaf83e9c5d30cdd7) Importer(-1,00000000000000000000000000000000) [PhysX] Initialized MultithreadedTaskDispatcher with 16 workers.
 -> (artifact id: '43a1d6293c7e76fc2f83ecc77b076a18') in 0.055436 seconds
Start importing Assets/Scenes/Main/Lightmap-27_comp_dir.png using Guid(60a795553325836489bb9c3b6c3e08d6) Importer(-1,00000000000000000000000000000000) [PhysX] Initialized MultithreadedTaskDispatcher with 16 workers.
 -> (artifact id: '1bdfd4d667cbd0d6a55aa1a4faf297a9') in 0.080401 seconds
Start importing Packages/com.unity.collab-proxy/Editor/Assets/Images/d_refresh@2x.png using Guid(602b72d4617c3694aa94419fc1b68e04) Importer(-1,00000000000000000000000000000000) [PhysX] Initialized MultithreadedTaskDispatcher with 16 workers.
 -> (artifact id: '5aef409078304ba7f8666c58bcec216a') in 0.015131 seconds
Start importing Packages/com.unity.2d.sprite/Editor/Assets/SpriteEditor@2x.png using Guid(7013f35dfb10340ecbb956ca7e17de0d) Importer(-1,00000000000000000000000000000000) [PhysX] Initialized MultithreadedTaskDispatcher with 16 workers.
 -> (artifact id: 'c614fbebaba3b74b0c599504db41da94') in 0.015397 seconds
Start importing Packages/com.unity.timeline/Editor/StyleSheets/Images/LightSkin/TimelinePlayRange.png using Guid(70e3f118652b9094885689730ad3a47b) Importer(-1,00000000000000000000000000000000) [PhysX] Initialized MultithreadedTaskDispatcher with 16 workers.
 -> (artifact id: 'cdc28fa1173430325bd61f35326e9b19') in 0.013316 seconds
Start importing Packages/com.unity.collab-proxy/Editor/Assets/Images/icondeletedremote@2x.png using Guid(70e3ce8ad01f39248a3ea97a35bcf238) Importer(-1,00000000000000000000000000000000) [PhysX] Initialized MultithreadedTaskDispatcher with 16 workers.
 -> (artifact id: 'ef6dbf91146f5542ae84e6966d7ca462') in 0.019806 seconds
Start importing Assets/WinterLodge/tex/minecraft/block/potted_azalea_bush_plant.png using Guid(704a7ae763f985840abfb696061d3b5c) Importer(-1,00000000000000000000000000000000) [PhysX] Initialized MultithreadedTaskDispatcher with 16 workers.
 -> (artifact id: 'fe0cae26adb459f07368371f7947dcbe') in 0.024365 seconds
Start importing Assets/WinterLodge/tex/minecraft/block/beehive_front.png using Guid(70ee79eae4a3fe24e8dfc696c08ec56e) Importer(-1,00000000000000000000000000000000) [PhysX] Initialized MultithreadedTaskDispatcher with 16 workers.
 -> (artifact id: '5cdfaf4d54e60c715d922718ba12d978') in 0.019268 seconds
Start importing Packages/com.unity.visualscripting/Editor/VisualScripting.Core/IconMap/AnimatorMessageListener@32x.png using Guid(9059e055aa673b3469a5c2896c0b8fb5) Importer(-1,00000000000000000000000000000000) [PhysX] Initialized MultithreadedTaskDispatcher with 16 workers.
 -> (artifact id: 'dcb7658d99ade9f95092808737066a1b') in 0.023758 seconds
Start importing Packages/com.unity.collab-proxy/Editor/Assets/Images/iconretainedoverlay@2x.png using Guid(a01087ce1455c7e4c8f2410c26afcfd2) Importer(-1,00000000000000000000000000000000) [PhysX] Initialized MultithreadedTaskDispatcher with 16 workers.
 -> (artifact id: '8265abc28e2af85b808d7a0f657d95d2') in 0.021616 seconds
Start importing Packages/com.unity.xr.openxr.picoxr/Assets/Resources/Controller/PICO 4U/Textures/o_com_sparrow_01_b.png using Guid(a0d171ecb61251f499e61977161e37fe) Importer(-1,00000000000000000000000000000000) [PhysX] Initialized MultithreadedTaskDispatcher with 16 workers.
 -> (artifact id: '9928a34bfcba3220fae92a8fc9d23368') in 0.041760 seconds
Start importing Packages/com.unity.xr.openxr.picoxr/Assets/Resources/Controller/PICO 4U/Textures/Power/o_com_PICO4U_power_01.png using Guid(a0967be76a24d48428a3f5bff9c73fed) Importer(-1,00000000000000000000000000000000) [PhysX] Initialized MultithreadedTaskDispatcher with 16 workers.
 -> (artifact id: 'a03911c75229f69e20f1e6aa9f7c9a98') in 0.018143 seconds
Start importing Assets/Scenes/Main/Lightmap-23_comp_light.exr using Guid(a067de99d507875428a81193c41ebcd8) Importer(-1,00000000000000000000000000000000) [PhysX] Initialized MultithreadedTaskDispatcher with 16 workers.
 -> (artifact id: '0c8183ac6a3e31b664630f06dd390d18') in 0.065104 seconds
Start importing Packages/com.unity.inputsystem/InputSystem/Editor/Icons/Mouse@4x.png using Guid(a0b78c5ab9d654a9daba91ff774b4931) Importer(-1,00000000000000000000000000000000) [PhysX] Initialized MultithreadedTaskDispatcher with 16 workers.
 -> (artifact id: '1ad39d31394236b22401478be465be19') in 0.021184 seconds
Start importing Assets/Scenes/Main/Lightmap-34_comp_dir.png using Guid(a0d8ba6e9b3cc744e86c20d262e893de) Importer(-1,00000000000000000000000000000000) [PhysX] Initialized MultithreadedTaskDispatcher with 16 workers.
 -> (artifact id: 'd19005a313378194b171fc9369eaab4b') in 0.048995 seconds
Start importing Packages/com.unity.timeline/Editor/StyleSheets/Images/Shared/TimelineConnector.png using Guid(a04f1625bf500f64e97445265dfbcc93) Importer(-1,00000000000000000000000000000000) [PhysX] Initialized MultithreadedTaskDispatcher with 16 workers.
 -> (artifact id: 'd6fa632ec26a6b8e9607c74ccb96b853') in 0.013078 seconds
Start importing Packages/com.unity.timeline/Editor/StyleSheets/Images/LightSkin/TimelineHold.png using Guid(a09fd8b5d9396c24a96a6de50cddc3b9) Importer(-1,00000000000000000000000000000000) [PhysX] Initialized MultithreadedTaskDispatcher with 16 workers.
 -> (artifact id: '92365f187aadfa96ee4acf559fad4171') in 0.012419 seconds
Start importing Assets/WinterLodge/Cart/glass.png using Guid(b0b29210f4e65594a9cadaf167cfa67f) Importer(-1,00000000000000000000000000000000) [PhysX] Initialized MultithreadedTaskDispatcher with 16 workers.
 -> (artifact id: 'f64bd27008c83a437ed48fe1ff0c7a16') in 0.012927 seconds
Start importing Packages/com.unity.inputsystem/InputSystem/Editor/Icons/InputActionAsset.png using Guid(b025a2a0f9e554d1e88a93b5649dfc3f) Importer(-1,00000000000000000000000000000000) [PhysX] Initialized MultithreadedTaskDispatcher with 16 workers.
 -> (artifact id: '84e1423f5677a1582c3fdb8f0a6bbe88') in 0.016161 seconds
Start importing Assets/WinterLodge/tex/minecraft/block/water_still.png using Guid(b069147a2f7a17148ac6cc0432aac010) Importer(-1,00000000000000000000000000000000) [PhysX] Initialized MultithreadedTaskDispatcher with 16 workers.
 -> (artifact id: '0aa77645b0b7969a03ba6cd10f6a75e7') in 0.015508 seconds
Start importing Packages/com.unity.inputsystem/InputSystem/Editor/AssetEditor/PackageResources/pro/propertiesBackground.png using Guid(b02e3f0c0798a4f1789a89a7697660be) Importer(-1,00000000000000000000000000000000) [PhysX] Initialized MultithreadedTaskDispatcher with 16 workers.
 -> (artifact id: 'a143bcc337991e88781bbd02302e1ce2') in 0.011595 seconds
Start importing Assets/WinterLodge/tex/minecraft/block/candle_lit.png using Guid(b0af0766d16d3904699d377e3799a6fb) Importer(-1,00000000000000000000000000000000) [PhysX] Initialized MultithreadedTaskDispatcher with 16 workers.
 -> (artifact id: '0048b78f8d45623fa3ff3db6ab2b6435') in 0.015962 seconds
Start importing Assets/WinterLodge/Cart/wheels.png using Guid(c026eb31b338e2349bd328a1e6f8b0a2) Importer(-1,00000000000000000000000000000000) [PhysX] Initialized MultithreadedTaskDispatcher with 16 workers.
 -> (artifact id: '9a8871130cd3edc59c693f29371cc9b4') in 0.023293 seconds
Start importing Packages/com.unity.xr.openxr.picoxr/Assets/Resources/Controller/PICO 4U/Textures/Power/o_com_PICO4U_power_02.png using Guid(c097f47a26972414d93241c55296c220) Importer(-1,00000000000000000000000000000000) [PhysX] Initialized MultithreadedTaskDispatcher with 16 workers.
 -> (artifact id: '0e6add2f84f3fb9a17e4e8dbb8bda93b') in 0.020644 seconds
Start importing Packages/com.unity.inputsystem/InputSystem/Editor/AssetEditor/PackageResources/pro/foldoutBackground.png using Guid(c0996bc290ff74bf4834f4a8b7dc8c3e) Importer(-1,00000000000000000000000000000000) [PhysX] Initialized MultithreadedTaskDispatcher with 16 workers.
 -> (artifact id: 'a69e04bee4120faceb81e0f240c82168') in 0.013652 seconds
Start importing Packages/com.unity.inputsystem/InputSystem/Editor/Icons/Axis@2x.png using Guid(d0006d51a864248adba0238883f8c71e) Importer(-1,00000000000000000000000000000000) [PhysX] Initialized MultithreadedTaskDispatcher with 16 workers.
 -> (artifact id: '0b61d27a35471f0672678eb1df78e2dd') in 0.018610 seconds
Start importing Assets/Scenes/Main/Lightmap-18_comp_shadowmask.png using Guid(e0d06cdf4fafdb046bcebd7bcaaec1ce) Importer(-1,00000000000000000000000000000000) [PhysX] Initialized MultithreadedTaskDispatcher with 16 workers.
 -> (artifact id: '5594ba1c5b8fe32f74e078066cdbe424') in 0.013078 seconds
Start importing Assets/WinterLodge/MUYSHROPOM_ASPOTS.png using Guid(e035d31b24123bd4fb2b6394e4d93e01) Importer(-1,00000000000000000000000000000000) [PhysX] Initialized MultithreadedTaskDispatcher with 16 workers.
 -> (artifact id: 'ad237b51f162d778f1a6b8ddc37205ee') in 0.017643 seconds
Start importing Packages/com.unity.inputsystem/InputSystem/Editor/Icons/d_Axis@4x.png using Guid(e01ab4b854c6d4fa3a8d869b67ecd643) Importer(-1,00000000000000000000000000000000) [PhysX] Initialized MultithreadedTaskDispatcher with 16 workers.
 -> (artifact id: '6ddeede4d7cdbe691d676954a4711fea') in 0.011281 seconds
Start importing Packages/com.unity.textmeshpro/Editor Resources/Textures/btn_AlignRight_Light.psd using Guid(e05ace3bd15740cda0bad60d89092a5b) Importer(-1,00000000000000000000000000000000) [PhysX] Initialized MultithreadedTaskDispatcher with 16 workers.
 -> (artifact id: 'a734069ca85b1562e6dba797b389787c') in 0.027326 seconds
Start importing Assets/WinterLodge/tex/minecraft/block/white_wool.png using Guid(e0ec88e50ebfaaf4392f173459080650) Importer(-1,00000000000000000000000000000000) [PhysX] Initialized MultithreadedTaskDispatcher with 16 workers.
 -> (artifact id: 'd43e04637a89d2534e8222ce29ec88ea') in 0.015253 seconds
Start importing Packages/com.unity.timeline/Editor/StyleSheets/Images/Icons/TrackCurvesButtonDisabled.png using Guid(f0f8ff8921b22a74a8c79d955ace248d) Importer(-1,00000000000000000000000000000000) [PhysX] Initialized MultithreadedTaskDispatcher with 16 workers.
 -> (artifact id: 'ac0e3fa0baf7143814c3115eef665109') in 0.021972 seconds
Start importing Assets/WinterLodge/tex/minecraft/block/white_candle.png using Guid(f06a8faaecc0a0f4f8df119fa846d69d) Importer(-1,00000000000000000000000000000000) [PhysX] Initialized MultithreadedTaskDispatcher with 16 workers.
 -> (artifact id: '4db0c4968cca8a492a368041ce96e462') in 0.014102 seconds
Start importing Packages/com.unity.visualscripting/Editor/VisualScripting.Core/IconMap/State@32x.png using Guid(f02ed452c3e0d1e448429a89e1773fd7) Importer(-1,00000000000000000000000000000000) [PhysX] Initialized MultithreadedTaskDispatcher with 16 workers.
 -> (artifact id: '7ee814aa8427af42ec1f5c92da7e26cb') in 0.023687 seconds
Start importing Packages/com.unity.collab-proxy/Editor/Assets/Images/buttonssosigningoogle.png using Guid(f09eae8c0ea04254b90c5386a034a225) Importer(-1,00000000000000000000000000000000) [PhysX] Initialized MultithreadedTaskDispatcher with 16 workers.
 -> (artifact id: 'ca4d567b4bc019611a6c13912d41abd8') in 0.014055 seconds
Start importing Assets/WinterLodge/RossPictureFrame/ross.png using Guid(018a90c785b1e6b4fa5309e6dc671a4b) Importer(-1,00000000000000000000000000000000) [PhysX] Initialized MultithreadedTaskDispatcher with 16 workers.
 -> (artifact id: '2187f043c3af55656eb0b40b3292230c') in 0.015017 seconds
Start importing Assets/WinterLodge/tex/minecraft/block/spruce_door_top.png using Guid(013f001386c684445b4ff9163cfee204) Importer(-1,00000000000000000000000000000000) [PhysX] Initialized MultithreadedTaskDispatcher with 16 workers.
 -> (artifact id: 'a08ccdc740e449bb62fb16fb6ece5882') in 0.023266 seconds
Start importing Packages/com.unity.inputsystem/InputSystem/Editor/Icons/Interactive Binding.png using Guid(2196c18f03faf4184b1aeb2c61d5571d) Importer(-1,00000000000000000000000000000000) [PhysX] Initialized MultithreadedTaskDispatcher with 16 workers.
 -> (artifact id: '248878f4c06db76899c4d85dbd98f645') in 0.026035 seconds
Start importing Packages/com.unity.collab-proxy/Editor/Assets/Images/d_iconplasticview@2x.png using Guid(3168140d6f409d0448447f18568d9482) Importer(-1,00000000000000000000000000000000) [PhysX] Initialized MultithreadedTaskDispatcher with 16 workers.
 -> (artifact id: '6e078b83e6b8733c08ab30f52cebf770') in 0.012649 seconds
Start importing Packages/com.unity.2d.sprite/Editor/ObjectMenuCreation/DefaultAssets/Textures/v2/Square.png using Guid(311925a002f4447b3a28927169b83ea6) Importer(-1,00000000000000000000000000000000) [PhysX] Initialized MultithreadedTaskDispatcher with 16 workers.
 -> (artifact id: 'beb1d601e428f1f979e7e7467ece1e3d') in 0.016551 seconds
Start importing Assets/Scenes/Main/Lightmap-29_comp_light.exr using Guid(313e7ea50bee5944b9993e7a25d4c9a2) Importer(-1,00000000000000000000000000000000) [PhysX] Initialized MultithreadedTaskDispatcher with 16 workers.
 -> (artifact id: 'bcbba10b7730006cd200c24dcb0fa373') in 0.059701 seconds
Start importing Packages/com.unity.timeline/Editor/StyleSheets/Images/LightSkin/TimelineIconClipIn.png using Guid(4171b549947246b4f9579419d5698a7e) Importer(-1,00000000000000000000000000000000) [PhysX] Initialized MultithreadedTaskDispatcher with 16 workers.
 -> (artifact id: 'c85fa826e4cb075f31e8df04aea9accd') in 0.012431 seconds
Start importing Packages/com.unity.xr.openxr.picoxr/Assets/Resources/Controller/G3/Textures/Power/dianliang_04.png using Guid(41938f04a6f4d884f82644a294f64a74) Importer(-1,00000000000000000000000000000000) [PhysX] Initialized MultithreadedTaskDispatcher with 16 workers.
 -> (artifact id: 'e1689064cd6acd08214c8c14574acab5') in 0.016668 seconds
Start importing Assets/Scenes/Main/Lightmap-37_comp_light.exr using Guid(41687dbc0559cf849981f26f5efb6597) Importer(-1,00000000000000000000000000000000) [PhysX] Initialized MultithreadedTaskDispatcher with 16 workers.
 -> (artifact id: '50bc41c475d6f685bff87095444432f3') in 0.056851 seconds
Start importing Packages/com.unity.textmeshpro/Editor Resources/Textures/btn_AlignMiddle.psd using Guid(41b96614b2e6494ba995ddcd252d11ae) Importer(-1,00000000000000000000000000000000) [PhysX] Initialized MultithreadedTaskDispatcher with 16 workers.
 -> (artifact id: 'a13159462f79da6ae42999ce705d5fee') in 0.022891 seconds
Start importing Packages/com.unity.inputsystem/InputSystem/Editor/Icons/d_Dpad@4x.png using Guid(41edf25d451a744e6ad1172a677603bd) Importer(-1,00000000000000000000000000000000) [PhysX] Initialized MultithreadedTaskDispatcher with 16 workers.
 -> (artifact id: '58cbaa49856c5e3895a5fcf9e5ff8f16') in 0.011961 seconds
Start importing Packages/com.unity.timeline/Editor/StyleSheets/Images/Icons/d_TimelineEditModeRippleOFF.png using Guid(411e6f19c19fa0546af83aeb59c2ed4b) Importer(-1,00000000000000000000000000000000) [PhysX] Initialized MultithreadedTaskDispatcher with 16 workers.
 -> (artifact id: 'dca22b81e2de4583e7ff7c059f753e98') in 0.025588 seconds
Start importing Packages/com.unity.timeline/Editor/StyleSheets/Images/DarkSkin/TimelineDisabledBackground.png using Guid(412f73153f3a3c549b67b2a847741145) Importer(-1,00000000000000000000000000000000) [PhysX] Initialized MultithreadedTaskDispatcher with 16 workers.
 -> (artifact id: '0adc42c0e034543fa22a6600ff5f6ce0') in 0.014831 seconds
Start importing Assets/Scenes/Main/Lightmap-9_comp_dir.png using Guid(5173553a9678d7a4eb85458fdb62ef3f) Importer(-1,00000000000000000000000000000000) [PhysX] Initialized MultithreadedTaskDispatcher with 16 workers.
 -> (artifact id: '5e5f1cc5baa7bb71a25e643f2e4838f2') in 0.032416 seconds
Start importing Packages/com.unity.collab-proxy/Editor/Assets/Images/d_iconplasticnotifyconflict.png using Guid(51582ae5ea51fa14996791a550f89473) Importer(-1,00000000000000000000000000000000) [PhysX] Initialized MultithreadedTaskDispatcher with 16 workers.
 -> (artifact id: 'f610a7a530e10d415158fbd7b4aa12a2') in 0.014182 seconds
Start importing Packages/com.unity.timeline/Editor/StyleSheets/Images/Icons/TrackMuteButtonEnabled@2x.png using Guid(512aaee9b220348408a2e518f98d6e14) Importer(-1,00000000000000000000000000000000) [PhysX] Initialized MultithreadedTaskDispatcher with 16 workers.
 -> (artifact id: '2d2c02410d68ae1b22d46fe848fdb01b') in 0.012987 seconds
Start importing Packages/com.unity.collab-proxy/Editor/Assets/Images/d_iconplasticview.png using Guid(519d97e745e55f041b609f3666cbc037) Importer(-1,00000000000000000000000000000000) [PhysX] Initialized MultithreadedTaskDispatcher with 16 workers.
 -> (artifact id: 'be7c650daa68e635ffb4ec62b0fb55be') in 0.012233 seconds
Start importing Packages/com.unity.timeline/Editor/StyleSheets/Images/Icons/TrackAvatarButtonEnabled@2x.png using Guid(51bf5f55a8a01e546bf6092b54fdae20) Importer(-1,00000000000000000000000000000000) [PhysX] Initialized MultithreadedTaskDispatcher with 16 workers.
 -> (artifact id: 'ad8a9797c0b2423470f9c1749ee836b6') in 0.016959 seconds
Start importing Packages/com.unity.inputsystem/InputSystem/Editor/Icons/Keyboard@3x.png using Guid(6191a40940a3e46899ecf82fa8389d01) Importer(-1,00000000000000000000000000000000) [PhysX] Initialized MultithreadedTaskDispatcher with 16 workers.
 -> (artifact id: 'dc3477b509aa69012a6dd0a336ce82ce') in 0.012607 seconds
Start importing Packages/com.unity.timeline/Editor/StyleSheets/Images/Icons/d_TrackMarkerButtonEnabled@2x.png using Guid(6192986415256ca47a97a97507406f5e) Importer(-1,00000000000000000000000000000000) [PhysX] Initialized MultithreadedTaskDispatcher with 16 workers.
 -> (artifact id: 'de207dabfc92ec0d4c92affcd1ecb986') in 0.012166 seconds
Start importing Packages/com.unity.timeline/Editor/StyleSheets/Images/LightSkin/TimelineContinue.png using Guid(61c21f74972ba8246b3ea400a9231841) Importer(-1,00000000000000000000000000000000) [PhysX] Initialized MultithreadedTaskDispatcher with 16 workers.
 -> (artifact id: '059a45d916cefe8a693e62111091b7db') in 0.012023 seconds
Start importing Packages/com.unity.inputsystem/InputSystem/Editor/Icons/d_Mouse@3x.png using Guid(6164e492ad3164525ab8ecd9968c3a64) Importer(-1,00000000000000000000000000000000) [PhysX] Initialized MultithreadedTaskDispatcher with 16 workers.
 -> (artifact id: '0188943aa97c7a963d63cee6061c3e9d') in 0.012018 seconds
Start importing Assets/WinterLodge/tex/minecraft/block/smoker_bottom.png using Guid(61e4132a9c18b3d49b84bfafed405d8e) Importer(-1,00000000000000000000000000000000) [PhysX] Initialized MultithreadedTaskDispatcher with 16 workers.
 -> (artifact id: 'f64d20ca5de08f9d4d27cb6678cc9406') in 0.018335 seconds
Start importing Packages/com.unity.collab-proxy/Editor/Assets/Images/d_iconbranches.png using Guid(612c5e166a121e3449dad067fbdc37a4) Importer(-1,00000000000000000000000000000000) [PhysX] Initialized MultithreadedTaskDispatcher with 16 workers.
 -> (artifact id: '97181b98d27ab5714182b212809067bd') in 0.013249 seconds
Start importing Packages/com.unity.collab-proxy/Editor/Assets/Images/d_iconlockedlocaloverlay.png using Guid(71c45f80bffdb9145ad2c456254c862e) Importer(-1,00000000000000000000000000000000) [PhysX] Initialized MultithreadedTaskDispatcher with 16 workers.
 -> (artifact id: '5bc14868984580b5bda4d069b8f18c05') in 0.014362 seconds
Start importing Packages/com.unity.2d.sprite/Editor/ObjectMenuCreation/DefaultAssets/Textures/9-Sliced.png using Guid(71ebafeef3c03457483266a33ab2b270) Importer(-1,00000000000000000000000000000000) [PhysX] Initialized MultithreadedTaskDispatcher with 16 workers.
 -> (artifact id: 'c6390f6622458de581bb2e9629ad80ed') in 0.016785 seconds
Start importing Packages/com.unity.timeline/Editor/StyleSheets/Images/Icons/TrackMuteButtonEnabled.png using Guid(81e8b4a4bcbf7a14898e2658fd827642) Importer(-1,00000000000000000000000000000000) [PhysX] Initialized MultithreadedTaskDispatcher with 16 workers.
 -> (artifact id: '95ff4d62c0294b8e0cfa9dfc1c36f331') in 0.018869 seconds
Start importing Assets/Scenes/Main/Lightmap-6_comp_dir.png using Guid(816dbd6b1b4936342a21f989a24bf542) Importer(-1,00000000000000000000000000000000) [PhysX] Initialized MultithreadedTaskDispatcher with 16 workers.
 -> (artifact id: '98be9491be4c1bafacdbf9da757e4007') in 0.057565 seconds
Start importing Packages/com.unity.textmeshpro/Editor Resources/Textures/btn_AlignCenter.psd using Guid(81ed8c76d2bc4a4c95d092c98af4e58f) Importer(-1,00000000000000000000000000000000) [PhysX] Initialized MultithreadedTaskDispatcher with 16 workers.
 -> (artifact id: 'eea72c9eee3dfa33cf3910d28fb92f82') in 0.023682 seconds
Start importing Packages/com.unity.timeline/Editor/StyleSheets/Images/Icons/d_TrackAvatarButtonDisabled.png using Guid(91746a504b59769439bb2749c314d231) Importer(-1,00000000000000000000000000000000) [PhysX] Initialized MultithreadedTaskDispatcher with 16 workers.
 -> (artifact id: 'a6ed430c4d237e66c8d929ccc7942aca') in 0.019941 seconds
Start importing Packages/com.unity.collab-proxy/Editor/Assets/Images/iconemptygravatar.png using Guid(91976e8b9ce0f0341838727acd55621c) Importer(-1,00000000000000000000000000000000) [PhysX] Initialized MultithreadedTaskDispatcher with 16 workers.
 -> (artifact id: 'ca4870f5809b51bb169aea8f55e06488') in 0.013661 seconds
Start importing Assets/WinterLodge/tex/minecraft/block/cave_vines_plant.png using Guid(91f859e5837b19a428c3a30541c5b6b6) Importer(-1,00000000000000000000000000000000) [PhysX] Initialized MultithreadedTaskDispatcher with 16 workers.
 -> (artifact id: '5fc33d6bd26b54561506dacc352add8f') in 0.022128 seconds
Start importing Packages/com.unity.timeline/Editor/StyleSheets/Images/Icons/d_TimelineEditModeReplaceOFF.png using Guid(912fd71cbf4cbe140b4f240bedbc1f3e) Importer(-1,00000000000000000000000000000000) [PhysX] Initialized MultithreadedTaskDispatcher with 16 workers.
 -> (artifact id: '15c6d2dc40a43afa311e5fc942509bcd') in 0.018785 seconds
Start importing Assets/WinterLodge/tex/minecraft/block/loom_front.png using Guid(a11392ab92dafaa4db46090adf4d5269) Importer(-1,00000000000000000000000000000000) [PhysX] Initialized MultithreadedTaskDispatcher with 16 workers.
 -> (artifact id: '03800d118fd355c0937bb7e263d1c7a0') in 0.024311 seconds
Start importing Packages/com.unity.inputsystem/InputSystem/Editor/Icons/d_Dpad@3x.png using Guid(a1b7d9ffed68a47128c5622c13ba4752) Importer(-1,00000000000000000000000000000000) [PhysX] Initialized MultithreadedTaskDispatcher with 16 workers.
 -> (artifact id: '099aee3e229fa36d154a182cea1afbd3') in 0.011424 seconds
Start importing Packages/com.unity.xr.openxr.picoxr/Assets/Resources/Controller/PICO 4U/Texture/o_com_PICO4U_02_b.png using Guid(a12a0e3ab0496e54688b85ba2e1d4ea7) Importer(-1,00000000000000000000000000000000) [PhysX] Initialized MultithreadedTaskDispatcher with 16 workers.
 -> (artifact id: '15ae5b67462d859127a2bcd385b3a0ae') in 0.025775 seconds
Start importing Packages/com.unity.timeline/Editor/StyleSheets/Images/Icons/TimelineDigIn.png using Guid(b1d064d6d80829f4eb370f679384ea1f) Importer(-1,00000000000000000000000000000000) [PhysX] Initialized MultithreadedTaskDispatcher with 16 workers.
 -> (artifact id: '652e0d2a08dd61172db5726258723c94') in 0.019656 seconds
Start importing Packages/com.unity.collab-proxy/Editor/Assets/Images/iconshelve.png using Guid(b1b37c2733b68854ba004ff712ef849f) Importer(-1,00000000000000000000000000000000) [PhysX] Initialized MultithreadedTaskDispatcher with 16 workers.
 -> (artifact id: '6a1ea8e5f0ee19bf49aac4bd352ce92b') in 0.021223 seconds
Start importing Packages/com.unity.collab-proxy/Editor/Assets/Images/d_iconbranch.png using Guid(c1516142c0a669b42aecce30a3459017) Importer(-1,00000000000000000000000000000000) [PhysX] Initialized MultithreadedTaskDispatcher with 16 workers.
 -> (artifact id: '12c0c5fe7c09494f173ad774d57af39a') in 0.005600 seconds
Start importing Packages/com.unity.timeline/Editor/StyleSheets/Images/DarkSkin/TimelineMarkerItem.png using Guid(c133595e3c100774496e03e66fa69259) Importer(-1,00000000000000000000000000000000) [PhysX] Initialized MultithreadedTaskDispatcher with 16 workers.
 -> (artifact id: 'd2073a7df7b85d13aa33c844c624e068') in 0.017914 seconds
Start importing Assets/Scenes/Main/Lightmap-50_comp_shadowmask.png using Guid(c11bff38df083b447beaa1364cdf49ec) Importer(-1,00000000000000000000000000000000) [PhysX] Initialized MultithreadedTaskDispatcher with 16 workers.
 -> (artifact id: '0871e309200fee15a023ee85ef77ba6b') in 0.013583 seconds
Start importing Packages/com.unity.timeline/Editor/StyleSheets/Images/Icons/d_TrackMarkerButtonEnabled.png using Guid(d18286874382ef042bbbdab5f71329c1) Importer(-1,00000000000000000000000000000000) [PhysX] Initialized MultithreadedTaskDispatcher with 16 workers.
 -> (artifact id: 'ca3a086fed6d394f88aa73c93bec1083') in 0.010956 seconds
Start importing Assets/WinterLodge/tex/minecraft/block/spruce_log_top.png using Guid(d133201886b9d234ab889b5911686f68) Importer(-1,00000000000000000000000000000000) [PhysX] Initialized MultithreadedTaskDispatcher with 16 workers.
 -> (artifact id: '75f7d1cba570fc353001beb25f108c71') in 0.016750 seconds
Start importing Packages/com.unity.collab-proxy/Editor/Assets/Images/iconconflicted.png using Guid(d1c88f142eee55b4eb2b2cfd7b3624ce) Importer(-1,00000000000000000000000000000000) [PhysX] Initialized MultithreadedTaskDispatcher with 16 workers.
 -> (artifact id: 'e26a50ceb11d0664e3b390f3aaae3694') in 0.012163 seconds
Start importing Packages/com.unity.inputsystem/InputSystem/Editor/Icons/ChevronDown@4x.png using Guid(d1acbe0a708dc40dc80254764e67ecfa) Importer(-1,00000000000000000000000000000000) [PhysX] Initialized MultithreadedTaskDispatcher with 16 workers.
 -> (artifact id: '45950985414c578486971c060ded4a06') in 0.013530 seconds
Start importing Packages/com.unity.timeline/Editor/StyleSheets/Images/Icons/TrackMarkerButtonEnabled.png using Guid(d1eccbb425fdacc4ba53ce4223f4ea30) Importer(-1,00000000000000000000000000000000) [PhysX] Initialized MultithreadedTaskDispatcher with 16 workers.
 -> (artifact id: 'd889048ff199c1acf5dbd6f399724710') in 0.018970 seconds
Start importing Packages/com.unity.xr.openxr.picoxr/Assets/Resources/Controller/PICO 4U/Texture/o_com_PICO4U_01_b.png using Guid(e1721d77f8f68c941899d270ca2b57f5) Importer(-1,00000000000000000000000000000000) [PhysX] Initialized MultithreadedTaskDispatcher with 16 workers.
 -> (artifact id: '7dcdb0595eba7dd60d2d77e0de18a5ad') in 0.044146 seconds
Start importing Packages/com.unity.inputsystem/InputSystem/Editor/Icons/d_Position@3x.png using Guid(e1da124f7cbda41a4925397406076a42) Importer(-1,00000000000000000000000000000000) [PhysX] Initialized MultithreadedTaskDispatcher with 16 workers.
 -> (artifact id: '3ef210977f44cc153180fb55058d4f43') in 0.017295 seconds
Start importing Packages/com.unity.timeline/Editor/StyleSheets/Images/DarkSkin/TimelineAutokey_active.png using Guid(e17ee60887efdd04389991a15ee0c578) Importer(-1,00000000000000000000000000000000) [PhysX] Initialized MultithreadedTaskDispatcher with 16 workers.
 -> (artifact id: '09df7abe0766d34af8992903cb61af78') in 0.012232 seconds
Start importing Packages/com.unity.visualscripting/Editor/VisualScripting.Core/IconMap/StateMachine@32x.png using Guid(f144232ea2c6046438f6cda6c1bad1af) Importer(-1,00000000000000000000000000000000) [PhysX] Initialized MultithreadedTaskDispatcher with 16 workers.
 -> (artifact id: '8ca4a730d14f84c02d991bac76fbf8d9') in 0.019149 seconds
Start importing Assets/WinterLodge/tex/minecraft/block/loom_top.png using Guid(f1e4c894fa5b59c4ab04730e5c16e51e) Importer(-1,00000000000000000000000000000000) [PhysX] Initialized MultithreadedTaskDispatcher with 16 workers.
 -> (artifact id: '05d98b02b299e781c2e4de67cec911ee') in 0.024383 seconds
Start importing Packages/com.unity.timeline/Editor/StyleSheets/Images/DarkSkin/TimelineMarkerItemCollapsed.png using Guid(f179d9a3cccffb04ba2e27f681e9b147) Importer(-1,00000000000000000000000000000000) [PhysX] Initialized MultithreadedTaskDispatcher with 16 workers.
 -> (artifact id: '34269c4072d419f8bef22709c2b75c07') in 0.021722 seconds
Start importing Assets/WinterLodge/tex/minecraft/block/oak_log_top.png using Guid(f10e2b0a1b703864984bd463f36fd104) Importer(-1,00000000000000000000000000000000) [PhysX] Initialized MultithreadedTaskDispatcher with 16 workers.
 -> (artifact id: '25113fdb56b4cb9c080899eab8ae3095') in 0.019131 seconds
Start importing Packages/com.unity.inputsystem/InputSystem/Editor/Icons/d_Keyboard@2x.png using Guid(f14e3a4027f834f16b235498ac15bb3f) Importer(-1,00000000000000000000000000000000) [PhysX] Initialized MultithreadedTaskDispatcher with 16 workers.
 -> (artifact id: '9077abc584424116a633d5dd4fec8cd9') in 0.013123 seconds
Start importing Packages/com.unity.collab-proxy/Editor/Assets/Images/d_iconaddedlocal@2x.png using Guid(02800fb9cff14da47a04572790384d8b) Importer(-1,00000000000000000000000000000000) [PhysX] Initialized MultithreadedTaskDispatcher with 16 workers.
 -> (artifact id: 'b54629c587e7d5a0c3b106c6f5c4b884') in 0.015233 seconds
Start importing Assets/Scenes/Main/Lightmap-38_comp_dir.png using Guid(02b5c159591a88c4ab3a85f34fdb2385) Importer(-1,00000000000000000000000000000000) [PhysX] Initialized MultithreadedTaskDispatcher with 16 workers.
 -> (artifact id: '973ef246cbd2a76df4c41f9c06c2762b') in 0.017914 seconds
Start importing Packages/com.unity.xr.openxr.picoxr/Assets/Resources/Controller/PICO 4/Textures/Power/PICO4_ControllerPower_05.png using Guid(12a19b71643cd314291e0f6c3e9a2ac9) Importer(-1,00000000000000000000000000000000) [PhysX] Initialized MultithreadedTaskDispatcher with 16 workers.
 -> (artifact id: 'f3af75d8f4d54483f9a6a523246d1629') in 0.017939 seconds
Start importing Assets/SkySeries Freebie/FreebieHdri/CloudedSunGlow4k.hdr using Guid(12c15a8e5a294be45819b1dd4b9b08d3) Importer(-1,00000000000000000000000000000000) [PhysX] Initialized MultithreadedTaskDispatcher with 16 workers.
 -> (artifact id: 'c2c386d40c5c8ca6e353ea5c25cd6522') in 0.664624 seconds
Start importing Packages/com.unity.textmeshpro/Editor Resources/Textures/btn_AlignLeft_Light.psd using Guid(12736c98af174f91827a26b66d2b01b9) Importer(-1,00000000000000000000000000000000) [PhysX] Initialized MultithreadedTaskDispatcher with 16 workers.
 -> (artifact id: '6e4becb38cd916e669bce38e99ec3989') in 0.034313 seconds
Start importing Assets/WinterLodge/tex/minecraft/block/redstone_block.png using Guid(1279a11bbadd7ba4ea9483b3a1d189e6) Importer(-1,00000000000000000000000000000000) [PhysX] Initialized MultithreadedTaskDispatcher with 16 workers.
 -> (artifact id: '5e2fb643b306308359a85570c397616f') in 0.020560 seconds
Start importing Packages/com.unity.collab-proxy/Editor/Assets/Images/iconmergelink.png using Guid(120bf54dff785a0429b068b814e9c12a) Importer(-1,00000000000000000000000000000000) [PhysX] Initialized MultithreadedTaskDispatcher with 16 workers.
 -> (artifact id: '30b2e01d4cc5183849bffdb66367f7b9') in 0.013104 seconds
Start importing Packages/com.unity.inputsystem/InputSystem/Editor/Icons/d_Keyboard@4x.png using Guid(123b6218ad27a41af933311ee524dcdc) Importer(-1,00000000000000000000000000000000) [PhysX] Initialized MultithreadedTaskDispatcher with 16 workers.
 -> (artifact id: '47c33509c0ae7deb3b75653c13b27b62') in 0.021500 seconds
Start importing Packages/com.unity.timeline/Editor/StyleSheets/Images/Icons/d_TimelineDigIn.png using Guid(22c3c381bd3cd4a40a8541103023e1ef) Importer(-1,00000000000000000000000000000000) [PhysX] Initialized MultithreadedTaskDispatcher with 16 workers.
 -> (artifact id: 'f11b3db21fa15e24955e034efdb460df') in 0.014801 seconds
Start importing Assets/Scenes/Main/Lightmap-35_comp_light.exr using Guid(328020cc31a607d43b9b597fe19bd532) Importer(-1,00000000000000000000000000000000) [PhysX] Initialized MultithreadedTaskDispatcher with 16 workers.
 -> (artifact id: '7b6022a9666f025dd51513698d36d243') in 0.058508 seconds
Start importing Packages/com.unity.timeline/Editor/StyleSheets/Images/DarkSkin/TimelineIconClipOut.png using Guid(32f7e3598d6414c489127629e29af3f6) Importer(-1,00000000000000000000000000000000) [PhysX] Initialized MultithreadedTaskDispatcher with 16 workers.
 -> (artifact id: '5634f96f0a7ecc43663a5bcd5b1ffa6d') in 0.021092 seconds
Start importing Packages/com.unity.collab-proxy/Editor/Assets/Images/ok.png using Guid(3238dca1e9ea9fb4aa64b28298ba6dbd) Importer(-1,00000000000000000000000000000000) [PhysX] Initialized MultithreadedTaskDispatcher with 16 workers.
 -> (artifact id: '54b6206f0449bc91863b8101bab6c4d9') in 0.016484 seconds
Start importing Packages/com.unity.testtools.codecoverage/Editor/Icons/d_FolderOpened@2x.png using Guid(327ac160fa4588b4ab06124fe53fdbd1) Importer(-1,00000000000000000000000000000000) [PhysX] Initialized MultithreadedTaskDispatcher with 16 workers.
 -> (artifact id: 'e3acd97df073f0815972e8cf50f6b58f') in 0.018924 seconds
Start importing Assets/Scenes/Main/Lightmap-33_comp_shadowmask.png using Guid(4241356185705d74bb3c1d34a32ca3f2) Importer(-1,00000000000000000000000000000000) [PhysX] Initialized MultithreadedTaskDispatcher with 16 workers.
 -> (artifact id: '3a7cca7722d2c0e0e013ed8838bfd920') in 0.014722 seconds
Start importing Packages/com.unity.collab-proxy/Editor/Assets/Images/iconbranch@2x.png using Guid(425970578f3342a43b40545d1ac8a25d) Importer(-1,00000000000000000000000000000000) [PhysX] Initialized MultithreadedTaskDispatcher with 16 workers.
 -> (artifact id: '324a1fbd0d058b8657e349fc53c3292b') in 0.014889 seconds
Start importing Packages/com.unity.inputsystem/InputSystem/Editor/Icons/d_Orientation@3x.png using Guid(424bff4d3ea64400e9b384cb8bebfb96) Importer(-1,00000000000000000000000000000000) [PhysX] Initialized MultithreadedTaskDispatcher with 16 workers.
 -> (artifact id: '532126d6defb8e55838520f8fc31a436') in 0.017571 seconds
Start importing Assets/WinterLodge/tex/minecraft/block/beehive_side.png using Guid(5281d7c819a2c1740957ca98624166ee) Importer(-1,00000000000000000000000000000000) [PhysX] Initialized MultithreadedTaskDispatcher with 16 workers.
 -> (artifact id: '68ee1395571aa4e1cb1a5e2396ef8dab') in 0.027064 seconds
Start importing Packages/com.unity.visualscripting/Editor/VisualScripting.Shared/EditorAssetResources/SplitButtonArrow.png using Guid(52236e1d9300f4f718999db6c872a5d8) Importer(-1,00000000000000000000000000000000) [PhysX] Initialized MultithreadedTaskDispatcher with 16 workers.
 -> (artifact id: '84e6160b794e6e0d38919f9128f1f5ea') in 0.021892 seconds
Start importing Packages/com.unity.timeline/Editor/StyleSheets/Images/Icons/TrackMuteButtonDisabled.png using Guid(5216b1b48296ef345ad2d2ec43105bf0) Importer(-1,00000000000000000000000000000000) [PhysX] Initialized MultithreadedTaskDispatcher with 16 workers.
 -> (artifact id: '315616c985fef9a8f375ff529886dc76') in 0.021902 seconds
Start importing Assets/Scenes/Main/Lightmap-26_comp_light.exr using Guid(5248f3f1dccad2c42aff92a45c923d81) Importer(-1,00000000000000000000000000000000) [PhysX] Initialized MultithreadedTaskDispatcher with 16 workers.
 -> (artifact id: '3179c7bc6718889be904b238f76e6fd4') in 0.071463 seconds
Start importing Assets/WinterLodge/tex/minecraft/block/red_tulip.png using Guid(52ea764ca4c44fb4784a2aba85e8671e) Importer(-1,00000000000000000000000000000000) [PhysX] Initialized MultithreadedTaskDispatcher with 16 workers.
 -> (artifact id: 'e950c17162727dfb5dc14339ed847278') in 0.015240 seconds
Start importing Packages/com.unity.timeline/Editor/StyleSheets/Images/Icons/d_TrackLockButtonDisabled.png using Guid(52ee3ba2abc3da14a95cdf64d32ae0ae) Importer(-1,00000000000000000000000000000000) [PhysX] Initialized MultithreadedTaskDispatcher with 16 workers.
 -> (artifact id: '9ef82e97384c5be6b5b817328f1d277f') in 0.016859 seconds
Start importing Packages/com.unity.inputsystem/InputSystem/Editor/Icons/Stick.png using Guid(6234dae5cf6f04acb9a51e04d448e444) Importer(-1,00000000000000000000000000000000) [PhysX] Initialized MultithreadedTaskDispatcher with 16 workers.
 -> (artifact id: '3b40eee8530d894ee0f4bce61a9264a1') in 0.015792 seconds
Start importing Assets/Resources/UI/UpArrow.png using Guid(6244ae880f60bda47ab7d1a760162cd5) Importer(-1,00000000000000000000000000000000) [PhysX] Initialized MultithreadedTaskDispatcher with 16 workers.
 -> (artifact id: '8bb3fe84fdb4fa5b571c6698b601b889') in 0.023232 seconds
Start importing Packages/com.unity.inputsystem/InputSystem/Editor/Icons/d_Axis@3x.png using Guid(62c846073cb844a2b926e4bbd3189647) Importer(-1,00000000000000000000000000000000) [PhysX] Initialized MultithreadedTaskDispatcher with 16 workers.
 -> (artifact id: '808be700692f547e71bf99808511143b') in 0.016587 seconds
Start importing Packages/com.unity.inputsystem/InputSystem/Editor/Icons/Orientation@2x.png using Guid(62f8dda50382d487597224e197cbd34f) Importer(-1,00000000000000000000000000000000) [PhysX] Initialized MultithreadedTaskDispatcher with 16 workers.
 -> (artifact id: '091d8f68ca2ffc5df962b1a7f94f4161') in 0.014944 seconds
Start importing Packages/com.unity.collab-proxy/Editor/Assets/Images/d_icondeletedremote@2x.png using Guid(626b9cddb29049e4cac50cd87b419945) Importer(-1,00000000000000000000000000000000) [PhysX] Initialized MultithreadedTaskDispatcher with 16 workers.
 -> (artifact id: 'e2a48add5fa2ad1b69fe5337f87a4c78') in 0.015650 seconds
Start importing Packages/com.unity.inputsystem/InputSystem/Editor/Icons/InputControl@2x.png using Guid(62ce957ca99fe4fcba573a5b141eb113) Importer(-1,00000000000000000000000000000000) [PhysX] Initialized MultithreadedTaskDispatcher with 16 workers.
 -> (artifact id: '1a7e1b0266c6fbc052002c331d18e66e') in 0.015248 seconds
Start importing Assets/Scenes/Main/Lightmap-7_comp_dir.png using Guid(72a41ca89d3e06e4e9965edbc48cd470) Importer(-1,00000000000000000000000000000000) [PhysX] Initialized MultithreadedTaskDispatcher with 16 workers.
 -> (artifact id: 'e881b189a9dfaa3e19d553098e149249') in 0.034088 seconds
Start importing Assets/Resources/UI/gear.png using Guid(72fb3bbdeaa1a074986f3fcad47ffd27) Importer(-1,00000000000000000000000000000000) [PhysX] Initialized MultithreadedTaskDispatcher with 16 workers.
 -> (artifact id: '91b1e204a9d2c44f0ce4a13861678af3') in 0.096128 seconds
Start importing Packages/com.unity.timeline/Editor/StyleSheets/Images/Shared/TimelineOutline.png using Guid(829511f8e35bf3a40be037a1050f801c) Importer(-1,00000000000000000000000000000000) [PhysX] Initialized MultithreadedTaskDispatcher with 16 workers.
 -> (artifact id: '58139e2bd02bd3f4f8e807c27ba699c4') in 0.014629 seconds
Start importing Packages/com.unity.inputsystem/InputSystem/Editor/Icons/Touch@2x.png using Guid(82073a8bfd6b8488a89b8796d500d12d) Importer(-1,00000000000000000000000000000000) [PhysX] Initialized MultithreadedTaskDispatcher with 16 workers.
 -> (artifact id: 'a9f9c6c3396229fb224cd2a0a397dce3') in 0.011787 seconds
Start importing Packages/com.unity.timeline/Editor/StyleSheets/Images/LightSkin/TimelineStartPlayback.png using Guid(824c4beb0ca6c934bbc7a26919302236) Importer(-1,00000000000000000000000000000000) [PhysX] Initialized MultithreadedTaskDispatcher with 16 workers.
 -> (artifact id: '5a0e40e3f60f199e22e44704bdedc072') in 0.013710 seconds
Start importing Packages/com.unity.textmeshpro/Editor Resources/Textures/btn_AlignJustified.psd using Guid(92027f7f8cfc4feaa477da0dc38d3d46) Importer(-1,00000000000000000000000000000000) [PhysX] Initialized MultithreadedTaskDispatcher with 16 workers.
 -> (artifact id: '78367f366124f9d8d6a95fe4ab95a1a0') in 0.024444 seconds
Start importing Packages/com.unity.collab-proxy/Editor/Assets/Images/d_icondeletedlocaloverlay@2x.png using Guid(92b204cca46037444ab18ba6701f86f7) Importer(-1,00000000000000000000000000000000) [PhysX] Initialized MultithreadedTaskDispatcher with 16 workers.
 -> (artifact id: 'b43ab45c62515428f498752428a169fc') in 0.016713 seconds
Start importing Packages/com.unity.collab-proxy/Editor/Assets/Images/d_iconshelve@2x.png using Guid(9264df9de832d7f4bb90a1d0c31d8343) Importer(-1,00000000000000000000000000000000) [PhysX] Initialized MultithreadedTaskDispatcher with 16 workers.
 -> (artifact id: '66d87b8ccf729b29de961bd3573f894b') in 0.017192 seconds
Start importing Packages/com.unity.timeline/Editor/StyleSheets/Images/DarkSkin/TimelineAutokey.png using Guid(92b5e4310629b264dad0fb2cc196d818) Importer(-1,00000000000000000000000000000000) [PhysX] Initialized MultithreadedTaskDispatcher with 16 workers.
 -> (artifact id: 'f19d9f9e9a0d519b342092057f5bcaa3') in 0.023037 seconds
Start importing Packages/com.unity.textmeshpro/Editor Resources/Textures/btn_AlignLeft.psd using Guid(9288066c33474b94b6ee5465f4df1cc0) Importer(-1,00000000000000000000000000000000) [PhysX] Initialized MultithreadedTaskDispatcher with 16 workers.
 -> (artifact id: '193634d08f737c46785ab5b5826a4461') in 0.022844 seconds
Start importing Packages/com.unity.collab-proxy/Editor/Assets/Images/d_refresh.png using Guid(92b8c447daf4d4b41a0ec148d1091261) Importer(-1,00000000000000000000000000000000) [PhysX] Initialized MultithreadedTaskDispatcher with 16 workers.
 -> (artifact id: '4381661d3fee9f7990f43634631a4f96') in 0.014861 seconds
Start importing Assets/WinterLodge/tex/minecraft/block/dandelion.png using Guid(921cf2008c3d1b14993dbff699474aaa) Importer(-1,00000000000000000000000000000000) [PhysX] Initialized MultithreadedTaskDispatcher with 16 workers.
 -> (artifact id: '7455358c96a607a73235fa52aea2bfe6') in 0.021756 seconds
Start importing Assets/Scenes/Main/Lightmap-25_comp_dir.png using Guid(a243f453c38c51242b79935460e64143) Importer(-1,00000000000000000000000000000000) [PhysX] Initialized MultithreadedTaskDispatcher with 16 workers.
 -> (artifact id: '295d24faa9da1b9b88676f4dca4c6bc3') in 0.036111 seconds
Start importing Assets/Scenes/Main/Lightmap-36_comp_shadowmask.png using Guid(a2b839af586861941938bf50fb104739) Importer(-1,00000000000000000000000000000000) [PhysX] Initialized MultithreadedTaskDispatcher with 16 workers.
 -> (artifact id: 'b93e0e264bc26f7e2ac35318f38fa92c') in 0.017123 seconds
Start importing Packages/com.unity.collab-proxy/Editor/Assets/Images/notondisk.png using Guid(b205f4b28f59dda49af458b35d8a3ff3) Importer(-1,00000000000000000000000000000000) [PhysX] Initialized MultithreadedTaskDispatcher with 16 workers.
 -> (artifact id: '52f5f3ac08a19d0236327651ebc34f6d') in 0.014080 seconds
Start importing Packages/com.unity.timeline/Editor/StyleSheets/Images/DarkSkin/TimelineEndPlayback.png using Guid(c285802d9d414814fad592b90b223f15) Importer(-1,00000000000000000000000000000000) [PhysX] Initialized MultithreadedTaskDispatcher with 16 workers.
 -> (artifact id: '23cc9ccbb71f542ec214f4ea0eacb709') in 0.022510 seconds
Start importing Packages/com.unity.timeline/Editor/StyleSheets/Images/Icons/d_TrackAvatarButtonEnabled.png using Guid(c207dcd389fb689489f5266468cd4609) Importer(-1,00000000000000000000000000000000) [PhysX] Initialized MultithreadedTaskDispatcher with 16 workers.
 -> (artifact id: '72ab871897b0c9758813f3d9f6553520') in 0.022472 seconds
Start importing Assets/Scenes/Main/Lightmap-32_comp_shadowmask.png using Guid(c2374d62940ee9a4395c21641820626d) Importer(-1,00000000000000000000000000000000) [PhysX] Initialized MultithreadedTaskDispatcher with 16 workers.
 -> (artifact id: '348dd2d74c8114f6b9600d2e04cdb2f0') in 0.014013 seconds
Start importing Packages/com.unity.textmeshpro/Editor Resources/Textures/btn_AlignMidLine.psd using Guid(c2f7f6a88b4c4f20a53deb72f3d9144c) Importer(-1,00000000000000000000000000000000) [PhysX] Initialized MultithreadedTaskDispatcher with 16 workers.
 -> (artifact id: '5fa9d3c00b11563013be24367f035ba1') in 0.038107 seconds
Start importing Packages/com.unity.inputsystem/InputSystem/Editor/Icons/Joystick.png using Guid(c28849deb3e3b45c98965e7efd26f7be) Importer(-1,00000000000000000000000000000000) [PhysX] Initialized MultithreadedTaskDispatcher with 16 workers.
 -> (artifact id: '299b44ea28f28839b7442ab9d3a32f04') in 0.014418 seconds
Start importing Assets/Scenes/Main/Lightmap-31_comp_shadowmask.png using Guid(c25d36f3232a8314783e0a40cd3fbd26) Importer(-1,00000000000000000000000000000000) [PhysX] Initialized MultithreadedTaskDispatcher with 16 workers.
 -> (artifact id: 'aa46d24b2e2feb1d2b144dbb3e3221ef') in 0.015385 seconds
Start importing Assets/Scenes/Main/Lightmap-13_comp_light.exr using Guid(c29eabb323b43a74bacc50eadeb60d44) Importer(-1,00000000000000000000000000000000) [PhysX] Initialized MultithreadedTaskDispatcher with 16 workers.
 -> (artifact id: 'f3db11dbfb0427f0d6476d530e071c03') in 0.058409 seconds
Start importing Assets/Scenes/Main/Lightmap-1_comp_light.exr using Guid(d2fcaf2c4561ec747965e1ce5ce715cb) Importer(-1,00000000000000000000000000000000) [PhysX] Initialized MultithreadedTaskDispatcher with 16 workers.
 -> (artifact id: '50bab2b7d086bf12b4f7273ea3cf5c8f') in 0.084161 seconds
Start importing Packages/com.unity.collab-proxy/Editor/Assets/Images/buttonssosigninemail.png using Guid(d24e7e0b75e1a244bb9687d6fd4315ef) Importer(-1,00000000000000000000000000000000) [PhysX] Initialized MultithreadedTaskDispatcher with 16 workers.
 -> (artifact id: '26d60841f9aa4b7cce1f49e51dc5f232') in 0.013989 seconds
Start importing Assets/Scenes/Main/Lightmap-55_comp_shadowmask.png using Guid(e2a5f1b67a04dd743b367385471b90bc) Importer(-1,00000000000000000000000000000000) [PhysX] Initialized MultithreadedTaskDispatcher with 16 workers.
 -> (artifact id: '36f0d27b133cbf8d89435ddd921aeedc') in 0.015977 seconds
Start importing Packages/com.unity.xr.openxr.picoxr/Assets/Resources/Controller/Neo3/Textures/controller5_idle.jpg using Guid(e2e56f25585aba74f8b763341de4bd95) Importer(-1,00000000000000000000000000000000) [PhysX] Initialized MultithreadedTaskDispatcher with 16 workers.
 -> (artifact id: 'e49d65c7cf75521729bcf082a5d91d78') in 0.029418 seconds
Start importing Packages/com.unity.inputsystem/InputSystem/Editor/Icons/d_InputControl@4x.png using Guid(e2078613efd9e410c8771cbd2717f4e7) Importer(-1,00000000000000000000000000000000) [PhysX] Initialized MultithreadedTaskDispatcher with 16 workers.
 -> (artifact id: 'a6c65fe160ff8b0de427ad91134e22f8') in 0.014907 seconds
Start importing Assets/WinterLodge/tex/minecraft/block/spruce_trapdoor.png using Guid(e23ba236bbc8431448d47ac5a6398084) Importer(-1,00000000000000000000000000000000) [PhysX] Initialized MultithreadedTaskDispatcher with 16 workers.
 -> (artifact id: '75834bab9413315e7864d8379d301723') in 0.023247 seconds
Start importing Assets/Resources/questerBackground.png using Guid(e2db8d89e9ade4a4584e79ec6f91375b) Importer(-1,00000000000000000000000000000000) [PhysX] Initialized MultithreadedTaskDispatcher with 16 workers.
 -> (artifact id: 'f32b02abfa4df57d28c5147e4f66a16a') in 0.065545 seconds
Start importing Assets/Scenes/Main/Lightmap-9_comp_shadowmask.png using Guid(e25d58a5a8d7b8340aa543e8bb3f0c8f) Importer(-1,00000000000000000000000000000000) [PhysX] Initialized MultithreadedTaskDispatcher with 16 workers.
 -> (artifact id: 'bf959b5932717996fac8f7a671851466') in 0.013579 seconds
Start importing Assets/Scenes/Main/Lightmap-8_comp_shadowmask.png using Guid(e2cd0dde4724f5242b0ee2e76ae32874) Importer(-1,00000000000000000000000000000000) [PhysX] Initialized MultithreadedTaskDispatcher with 16 workers.
 -> (artifact id: '1e97e2ef5cb94806f8b540a4f634430e') in 0.014584 seconds
Start importing Assets/Scenes/Main/Lightmap-4_comp_light.exr using Guid(f2f020388e5cf7f43b5a9deae21698a0) Importer(-1,00000000000000000000000000000000) [PhysX] Initialized MultithreadedTaskDispatcher with 16 workers.
 -> (artifact id: 'c493d28965589f2dffc7cd91aca372fd') in 0.054306 seconds
Start importing Assets/Scenes/Main/Lightmap-11_comp_shadowmask.png using Guid(f2f18c66b35e07a41a0e3e1ff3f42455) Importer(-1,00000000000000000000000000000000) [PhysX] Initialized MultithreadedTaskDispatcher with 16 workers.
 -> (artifact id: 'cc750670c44d0a74883a35a2abcbbee6') in 0.017760 seconds
Start importing Assets/Resources/UI/TrashBin.png using Guid(f26269d4395b66a43a26cbd02068af0b) Importer(-1,00000000000000000000000000000000) [PhysX] Initialized MultithreadedTaskDispatcher with 16 workers.
 -> (artifact id: 'd1a3e1785576df8a7c6eac64cf28cf14') in 0.023139 seconds
Start importing Assets/WinterLodge/tex/minecraft/block/stripped_spruce_log.png using Guid(f2c6018a4a19271409bad059c6e19eca) Importer(-1,00000000000000000000000000000000) [PhysX] Initialized MultithreadedTaskDispatcher with 16 workers.
 -> (artifact id: '717bc40759fb0dcaea0658f140b9dd51') in 0.014789 seconds
Start importing Packages/com.unity.inputsystem/InputSystem/Editor/Icons/d_Stick@4x.png using Guid(f2fd4d7aa99c94a67a6a137fe979a760) Importer(-1,00000000000000000000000000000000) [PhysX] Initialized MultithreadedTaskDispatcher with 16 workers.
 -> (artifact id: '43060de2f0aa41c744fc65770c3d565b') in 0.015635 seconds
Start importing Assets/Scenes/Main/Lightmap-59_comp_light.exr using Guid(0351874242c164d4a8146eb8103a8ce0) Importer(-1,00000000000000000000000000000000) [PhysX] Initialized MultithreadedTaskDispatcher with 16 workers.
 -> (artifact id: '26d700ad09c0f35a784249364ff83406') in 0.058223 seconds
Start importing Packages/com.unity.inputsystem/InputSystem/Editor/Icons/d_Stick@3x.png using Guid(03c3559bb64164f7785cd1250e475250) Importer(-1,00000000000000000000000000000000) [PhysX] Initialized MultithreadedTaskDispatcher with 16 workers.
 -> (artifact id: '441d0b966663e46f956f7092ad3ebe28') in 0.013209 seconds
Start importing Packages/com.unity.timeline/Editor/StyleSheets/Images/LightSkin/TimelineDisabledBackground.png using Guid(0304baf8d224f3e47b22d872c8dcd412) Importer(-1,00000000000000000000000000000000) [PhysX] Initialized MultithreadedTaskDispatcher with 16 workers.
 -> (artifact id: 'f477594f03aa247bdd00c271599e889c') in 0.013160 seconds
Start importing Packages/com.unity.timeline/Editor/StyleSheets/Images/Icons/TimelineCollapseMarkerButtonEnabled.png using Guid(0367ce1ebbbb18940b79eed63a0315d5) Importer(-1,00000000000000000000000000000000) [PhysX] Initialized MultithreadedTaskDispatcher with 16 workers.
 -> (artifact id: 'a3532a3ef3c0cb606e86cee8c9ea0c3d') in 0.019362 seconds
Start importing Packages/com.unity.inputsystem/InputSystem/Editor/Icons/d_Button.png using Guid(0309256f03c114697813e2296f0a1f18) Importer(-1,00000000000000000000000000000000) [PhysX] Initialized MultithreadedTaskDispatcher with 16 workers.
 -> (artifact id: 'e95fdb8e9b8b8841cb5befe9edd556cf') in 0.019210 seconds
Start importing Assets/Scenes/Main/Lightmap-46_comp_dir.png using Guid(03ed2bbc7e19fc64ab196a73a57fc269) Importer(-1,00000000000000000000000000000000) [PhysX] Initialized MultithreadedTaskDispatcher with 16 workers.
 -> (artifact id: '9eafc41bc0b85553b38565ada454b202') in 0.027514 seconds
Start importing Packages/com.unity.timeline/Editor/StyleSheets/Images/Shared/TimelineDisplay.png using Guid(03ae22b9de3989144a9bebf8972b4fad) Importer(-1,00000000000000000000000000000000) [PhysX] Initialized MultithreadedTaskDispatcher with 16 workers.
 -> (artifact id: 'a4d2b7dcf67ba6560a129c4d8e07d27a') in 0.010948 seconds
Start importing Packages/com.unity.collab-proxy/Editor/Assets/Images/secondarytabclose.png using Guid(03cefa94d5aa9d74993fb2138af9d607) Importer(-1,00000000000000000000000000000000) [PhysX] Initialized MultithreadedTaskDispatcher with 16 workers.
 -> (artifact id: '7dd4a48fc454ba18b013081019ec418c') in 0.012559 seconds
Start importing Packages/com.unity.visualscripting/Editor/VisualScripting.Core/IconMap/SceneVariables.png using Guid(1322acb2dac5e7f4cbae25e022caf9d2) Importer(-1,00000000000000000000000000000000) [PhysX] Initialized MultithreadedTaskDispatcher with 16 workers.
 -> (artifact id: '4eb87e6f10d252f871c8877c96dce6e0') in 0.026009 seconds
Start importing Packages/com.unity.collab-proxy/Editor/Assets/Images/iconclosebutton.png using Guid(13527793884104b46b7446fd7464c3ed) Importer(-1,00000000000000000000000000000000) [PhysX] Initialized MultithreadedTaskDispatcher with 16 workers.
 -> (artifact id: 'ee32564e5e7e24e80eaa1d0313423023') in 0.015277 seconds
Start importing Packages/com.unity.inputsystem/InputSystem/Editor/Icons/Pen@2x.png using Guid(13fb345befe624412ac0bd0138d7bcf2) Importer(-1,00000000000000000000000000000000) [PhysX] Initialized MultithreadedTaskDispatcher with 16 workers.
 -> (artifact id: 'b070c7d699080ffd80d15703f57cb833') in 0.012194 seconds
Start importing Packages/com.unity.collab-proxy/Editor/Assets/Images/d_iconplasticnotifyconflict@2x.png using Guid(23743f0c0ed1e6546808a5d645c2a6a5) Importer(-1,00000000000000000000000000000000) [PhysX] Initialized MultithreadedTaskDispatcher with 16 workers.
 -> (artifact id: '74607eded8826d99c31f399a4d649c27') in 0.017147 seconds
Start importing Packages/com.unity.collab-proxy/Editor/Assets/Images/d_icondeletedremote.png using Guid(23e66f7264c74424889342127f229577) Importer(-1,00000000000000000000000000000000) [PhysX] Initialized MultithreadedTaskDispatcher with 16 workers.
 -> (artifact id: '7ae2d52d43ddd513c85dc09ebb9b08a0') in 0.016526 seconds
Start importing Assets/WinterLodge/Bear/lighter parts.png using Guid(234b12b9af137a84eb5b8ceb9b257114) Importer(-1,00000000000000000000000000000000) [PhysX] Initialized MultithreadedTaskDispatcher with 16 workers.
 -> (artifact id: '6db576be739706d105de173b7ef86b27') in 0.015434 seconds
Start importing Packages/com.unity.timeline/Editor/StyleSheets/Images/Icons/TimelineClipFG.png using Guid(33b1871a2d09cfa459a93f4e8feb5c41) Importer(-1,00000000000000000000000000000000) [PhysX] Initialized MultithreadedTaskDispatcher with 16 workers.
 -> (artifact id: 'e802f8091a3c006afd9bf4ac030b5f6e') in 0.019827 seconds
Start importing Packages/com.unity.inputsystem/InputSystem/Editor/AssetEditor/PackageResources/blue.png using Guid(33f32142c2c2d4662be5f5274db27158) Importer(-1,00000000000000000000000000000000) [PhysX] Initialized MultithreadedTaskDispatcher with 16 workers.
 -> (artifact id: 'bfc11bfcd4b1e419d4564fcf81208f7c') in 0.011450 seconds
Start importing Packages/com.unity.timeline/Editor/StyleSheets/Images/Icons/TrackMarkerButtonDisabled.png using Guid(33a52b41b4de5874ca7da1da32067e39) Importer(-1,00000000000000000000000000000000) [PhysX] Initialized MultithreadedTaskDispatcher with 16 workers.
 -> (artifact id: 'a1a59a86ee40e591116a64874471582b') in 0.021400 seconds
Start importing Assets/Scenes/Main/Lightmap-36_comp_light.exr using Guid(3329d44c4fd4f2a41ad48068caaf4904) Importer(-1,00000000000000000000000000000000) [PhysX] Initialized MultithreadedTaskDispatcher with 16 workers.
 -> (artifact id: '9b65e6a557865b612ccc6a8e478f823d') in 0.057141 seconds
Start importing Packages/com.unity.timeline/Editor/StyleSheets/Images/Icons/d_TrackCurvesButtonEnabled@2x.png using Guid(43ed4593c5ddda0439fcc1bdaf8309fe) Importer(-1,00000000000000000000000000000000) [PhysX] Initialized MultithreadedTaskDispatcher with 16 workers.
 -> (artifact id: '8f224bb470d7c274dfce59350191d3cb') in 0.012577 seconds
Start importing Packages/com.unity.timeline/Editor/StyleSheets/Images/DarkSkin/TimelinePlayRange.png using Guid(43eeff8a446b32242a4fb1a5c1bd7b8e) Importer(-1,00000000000000000000000000000000) [PhysX] Initialized MultithreadedTaskDispatcher with 16 workers.
 -> (artifact id: '99803b6e38033dbaa71f2aae3afcdb89') in 0.021474 seconds
Start importing Assets/WinterLodge/tex/minecraft/block/ladder.png using Guid(63411e79350882f4fb3bd029cd5975df) Importer(-1,00000000000000000000000000000000) [PhysX] Initialized MultithreadedTaskDispatcher with 16 workers.
 -> (artifact id: '8721e7112e4a423920582306a99ff278') in 0.021881 seconds
Start importing Assets/WinterLodge/tex/minecraft/block/red_wool.png using Guid(6393cd30ba1d07b4e96d826d86464a2f) Importer(-1,00000000000000000000000000000000) [PhysX] Initialized MultithreadedTaskDispatcher with 16 workers.
 -> (artifact id: '9dc81b067b41357680026e172fb27bff') in 0.015641 seconds
Start importing Assets/Scenes/Main/Lightmap-27_comp_light.exr using Guid(6325c9863aa06ed4eb53d84659380b64) Importer(-1,00000000000000000000000000000000) [PhysX] Initialized MultithreadedTaskDispatcher with 16 workers.
 -> (artifact id: 'e38768c9373be609b3dae2762f12e6f9') in 0.059779 seconds
Start importing Packages/com.unity.collab-proxy/Editor/Assets/Images/iconoutofsync.png using Guid(636d03a8834e3ed4cac3a1cb4b82deaf) Importer(-1,00000000000000000000000000000000) [PhysX] Initialized MultithreadedTaskDispatcher with 16 workers.
 -> (artifact id: '23a365917a0d6ae098fb4f35f93e1c32') in 0.013102 seconds
Start importing Packages/com.unity.collab-proxy/Editor/Assets/Images/d_iconaddedoverlay.png using Guid(73d124bf77e463c45942d14136745d9f) Importer(-1,00000000000000000000000000000000) [PhysX] Initialized MultithreadedTaskDispatcher with 16 workers.
 -> (artifact id: '844328d4e8ce6ece4281a49d24ad308e') in 0.013625 seconds
Start importing Packages/com.unity.timeline/Editor/StyleSheets/Images/Icons/TimelineSelector.png using Guid(73f5ebb64da7b2a40ab6bffac80f1a61) Importer(-1,00000000000000000000000000000000) [PhysX] Initialized MultithreadedTaskDispatcher with 16 workers.
 -> (artifact id: 'bc27c9d8a58b5bcf459f452d4f7b10d2') in 0.021355 seconds
Start importing Assets/WinterLodge/tex/minecraft/block/bamboo_stalk.png using Guid(73583ff06ea5af246b21d646e5819dac) Importer(-1,00000000000000000000000000000000) [PhysX] Initialized MultithreadedTaskDispatcher with 16 workers.
 -> (artifact id: '9d282e70fd8b9dbb5f14c68c6f5ff4cd') in 0.018792 seconds
Start importing Assets/Scenes/Main/Lightmap-46_comp_shadowmask.png using Guid(730aa9bd2a6d20842a5f811aaacaf339) Importer(-1,00000000000000000000000000000000) [PhysX] Initialized MultithreadedTaskDispatcher with 16 workers.
 -> (artifact id: '3e6a1f5228e5aea616621cc45e0cd484') in 0.015939 seconds
Start importing Packages/com.unity.collab-proxy/Editor/Assets/Images/iconinfobellnotification@2x.png using Guid(830164d71b9d60c40b606822b957d10b) Importer(-1,00000000000000000000000000000000) [PhysX] Initialized MultithreadedTaskDispatcher with 16 workers.
 -> (artifact id: '5f206e75978bed992ce15dc61ee9dc20') in 0.017841 seconds
Start importing Packages/com.unity.inputsystem/InputSystem/Editor/Icons/d_Gamepad@4x.png using Guid(83438053370c84456a73f7f95ef821fb) Importer(-1,00000000000000000000000000000000) [PhysX] Initialized MultithreadedTaskDispatcher with 16 workers.
 -> (artifact id: '293d25064340a7d15dd4976ccc99f5c3') in 0.014756 seconds
Start importing Assets/Scenes/Main/Lightmap-18_comp_light.exr using Guid(832819bf8dba80c45a430c17eb2cbe72) Importer(-1,00000000000000000000000000000000) [PhysX] Initialized MultithreadedTaskDispatcher with 16 workers.
 -> (artifact id: '81e697cca0ad9cd6442104f9564516c8') in 0.059714 seconds
Start importing Packages/com.unity.inputsystem/InputSystem/Editor/Icons/d_Keyboard.png using Guid(83382fb171da648c594229ca6fa7ad94) Importer(-1,00000000000000000000000000000000) [PhysX] Initialized MultithreadedTaskDispatcher with 16 workers.
 -> (artifact id: '4256b1f99387350317e8a27a83a8006d') in 0.012528 seconds
Start importing Assets/Resources/Materials/export202201252311597020.png using Guid(839b852ee4fcea3409f7f8e239536537) Importer(-1,00000000000000000000000000000000) [PhysX] Initialized MultithreadedTaskDispatcher with 16 workers.
 -> (artifact id: 'bc3b8b104e0447489ab889cf83ec19dd') in 0.042563 seconds
Start importing Assets/Scenes/Main/Lightmap-19_comp_dir.png using Guid(833c08b3afe053041a7102c408c422d0) Importer(-1,00000000000000000000000000000000) [PhysX] Initialized MultithreadedTaskDispatcher with 16 workers.
 -> (artifact id: '8038d6029cb8bebef2b10338385a2279') in 0.044854 seconds
Start importing Assets/Scenes/Main/Lightmap-33_comp_light.exr using Guid(9344c5fcb34c06b40b77d1133e6466d0) Importer(-1,00000000000000000000000000000000) [PhysX] Initialized MultithreadedTaskDispatcher with 16 workers.
 -> (artifact id: 'cd8b6d9f8e8aff940b33da804c9dfba0') in 0.057166 seconds
Start importing Packages/com.unity.timeline/Editor/StyleSheets/Images/Icons/TrackCurvesButtonDisabled@2x.png using Guid(a383d8b1327c9254896ad76d6efaf357) Importer(-1,00000000000000000000000000000000) [PhysX] Initialized MultithreadedTaskDispatcher with 16 workers.
 -> (artifact id: 'ca9dbb23ce45c583e706815e2a63ca18') in 0.023043 seconds
Start importing Packages/com.unity.collab-proxy/Editor/Assets/Images/icondeletedlocaloverlay@2x.png using Guid(a3e491f99ea3ad74f8731ca93e84c497) Importer(-1,00000000000000000000000000000000) [PhysX] Initialized MultithreadedTaskDispatcher with 16 workers.
 -> (artifact id: 'ca011ab3ea19f96f1ec62ed9b3248109') in 0.014320 seconds
Start importing Packages/com.unity.inputsystem/InputSystem/Editor/Icons/Position@2x.png using Guid(a3fa73829479e4b41965e749fcca7c12) Importer(-1,00000000000000000000000000000000) [PhysX] Initialized MultithreadedTaskDispatcher with 16 workers.
 -> (artifact id: '6c494fc0d949d947d9f0ebdd71888cb3') in 0.013235 seconds
Start importing Packages/com.unity.collab-proxy/Editor/Assets/Images/d_iconconflictedoverlay@2x.png using Guid(a3ced8f7044b9de4787602a9e9b20ea7) Importer(-1,00000000000000000000000000000000) [PhysX] Initialized MultithreadedTaskDispatcher with 16 workers.
 -> (artifact id: '4532b9a7b8fc77dba8eb140ad06fd1d5') in 0.014734 seconds
Start importing Packages/com.unity.timeline/Editor/StyleSheets/Images/Icons/d_TrackMarkerButtonDisabled.png using Guid(b3644a971cca0bd4eb357cb9aca4dde1) Importer(-1,00000000000000000000000000000000) [PhysX] Initialized MultithreadedTaskDispatcher with 16 workers.
 -> (artifact id: '9f425e6d450c87dca0440001db23fd59') in 0.012384 seconds
Start importing Assets/WinterLodge/tex/minecraft/entity/cat/cat.png using Guid(b33e0d43ed5d81c43b5e55640719c78c) Importer(-1,00000000000000000000000000000000) [PhysX] Initialized MultithreadedTaskDispatcher with 16 workers.
 -> (artifact id: 'e913b64204e008665b43dbea9598af81') in 0.026623 seconds
Start importing Assets/Scenes/Main/Lightmap-14_comp_shadowmask.png using Guid(c310ee2a6fb04c44e8f23230cd414503) Importer(-1,00000000000000000000000000000000) [PhysX] Initialized MultithreadedTaskDispatcher with 16 workers.
 -> (artifact id: '89c8ccef48974c9aef594dc9374b054c') in 0.006121 seconds
Start importing Packages/com.unity.timeline/Editor/StyleSheets/Images/Icons/TrackMarkerButtonEnabled@2x.png using Guid(c35a22ede3f5feb488bf69587ddc36ed) Importer(-1,00000000000000000000000000000000) [PhysX] Initialized MultithreadedTaskDispatcher with 16 workers.
 -> (artifact id: '04aba32c043739d08762d5e1ec5bcc6e') in 0.021195 seconds
Start importing Packages/com.unity.collab-proxy/Editor/Assets/Images/d_iconretainedoverlay@2x.png using Guid(c34cd61ed96ff9a40a54e159467c5155) Importer(-1,00000000000000000000000000000000) [PhysX] Initialized MultithreadedTaskDispatcher with 16 workers.
 -> (artifact id: '40eb807d6545b8dce840b24df67d4008') in 0.014038 seconds
Start importing Packages/com.unity.timeline/Editor/StyleSheets/Images/DarkSkin/TimelinePingPong.png using Guid(d3b5c4f7d6b94f64085b3713bffa680e) Importer(-1,00000000000000000000000000000000) [PhysX] Initialized MultithreadedTaskDispatcher with 16 workers.
 -> (artifact id: '39fe175118f55ecc0175f476ca091383') in 0.017601 seconds
Start importing Packages/com.unity.textmeshpro/Editor Resources/Textures/SectionHeader_Light.psd using Guid(e3b0f810fdea84e40ab4ba20f256f7e8) Importer(-1,00000000000000000000000000000000) [PhysX] Initialized MultithreadedTaskDispatcher with 16 workers.
 -> (artifact id: 'bd7f95e24dc88f91f7e1ddb39b23f700') in 0.026047 seconds
Start importing Assets/WinterLodge/tex/minecraft/block/spruce_planks.png using Guid(f3f3bef990685034992d4892c72d2236) Importer(-1,00000000000000000000000000000000) [PhysX] Initialized MultithreadedTaskDispatcher with 16 workers.
 -> (artifact id: '21a4b8b7fda0a9fe167ab786da3c68a1') in 0.016115 seconds
Start importing Assets/WinterLodge/tex/minecraft/block/stone_bricks.png using Guid(f3fc34069dc67fb4f9e22c32a2436264) Importer(-1,00000000000000000000000000000000) [PhysX] Initialized MultithreadedTaskDispatcher with 16 workers.
 -> (artifact id: '55c020b0385805580bb33ad630919fb8') in 0.016598 seconds
Start importing Packages/com.unity.collab-proxy/Editor/Assets/Images/d_iconplasticnotifyincoming.png using Guid(f31d2c855644aad4cb2030bce12859f6) Importer(-1,00000000000000000000000000000000) [PhysX] Initialized MultithreadedTaskDispatcher with 16 workers.
 -> (artifact id: '41fd7a8ef32039aa1743cb9d11b15aec') in 0.014535 seconds
Start importing Packages/com.unity.collab-proxy/Editor/Assets/Images/d_iconinfobellnotification.png using Guid(f38e832edef3ab648bcc2ab5dfa2906d) Importer(-1,00000000000000000000000000000000) [PhysX] Initialized MultithreadedTaskDispatcher with 16 workers.
 -> (artifact id: '49da331c002576b3341f421332dcbde9') in 0.014307 seconds
Start importing Packages/com.unity.2d.sprite/Editor/ObjectMenuCreation/DefaultAssets/Textures/IsometricDiamond.png using Guid(045b15ec09bba42448d89db77fa6f20a) Importer(-1,00000000000000000000000000000000) [PhysX] Initialized MultithreadedTaskDispatcher with 16 workers.
 -> (artifact id: 'e34d8aa7438037a9c63540c99cbb9a16') in 0.015891 seconds
Start importing Assets/Scenes/Main/Lightmap-4_comp_shadowmask.png using Guid(049beacb87e192e44a11ff9dc94b017a) Importer(-1,00000000000000000000000000000000) [PhysX] Initialized MultithreadedTaskDispatcher with 16 workers.
 -> (artifact id: '5c58c84139d890e66f45974eec442815') in 0.014246 seconds
Start importing Packages/com.unity.collab-proxy/Editor/Assets/Images/d_buttonssosigninemail@2x.png using Guid(144aa74618b85974a9a50f612c2fa8fd) Importer(-1,00000000000000000000000000000000) [PhysX] Initialized MultithreadedTaskDispatcher with 16 workers.
 -> (artifact id: '90a59a2a74a803f99803cf985fae2e56') in 0.015070 seconds
Start importing Assets/Scenes/Main/Lightmap-18_comp_dir.png using Guid(142cce96315579d408857f83797b1dc2) Importer(-1,00000000000000000000000000000000) [PhysX] Initialized MultithreadedTaskDispatcher with 16 workers.
 -> (artifact id: 'd0857a55156ebba1d234babd4d2b4eb4') in 0.032580 seconds
Start importing Assets/Scenes/Main/Lightmap-13_comp_dir.png using Guid(144c365ecad62ab4193ea385d42420e8) Importer(-1,00000000000000000000000000000000) [PhysX] Initialized MultithreadedTaskDispatcher with 16 workers.
 -> (artifact id: 'e44fef817f2dcf419150797045665f5a') in 0.037051 seconds
Start importing Assets/Scenes/Main/Lightmap-49_comp_shadowmask.png using Guid(24104a2e8a86fd248869929c64b66aed) Importer(-1,00000000000000000000000000000000) [PhysX] Initialized MultithreadedTaskDispatcher with 16 workers.
 -> (artifact id: 'a78c0c31bf12a5aa2b99a448af0c1f5b') in 0.018533 seconds
Start importing Packages/com.unity.timeline/Editor/StyleSheets/Images/Icons/d_TimelineCollapseMarkerButtonEnabled.png using Guid(2446ee609b613cd4e9142ccc55cb7c43) Importer(-1,00000000000000000000000000000000) [PhysX] Initialized MultithreadedTaskDispatcher with 16 workers.
 -> (artifact id: 'd42db1cb753959b07a583d104b2f8340') in 0.022927 seconds
Start importing Assets/Scenes/Main/Lightmap-3_comp_light.exr using Guid(24b94cf6229e063478e9aa7d9092e069) Importer(-1,00000000000000000000000000000000) [PhysX] Initialized MultithreadedTaskDispatcher with 16 workers.
 -> (artifact id: '1465e9047d459ad5dd0b93b1c85d5c93') in 0.059228 seconds
Start importing Packages/com.unity.timeline/Editor/StyleSheets/Images/LightSkin/TimelineMarkerItem.png using Guid(24b97c67b63a23b48bea4036d28a5818) Importer(-1,00000000000000000000000000000000) [PhysX] Initialized MultithreadedTaskDispatcher with 16 workers.
 -> (artifact id: 'c853d869658a7a0b4cb49d9c1b5fdca1') in 0.015045 seconds
Start importing Assets/Resources/UI/notebook.png using Guid(24c91d41f0bb3ee46b401c4f30b12b0c) Importer(-1,00000000000000000000000000000000) [PhysX] Initialized MultithreadedTaskDispatcher with 16 workers.
 -> (artifact id: 'c0f7c2e55683d4edbb592927194cfb17') in 0.027021 seconds
Start importing Assets/WinterLodge/tex/minecraft/block/birch_log.png using Guid(249b223c3528965468cbc547ebeab01f) Importer(-1,00000000000000000000000000000000) [PhysX] Initialized MultithreadedTaskDispatcher with 16 workers.
 -> (artifact id: '7a0486d9f9cb1545c006f68cdc1122f0') in 0.020359 seconds
Start importing Packages/com.unity.collab-proxy/Editor/Assets/Images/d_stepok@2x.png using Guid(3494dc956dfd7174abc07060940a2848) Importer(-1,00000000000000000000000000000000) [PhysX] Initialized MultithreadedTaskDispatcher with 16 workers.
 -> (artifact id: 'ad4d051733929205408a82d79e4b5cbd') in 0.013988 seconds
Start importing Assets/WinterLodge/tex/minecraft/block/piston_top.png using Guid(344714811f76f6a47bdbb56cc706dbde) Importer(-1,00000000000000000000000000000000) [PhysX] Initialized MultithreadedTaskDispatcher with 16 workers.
 -> (artifact id: '1ddb8fe14a36207b3f8acfded3d78531') in 0.020599 seconds
Start importing Packages/com.unity.2d.sprite/Editor/ObjectMenuCreation/DefaultAssets/Textures/CapsuleWithBorder.png using Guid(34587324d412940a79d530020c957dc0) Importer(-1,00000000000000000000000000000000) [PhysX] Initialized MultithreadedTaskDispatcher with 16 workers.
 -> (artifact id: 'dfb9030d2ef154bfdeef86714208b9d5') in 0.017429 seconds
Start importing Packages/com.unity.inputsystem/InputSystem/Editor/Icons/d_Axis.png using Guid(34f9452ba2ee14c0b9c976800caef571) Importer(-1,00000000000000000000000000000000) [PhysX] Initialized MultithreadedTaskDispatcher with 16 workers.
 -> (artifact id: '456704d6e3fef82a57e8294d0035ae73') in 0.011968 seconds
Start importing Packages/com.unity.textmeshpro/Editor Resources/Textures/btn_AlignRight.psd using Guid(342a0f8aca7f4f0691338912faec0494) Importer(-1,00000000000000000000000000000000) [PhysX] Initialized MultithreadedTaskDispatcher with 16 workers.
 -> (artifact id: 'bee9aaac2a0b94ff3e7104f10f857b0e') in 0.021751 seconds
Start importing Assets/Resources/trapdoorside.png using Guid(343c3159773cf5940b304736ec71ecf0) Importer(-1,00000000000000000000000000000000) [PhysX] Initialized MultithreadedTaskDispatcher with 16 workers.
 -> (artifact id: '734c5ec4a6974bca9c5f24505e0c2eea') in 0.006668 seconds
Start importing Assets/Scenes/Main/Lightmap-16_comp_light.exr using Guid(44052f4abfba5ea478f885835baf7d9d) Importer(-1,00000000000000000000000000000000) [PhysX] Initialized MultithreadedTaskDispatcher with 16 workers.
 -> (artifact id: '7362a8e7fcccf9df14b4e53bf9c67794') in 0.065172 seconds
Start importing Assets/Scenes/Main/Lightmap-3_comp_dir.png using Guid(54d08afa1267ed54db2070adadf8c81c) Importer(-1,00000000000000000000000000000000) [PhysX] Initialized MultithreadedTaskDispatcher with 16 workers.
 -> (artifact id: '3ae2bd9fa25b30e3f16e3a182ab5e080') in 0.060629 seconds
Start importing Packages/com.unity.timeline/Editor/StyleSheets/Images/Icons/TrackAvatarButtonDisabled.png using Guid(54623075676bd504d93243fb18745161) Importer(-1,00000000000000000000000000000000) [PhysX] Initialized MultithreadedTaskDispatcher with 16 workers.
 -> (artifact id: '1a0d92da192d2610ada93e7dccbb61d8') in 0.022008 seconds
Start importing Packages/com.unity.inputsystem/InputSystem/Editor/Icons/d_Interactive Binding@3x.png using Guid(542599ad529004327a7b18f7b2a4aeb8) Importer(-1,00000000000000000000000000000000) [PhysX] Initialized MultithreadedTaskDispatcher with 16 workers.
 -> (artifact id: '66b6203d3b8eab7c9b35f018e812d426') in 0.013228 seconds
Start importing Packages/com.unity.xr.openxr.picoxr/Assets/Resources/Controller/PICO 4U/Texture/o_com_PICO4U_power_04.png using Guid(5496c96b97fb7ee469f4ca36671c32d0) Importer(-1,00000000000000000000000000000000) [PhysX] Initialized MultithreadedTaskDispatcher with 16 workers.
 -> (artifact id: '294fbdcfe76ee67545dd66ebe02672e1') in 0.018158 seconds
Start importing Assets/WinterLodge/tex/minecraft/block/large_amethyst_bud.png using Guid(5408eeb0afeebac4fa7f651151c0bbef) Importer(-1,00000000000000000000000000000000) [PhysX] Initialized MultithreadedTaskDispatcher with 16 workers.
 -> (artifact id: '208a6044faa7ba220d833ec2c0b3272f') in 0.020121 seconds
Start importing Assets/Scenes/Main/Lightmap-30_comp_light.exr using Guid(54fc161d4c5333c46acff507c0f06737) Importer(-1,00000000000000000000000000000000) [PhysX] Initialized MultithreadedTaskDispatcher with 16 workers.
 -> (artifact id: '7af814adb0da0cddc860194ac04f9b61') in 0.059363 seconds
Start importing Packages/com.unity.xr.openxr.picoxr/Assets/Resources/Controller/PICO 4U/Textures/Power/o_com_PICO4U_power_05.png using Guid(64029f435f4d71f4999ea9c75b80c91a) Importer(-1,00000000000000000000000000000000) [PhysX] Initialized MultithreadedTaskDispatcher with 16 workers.
 -> (artifact id: 'aa46bb7a5e78d0f492f1414476e95b07') in 0.024315 seconds
Start importing Assets/WinterLodge/tex/minecraft/block/barrel_bottom.png using Guid(6475ddb97c1be7149a76942a19453672) Importer(-1,00000000000000000000000000000000) [PhysX] Initialized MultithreadedTaskDispatcher with 16 workers.
 -> (artifact id: 'b2c63c3999a6078499abe4f3e4006846') in 0.018503 seconds
Start importing Packages/com.unity.textmeshpro/Editor Resources/Textures/btn_AlignFlush_Light.psd using Guid(64b9fad609434c489c32b1cdf2004a1c) Importer(-1,00000000000000000000000000000000) [PhysX] Initialized MultithreadedTaskDispatcher with 16 workers.
 -> (artifact id: '718a540baebf5a12b2f6467b7a348f4c') in 0.028271 seconds
Start importing Assets/WinterLodge/tex/minecraft/block/oak_log.png using Guid(74b01a2b5a82eae4f947d8a818ec5097) Importer(-1,00000000000000000000000000000000) [PhysX] Initialized MultithreadedTaskDispatcher with 16 workers.
 -> (artifact id: '65bc783c7e5bddd5e18f9c589467994e') in 0.017206 seconds
Start importing Packages/com.unity.2d.sprite/Editor/Assets/d_SpriteEditor@2x.png using Guid(74d9036aa1bb14ccfafb89d639870288) Importer(-1,00000000000000000000000000000000) [PhysX] Initialized MultithreadedTaskDispatcher with 16 workers.
 -> (artifact id: '08a40f5cb34eef8370c324f9835307d2') in 0.015215 seconds
Start importing Assets/Scenes/Main/Lightmap-15_comp_light.exr using Guid(741bb3294d51ad1498ccfad8eb2fd17f) Importer(-1,00000000000000000000000000000000) [PhysX] Initialized MultithreadedTaskDispatcher with 16 workers.
 -> (artifact id: '90ca3871bab507ff8822626bd85aab90') in 0.063088 seconds
Start importing Packages/com.unity.visualscripting/Graphics/Icons_16x_72dpi.psd using Guid(749d1db079e2d5e4ea440488ee312b04) Importer(-1,00000000000000000000000000000000) [PhysX] Initialized MultithreadedTaskDispatcher with 16 workers.
 -> (artifact id: '23bb5eb49d9e4a24592de72b630c61d7') in 0.030004 seconds
Start importing Assets/Resources/UI/ExitButton.png using Guid(742ecdc062c8fa545b0cf066ecf9d7c5) Importer(-1,00000000000000000000000000000000) [PhysX] Initialized MultithreadedTaskDispatcher with 16 workers.
 -> (artifact id: '07df964e11e5d20a66cab98ff504c2c2') in 0.022797 seconds
Start importing Packages/com.unity.collab-proxy/Editor/Assets/Images/iconaddedoverlay@2x.png using Guid(74ef721fef79c44489d4e3edb0ab0c01) Importer(-1,00000000000000000000000000000000) [PhysX] Initialized MultithreadedTaskDispatcher with 16 workers.
 -> (artifact id: 'fe8783117151d9edd9e787df42e7c0f8') in 0.014249 seconds
Start importing Assets/Scenes/Main/Lightmap-43_comp_light.exr using Guid(84573fb7200c60341ad7362b82741015) Importer(-1,00000000000000000000000000000000) [PhysX] Initialized MultithreadedTaskDispatcher with 16 workers.
 -> (artifact id: '7c8993b639c0f1641ed06d3f40c7ebeb') in 0.055290 seconds
Start importing Packages/com.unity.visualscripting/Editor/VisualScripting.Core/IconMap/UnityMessageListener@32x.png using Guid(9494e5b136d34c74f96fb0df4a7b9a77) Importer(-1,00000000000000000000000000000000) [PhysX] Initialized MultithreadedTaskDispatcher with 16 workers.
 -> (artifact id: '6f7d119b9dc7ada7bc06c557173b23ad') in 0.017313 seconds
Start importing Packages/com.unity.inputsystem/InputSystem/Editor/Icons/d_Touch.png using Guid(94fa2e214a138425e8afbbe1329e0b55) Importer(-1,00000000000000000000000000000000) [PhysX] Initialized MultithreadedTaskDispatcher with 16 workers.
 -> (artifact id: '78c996f8332684c12a92da127d84fe10') in 0.013758 seconds
Start importing Packages/com.unity.inputsystem/InputSystem/Editor/AssetEditor/PackageResources/pro/actionTreeBackgroundWithoutBorder.png using Guid(943deaaee9c9347e0a455aa208526c42) Importer(-1,00000000000000000000000000000000) [PhysX] Initialized MultithreadedTaskDispatcher with 16 workers.
 -> (artifact id: 'd251d617dc633566180de580546124af') in 0.013681 seconds
Start importing Assets/Scenes/Main/Lightmap-49_comp_dir.png using Guid(94dd2c9a89e5e6b428f8f62c2c98f760) Importer(-1,00000000000000000000000000000000) [PhysX] Initialized MultithreadedTaskDispatcher with 16 workers.
 -> (artifact id: '94e90991cdad69c6db8a49922af212aa') in 0.031190 seconds
Start importing Packages/com.unity.collab-proxy/Editor/Assets/Images/iconpressedclosebutton.png using Guid(94fe868620119564f9474f40cd6145aa) Importer(-1,00000000000000000000000000000000) [PhysX] Initialized MultithreadedTaskDispatcher with 16 workers.
 -> (artifact id: 'fa539631ddca80784222bac9facb2ead') in 0.014621 seconds
Start importing Assets/WinterLodge/Mushroom/DIRT.png using Guid(944fe4bd62056234c957d7bacd7fcf1c) Importer(-1,00000000000000000000000000000000) [PhysX] Initialized MultithreadedTaskDispatcher with 16 workers.
 -> (artifact id: 'f344c35dc0afdc5a0ff05b4a4bb8ba65') in 0.020442 seconds
Start importing Packages/com.unity.timeline/Editor/StyleSheets/Images/Icons/Timeline-Marker-Warning-Overlay.png using Guid(945f4ecec6df62244b9ebcc363833642) Importer(-1,00000000000000000000000000000000) [PhysX] Initialized MultithreadedTaskDispatcher with 16 workers.
 -> (artifact id: 'd5bc7c6676b835a2e27808b96239d83b') in 0.024487 seconds
Start importing Packages/com.unity.inputsystem/InputSystem/Editor/Icons/Joystick@3x.png using Guid(a4610f64a5a4e4625b1ddbd44b04c5a6) Importer(-1,00000000000000000000000000000000) [PhysX] Initialized MultithreadedTaskDispatcher with 16 workers.
 -> (artifact id: '00c2f421d7635b68db6fddb4e67e3d9b') in 0.017955 seconds
Start importing Packages/com.unity.inputsystem/InputSystem/Editor/Icons/TrackedPoseDriver.png using Guid(a4d5a38cb01e9c54aa75431f797059cb) Importer(-1,00000000000000000000000000000000) [PhysX] Initialized MultithreadedTaskDispatcher with 16 workers.
 -> (artifact id: '42587d0b4bef031c50be600c25fd8968') in 0.009850 seconds
Start importing Packages/com.unity.inputsystem/InputSystem/Editor/Icons/d_Add Binding.png using Guid(a4bbff684804d4c84b61cd0256cd2360) Importer(-1,00000000000000000000000000000000) [PhysX] Initialized MultithreadedTaskDispatcher with 16 workers.
 -> (artifact id: 'f165724faf123b46a09baf98f18c9a64') in 0.013621 seconds
Start importing Packages/com.unity.inputsystem/InputSystem/Editor/Icons/Position@3x.png using Guid(a43c2c10c85c448b584c8f2840f86915) Importer(-1,00000000000000000000000000000000) [PhysX] Initialized MultithreadedTaskDispatcher with 16 workers.
 -> (artifact id: '141d8330a5f5691170133a5e9216aaa8') in 0.014825 seconds
Start importing Packages/com.unity.inputsystem/InputSystem/Editor/Icons/Stick@3x.png using Guid(a4deca3e01bf64bfc9136f4cb3b41c9f) Importer(-1,00000000000000000000000000000000) [PhysX] Initialized MultithreadedTaskDispatcher with 16 workers.
 -> (artifact id: 'ab1010ac331c14fb6c2eddac839ba5fc') in 0.012074 seconds
Start importing Assets/Resources/UI/error.png using Guid(a4ffbc1ca8af1b9438ce9e5df01a5f18) Importer(-1,00000000000000000000000000000000) [PhysX] Initialized MultithreadedTaskDispatcher with 16 workers.
 -> (artifact id: '0261e53ad7a0933cc5fdf04e7257c26d') in 0.022313 seconds
Start importing Packages/com.unity.collab-proxy/Editor/Assets/Images/iconinviteusers@2x.png using Guid(b43651fb085b38445ade3f9de3ab0636) Importer(-1,00000000000000000000000000000000) [PhysX] Initialized MultithreadedTaskDispatcher with 16 workers.
 -> (artifact id: '9ea8892ff67b7d74ac2f5c555d88a00f') in 0.014983 seconds
Start importing Assets/Scenes/Main/Lightmap-6_comp_shadowmask.png using Guid(b43a869484c697b4cbfd2bea998d870e) Importer(-1,00000000000000000000000000000000) [PhysX] Initialized MultithreadedTaskDispatcher with 16 workers.
 -> (artifact id: 'ba4550e4a1d10312f3e0394e930f0d2c') in 0.013521 seconds
Start importing Packages/com.unity.inputsystem/InputSystem/Editor/Icons/d_InputControl@2x.png using Guid(c4235c4abfa134435bd4c8c1f8fd8c56) Importer(-1,00000000000000000000000000000000) [PhysX] Initialized MultithreadedTaskDispatcher with 16 workers.
 -> (artifact id: '170d7492789d62b3b5c43023d55a7697') in 0.012887 seconds
Start importing Packages/com.unity.xr.openxr.picoxr/Assets/Resources/Controller/PICO 4U/Texture/o_com_PICO4U_02_a.png using Guid(c4959a0adbe7a874cb1b2b7641284ede) Importer(-1,00000000000000000000000000000000) [PhysX] Initialized MultithreadedTaskDispatcher with 16 workers.
 -> (artifact id: '99b3d574239328dd482ce902a5091315') in 0.024025 seconds
Start importing Packages/com.unity.inputsystem/InputSystem/Editor/AssetEditor/PackageResources/pro/actionTreeBackground.png using Guid(c4b66e31395c54087a2fbc13ae7e0f3c) Importer(-1,00000000000000000000000000000000) [PhysX] Initialized MultithreadedTaskDispatcher with 16 workers.
 -> (artifact id: '8e86c32461e6ca767731a7daa2269441') in 0.013315 seconds
Start importing Packages/com.unity.inputsystem/InputSystem/Editor/Icons/ChevronUp@4x.png using Guid(c4f7551c56dfb47a7a105b6579646d2f) Importer(-1,00000000000000000000000000000000) [PhysX] Initialized MultithreadedTaskDispatcher with 16 workers.
 -> (artifact id: '0c7460afd44f9de75cdb7cb475b89a73') in 0.012480 seconds
Start importing Assets/Scenes/Main/Lightmap-59_comp_dir.png using Guid(c40a5abe1bb2d1b48bf06480af27885a) Importer(-1,00000000000000000000000000000000) [PhysX] Initialized MultithreadedTaskDispatcher with 16 workers.
 -> (artifact id: '2a9b9c548be2403d241f77b58579761e') in 0.025662 seconds
Start importing Assets/WinterLodge/tex/minecraft/block/potted_azalea_bush_top.png using Guid(c4bb5fc6e11cfba449ea5c3deab3355e) Importer(-1,00000000000000000000000000000000) [PhysX] Initialized MultithreadedTaskDispatcher with 16 workers.
 -> (artifact id: '3057ca6987a34af80c5d5c23157ed921') in 0.016203 seconds
Start importing Packages/com.unity.xr.openxr.picoxr/Platform/Samples/Materials/skybox.tif using Guid(d485f7a8b4cddcc469daf84f71b5a7f8) Importer(-1,00000000000000000000000000000000) [PhysX] Initialized MultithreadedTaskDispatcher with 16 workers.
 -> (artifact id: 'e6bba68b895250262ee19e4aa7765c3e') in 0.102388 seconds
Start importing Packages/com.unity.collab-proxy/Editor/Assets/Images/stepok.png using Guid(d4780dc1205c7c7478c970d8c61d24e8) Importer(-1,00000000000000000000000000000000) [PhysX] Initialized MultithreadedTaskDispatcher with 16 workers.
 -> (artifact id: '4e14f22dad1be9f7b36b718f2ed859fb') in 0.018132 seconds
Start importing Assets/Scenes/Main/Lightmap-59_comp_shadowmask.png using Guid(d46c2c0f35977f64e9f6fe463b5ff60b) Importer(-1,00000000000000000000000000000000) [PhysX] Initialized MultithreadedTaskDispatcher with 16 workers.
 -> (artifact id: '823e62761d3d3d93580974fd25b51b5c') in 0.012191 seconds
Start importing Packages/com.unity.timeline/Editor/StyleSheets/Images/Icons/TimelineClipBG.png using Guid(d44fc8b11425e0043aa7c20a301ce707) Importer(-1,00000000000000000000000000000000) [PhysX] Initialized MultithreadedTaskDispatcher with 16 workers.
 -> (artifact id: '4bf0e5dd8747e3ec5bfc0c6db0204ead') in 0.013132 seconds
Start importing Packages/com.unity.collab-proxy/Editor/Assets/Images/d_iconbrex.png using Guid(d44f9c7a4044e1845b5b3627ba32fb10) Importer(-1,00000000000000000000000000000000) [PhysX] Initialized MultithreadedTaskDispatcher with 16 workers.
 -> (artifact id: 'ff396b36d74bb72388bea8680b7daed2') in 0.005316 seconds
Start importing Packages/com.unity.collab-proxy/Editor/Assets/Images/iconbranches@2x.png using Guid(e45389a8a97044d4caf408f252370632) Importer(-1,00000000000000000000000000000000) [PhysX] Initialized MultithreadedTaskDispatcher with 16 workers.
 -> (artifact id: 'c4f97d411a86c8be6d817a44dbad9b12') in 0.013984 seconds
Start importing Assets/WinterLodge/tex/minecraft/block/cauldron_side.png using Guid(e47507046f82020448b995638fbdd41e) Importer(-1,00000000000000000000000000000000) [PhysX] Initialized MultithreadedTaskDispatcher with 16 workers.
 -> (artifact id: '652619e108a8e6ba9a0d56f09659db85') in 0.015260 seconds
Start importing Assets/Scenes/Main/Lightmap-6_comp_light.exr using Guid(e458c2a19bfd2a946a96a99b565d802b) Importer(-1,00000000000000000000000000000000) [PhysX] Initialized MultithreadedTaskDispatcher with 16 workers.
 -> (artifact id: 'c3d31d358fe465eed6b0daccf6371414') in 0.058999 seconds
Start importing Packages/com.unity.inputsystem/InputSystem/Editor/Icons/d_ChevronUp@4x.png using Guid(e46ad23216d074f828f3437b21912c64) Importer(-1,00000000000000000000000000000000) [PhysX] Initialized MultithreadedTaskDispatcher with 16 workers.
 -> (artifact id: '58b629fc352bc2f3791b028a8462f5ea') in 0.019289 seconds
Start importing Packages/com.unity.inputsystem/InputSystem/Editor/Icons/d_Interactive Binding@4x.png using Guid(f4e6ca70dd9734da1a812be882c6364e) Importer(-1,00000000000000000000000000000000) [PhysX] Initialized MultithreadedTaskDispatcher with 16 workers.
 -> (artifact id: '0f45950bd31a4d1187745bb08aeca9ff') in 0.011875 seconds
Start importing Assets/WinterLodge/tex/minecraft/block/cave_vines.png using Guid(f45b6c29e1ce614448ee2cc4a905df47) Importer(-1,00000000000000000000000000000000) [PhysX] Initialized MultithreadedTaskDispatcher with 16 workers.
 -> (artifact id: 'ae04f9bda038706b0122a735d918a695') in 0.018723 seconds
Start importing Assets/WinterLodge/tex/minecraft/block/crafting_table_top.png using Guid(f42db466f10aad74ab5c5f3796ecbe98) Importer(-1,00000000000000000000000000000000) [PhysX] Initialized MultithreadedTaskDispatcher with 16 workers.
 -> (artifact id: 'e4c9b4b897b7f72922db385e33a5a779') in 0.022592 seconds
Start importing Assets/Scenes/Main/Lightmap-42_comp_shadowmask.png using Guid(f4bec2ce937a5474bad0b2a8afcc7e85) Importer(-1,00000000000000000000000000000000) [PhysX] Initialized MultithreadedTaskDispatcher with 16 workers.
 -> (artifact id: '1877d470f1ba898db0536dd67d7323b2') in 0.013716 seconds
Start importing Packages/com.unity.collab-proxy/Editor/Assets/Images/d_iconclosebutton@2x.png using Guid(0525793900d728a42936791a8a6de63b) Importer(-1,00000000000000000000000000000000) [PhysX] Initialized MultithreadedTaskDispatcher with 16 workers.
 -> (artifact id: 'bb96ffdb78569002d142d2b23bd1ee1f') in 0.012819 seconds
Start importing Assets/Scenes/Main/Lightmap-21_comp_light.exr using Guid(05f87542a57ea1948bf2e450dd4d39b7) Importer(-1,00000000000000000000000000000000) [PhysX] Initialized MultithreadedTaskDispatcher with 16 workers.
 -> (artifact id: '386f7e9a9e66fce3534edcaf2b717fa1') in 0.061151 seconds
Start importing Packages/com.unity.inputsystem/InputSystem/Editor/Icons/Mouse@3x.png using Guid(05bbafd21bf3c4cca93cb8ddfbbd4070) Importer(-1,00000000000000000000000000000000) [PhysX] Initialized MultithreadedTaskDispatcher with 16 workers.
 -> (artifact id: '07a544cfd67ab6d94ed6c0c1b0691ef2') in 0.012345 seconds
Start importing Packages/com.unity.collab-proxy/Editor/Assets/Images/d_iconconflictresolvedoverlay.png using Guid(056ee72c467a4e24d87541d42839ca72) Importer(-1,00000000000000000000000000000000) [PhysX] Initialized MultithreadedTaskDispatcher with 16 workers.
 -> (artifact id: 'e6410d08bb44880a185520f51e81b2fd') in 0.005206 seconds
Start importing Packages/com.unity.collab-proxy/Editor/Assets/Images/d_iconprivateoverlay.png using Guid(059fb5367594a3343814dc25ace454b3) Importer(-1,00000000000000000000000000000000) [PhysX] Initialized MultithreadedTaskDispatcher with 16 workers.
 -> (artifact id: '02b701f316f87902bbc46d5a20dc68c5') in 0.012609 seconds
Start importing Assets/Scenes/Main/Lightmap-55_comp_dir.png using Guid(15522657c5d69eb4baa29360badbce24) Importer(-1,00000000000000000000000000000000) [PhysX] Initialized MultithreadedTaskDispatcher with 16 workers.
 -> (artifact id: 'fb1cb3c5f37d88f36a74a8225f02204e') in 0.012444 seconds
Start importing Packages/com.unity.timeline/Editor/StyleSheets/Images/Icons/TimelineSignal.png using Guid(15845fb26c2846947b4dedb9fb348cc1) Importer(-1,00000000000000000000000000000000) [PhysX] Initialized MultithreadedTaskDispatcher with 16 workers.
 -> (artifact id: '7df96dd80f4bcd1e8dfe1e4675220a92') in 0.018572 seconds
Start importing Packages/com.unity.inputsystem/InputSystem/Editor/Icons/ChevronDown@2x.png using Guid(153c8e15f7f6c452ca50f6795813ed39) Importer(-1,00000000000000000000000000000000) [PhysX] Initialized MultithreadedTaskDispatcher with 16 workers.
 -> (artifact id: '76c8194e312659af5cdcb9102eafb232') in 0.013674 seconds
Start importing Packages/com.unity.inputsystem/InputSystem/Editor/Icons/d_Position@2x.png using Guid(2552e303d22424da2ad62552efbd06e8) Importer(-1,00000000000000000000000000000000) [PhysX] Initialized MultithreadedTaskDispatcher with 16 workers.
 -> (artifact id: '9186320391a5cd8f86cffffe60d72fb5') in 0.013412 seconds
Start importing Assets/Scenes/Main/Lightmap-57_comp_dir.png using Guid(2565ab5144a0b364e8df90be0a0b4cf6) Importer(-1,00000000000000000000000000000000) [PhysX] Initialized MultithreadedTaskDispatcher with 16 workers.
 -> (artifact id: 'ef2019447db70d4757bdc73f499530fe') in 0.026121 seconds
Start importing Assets/Scenes/Main/Lightmap-23_comp_shadowmask.png using Guid(250bb65d6922ea448a68152286d7dc78) Importer(-1,00000000000000000000000000000000) [PhysX] Initialized MultithreadedTaskDispatcher with 16 workers.
 -> (artifact id: '9c4850c7e11940804d884b127c97c14e') in 0.007195 seconds
Start importing Packages/com.unity.visualscripting/Graphics/Icons_32x_72dpi.psd using Guid(35a21b8c004950548af9fc81919e1aa9) Importer(-1,00000000000000000000000000000000) [PhysX] Initialized MultithreadedTaskDispatcher with 16 workers.
 -> (artifact id: '05069dcbf23c9fdfcf16357711a9cfbb') in 0.026685 seconds
Start importing Assets/WinterLodge/tex/minecraft/block/stripped_dark_oak_log.png using Guid(358aecfb3db6150419b65dea207e75cf) Importer(-1,00000000000000000000000000000000) [PhysX] Initialized MultithreadedTaskDispatcher with 16 workers.
 -> (artifact id: 'c8bcd5b2b58e75c3b345d0939afaa415') in 0.011359 seconds
Start importing Assets/WinterLodge/tex/minecraft/block/green_wool.png using Guid(350bfe4d53c148d4795ff6252ed7c5e0) Importer(-1,00000000000000000000000000000000) [PhysX] Initialized MultithreadedTaskDispatcher with 16 workers.
 -> (artifact id: 'cad164cdef96f3ceffd74c8b8f164340') in 0.015630 seconds
Start importing Packages/com.unity.timeline/Editor/StyleSheets/Images/DarkSkin/TimelineActivation.png using Guid(359cf58d5969d1a4aad29b095c7fc338) Importer(-1,00000000000000000000000000000000) [PhysX] Initialized MultithreadedTaskDispatcher with 16 workers.
 -> (artifact id: 'c4112e12b1c48792ad9b5390ad232162') in 0.010694 seconds
Start importing Packages/com.unity.textmeshpro/Editor Resources/Textures/btn_AlignCenterGeo_Light.psd using Guid(35ff0937876540d3bd4b6a941df62a92) Importer(-1,00000000000000000000000000000000) [PhysX] Initialized MultithreadedTaskDispatcher with 16 workers.
 -> (artifact id: '449709f21cf4fc539026cdd0a2c96c67') in 0.024172 seconds
Start importing Assets/Resources/SkinResources/skin.png using Guid(4584db0eddfb5304095e6c3416f743b3) Importer(-1,00000000000000000000000000000000) [PhysX] Initialized MultithreadedTaskDispatcher with 16 workers.
 -> (artifact id: 'b333f3f4bb740008021adf78207acf31') in 0.017746 seconds
Start importing Assets/Scenes/Main/Lightmap-28_comp_dir.png using Guid(45852d7ad1d4bc2488ae50546d6c68ed) Importer(-1,00000000000000000000000000000000) [PhysX] Initialized MultithreadedTaskDispatcher with 16 workers.
 -> (artifact id: '0ff3d7d156d59c49de6cbaa2d8deebc5') in 0.028465 seconds
Start importing Assets/Scenes/Main/Lightmap-3_comp_shadowmask.png using Guid(55c1f6f8d2ac33e419ca261c8d952e55) Importer(-1,00000000000000000000000000000000) [PhysX] Initialized MultithreadedTaskDispatcher with 16 workers.
 -> (artifact id: '72dbec0ccb312d9b2158e6d055d8040e') in 0.016460 seconds
Start importing Packages/com.unity.inputsystem/InputSystem/Editor/Icons/d_Stick.png using Guid(55040e210fa9b426b861a26909ab4de7) Importer(-1,00000000000000000000000000000000) [PhysX] Initialized MultithreadedTaskDispatcher with 16 workers.
 -> (artifact id: 'a2538a4fcd2a93c8d335662ff9761bb7') in 0.012002 seconds
Start importing Packages/com.unity.collab-proxy/Editor/Assets/Images/d_iconlock@2x.png using Guid(55747841a2e3b47dab36dc8d5e0dc4df) Importer(-1,00000000000000000000000000000000) [PhysX] Initialized MultithreadedTaskDispatcher with 16 workers.
 -> (artifact id: '8eacccdd26c1e6b81b920028f3001765') in 0.016386 seconds
Start importing Assets/Scenes/Main/Lightmap-20_comp_light.exr using Guid(55f8e1ed81d309c4287e2d5cf122e811) Importer(-1,00000000000000000000000000000000) [PhysX] Initialized MultithreadedTaskDispatcher with 16 workers.
 -> (artifact id: 'd29f09f89588785b075764d779d12503') in 0.050633 seconds
Start importing Packages/com.unity.collab-proxy/Editor/Assets/Images/xlink.png using Guid(556a2f3b046024d4c9621c1b4be5f0c1) Importer(-1,00000000000000000000000000000000) [PhysX] Initialized MultithreadedTaskDispatcher with 16 workers.
 -> (artifact id: '4b97c6fe08ce98362bd1d508d931a90f') in 0.015611 seconds
Start importing Packages/com.unity.xr.openxr.picoxr/Assets/Resources/Controller/G3/Textures/Power/dianliang_05.png using Guid(559b0277d5f635545a7b034007f4f42c) Importer(-1,00000000000000000000000000000000) [PhysX] Initialized MultithreadedTaskDispatcher with 16 workers.
 -> (artifact id: 'b64a12cfb7f83b5bfc0584c978cc6cfd') in 0.009011 seconds
Start importing Packages/com.unity.collab-proxy/Editor/Assets/Images/d_iconconflicted@2x.png using Guid(65f0e363b74cf5845ab8c3fbc14f39ac) Importer(-1,00000000000000000000000000000000) [PhysX] Initialized MultithreadedTaskDispatcher with 16 workers.
 -> (artifact id: '5960f0b4b7d55fdb5b503f763e44ad97') in 0.012225 seconds
Start importing Assets/Scenes/Main/Lightmap-56_comp_shadowmask.png using Guid(65e2becc887c2b149a988ad19d65367f) Importer(-1,00000000000000000000000000000000) [PhysX] Initialized MultithreadedTaskDispatcher with 16 workers.
 -> (artifact id: '551243074204fc3114347fb051f6919e') in 0.012466 seconds
Start importing Assets/WinterLodge/tex/minecraft/block/red_nether_bricks.png using Guid(6567fd2766fe9484591f64212ef537dd) Importer(-1,00000000000000000000000000000000) [PhysX] Initialized MultithreadedTaskDispatcher with 16 workers.
 -> (artifact id: 'e94230d962542313871ba60f383c3270') in 0.016850 seconds
Start importing Packages/com.unity.timeline/Editor/StyleSheets/Images/Shared/Timeline-Marker-Multi-Overlay.png using Guid(75f26f1c549568c4e9950a368bd08cb8) Importer(-1,00000000000000000000000000000000) [PhysX] Initialized MultithreadedTaskDispatcher with 16 workers.
 -> (artifact id: '830d7c87a26e75f875b4e63900ca1a57') in 0.011955 seconds
Start importing Packages/com.unity.inputsystem/InputSystem/Editor/Icons/Gamepad@4x.png using Guid(7543bb6341c2140f292c8c852e7a3bbf) Importer(-1,00000000000000000000000000000000) [PhysX] Initialized MultithreadedTaskDispatcher with 16 workers.
 -> (artifact id: '5d801eb4f33d92d4c70aa4ef4fed3fa8') in 0.011705 seconds
Start importing Assets/Scenes/Main/Lightmap-28_comp_light.exr using Guid(7534fc4f3ea090a46ab5768c0b6b2aea) Importer(-1,00000000000000000000000000000000) [PhysX] Initialized MultithreadedTaskDispatcher with 16 workers.
 -> (artifact id: '048cf763c086083008f4079d40217911') in 0.052436 seconds
Start importing Packages/com.unity.2d.sprite/Editor/ObjectMenuCreation/DefaultAssets/Textures/v2/Triangle.png using Guid(75f5f34dc1b5347e0b8351032682f224) Importer(-1,00000000000000000000000000000000) [PhysX] Initialized MultithreadedTaskDispatcher with 16 workers.
 -> (artifact id: '3ffa0a297779d7bf4e5d9764b1631c1d') in 0.015189 seconds
Start importing Packages/com.unity.xr.openxr.picoxr/Assets/Resources/Controller/PICO 4U/Texture/o_com_matcap_02_b.png using Guid(85601fedf8a9794499989ae0ccb88a86) Importer(-1,00000000000000000000000000000000) [PhysX] Initialized MultithreadedTaskDispatcher with 16 workers.
 -> (artifact id: '283a4a0ca804e9d9ef3598c0694f660e') in 0.017697 seconds
Start importing Packages/com.unity.timeline/Editor/StyleSheets/Images/Icons/TrackCurvesButtonEnabled.png using Guid(9589d5d9eb09dec43b2ad51af4e78b1e) Importer(-1,00000000000000000000000000000000) [PhysX] Initialized MultithreadedTaskDispatcher with 16 workers.
 -> (artifact id: 'fc48ccdf73072eae6a8496961e180ac3') in 0.019511 seconds
Start importing Packages/com.unity.inputsystem/InputSystem/Editor/Icons/Add Binding.png using Guid(958a10dec4f3a4764bb345b0aa03510b) Importer(-1,00000000000000000000000000000000) [PhysX] Initialized MultithreadedTaskDispatcher with 16 workers.
 -> (artifact id: '2db27d783dc393f915581a31a34fd7a0') in 0.012131 seconds
Start importing Packages/com.unity.timeline/Editor/StyleSheets/Images/DarkSkin/TimelineSignalSelected.png using Guid(a5e21f4e466690645980dd0cf0b664bc) Importer(-1,00000000000000000000000000000000) [PhysX] Initialized MultithreadedTaskDispatcher with 16 workers.
 -> (artifact id: 'c69c2287c4e16b3e42df27d9ac7afef0') in 0.016322 seconds
Start importing Packages/com.unity.collab-proxy/Editor/Assets/Images/iconlockedlocaloverlay@2x.png using Guid(b528c1b33a65cf94ea74f830b54c9acb) Importer(-1,00000000000000000000000000000000) [PhysX] Initialized MultithreadedTaskDispatcher with 16 workers.
 -> (artifact id: '6380fcb70bb094d57f2b8c753a8e5ba1') in 0.013720 seconds
Start importing Packages/com.unity.timeline/Editor/StyleSheets/Images/Icons/TimelineEditModeRippleON.png using Guid(c5c1f094d9a9b3f4c9cc6c3a87af871c) Importer(-1,00000000000000000000000000000000) [PhysX] Initialized MultithreadedTaskDispatcher with 16 workers.
 -> (artifact id: '726faa8139bda9690134dea65eb403ab') in 0.018516 seconds
Start importing Packages/com.unity.xr.openxr.picoxr/Assets/Resources/Controller/PICO 4U/Textures/o_com_sparrow_02_a.png using Guid(c5365c6b6f861ed4ebbf709f331de625) Importer(-1,00000000000000000000000000000000) [PhysX] Initialized MultithreadedTaskDispatcher with 16 workers.
 -> (artifact id: '80757de9c86faeff7eadd6826ad40256') in 0.017902 seconds
Start importing Assets/WinterLodge/tex/minecraft/block/potted_flowering_azalea_bush_top.png using Guid(c596b31af4baa474282b4dca5d3a28f6) Importer(-1,00000000000000000000000000000000) [PhysX] Initialized MultithreadedTaskDispatcher with 16 workers.
 -> (artifact id: 'a0d0803cb08fd29485e12e3baf3036d1') in 0.018379 seconds
Start importing Packages/com.unity.visualscripting/Editor/VisualScripting.Core/IconMap/GlobalMessageListener@32x.png using Guid(c588f7acb736b6940bac7b559c8f59dd) Importer(-1,00000000000000000000000000000000) [PhysX] Initialized MultithreadedTaskDispatcher with 16 workers.
 -> (artifact id: '5b4de2901304153bd3496b154c7a1ccf') in 0.016703 seconds
Start importing Packages/com.unity.collab-proxy/Editor/Assets/Images/d_iconplasticnotifyincoming@2x.png using Guid(c5fc116b3271b5947808130b2212cd60) Importer(-1,00000000000000000000000000000000) [PhysX] Initialized MultithreadedTaskDispatcher with 16 workers.
 -> (artifact id: '0975703f9cb14f4cbbd6f99e02f04ab3') in 0.014289 seconds
Start importing Packages/com.unity.inputsystem/InputSystem/Editor/Icons/d_Position.png using Guid(c5bdeae4dabac4bf19f7a1afcf5ca678) Importer(-1,00000000000000000000000000000000) [PhysX] Initialized MultithreadedTaskDispatcher with 16 workers.
 -> (artifact id: '65563298a02c556aeff32585bc3a3652') in 0.013130 seconds
Start importing Packages/com.unity.collab-proxy/Editor/Assets/Images/icondeletedremoteoverlay@2x.png using Guid(d5c3277b1dbad9448b46c2ec87a2cef8) Importer(-1,00000000000000000000000000000000) [PhysX] Initialized MultithreadedTaskDispatcher with 16 workers.
 -> (artifact id: '67f6b806c1f64f550817fd11bd09907f') in 0.013803 seconds
Start importing Assets/WinterLodge/tex/minecraft/block/grass_block_top.png using Guid(d5f762c7cd900894b9928568aaf314b5) Importer(-1,00000000000000000000000000000000) [PhysX] Initialized MultithreadedTaskDispatcher with 16 workers.
 -> (artifact id: 'a9ea31544ef45c1c96684a41be16a75e') in 0.022971 seconds
Start importing Packages/com.unity.timeline/Editor/StyleSheets/Images/Icons/d_TrackCurvesButtonDisabled.png using Guid(d55a54a15106e3f418a43134888f2211) Importer(-1,00000000000000000000000000000000) [PhysX] Initialized MultithreadedTaskDispatcher with 16 workers.
 -> (artifact id: '60929ab822ffd0374d89c02491427e32') in 0.016688 seconds
Start importing Assets/Scenes/Main/Lightmap-37_comp_dir.png using Guid(d55b3e8320190a24e89b2556b7a8f5bd) Importer(-1,00000000000000000000000000000000) [PhysX] Initialized MultithreadedTaskDispatcher with 16 workers.
 -> (artifact id: 'a18536218eb989618b2ab3c199023b98') in 0.025198 seconds
Start importing Packages/com.unity.collab-proxy/Editor/Assets/Images/d_loading.png using Guid(d58e94bfb1bac774dbb8ca9c2597ef2e) Importer(-1,00000000000000000000000000000000) [PhysX] Initialized MultithreadedTaskDispatcher with 16 workers.
 -> (artifact id: 'e6479aa4590ba7c6b51689f615db9ad2') in 0.014056 seconds
Start importing Packages/com.unity.timeline/Editor/StyleSheets/Images/Shared/TimelineSwatch.png using Guid(e50018fd67fc156459e4014bdad3f5f6) Importer(-1,00000000000000000000000000000000) [PhysX] Initialized MultithreadedTaskDispatcher with 16 workers.
 -> (artifact id: 'dc727db717c5a8bc925673efefaab5bb') in 0.013415 seconds
Start importing Assets/WinterLodge/tex/minecraft/block/stone.png using Guid(e5810e8431bf5b643ae66c7b0aa2e8c0) Importer(-1,00000000000000000000000000000000) [PhysX] Initialized MultithreadedTaskDispatcher with 16 workers.
 -> (artifact id: '4dd2e1d263fd217885706277eb79337d') in 0.013882 seconds
Start importing Assets/Scenes/Main/Lightmap-41_comp_light.exr using Guid(e5f8fc96f088f7d48b46df19012405e9) Importer(-1,00000000000000000000000000000000) [PhysX] Initialized MultithreadedTaskDispatcher with 16 workers.
 -> (artifact id: '209fc2c8bbddc8223b9c9f23d519fe7e') in 0.055069 seconds
Start importing Packages/com.unity.timeline/Editor/StyleSheets/Images/Icons/d_TrackMuteButtonEnabled@2x.png using Guid(e54e20c7a9730fe4c822d63228527ae4) Importer(-1,00000000000000000000000000000000) [PhysX] Initialized MultithreadedTaskDispatcher with 16 workers.
 -> (artifact id: '82350ab34bd842e34d92e6d4c2b46293') in 0.012356 seconds
Start importing Assets/Scenes/Main/Lightmap-16_comp_shadowmask.png using Guid(f58297fcbcdb4d34c961eba8ce4cff96) Importer(-1,00000000000000000000000000000000) [PhysX] Initialized MultithreadedTaskDispatcher with 16 workers.
 -> (artifact id: '02de40dc63f19ed4ea80b10dd404c613') in 0.013198 seconds
Start importing Assets/SkySeries Freebie/FreebieHdri/MegaSunRight.hdr using Guid(f5760fc943c5eb643a2291630888f6a1) Importer(-1,00000000000000000000000000000000) [PhysX] Initialized MultithreadedTaskDispatcher with 16 workers.
 -> (artifact id: '44cf702dc4138f80af460348dc1362af') in 0.480038 seconds
Start importing Assets/Scenes/Main/Lightmap-11_comp_light.exr using Guid(f5c8949e8cd11cd469a14a34647ad647) Importer(-1,00000000000000000000000000000000) [PhysX] Initialized MultithreadedTaskDispatcher with 16 workers.
 -> (artifact id: 'c0c2c82211be82ae879902e5280844a8') in 0.060618 seconds
Start importing Assets/Scenes/Main/Lightmap-7_comp_shadowmask.png using Guid(f5ebc214bd0cf7641b983c474987bbe4) Importer(-1,00000000000000000000000000000000) [PhysX] Initialized MultithreadedTaskDispatcher with 16 workers.
 -> (artifact id: '64e15d346a50fa0b4cfaa5dfdbfdeea2') in 0.013949 seconds
Start importing Packages/com.unity.inputsystem/InputSystem/Editor/Icons/Joystick@4x.png using Guid(f58c918f135bd4b8abe5fdb06bda7f4d) Importer(-1,00000000000000000000000000000000) [PhysX] Initialized MultithreadedTaskDispatcher with 16 workers.
 -> (artifact id: '30190fbed55f9c360bf26c3d124973e5') in 0.011003 seconds
Start importing Packages/com.unity.inputsystem/InputSystem/Editor/Icons/Stick@4x.png using Guid(f5ace3d653812436a812bebfe7f9a242) Importer(-1,00000000000000000000000000000000) [PhysX] Initialized MultithreadedTaskDispatcher with 16 workers.
 -> (artifact id: '7c5e42fa9e350c1f2d88024163d7c87c') in 0.015100 seconds
Start importing Assets/Scenes/Main/Lightmap-37_comp_shadowmask.png using Guid(06b37c444f7215e4cbbf63693f642fce) Importer(-1,00000000000000000000000000000000) [PhysX] Initialized MultithreadedTaskDispatcher with 16 workers.
 -> (artifact id: '9fb66f626c8f6d89a232d0958d52006a') in 0.015836 seconds
Start importing Packages/com.unity.textmeshpro/Editor Resources/Textures/btn_AlignMiddle_Light.psd using Guid(066619c9c9c84f89acb1b48c11a7efe2) Importer(-1,00000000000000000000000000000000) [PhysX] Initialized MultithreadedTaskDispatcher with 16 workers.
 -> (artifact id: '76c2c9386182b98d57b05e1c83187175') in 0.025755 seconds
Start importing Packages/com.unity.inputsystem/InputSystem/Editor/Icons/d_ChevronDown.png using Guid(06ad495fb07444736b59782982d96250) Importer(-1,00000000000000000000000000000000) [PhysX] Initialized MultithreadedTaskDispatcher with 16 workers.
 -> (artifact id: '8e1cf70ea86127c138c9c744f230128d') in 0.010326 seconds
Start importing Packages/com.unity.timeline/Editor/StyleSheets/Images/Icons/d_TimelineSelector.png using Guid(06bf6150656339941aa98e175a995445) Importer(-1,00000000000000000000000000000000) [PhysX] Initialized MultithreadedTaskDispatcher with 16 workers.
 -> (artifact id: '841740a782bcb149111beab30b281cfe') in 0.017839 seconds
Start importing Packages/com.unity.2d.sprite/Editor/ObjectMenuCreation/DefaultAssets/Textures/HexagonFlat-Top.png using Guid(16037dbd798344f57a526d53d48f5ead) Importer(-1,00000000000000000000000000000000) [PhysX] Initialized MultithreadedTaskDispatcher with 16 workers.
 -> (artifact id: '15ee1462497d7036734bdb24aeac19c0') in 0.015495 seconds
Start importing Assets/Resources/UI/CheckMark.png using Guid(16e9d6d24858f89459f026e2cd074452) Importer(-1,00000000000000000000000000000000) [PhysX] Initialized MultithreadedTaskDispatcher with 16 workers.
 -> (artifact id: 'ea54013f2907295449d5b039d3904b97') in 0.023155 seconds
Start importing Assets/Scenes/Main/Lightmap-15_comp_dir.png using Guid(167cfc7f6616b9a4ab6c6bb566cdf6fb) Importer(-1,00000000000000000000000000000000) [PhysX] Initialized MultithreadedTaskDispatcher with 16 workers.
 -> (artifact id: 'e4376b19a9c4328ca395648f0a3968fe') in 0.039668 seconds
Start importing Packages/com.unity.collab-proxy/Editor/Assets/Images/d_iconbranch@2x.png using Guid(267a89f787a621e4290fbff7a5442750) Importer(-1,00000000000000000000000000000000) [PhysX] Initialized MultithreadedTaskDispatcher with 16 workers.
 -> (artifact id: '0b8cab40d078a14f99f14f7354d48822') in 0.014373 seconds
Start importing Packages/com.unity.inputsystem/InputSystem/Editor/Icons/d_Mouse.png using Guid(264ffc05d7d2841d5a6065854b6282ca) Importer(-1,00000000000000000000000000000000) [PhysX] Initialized MultithreadedTaskDispatcher with 16 workers.
 -> (artifact id: 'e4d7fa8660cc57e77e7a5924671f139c') in 0.018782 seconds
Start importing Assets/Scenes/Main/Lightmap-17_comp_shadowmask.png using Guid(26cf70da6899b22429b0938c0cadd26d) Importer(-1,00000000000000000000000000000000) [PhysX] Initialized MultithreadedTaskDispatcher with 16 workers.
 -> (artifact id: 'fdcff32f594258631a52c4f6fbc8a681') in 0.011800 seconds
Start importing Assets/Scenes/Main/Lightmap-36_comp_dir.png using Guid(26df85c7b7724254589166f398d0f17a) Importer(-1,00000000000000000000000000000000) [PhysX] Initialized MultithreadedTaskDispatcher with 16 workers.
 -> (artifact id: 'cbd9d062402d050646813470852b67ae') in 0.024660 seconds
Start importing Packages/com.unity.collab-proxy/Editor/Assets/Images/step3@2x.png using Guid(36e6970b84831434a9eac79abd03700b) Importer(-1,00000000000000000000000000000000) [PhysX] Initialized MultithreadedTaskDispatcher with 16 workers.
 -> (artifact id: 'd8c04490aac13905991fd4eb66f8e841') in 0.012798 seconds
Start importing Assets/Scenes/Main/Lightmap-8_comp_dir.png using Guid(360c126407895c441864e80a05c4e7c6) Importer(-1,00000000000000000000000000000000) [PhysX] Initialized MultithreadedTaskDispatcher with 16 workers.
 -> (artifact id: '0e7901da7aa23143a9febb3421c47c61') in 0.027803 seconds
Start importing Packages/com.unity.timeline/Editor/StyleSheets/Images/DarkSkin/TimelineLoop.png using Guid(360dded8761e81d4d98c10f469d55492) Importer(-1,00000000000000000000000000000000) [PhysX] Initialized MultithreadedTaskDispatcher with 16 workers.
 -> (artifact id: 'e43f3110dabf9762ad94ecdd8b26628f') in 0.021160 seconds
Start importing Packages/com.unity.collab-proxy/Editor/Assets/Images/d_step3.png using Guid(46930b20180b59e46b73494adf53abbb) Importer(-1,00000000000000000000000000000000) [PhysX] Initialized MultithreadedTaskDispatcher with 16 workers.
 -> (artifact id: '71b60a4b3332ca05d415bda4ebc88390') in 0.017996 seconds
Start importing Assets/Scenes/Main/Lightmap-13_comp_shadowmask.png using Guid(46eb98620bef2534299ea1130a497a14) Importer(-1,00000000000000000000000000000000) [PhysX] Initialized MultithreadedTaskDispatcher with 16 workers.
 -> (artifact id: 'bfbea6656aa6c1d08e5059f4b954de73') in 0.014447 seconds
Start importing Packages/com.unity.xr.openxr.picoxr/Assets/Resources/Controller/G3/Textures/G3.png using Guid(46eff69f4f8c8e64ca295ba7356521f1) Importer(-1,00000000000000000000000000000000) [PhysX] Initialized MultithreadedTaskDispatcher with 16 workers.
 -> (artifact id: '431044dbcef05aa137a6d173e36012d9') in 0.021642 seconds
Start importing Packages/com.unity.inputsystem/InputSystem/Editor/Icons/Position.png using Guid(5684eb521fa99491e9061de682d1622e) Importer(-1,00000000000000000000000000000000) [PhysX] Initialized MultithreadedTaskDispatcher with 16 workers.
 -> (artifact id: '84abacc735314151bca602ba2aa38031') in 0.017810 seconds
Start importing Assets/WinterLodge/tex/minecraft/block/lily_of_the_valley.png using Guid(5676e04ad64a13d46b2a25f96fe37149) Importer(-1,00000000000000000000000000000000) [PhysX] Initialized MultithreadedTaskDispatcher with 16 workers.
 -> (artifact id: 'b33e758f6fce6a7825a22e6a6b7681d2') in 0.010465 seconds
Start importing Assets/Scenes/Main/Lightmap-24_comp_dir.png using Guid(5696658d8d4c19a4b95a4fc0ded0d18b) Importer(-1,00000000000000000000000000000000) [PhysX] Initialized MultithreadedTaskDispatcher with 16 workers.
 -> (artifact id: 'c05c2b8835ca91477f8b68e31389f3d5') in 0.038634 seconds
Start importing Packages/com.unity.collab-proxy/Editor/Assets/Images/iconconflictedoverlay@2x.png using Guid(5679a74364f6b4440ab7e7aed55cd95e) Importer(-1,00000000000000000000000000000000) [PhysX] Initialized MultithreadedTaskDispatcher with 16 workers.
 -> (artifact id: '2b123b18aa7c2b05e40e2c04b30c6358') in 0.011343 seconds
Start importing Packages/com.unity.visualscripting/Editor/VisualScripting.Core/IconMap/VariablesAsset@32.png using Guid(562f2dd7647d95e499d958215476bbde) Importer(-1,00000000000000000000000000000000) [PhysX] Initialized MultithreadedTaskDispatcher with 16 workers.
 -> (artifact id: '2e145d75c3a0bfbd46d9afa1af0fd227') in 0.020322 seconds
Start importing Packages/com.unity.testtools.codecoverage/Editor/Icons/d_FolderOpened.png using Guid(663a080499383ea4e9297061febf5ef7) Importer(-1,00000000000000000000000000000000) [PhysX] Initialized MultithreadedTaskDispatcher with 16 workers.
 -> (artifact id: '165450e103aa48c233f1175191865e1c') in 0.017044 seconds
Start importing Assets/Scenes/Main/Lightmap-43_comp_shadowmask.png using Guid(663ea74deede6f0448e0f8e8326a2e1f) Importer(-1,00000000000000000000000000000000) [PhysX] Initialized MultithreadedTaskDispatcher with 16 workers.
 -> (artifact id: '6a7fa2575fcd758c8948b239ad524412') in 0.012871 seconds
Start importing Assets/WinterLodge/Cart/metal bars.png using Guid(76c7e3749c678ce40aa972cdafcb364d) Importer(-1,00000000000000000000000000000000) [PhysX] Initialized MultithreadedTaskDispatcher with 16 workers.
 -> (artifact id: '4922ce6222cf3125ecd5a00b5058a776') in 0.023717 seconds
Start importing Assets/WinterLodge/tex/minecraft/block/loom_side.png using Guid(763b7a2da3d846c47bacffbc0bc84854) Importer(-1,00000000000000000000000000000000) [PhysX] Initialized MultithreadedTaskDispatcher with 16 workers.
 -> (artifact id: '2cf9168892eb8b66f62531de8c852769') in 0.018166 seconds
Start importing Packages/com.unity.xr.openxr.picoxr/Assets/Resources/Controller/PICO 4U/Texture/o_com_matcap_03_b.png using Guid(768b1dc8c63b0c44d91c84b5cf367592) Importer(-1,00000000000000000000000000000000) [PhysX] Initialized MultithreadedTaskDispatcher with 16 workers.
 -> (artifact id: '7a37411d0e061e7c5efef1c57dd0c726') in 0.016469 seconds
Start importing Packages/com.unity.inputsystem/InputSystem/Editor/Icons/d_Gamepad.png using Guid(76dc61ff6c2d84b24b0a2ce01dc2842d) Importer(-1,00000000000000000000000000000000) [PhysX] Initialized MultithreadedTaskDispatcher with 16 workers.
 -> (artifact id: 'fe0c0e2222bb611ef2721297111bbcf0') in 0.013887 seconds
Start importing Assets/WinterLodge/tex/minecraft/block/iron_bars.png using Guid(86309439413fa094097990440d498cdd) Importer(-1,00000000000000000000000000000000) [PhysX] Initialized MultithreadedTaskDispatcher with 16 workers.
 -> (artifact id: 'af4ef35cca45092f127248d996b7e552') in 0.020365 seconds
Start importing Packages/com.unity.testtools.codecoverage/Editor/Icons/d_CodeCoverage@2x.png using Guid(8616c9d86a8504a4b8b5c65bb6a5644f) Importer(-1,00000000000000000000000000000000) [PhysX] Initialized MultithreadedTaskDispatcher with 16 workers.
 -> (artifact id: 'add7d8a5280a30f9554e297f258b9136') in 0.013659 seconds
Start importing Packages/com.unity.inputsystem/InputSystem/Editor/Icons/Add Binding@4x.png using Guid(862c5ca31844d4a6d9aa804af982ce65) Importer(-1,00000000000000000000000000000000) [PhysX] Initialized MultithreadedTaskDispatcher with 16 workers.
 -> (artifact id: '379ac07eeaef47aa6a7fb5f18b3fc3d2') in 0.011306 seconds
Start importing Assets/Scenes/Main/Lightmap-29_comp_shadowmask.png using Guid(96e0bde1bfe0bf74da79198881a174dc) Importer(-1,00000000000000000000000000000000) [PhysX] Initialized MultithreadedTaskDispatcher with 16 workers.
 -> (artifact id: '192f971ca25fa0219620530a331c3a03') in 0.012580 seconds
Start importing Assets/WinterLodge/Bear/ears.png using Guid(96454749fad13dc45a49e57f35621826) Importer(-1,00000000000000000000000000000000) [PhysX] Initialized MultithreadedTaskDispatcher with 16 workers.
 -> (artifact id: 'f16870e17f8f08485b7b58e4ff5f79a5') in 0.029648 seconds
Start importing Packages/com.unity.inputsystem/InputSystem/Editor/Icons/d_Pen@2x.png using Guid(96f7582a52a6843c09e0c71617e94f2d) Importer(-1,00000000000000000000000000000000) [PhysX] Initialized MultithreadedTaskDispatcher with 16 workers.
 -> (artifact id: 'ace2836e1d3b986e22f71d25e680026a') in 0.012325 seconds
Start importing Assets/Resources/UI/FolderIcon.png using Guid(9619c3a138e68654092c83960f62d211) Importer(-1,00000000000000000000000000000000) [PhysX] Initialized MultithreadedTaskDispatcher with 16 workers.
 -> (artifact id: '87d1b05a66004a751f39648e1124d986') in 0.019022 seconds
Start importing Assets/Scenes/Main/Lightmap-45_comp_light.exr using Guid(a620c4bf07a045e499f5b8c3f928e7ed) Importer(-1,00000000000000000000000000000000) [PhysX] Initialized MultithreadedTaskDispatcher with 16 workers.
 -> (artifact id: 'a0423a76b9d549533b3067391ebe2c14') in 0.050888 seconds
Start importing Packages/com.unity.collab-proxy/Editor/Assets/Images/iconbranches.png using Guid(a6219d44b6fc910449f7c3fee45db5c5) Importer(-1,00000000000000000000000000000000) [PhysX] Initialized MultithreadedTaskDispatcher with 16 workers.
 -> (artifact id: '1e42bc222c902d3fe176d73019f1e83b') in 0.012965 seconds
Start importing Assets/WinterLodge/tex/minecraft/block/sea_pickle.png using Guid(a6e2436c8577c8e43aae0079a8948bde) Importer(-1,00000000000000000000000000000000) [PhysX] Initialized MultithreadedTaskDispatcher with 16 workers.
 -> (artifact id: 'ad0c000090ca779db562b4c902cd65d6') in 0.018899 seconds
Start importing Assets/Scenes/Main/Lightmap-10_comp_dir.png using Guid(a677202d4da24374685a2c16ca8bd755) Importer(-1,00000000000000000000000000000000) [PhysX] Initialized MultithreadedTaskDispatcher with 16 workers.
 -> (artifact id: 'ebac3e0d14fdff012c9f4dd8dbc888b6') in 0.046612 seconds
Start importing Packages/com.unity.collab-proxy/Editor/Assets/Images/iconaddedlocal@2x.png using Guid(a67b58d6cddcd4345b1e001340de5a76) Importer(-1,00000000000000000000000000000000) [PhysX] Initialized MultithreadedTaskDispatcher with 16 workers.
 -> (artifact id: '8c2d4c8339a8baf638688a94fa85dce7') in 0.017726 seconds
Start importing Packages/com.unity.collab-proxy/Editor/Assets/Images/d_iconaddedoverlay@2x.png using Guid(a6fbd5a181bc51e42a61a73fe8d727c8) Importer(-1,00000000000000000000000000000000) [PhysX] Initialized MultithreadedTaskDispatcher with 16 workers.
 -> (artifact id: '34fd052ef4e9ea21f2cf8afd9592c337') in 0.011726 seconds
Start importing Packages/com.unity.2d.sprite/Editor/ObjectMenuCreation/DefaultAssets/Textures/v2/HexagonFlatTop.png using Guid(b670ab75dde984907b8570040daa08c5) Importer(-1,00000000000000000000000000000000) [PhysX] Initialized MultithreadedTaskDispatcher with 16 workers.
 -> (artifact id: 'ad5d89a51167097970c7e7fb493cb08f') in 0.014038 seconds
Start importing Assets/WinterLodge/Bear/body.png using Guid(b656de327c6f6164bae7cbc437c7be7b) Importer(-1,00000000000000000000000000000000) [PhysX] Initialized MultithreadedTaskDispatcher with 16 workers.
 -> (artifact id: '768b64ed9f90831aa6ab0ebc671aed93') in 0.012728 seconds
Start importing Assets/Scenes/Main/Lightmap-28_comp_shadowmask.png using Guid(b6f7cbadd989df2418cdfd5ad3e5e119) Importer(-1,00000000000000000000000000000000) [PhysX] Initialized MultithreadedTaskDispatcher with 16 workers.
 -> (artifact id: '89be0c94181938fa36ff6e0882591924') in 0.013282 seconds
Start importing Packages/com.unity.timeline/Editor/StyleSheets/Images/LightSkin/TimelineMarkerItemSelected.png using Guid(b6e9dc9aad5843748a0124b8925c3743) Importer(-1,00000000000000000000000000000000) [PhysX] Initialized MultithreadedTaskDispatcher with 16 workers.
 -> (artifact id: 'b69c40f86acf40155b14834c65cfe557') in 0.011666 seconds
Start importing Packages/com.unity.inputsystem/InputSystem/Editor/Icons/d_Dpad.png using Guid(b60b9eb0384c345c89435d0982a6e4fd) Importer(-1,00000000000000000000000000000000) [PhysX] Initialized MultithreadedTaskDispatcher with 16 workers.
 -> (artifact id: '457751696b018c33ded4c4fca9e32568') in 0.011260 seconds
Start importing Packages/com.unity.timeline/Editor/StyleSheets/Images/Icons/TrackRecordButtonEnabled.png using Guid(c6a0c6226c05f954fa6cd03aebb4d255) Importer(-1,00000000000000000000000000000000) [PhysX] Initialized MultithreadedTaskDispatcher with 16 workers.
 -> (artifact id: '8f4ca9f5a2c1b42ea85cc8b3689b2cc4') in 0.016434 seconds
Start importing Packages/com.unity.collab-proxy/Editor/Assets/Images/loading.png using Guid(c6b1bcaa3f4767141acd747384dbb276) Importer(-1,00000000000000000000000000000000) [PhysX] Initialized MultithreadedTaskDispatcher with 16 workers.
 -> (artifact id: 'd585812a718713000380d4cfe4c7a043') in 0.012233 seconds
Start importing Assets/WinterLodge/tex/minecraft/block/crafting_table_front.png using Guid(c6e5651a37dc55342887f51fdd3eb591) Importer(-1,00000000000000000000000000000000) [PhysX] Initialized MultithreadedTaskDispatcher with 16 workers.
 -> (artifact id: 'd81a41ea06a0e8f01154e62a645b8ce1') in 0.013289 seconds
Start importing Assets/Scenes/Main/Lightmap-9_comp_light.exr using Guid(d6d0be31879562948b20b67f720cae57) Importer(-1,00000000000000000000000000000000) [PhysX] Initialized MultithreadedTaskDispatcher with 16 workers.
 -> (artifact id: '7e847fa82ae54e55ae3a3a7bc4acb22a') in 0.050032 seconds
Start importing Assets/WinterLodge/tex/minecraft/block/potted_azalea_bush_side.png using Guid(d69c5363202d63e498d8f6b2d657bdda) Importer(-1,00000000000000000000000000000000) [PhysX] Initialized MultithreadedTaskDispatcher with 16 workers.
 -> (artifact id: 'eda42dfd2925dcc526feee3f6d29fd68') in 0.015655 seconds
Start importing Assets/WinterLodge/tex/minecraft/block/piston_inner.png using Guid(e643720a25acc45448f3e51b8f061889) Importer(-1,00000000000000000000000000000000) [PhysX] Initialized MultithreadedTaskDispatcher with 16 workers.
 -> (artifact id: '9e76e543ffc68899315e52e781c3a0c6') in 0.018666 seconds
Start importing Packages/com.unity.timeline/Editor/StyleSheets/Images/LightSkin/TimelineAutokey_active@2x.png using Guid(f6717d61970edba4686c297677881a77) Importer(-1,00000000000000000000000000000000) [PhysX] Initialized MultithreadedTaskDispatcher with 16 workers.
 -> (artifact id: '10e2402502b9e68c08c812eaf3e80f2e') in 0.009654 seconds
Start importing Assets/WinterLodge/tex/minecraft/block/black_concrete.png using Guid(f6a14220023e7214fa063ede3343cfce) Importer(-1,00000000000000000000000000000000) [PhysX] Initialized MultithreadedTaskDispatcher with 16 workers.
 -> (artifact id: '4ea9a28b63c44405751995a38ebf02b0') in 0.013243 seconds
Start importing Assets/Scenes/Main/Lightmap-54_comp_shadowmask.png using Guid(07e0c824832227b4bad38c402648e1a7) Importer(-1,00000000000000000000000000000000) [PhysX] Initialized MultithreadedTaskDispatcher with 16 workers.
 -> (artifact id: 'd43c82ccd89570d45fc65c97c1e9e9b6') in 0.015338 seconds
Start importing Packages/com.unity.timeline/Editor/StyleSheets/Images/Shared/TimelineWarning.png using Guid(1732e542f535d374bbfa7565fc78414e) Importer(-1,00000000000000000000000000000000) [PhysX] Initialized MultithreadedTaskDispatcher with 16 workers.
 -> (artifact id: 'a5b72d06a2d84aeb650e0b8d6835e421') in 0.019578 seconds
Start importing Packages/com.unity.inputsystem/InputSystem/Editor/Icons/d_Pen@3x.png using Guid(17b3fef87d666459d860ad88452862da) Importer(-1,00000000000000000000000000000000) [PhysX] Initialized MultithreadedTaskDispatcher with 16 workers.
 -> (artifact id: '375ca92bc454c593f86bd8661e1282ca') in 0.011073 seconds
Start importing Assets/Scenes/Main/Lightmap-0_comp_light.exr using Guid(1768a6eebdf17df498ad6d2bea875a3a) Importer(-1,00000000000000000000000000000000) [PhysX] Initialized MultithreadedTaskDispatcher with 16 workers.
 -> (artifact id: '4562b2654122272732b6db6c88142a4c') in 0.045080 seconds
Start importing Packages/com.unity.inputsystem/InputSystem/Editor/Icons/Gamepad.png using Guid(17c8753d0e5e24194b06404851be7f13) Importer(-1,00000000000000000000000000000000) [PhysX] Initialized MultithreadedTaskDispatcher with 16 workers.
 -> (artifact id: 'b410b7c6349619287b2eca06e30c6d71') in 0.017865 seconds
Start importing Assets/Scenes/Main/Lightmap-2_comp_light.exr using Guid(172a451561e2c3f419c42dbb16410684) Importer(-1,00000000000000000000000000000000) [PhysX] Initialized MultithreadedTaskDispatcher with 16 workers.
 -> (artifact id: '20a5d65e0e8d3951b97b42d18836b575') in 0.055045 seconds
Start importing Packages/com.unity.inputsystem/InputSystem/Editor/Icons/d_Axis@2x.png using Guid(27163f3cda5b9431d928f2b33eeb5cf1) Importer(-1,00000000000000000000000000000000) [PhysX] Initialized MultithreadedTaskDispatcher with 16 workers.
 -> (artifact id: '6cacca2b259afb37956c0140050021f8') in 0.011600 seconds
Start importing Packages/com.unity.inputsystem/InputSystem/Editor/Icons/d_Joystick@2x.png using Guid(27fa98be5deb54cbf9c11ffc540272b2) Importer(-1,00000000000000000000000000000000) [PhysX] Initialized MultithreadedTaskDispatcher with 16 workers.
 -> (artifact id: '6413ad9cc0e9f6000e12ebef67a25336') in 0.010996 seconds
Start importing Packages/com.unity.testtools.codecoverage/Editor/Icons/CodeCoverage@2x.png using Guid(37164f8d49df70f448b593fa86e488f5) Importer(-1,00000000000000000000000000000000) [PhysX] Initialized MultithreadedTaskDispatcher with 16 workers.
 -> (artifact id: '5bfaa5e5d3aeeb8803f9905a05153ffe') in 0.013435 seconds
Start importing Assets/Scenes/Main/Lightmap-42_comp_light.exr using Guid(37e7ec267cd74cf4ba0f4a9339d5fbf4) Importer(-1,00000000000000000000000000000000) [PhysX] Initialized MultithreadedTaskDispatcher with 16 workers.
 -> (artifact id: '32e95482312d52dfe6c645e7f4265c1c') in 0.050368 seconds
Start importing Packages/com.unity.collab-proxy/Editor/Assets/Images/iconoutofsyncoverlay@2x.png using Guid(3728580c149181a44b359e89f6edacae) Importer(-1,00000000000000000000000000000000) [PhysX] Initialized MultithreadedTaskDispatcher with 16 workers.
 -> (artifact id: '788d833e8be622606a02dfcdfe8f16e2') in 0.014261 seconds
Start importing Assets/Scenes/Main/Lightmap-58_comp_light.exr using Guid(375a143aedf693f458517548df9d83d8) Importer(-1,00000000000000000000000000000000) [PhysX] Initialized MultithreadedTaskDispatcher with 16 workers.
 -> (artifact id: '531d1ca8e928b968c526e64b7eee2762') in 0.054376 seconds
Start importing Packages/com.unity.2d.sprite/Editor/Assets/SpriteEditorOn.png using Guid(476369828d55a4032beead7444495b69) Importer(-1,00000000000000000000000000000000) [PhysX] Initialized MultithreadedTaskDispatcher with 16 workers.
 -> (artifact id: '4e8828b169e013ed258483e73210d3bd') in 0.012769 seconds
Start importing Assets/SkySeries Freebie/FreebieHdri/MegaSunTop.hdr using Guid(47d70ba0d1c1c3e4ab451b6bc37b0ebe) Importer(-1,00000000000000000000000000000000) [PhysX] Initialized MultithreadedTaskDispatcher with 16 workers.
 -> (artifact id: 'f571e7fe99952161c00ee0be693a6eee') in 0.480751 seconds
Start importing Packages/com.unity.inputsystem/InputSystem/Editor/AssetEditor/PackageResources/yellow.png using Guid(47cf506b4219343519083fe1c0b8fc9c) Importer(-1,00000000000000000000000000000000) [PhysX] Initialized MultithreadedTaskDispatcher with 16 workers.
 -> (artifact id: 'f292f38c8e6b07c1be9906aded1b8a97') in 0.011070 seconds
Start importing Assets/Scenes/Main/Lightmap-5_comp_dir.png using Guid(579412e57f896884d98f56bd9690b4a8) Importer(-1,00000000000000000000000000000000) [PhysX] Initialized MultithreadedTaskDispatcher with 16 workers.
 -> (artifact id: '4a2e09eb2247b2d33b83cc2bb7cdcac8') in 0.064843 seconds
Start importing Packages/com.unity.inputsystem/InputSystem/Editor/Icons/ChevronUp@2x.png using Guid(57dfdce0eaf2f48a9bd9e60e920e446b) Importer(-1,00000000000000000000000000000000) [PhysX] Initialized MultithreadedTaskDispatcher with 16 workers.
 -> (artifact id: 'ba5215f3ef98df49989255c52f670576') in 0.011058 seconds
Start importing Assets/WinterLodge/tex/minecraft/block/smoker_side.png using Guid(67c3454faf513894880e38076683ea39) Importer(-1,00000000000000000000000000000000) [PhysX] Initialized MultithreadedTaskDispatcher with 16 workers.
 -> (artifact id: '83b01dfbed2967e385ebe06a71023190') in 0.021061 seconds
Start importing Assets/WinterLodge/tex/minecraft/block/cracked_stone_bricks.png using Guid(6707a9b7b6243624ab3688a69008fa0a) Importer(-1,00000000000000000000000000000000) [PhysX] Initialized MultithreadedTaskDispatcher with 16 workers.
 -> (artifact id: '908349fee34c7e0a927dedb79c3aee48') in 0.016226 seconds
Start importing Packages/com.unity.timeline/Editor/StyleSheets/Images/Icons/d_TimelineEditModeRippleON.png using Guid(67a774c4384aa6c488128e2851b18ced) Importer(-1,00000000000000000000000000000000) [PhysX] Initialized MultithreadedTaskDispatcher with 16 workers.
 -> (artifact id: '6f03878f1c0f6e1afd9dcb0dff8460d8') in 0.016998 seconds
Start importing Assets/Scenes/Main/Lightmap-25_comp_shadowmask.png using Guid(67197f02e4734374ab309e895834666a) Importer(-1,00000000000000000000000000000000) [PhysX] Initialized MultithreadedTaskDispatcher with 16 workers.
 -> (artifact id: 'f0f3598df1ee23199a53dd3b0428f503') in 0.012353 seconds
Start importing Assets/WinterLodge/tex/minecraft/block/gravel.png using Guid(7783eef6f1bba2b46b55d947b5d2343f) Importer(-1,00000000000000000000000000000000) [PhysX] Initialized MultithreadedTaskDispatcher with 16 workers.
 -> (artifact id: '4b774b65d848f0bd1b8e3b6ac75676a1') in 0.017650 seconds
Start importing Packages/com.unity.collab-proxy/Editor/Assets/Images/icondeleted.png using Guid(77a39e873655d3c4b93d0b7696397b83) Importer(-1,00000000000000000000000000000000) [PhysX] Initialized MultithreadedTaskDispatcher with 16 workers.
 -> (artifact id: '89d80e2d1f1b57fa0ea1b1ffc4e3612a') in 0.011060 seconds
Start importing Packages/com.unity.xr.openxr.picoxr/Assets/Resources/Controller/PICO 4/Textures/Power/PICO4_ControllerPower_03.png using Guid(77c7eb2aadfa27c40bbae105b90de610) Importer(-1,00000000000000000000000000000000) [PhysX] Initialized MultithreadedTaskDispatcher with 16 workers.
 -> (artifact id: '907ccb393cc4490b09de3cf872e70223') in 0.016314 seconds
Start importing Packages/com.unity.timeline/Editor/StyleSheets/Images/Icons/d_TrackMarkerButtonDisabled@2x.png using Guid(77d926c9a4ddcc940b8c000b45cbfb35) Importer(-1,00000000000000000000000000000000) [PhysX] Initialized MultithreadedTaskDispatcher with 16 workers.
 -> (artifact id: '27bb3ae33236ccdc78f83462ccfdf76d') in 0.011436 seconds
Start importing Packages/com.unity.collab-proxy/Editor/Assets/Images/iconbrex.png using Guid(87480bc179519ff4da25283c61c2573b) Importer(-1,00000000000000000000000000000000) [PhysX] Initialized MultithreadedTaskDispatcher with 16 workers.
 -> (artifact id: '23de2b7d57ac9497552964f6a6b1878e') in 0.015862 seconds
Start importing Packages/com.unity.2d.sprite/Editor/ObjectMenuCreation/DefaultAssets/Textures/CircleMask.png using Guid(87aaca0a643d54397ba969dab4fc8875) Importer(-1,00000000000000000000000000000000) [PhysX] Initialized MultithreadedTaskDispatcher with 16 workers.
 -> (artifact id: 'a0b92f1cf2d87e566b312f253aba3684') in 0.019790 seconds
Start importing Packages/com.unity.collab-proxy/Editor/Assets/Images/d_iconbranches@2x.png using Guid(874d8401331ede14087e8d8d486ddda6) Importer(-1,00000000000000000000000000000000) [PhysX] Initialized MultithreadedTaskDispatcher with 16 workers.
 -> (artifact id: '09f5f37a368353f30a8b4d12da2b9c78') in 0.005640 seconds
Start importing Packages/com.unity.inputsystem/InputSystem/Editor/Icons/Keyboard@2x.png using Guid(87ae93efe5d3b4262995b0acdc987d88) Importer(-1,00000000000000000000000000000000) [PhysX] Initialized MultithreadedTaskDispatcher with 16 workers.
 -> (artifact id: '6d5a785db5784126d14f91194f07d7bf') in 0.012237 seconds
Start importing Assets/Scenes/Main/Lightmap-52_comp_light.exr using Guid(878f530ee8f678b4ab3c8ba5d96cc258) Importer(-1,00000000000000000000000000000000) [PhysX] Initialized MultithreadedTaskDispatcher with 16 workers.
 -> (artifact id: '10313a12fd824d732c6c23056a8ae27e') in 0.050653 seconds
Start importing Packages/com.unity.inputsystem/InputSystem/Editor/Icons/Mouse@2x.png using Guid(9721efa02e520488d96c36460fe7e4a6) Importer(-1,00000000000000000000000000000000) [PhysX] Initialized MultithreadedTaskDispatcher with 16 workers.
 -> (artifact id: '535806af6e2bd30155f9e6919b73c51d') in 0.012265 seconds
Start importing Packages/com.unity.collab-proxy/Editor/Assets/Images/iconplasticview@2x.png using Guid(97a4e2b6ae08b1140a5ba9e22953e029) Importer(-1,00000000000000000000000000000000) [PhysX] Initialized MultithreadedTaskDispatcher with 16 workers.
 -> (artifact id: '65677296635d96efe3e035e9273ad95e') in 0.016947 seconds
Start importing Assets/Scenes/Main/Lightmap-34_comp_light.exr using Guid(97cb26f01760682468aba06e95a726c2) Importer(-1,00000000000000000000000000000000) [PhysX] Initialized MultithreadedTaskDispatcher with 16 workers.
 -> (artifact id: '0e94a9e76c8754f680167916a33ace92') in 0.054341 seconds
Start importing Assets/WinterLodge/tex/minecraft/block/beehive_end.png using Guid(a710d5b71c613c745851d9cd711e8137) Importer(-1,00000000000000000000000000000000) [PhysX] Initialized MultithreadedTaskDispatcher with 16 workers.
 -> (artifact id: 'f13bc6d495d76f753fa846549a48814d') in 0.015320 seconds
Start importing Assets/WinterLodge/tex/minecraft/block/yellow_wool.png using Guid(a7a391007c58b5445bf0d55e41e04a7c) Importer(-1,00000000000000000000000000000000) [PhysX] Initialized MultithreadedTaskDispatcher with 16 workers.
 -> (artifact id: 'd17a81b088084eeeaba25193f4196acd') in 0.016087 seconds
Start importing Packages/com.unity.timeline/Editor/StyleSheets/Images/LightSkin/TimelineIconClipOut.png using Guid(a7a968b204ed77c4ba90be3ef3ee8551) Importer(-1,00000000000000000000000000000000) [PhysX] Initialized MultithreadedTaskDispatcher with 16 workers.
 -> (artifact id: 'd0ebd1729014118b99ea4c0840d7e75f') in 0.010426 seconds
Start importing Packages/com.unity.textmeshpro/Editor Resources/Gizmos/TMP - Dropdown Icon.psd using Guid(a7ec9e7ad8b847b7ae4510af83c5d868) Importer(-1,00000000000000000000000000000000) [PhysX] Initialized MultithreadedTaskDispatcher with 16 workers.
 -> (artifact id: '67f0296c5696d3c6e6b0c45e8046ee5c') in 0.021897 seconds
Start importing Packages/com.unity.2d.sprite/Editor/Assets/d_SpriteEditor.png using Guid(b7784190913354d4fb9b7f77888f915f) Importer(-1,00000000000000000000000000000000) [PhysX] Initialized MultithreadedTaskDispatcher with 16 workers.
 -> (artifact id: '3eb6d955880fd0ee3e98cf5362ad5f07') in 0.016960 seconds
Start importing Packages/com.unity.textmeshpro/Editor Resources/Textures/btn_AlignCenterGeo.psd using Guid(c76700ea0062413d9f69409b4e9e151b) Importer(-1,00000000000000000000000000000000) [PhysX] Initialized MultithreadedTaskDispatcher with 16 workers.
 -> (artifact id: 'a5076cc41a373ffaadeafa1729f5fb0d') in 0.023701 seconds
Start importing Assets/Scenes/Main/Lightmap-50_comp_light.exr using Guid(c79f19933b7c79c419e8c85f6144a59c) Importer(-1,00000000000000000000000000000000) [PhysX] Initialized MultithreadedTaskDispatcher with 16 workers.
 -> (artifact id: 'cdc5dbabcade26feedaae37c72655de9') in 0.048588 seconds
Start importing Packages/com.unity.timeline/Editor/StyleSheets/Images/LightSkin/TimelineLoop.png using Guid(c7df1e797b21c774f9b859d17f674737) Importer(-1,00000000000000000000000000000000) [PhysX] Initialized MultithreadedTaskDispatcher with 16 workers.
 -> (artifact id: 'ee6473510d35e1297c6364f9e1b5cc1d') in 0.013132 seconds
Start importing Packages/com.unity.inputsystem/InputSystem/Editor/AssetEditor/PackageResources/pink.png using Guid(d7b144323984d4298924c65ed071dea1) Importer(-1,00000000000000000000000000000000) [PhysX] Initialized MultithreadedTaskDispatcher with 16 workers.
 -> (artifact id: 'bc4de05d09f1a205fce7252bdb665082') in 0.012910 seconds
Start importing Packages/com.unity.xr.openxr.picoxr/Assets/Resources/Controller/PICO 4U/Textures/Power/o_com_PICO4U_power_04.png using Guid(d7540181fc229e8448f8276f14347b1b) Importer(-1,00000000000000000000000000000000) [PhysX] Initialized MultithreadedTaskDispatcher with 16 workers.
 -> (artifact id: '6d23c58735041e73857cb9356f9b9534') in 0.015820 seconds
Start importing Packages/com.unity.inputsystem/InputSystem/Editor/Icons/Dpad@4x.png using Guid(d7073cfe15a1a48bfb7ff59225052484) Importer(-1,00000000000000000000000000000000) [PhysX] Initialized MultithreadedTaskDispatcher with 16 workers.
 -> (artifact id: '101697fd57d84b8d1e985773dfc1f297') in 0.010267 seconds
Start importing Packages/com.unity.collab-proxy/Editor/Assets/Images/iconoutofsync@2x.png using Guid(d7094718bdac022428dd29244922d06b) Importer(-1,00000000000000000000000000000000) [PhysX] Initialized MultithreadedTaskDispatcher with 16 workers.
 -> (artifact id: '76025771001f830ff5aa4fc6542e3f44') in 0.012493 seconds
Start importing Assets/Scenes/Main/Lightmap-35_comp_dir.png using Guid(e735431b86fc7684189ff54794fad79f) Importer(-1,00000000000000000000000000000000) [PhysX] Initialized MultithreadedTaskDispatcher with 16 workers.
 -> (artifact id: 'ec965970e0129f9496ccab4fdb9f704c') in 0.027847 seconds
Start importing Packages/com.unity.inputsystem/InputSystem/Editor/Icons/d_Touch@3x.png using Guid(e77ee65b5139048949dc0ac5614efeec) Importer(-1,00000000000000000000000000000000) [PhysX] Initialized MultithreadedTaskDispatcher with 16 workers.
 -> (artifact id: '9e5b0860ac61411eac0ee3b5b50e59a5') in 0.011298 seconds
Start importing Packages/com.unity.inputsystem/InputSystem/Editor/Icons/Dpad.png using Guid(e76f0489d4db34a2fbc3532e07f2848a) Importer(-1,00000000000000000000000000000000) [PhysX] Initialized MultithreadedTaskDispatcher with 16 workers.
 -> (artifact id: 'f01ee1b4acf862c9069103ba4aa95f24') in 0.016211 seconds
Start importing Assets/WinterLodge/tex/minecraft/block/cauldron_top.png using Guid(f7e058615d4ba164fb46185ebb33e741) Importer(-1,00000000000000000000000000000000) [PhysX] Initialized MultithreadedTaskDispatcher with 16 workers.
 -> (artifact id: '89f380e8d52ecd968d1bf02c9eb41047') in 0.017526 seconds
Start importing Packages/com.unity.visualscripting/Editor/VisualScripting.Core/IconMap/FlowMachine@32x.png using Guid(f723b77167d184d4a8ab528db8b55744) Importer(-1,00000000000000000000000000000000) [PhysX] Initialized MultithreadedTaskDispatcher with 16 workers.
 -> (artifact id: '24bac51813d4914722a8d854f9256bf2') in 0.019580 seconds
Start importing Assets/WinterLodge/tex/minecraft/block/rail.png using Guid(f7250bd936eab764fa0766efe474187e) Importer(-1,00000000000000000000000000000000) [PhysX] Initialized MultithreadedTaskDispatcher with 16 workers.
 -> (artifact id: '80cf4bb43e6d7324ddba4b132f90e847') in 0.023263 seconds
Start importing Packages/com.unity.timeline/Editor/StyleSheets/Images/DarkSkin/TimelineContinue.png using Guid(f747f9cdf03f2ff418fe728a77e8cbef) Importer(-1,00000000000000000000000000000000) [PhysX] Initialized MultithreadedTaskDispatcher with 16 workers.
 -> (artifact id: '9ba41129dd2bf40d004f66f8ca3d6ad8') in 0.017052 seconds
Start importing Packages/com.unity.collab-proxy/Editor/Assets/Images/iconlockedremoteoverlay@2x.png using Guid(f73a7d8758d7be04588b15637d94b5a8) Importer(-1,00000000000000000000000000000000) [PhysX] Initialized MultithreadedTaskDispatcher with 16 workers.
 -> (artifact id: '12536b91ffdf0bc163497ac2e56da2e0') in 0.011944 seconds
Start importing Packages/com.unity.collab-proxy/Editor/Assets/Images/d_iconlock.png using Guid(f7adc828ed70a485db62c459bdf09525) Importer(-1,00000000000000000000000000000000) [PhysX] Initialized MultithreadedTaskDispatcher with 16 workers.
 -> (artifact id: 'f865f9617f7d8533c9f2381e6cbcf3c2') in 0.012945 seconds
Start importing Packages/com.unity.inputsystem/InputSystem/Editor/Icons/InputControl@4x.png using Guid(08c99f7c2a7fa410d8567323e32ad5f5) Importer(-1,00000000000000000000000000000000) [PhysX] Initialized MultithreadedTaskDispatcher with 16 workers.
 -> (artifact id: '168b3fb7aefc503abfffc1397d279e9b') in 0.012318 seconds
Start importing Assets/Scenes/Main/Lightmap-8_comp_light.exr using Guid(08dc9a904751a444c8966a1d466d56c7) Importer(-1,00000000000000000000000000000000) [PhysX] Initialized MultithreadedTaskDispatcher with 16 workers.
 -> (artifact id: '8f8865681cbd495d42ef4b73c9a3f33f') in 0.062604 seconds
Start importing Packages/com.unity.inputsystem/InputSystem/Editor/Icons/Joystick@2x.png using Guid(18e45e1f11fae429c80c200cca8e0b4c) Importer(-1,00000000000000000000000000000000) [PhysX] Initialized MultithreadedTaskDispatcher with 16 workers.
 -> (artifact id: '7d5dcc5a61205318da082cdf9aacb357') in 0.011547 seconds
Start importing Packages/com.unity.textmeshpro/Editor Resources/Textures/btn_AlignBaseLine_Light.psd using Guid(18775b51e3bd42299fd30bd036ea982f) Importer(-1,00000000000000000000000000000000) [PhysX] Initialized MultithreadedTaskDispatcher with 16 workers.
 -> (artifact id: '238d18215e01a04654d7a821b81b1d65') in 0.021538 seconds
Start importing Assets/WinterLodge/tex/minecraft/block/dead_horn_coral_fan.png using Guid(1888d5a0f7514274c8762d2077a83c50) Importer(-1,00000000000000000000000000000000) [PhysX] Initialized MultithreadedTaskDispatcher with 16 workers.
 -> (artifact id: '5f0c49ca08b74967034209167011d1a2') in 0.018225 seconds
Start importing Assets/WinterLodge/tex/minecraft/block/oak_planks.png using Guid(188d51a8376aad146ba7aefa891efd9b) Importer(-1,00000000000000000000000000000000) [PhysX] Initialized MultithreadedTaskDispatcher with 16 workers.
 -> (artifact id: 'c45d0cdbd0d347210b19814e99991d0f') in 0.017143 seconds
Start importing Packages/com.unity.timeline/Editor/StyleSheets/Images/DarkSkin/TimelineAutokey_active@2x.png using Guid(183f7b7549219ab47becb461a16df882) Importer(-1,00000000000000000000000000000000) [PhysX] Initialized MultithreadedTaskDispatcher with 16 workers.
 -> (artifact id: '0fb254587c2ad0d1f2e4d01f00df2a6d') in 0.017954 seconds
Start importing Assets/WinterLodge/tex/minecraft/block/barrel_top.png using Guid(289652c84b6595d4f88c07410ca37899) Importer(-1,00000000000000000000000000000000) [PhysX] Initialized MultithreadedTaskDispatcher with 16 workers.
 -> (artifact id: '0129466cd1a4f338b3a2fa6aa352f62d') in 0.015476 seconds
Start importing Packages/com.unity.timeline/Editor/StyleSheets/Images/LightSkin/TimelineActivation.png using Guid(2887294cc7f1fe840bff6e349409648d) Importer(-1,00000000000000000000000000000000) [PhysX] Initialized MultithreadedTaskDispatcher with 16 workers.
 -> (artifact id: '64256aaa78347bb33565f511aa7f26bc') in 0.011334 seconds
Start importing Assets/Scenes/Main/Lightmap-49_comp_light.exr using Guid(283f84d4a935fbb4dbfe4407c4a06685) Importer(-1,00000000000000000000000000000000) [PhysX] Initialized MultithreadedTaskDispatcher with 16 workers.
 -> (artifact id: 'c2d05ead7a9ece6fda7441628cc5bfbc') in 0.053185 seconds
Start importing Packages/com.unity.collab-proxy/Editor/Assets/Images/d_step1.png using Guid(38236a82ff44aaa4b972248479d5f970) Importer(-1,00000000000000000000000000000000) [PhysX] Initialized MultithreadedTaskDispatcher with 16 workers.
 -> (artifact id: 'e69941706425f81134ce11a9ec137214') in 0.012348 seconds
Start importing Assets/Scenes/Main/Lightmap-38_comp_shadowmask.png using Guid(38f4b623d9651b04aa99fdbf99ee0b7e) Importer(-1,00000000000000000000000000000000) [PhysX] Initialized MultithreadedTaskDispatcher with 16 workers.
 -> (artifact id: 'c58e073ed24334a82d4a9350b5a87871') in 0.013251 seconds
Start importing Assets/WinterLodge/tex/minecraft/block/oak_leaves.png using Guid(3879eca57abee474590cb00d65994eb6) Importer(-1,00000000000000000000000000000000) [PhysX] Initialized MultithreadedTaskDispatcher with 16 workers.
 -> (artifact id: '0e2c7702ee4c91f97d32bf89f243df63') in 0.017443 seconds
Start importing Assets/Scenes/Main/Lightmap-21_comp_dir.png using Guid(381dab6fc7020194c9b31794105bb9db) Importer(-1,00000000000000000000000000000000) [PhysX] Initialized MultithreadedTaskDispatcher with 16 workers.
 -> (artifact id: 'df4be5d737fb764f7a85d62925de2ced') in 0.055086 seconds
Start importing Assets/WinterLodge/tex/minecraft/block/pink_wool.png using Guid(382f46a1baf4f324e8175cb536ede0b2) Importer(-1,00000000000000000000000000000000) [PhysX] Initialized MultithreadedTaskDispatcher with 16 workers.
 -> (artifact id: 'c879ab00d3e620725d6528fe3412abca') in 0.017122 seconds
Start importing Packages/com.unity.textmeshpro/Editor Resources/Textures/btn_AlignTop.psd using Guid(48d034c499ee4697af9dd6e327110249) Importer(-1,00000000000000000000000000000000) [PhysX] Initialized MultithreadedTaskDispatcher with 16 workers.
 -> (artifact id: 'f0ed2af07640ad44947f4348c1b897b8') in 0.018891 seconds
Start importing Packages/com.unity.testtools.codecoverage/Editor/Icons/d_CodeCoverage.png using Guid(48e45b7f100ee4b48a02e05135e6cece) Importer(-1,00000000000000000000000000000000) [PhysX] Initialized MultithreadedTaskDispatcher with 16 workers.
 -> (artifact id: '5d41b0da803ad655fc5061d7c657153e') in 0.012765 seconds
Start importing Assets/WinterLodge/tex/minecraft/block/white_tulip.png using Guid(4859054176fae4145b95b9192f6f75d1) Importer(-1,00000000000000000000000000000000) [PhysX] Initialized MultithreadedTaskDispatcher with 16 workers.
 -> (artifact id: 'cf9d0442dff6b17e7644904c0f6cfe79') in 0.016857 seconds
Start importing Packages/com.unity.2d.sprite/Editor/ObjectMenuCreation/DefaultAssets/Textures/Square.png using Guid(48e93eef0688c4a259cb0eddcd8661f7) Importer(-1,00000000000000000000000000000000) [PhysX] Initialized MultithreadedTaskDispatcher with 16 workers.
 -> (artifact id: '0ee28a2e004c1ace81888cefde5e5c94') in 0.013667 seconds
Start importing Assets/Scenes/Main/Lightmap-57_comp_light.exr using Guid(48eba2f3c6566bc4d84dc081c210f932) Importer(-1,00000000000000000000000000000000) [PhysX] Initialized MultithreadedTaskDispatcher with 16 workers.
 -> (artifact id: 'b69fd88e55c610c665227618e128f8ef') in 0.048816 seconds
Start importing Packages/com.unity.inputsystem/InputSystem/Editor/Icons/Touch.png using Guid(588041e6f0efb43489b38677e0aac58f) Importer(-1,00000000000000000000000000000000) [PhysX] Initialized MultithreadedTaskDispatcher with 16 workers.
 -> (artifact id: '6daad64a62b5b27fecc71ae9f0f8ddbf') in 0.017302 seconds
Start importing Assets/Scenes/Main/Lightmap-41_comp_shadowmask.png using Guid(583176d0e2b92f649b34c93dfc451bcb) Importer(-1,00000000000000000000000000000000) [PhysX] Initialized MultithreadedTaskDispatcher with 16 workers.
 -> (artifact id: '24ea7af27b9d06f70e3191100c2d4487') in 0.012954 seconds
Start importing Packages/com.unity.inputsystem/InputSystem/Editor/Icons/Stick@2x.png using Guid(5881d226463a047cb8db57c9cb0ebc0f) Importer(-1,00000000000000000000000000000000) [PhysX] Initialized MultithreadedTaskDispatcher with 16 workers.
 -> (artifact id: 'f10b371508796fdf498c4a8c70085484') in 0.009186 seconds
Start importing Assets/WinterLodge/tex/minecraft/block/birch_planks.png using Guid(58b5666774696284cacd037500129fe1) Importer(-1,00000000000000000000000000000000) [PhysX] Initialized MultithreadedTaskDispatcher with 16 workers.
 -> (artifact id: '10f698e81bacc248dea2c5607ed4b1aa') in 0.015955 seconds
Start importing Packages/com.unity.inputsystem/InputSystem/Editor/Icons/Dpad@2x.png using Guid(5806833d077654e5784b7cbf3e722f58) Importer(-1,00000000000000000000000000000000) [PhysX] Initialized MultithreadedTaskDispatcher with 16 workers.
 -> (artifact id: '54faaab64b9afd80b3f2ec89041a45f6') in 0.018620 seconds
Start importing Packages/com.unity.textmeshpro/Editor Resources/Textures/btn_AlignBottom_Light.psd using Guid(585b70cb75dd43efbfead809c30a1731) Importer(-1,00000000000000000000000000000000) [PhysX] Initialized MultithreadedTaskDispatcher with 16 workers.
 -> (artifact id: '8e965df857ae0c66621cb3c8f4756cee') in 0.020999 seconds
Start importing Assets/Scenes/Main/Lightmap-44_comp_light.exr using Guid(6882b83867389584793af8a193aa86f4) Importer(-1,00000000000000000000000000000000) [PhysX] Initialized MultithreadedTaskDispatcher with 16 workers.
 -> (artifact id: '36823c89ecdd604c7a9866ce09a7b568') in 0.046735 seconds
Start importing Assets/Scenes/Main/Lightmap-54_comp_dir.png using Guid(6837c14d960c22347ae0883773c4c62e) Importer(-1,00000000000000000000000000000000) [PhysX] Initialized MultithreadedTaskDispatcher with 16 workers.
 -> (artifact id: 'e78ff76c5f2f0d0580df584a4c9f7647') in 0.034636 seconds
Start importing Packages/com.unity.collab-proxy/Editor/Assets/Images/d_ignoredoverlay@2x.png using Guid(68fafd0a2acc3774988418f657bf7b68) Importer(-1,00000000000000000000000000000000) [PhysX] Initialized MultithreadedTaskDispatcher with 16 workers.
 -> (artifact id: '10bae2c22fced7f0606b431c10777eb9') in 0.012490 seconds
Start importing Assets/Scenes/Main/Lightmap-39_comp_light.exr using Guid(680e7a001ef7cf442bcac25fdc349fb2) Importer(-1,00000000000000000000000000000000) [PhysX] Initialized MultithreadedTaskDispatcher with 16 workers.
 -> (artifact id: 'c4d55f58905c94a503a4703b04495f5d') in 0.046921 seconds
Start importing Assets/Scenes/Main/Lightmap-54_comp_light.exr using Guid(685e49c06800e1542ac724a17cd5c961) Importer(-1,00000000000000000000000000000000) [PhysX] Initialized MultithreadedTaskDispatcher with 16 workers.
 -> (artifact id: '398a0a119c4b44796ddd110121f3049d') in 0.051540 seconds
Start importing Assets/Resources/UI/SearchIcon.png using Guid(682fa06a4f55ced4488a5d0372d6aca5) Importer(-1,00000000000000000000000000000000) [PhysX] Initialized MultithreadedTaskDispatcher with 16 workers.
 -> (artifact id: '99b36275bb6594249f03497f10b933e0') in 0.022452 seconds
Start importing Assets/Scenes/Main/Lightmap-56_comp_light.exr using Guid(7802b73e16ddf9847ab40a2a6bca5624) Importer(-1,00000000000000000000000000000000) [PhysX] Initialized MultithreadedTaskDispatcher with 16 workers.
 -> (artifact id: 'a55b1c068f295dd16c14e3def37e29a8') in 0.046667 seconds
Start importing Assets/WinterLodge/tex/minecraft/block/spruce_door_bottom.png using Guid(7892d1c92637622478973622dc4c9246) Importer(-1,00000000000000000000000000000000) [PhysX] Initialized MultithreadedTaskDispatcher with 16 workers.
 -> (artifact id: '3e88258ac78b4fed5a448a19d035a15d') in 0.021601 seconds
Start importing Assets/Resources/UI/X Logo.png using Guid(78e6a32d35f2d074a937454ce753a5c7) Importer(-1,00000000000000000000000000000000) [PhysX] Initialized MultithreadedTaskDispatcher with 16 workers.
 -> (artifact id: '9d90aa8200c6c471b6f039eab239cab9') in 0.018419 seconds
Start importing Assets/Scenes/Main/Lightmap-53_comp_light.exr using Guid(88c1eae316761d34095af1c80fdef911) Importer(-1,00000000000000000000000000000000) [PhysX] Initialized MultithreadedTaskDispatcher with 16 workers.
 -> (artifact id: 'c8c2cc48322658a19e7d0bc4a2b2a967') in 0.049893 seconds
Start importing Assets/WinterLodge/tex/minecraft/block/note_block.png using Guid(88b368f75758d1243acc0bfc407dd60c) Importer(-1,00000000000000000000000000000000) [PhysX] Initialized MultithreadedTaskDispatcher with 16 workers.
 -> (artifact id: '574ab91575c1684554566c82d0be2ee7') in 0.020820 seconds
Start importing Packages/com.unity.2d.sprite/Editor/ObjectMenuCreation/DefaultAssets/Textures/v2/9Sliced.png using Guid(8884154dfe85442a3a3578be807dbcdf) Importer(-1,00000000000000000000000000000000) [PhysX] Initialized MultithreadedTaskDispatcher with 16 workers.
 -> (artifact id: 'cee5eae1aeecbeaa402ea97b7b58c26d') in 0.015504 seconds
Start importing Packages/com.unity.timeline/Editor/StyleSheets/Images/LightSkin/TimelinePingPong.png using Guid(88d697f38121de443ba144702e5122d9) Importer(-1,00000000000000000000000000000000) [PhysX] Initialized MultithreadedTaskDispatcher with 16 workers.
 -> (artifact id: 'd07a9dc7c0089f0c2bb4d13e2b43cce7') in 0.011165 seconds
Start importing Packages/com.unity.collab-proxy/Editor/Assets/Images/d_iconconflicted.png using Guid(881798b77426a8f47b533dcc4767e9e5) Importer(-1,00000000000000000000000000000000) [PhysX] Initialized MultithreadedTaskDispatcher with 16 workers.
 -> (artifact id: 'bb8404f0cf3b8ccab615f1955d8dbecf') in 0.012563 seconds
Start importing Assets/Scenes/Main/Lightmap-41_comp_dir.png using Guid(883c354e36c2a694980facdeca599334) Importer(-1,00000000000000000000000000000000) [PhysX] Initialized MultithreadedTaskDispatcher with 16 workers.
 -> (artifact id: '907f2696cd021343d16aa60cb578d6ca') in 0.035949 seconds
Start importing Packages/com.unity.collab-proxy/Editor/Assets/Images/iconundo.png using Guid(98773313eabe35543bfdbf542ccea271) Importer(-1,00000000000000000000000000000000) [PhysX] Initialized MultithreadedTaskDispatcher with 16 workers.
 -> (artifact id: '733ed69b09b2a9af47f7d76d9e801687') in 0.013606 seconds
Start importing Packages/com.unity.collab-proxy/Editor/Assets/Images/iconbranch.png using Guid(981b1c6358520f245a69c070270eca96) Importer(-1,00000000000000000000000000000000) [PhysX] Initialized MultithreadedTaskDispatcher with 16 workers.
 -> (artifact id: '0ebbf655659c3e53363721a6ad941b8f') in 0.011708 seconds
Start importing Packages/com.unity.inputsystem/InputSystem/Editor/Icons/ChevronDown@3x.png using Guid(985cbca1705a64c80b370afdb30b3ee7) Importer(-1,00000000000000000000000000000000) [PhysX] Initialized MultithreadedTaskDispatcher with 16 workers.
 -> (artifact id: '92596c4d488d97977a502c9a47528a97') in 0.011676 seconds
Start importing Packages/com.unity.collab-proxy/Editor/Assets/Images/d_iconconflictedoverlay.png using Guid(a892bcc7ae1871447926b3c44d158763) Importer(-1,00000000000000000000000000000000) [PhysX] Initialized MultithreadedTaskDispatcher with 16 workers.
 -> (artifact id: '71957ac9a9d7ccc0779236b54970c7ed') in 0.011886 seconds
Start importing Packages/com.unity.2d.sprite/Editor/ObjectMenuCreation/DefaultAssets/Textures/v2/Circle.png using Guid(a86470a33a6bf42c4b3595704624658b) Importer(-1,00000000000000000000000000000000) [PhysX] Initialized MultithreadedTaskDispatcher with 16 workers.
 -> (artifact id: '14d3103a9a475e2dc0a83b1495801d8f') in 0.014144 seconds
Start importing Packages/com.unity.timeline/Editor/StyleSheets/Images/Icons/TimelineEditModeMixON.png using Guid(a82846d41464fcf4b962ebdc815963f5) Importer(-1,00000000000000000000000000000000) [PhysX] Initialized MultithreadedTaskDispatcher with 16 workers.
 -> (artifact id: '36fb93055cf16f8fde14034bb864645d') in 0.017825 seconds
Start importing Assets/Resources/UI/MainButton.png using Guid(a84a9133bffbf164d88df1c4255d8eae) Importer(-1,00000000000000000000000000000000) [PhysX] Initialized MultithreadedTaskDispatcher with 16 workers.
 -> (artifact id: '597064c6d7b1a979891d97f057c7062c') in 0.014588 seconds
Start importing Packages/com.unity.inputsystem/InputSystem/Editor/Icons/d_ChevronUp@2x.png using Guid(a89bfcdeffde84e7ebf930d44b695435) Importer(-1,00000000000000000000000000000000) [PhysX] Initialized MultithreadedTaskDispatcher with 16 workers.
 -> (artifact id: '38f4feae2a5b7a58a4372fa8f8157677') in 0.011447 seconds
Start importing Assets/Scenes/Main/Lightmap-2_comp_dir.png using Guid(a83caf85075b58d40afc5162a4250a2c) Importer(-1,00000000000000000000000000000000) [PhysX] Initialized MultithreadedTaskDispatcher with 16 workers.
 -> (artifact id: 'ef054d40f77ef86212551c74cb6040a4') in 0.044832 seconds
Start importing Assets/Scenes/Main/Lightmap-20_comp_dir.png using Guid(a8eed0ceb9ce72a4e96a73308342b10d) Importer(-1,00000000000000000000000000000000) [PhysX] Initialized MultithreadedTaskDispatcher with 16 workers.
 -> (artifact id: 'a22c104d9b2374193282458763f09879') in 0.044708 seconds
Start importing Packages/com.unity.timeline/Editor/StyleSheets/Images/LightSkin/TimelineSignalCollapsed.png using Guid(a88fa20ed164bbe4da6bf533f94a3113) Importer(-1,00000000000000000000000000000000) [PhysX] Initialized MultithreadedTaskDispatcher with 16 workers.
 -> (artifact id: '7a39fb3603bb716b88a6ebef8230f6db') in 0.011976 seconds
Start importing Assets/Scenes/Main/Lightmap-57_comp_shadowmask.png using Guid(a89f5825eb2bc59458474661ebaa3bdf) Importer(-1,00000000000000000000000000000000) [PhysX] Initialized MultithreadedTaskDispatcher with 16 workers.
 -> (artifact id: '5dc062e94f02e1ab7a1daa51c7ec1fc2') in 0.016643 seconds
Start importing Assets/Packages/System.Runtime.CompilerServices.Unsafe.6.1.2/Icon.png using Guid(b86014af97a2de74086a3127af30a1c8) Importer(-1,00000000000000000000000000000000) [PhysX] Initialized MultithreadedTaskDispatcher with 16 workers.
 -> (artifact id: 'b6106dcf8dfa2dbed53d6042ea03b08d') in 0.020931 seconds
Start importing Packages/com.unity.timeline/Editor/StyleSheets/Images/Icons/TrackLockButtonEnabled@2x.png using Guid(b8c531b4e51e4994a81837c4e9b0d649) Importer(-1,00000000000000000000000000000000) [PhysX] Initialized MultithreadedTaskDispatcher with 16 workers.
 -> (artifact id: 'a0dbec746b2a5748f0b45ff24e7d4ec9') in 0.016243 seconds
Start importing Assets/WinterLodge/tex/minecraft/block/end_rod.png using Guid(b8682cbc9f4f37d4195b3c1ce7539730) Importer(-1,00000000000000000000000000000000) [PhysX] Initialized MultithreadedTaskDispatcher with 16 workers.
 -> (artifact id: '27b592ec4ee97054a9b6d0f160e4b09e') in 0.014117 seconds
Start importing Packages/com.unity.collab-proxy/Editor/Assets/Images/icondeletedremote.png using Guid(b85a4b2ec6433d04895612d791edc260) Importer(-1,00000000000000000000000000000000) [PhysX] Initialized MultithreadedTaskDispatcher with 16 workers.
 -> (artifact id: '97b6580c39fdfa5041990b0e78a3237e') in 0.011860 seconds
Start importing Assets/Scenes/Main/Lightmap-30_comp_shadowmask.png using Guid(b8aaacaa0b221a34e813295498f4b9c1) Importer(-1,00000000000000000000000000000000) [PhysX] Initialized MultithreadedTaskDispatcher with 16 workers.
 -> (artifact id: '57bfafd6cd59f51f2ca23a883eb25730') in 0.012791 seconds
Start importing Packages/com.unity.timeline/Editor/StyleSheets/Images/Icons/TimelineCollapseMarkerButtonDisabled.png using Guid(b80d5b6acdfbc114b9efab6295fd96c1) Importer(-1,00000000000000000000000000000000) [PhysX] Initialized MultithreadedTaskDispatcher with 16 workers.
 -> (artifact id: 'e59960f3131c69e521a0274c59b532a5') in 0.012245 seconds
Start importing Packages/com.unity.xr.openxr.picoxr/Assets/Resources/Controller/PICO 4U/Textures/Power/o_com_PICO4U_power_03.png using Guid(c874b39fd1d35274cb34a60847385eb5) Importer(-1,00000000000000000000000000000000) [PhysX] Initialized MultithreadedTaskDispatcher with 16 workers.
 -> (artifact id: '075fa7845154074b86cca02ac34139f1') in 0.015218 seconds
Start importing Packages/com.unity.collab-proxy/Editor/Assets/Images/d_step1@2x.png using Guid(c8a69ecdf54ac8e4b873466605de27ff) Importer(-1,00000000000000000000000000000000) [PhysX] Initialized MultithreadedTaskDispatcher with 16 workers.
 -> (artifact id: 'a61482cfcedefdc6808f129d83690ae6') in 0.012144 seconds
Start importing Assets/WinterLodge/tex/minecraft/block/hopper_outside.png using Guid(c8cde60a1fe750a438d0d7386b417893) Importer(-1,00000000000000000000000000000000) [PhysX] Initialized MultithreadedTaskDispatcher with 16 workers.
 -> (artifact id: '112f5a8436adad4bf3ca3b298d2e402a') in 0.013564 seconds
Start importing Assets/Scenes/Main/Lightmap-21_comp_shadowmask.png using Guid(d8c448b0d1fc24b41bf75c413698b787) Importer(-1,00000000000000000000000000000000) [PhysX] Initialized MultithreadedTaskDispatcher with 16 workers.
 -> (artifact id: '6fad5f7497b4e612fc25e986146ffe22') in 0.013263 seconds
Start importing Assets/Scenes/Main/Lightmap-24_comp_light.exr using Guid(d8257bea3e6158048b382ed034d70c49) Importer(-1,00000000000000000000000000000000) [PhysX] Initialized MultithreadedTaskDispatcher with 16 workers.
 -> (artifact id: '7f6c1ac7e7cfd1fc555c44be27964d95') in 0.053089 seconds
Start importing Packages/com.unity.inputsystem/InputSystem/Editor/Icons/d_Joystick@4x.png using Guid(d88596134c72c47b99d7d55583f4c6bf) Importer(-1,00000000000000000000000000000000) [PhysX] Initialized MultithreadedTaskDispatcher with 16 workers.
 -> (artifact id: '99a4df8ebc7cfbe7d18dbac2cad757f6') in 0.017713 seconds
Start importing Assets/WinterLodge/tex/minecraft/block/mangrove_propagule.png using Guid(e87037404408bc64c89170a2886838ab) Importer(-1,00000000000000000000000000000000) [PhysX] Initialized MultithreadedTaskDispatcher with 16 workers.
 -> (artifact id: '1b03ef4984855f3b0668df90162bd60a') in 0.015360 seconds
Start importing Packages/com.unity.timeline/Editor/StyleSheets/Images/Icons/d_TrackLockButtonEnabled.png using Guid(e8aa120f1b4731e43a2dd31eb70bbbe2) Importer(-1,00000000000000000000000000000000) [PhysX] Initialized MultithreadedTaskDispatcher with 16 workers.
 -> (artifact id: '3c0bf65aa4b3e0ec9226dcf0629c5795') in 0.020932 seconds
Start importing Assets/WinterLodge/tex/minecraft/block/campfire_log.png using Guid(e87c0f67e9623554ab6dee5a3e58beca) Importer(-1,00000000000000000000000000000000) [PhysX] Initialized MultithreadedTaskDispatcher with 16 workers.
 -> (artifact id: 'c6024f7d1eb8e6770c1c278ac2421e0f') in 0.021191 seconds
Start importing Assets/Scenes/Main/Lightmap-32_comp_light.exr using Guid(f855beae6e082834ea72957ef3c7d7b1) Importer(-1,00000000000000000000000000000000) [PhysX] Initialized MultithreadedTaskDispatcher with 16 workers.
 -> (artifact id: '26c981f6ce930256059c363fdd32607f') in 0.044466 seconds
Start importing Packages/com.unity.collab-proxy/Editor/Assets/Images/d_iconoutofsync@2x.png using Guid(f82dfc5fc3c5a8f4080a3550427019c8) Importer(-1,00000000000000000000000000000000) [PhysX] Initialized MultithreadedTaskDispatcher with 16 workers.
 -> (artifact id: '184de4bfcea2ce06580ac97723aa3778') in 0.013082 seconds
Start importing Packages/com.unity.inputsystem/InputSystem/Editor/Icons/d_Button@2x.png using Guid(0962795d1cafc460b9027de55b1c0a80) Importer(-1,00000000000000000000000000000000) [PhysX] Initialized MultithreadedTaskDispatcher with 16 workers.
 -> (artifact id: 'f4201520313acbdbaeba61e4ce6f1d19') in 0.011231 seconds
Start importing Packages/com.unity.timeline/Editor/StyleSheets/Images/Icons/TimelineEditModeReplaceOFF.png using Guid(09ae14686a02d484ab41e76fd1efba14) Importer(-1,00000000000000000000000000000000) [PhysX] Initialized MultithreadedTaskDispatcher with 16 workers.
 -> (artifact id: 'ba0d8941be6abda4bf78d79dae914d78') in 0.018605 seconds
Start importing Assets/Resources/UI/BackButton.png using Guid(1954b7fcf44566746b50bdcd440d8b18) Importer(-1,00000000000000000000000000000000) [PhysX] Initialized MultithreadedTaskDispatcher with 16 workers.
 -> (artifact id: '5ae72962edb5dfd233f9aa56e15a9148') in 0.021887 seconds
Start importing Packages/com.unity.testtools.codecoverage/Editor/Icons/FolderOpened.png using Guid(1935829ae7024da448814ef05b31e6c4) Importer(-1,00000000000000000000000000000000) [PhysX] Initialized MultithreadedTaskDispatcher with 16 workers.
 -> (artifact id: '8346131dc71d55044e5244939c8e6e72') in 0.013987 seconds
Start importing Packages/com.unity.inputsystem/InputSystem/Editor/Icons/d_Mouse@4x.png using Guid(1918e7bff8ff44878a0003977ca03971) Importer(-1,00000000000000000000000000000000) [PhysX] Initialized MultithreadedTaskDispatcher with 16 workers.
 -> (artifact id: '2044992d88d4e313626ab473cdf03857') in 0.011064 seconds
Start importing Packages/com.unity.2d.sprite/Editor/ObjectMenuCreation/DefaultAssets/Textures/v2/IsometricDiamond.png using Guid(19fb86013d8c24d6cb8410c0aadf30fa) Importer(-1,00000000000000000000000000000000) [PhysX] Initialized MultithreadedTaskDispatcher with 16 workers.
 -> (artifact id: 'f3363deb6db58788394ff49b11b1880e') in 0.015036 seconds
Start importing Assets/WinterLodge/Bear/black parts.png using Guid(199c856ea461b82458c1a5e1275454f1) Importer(-1,00000000000000000000000000000000) [PhysX] Initialized MultithreadedTaskDispatcher with 16 workers.
 -> (artifact id: 'b49ce810dcd1737f53e4ed3ab4465a61') in 0.008007 seconds
Start importing Packages/com.unity.timeline/Editor/StyleSheets/Images/Icons/TrackMarkerButtonDisabled@2x.png using Guid(193dae938a3136440b693b45a2494737) Importer(-1,00000000000000000000000000000000) [PhysX] Initialized MultithreadedTaskDispatcher with 16 workers.
 -> (artifact id: '51142a1d45f6cbbb01bd06dd0eee4166') in 0.019588 seconds
Start importing Assets/WinterLodge/tex/minecraft/block/allium.png using Guid(2911ad9050f1ff04fb0509566b13dcff) Importer(-1,00000000000000000000000000000000) [PhysX] Initialized MultithreadedTaskDispatcher with 16 workers.
 -> (artifact id: 'a2297d5da2df453f92a308cbf406eed6') in 0.019294 seconds
Start importing Assets/Scenes/Main/Lightmap-40_comp_dir.png using Guid(29a63bbcc1634dc458b2d3c85764e450) Importer(-1,00000000000000000000000000000000) [PhysX] Initialized MultithreadedTaskDispatcher with 16 workers.
 -> (artifact id: '15ce8f8a479c90675535e43903eeefbf') in 0.039538 seconds
Start importing Assets/WinterLodge/Mushroom/pot.png using Guid(29688b33ff88f3c4a9fcf3d44b7f1eba) Importer(-1,00000000000000000000000000000000) [PhysX] Initialized MultithreadedTaskDispatcher with 16 workers.
 -> (artifact id: '2d6c3a67d4a4c01d1dc6ff4073e79640') in 0.022571 seconds
Start importing Assets/Scenes/Main/Lightmap-45_comp_dir.png using Guid(291a6035ce01bc141a7a61b27d712127) Importer(-1,00000000000000000000000000000000) [PhysX] Initialized MultithreadedTaskDispatcher with 16 workers.
 -> (artifact id: '3077ae5ce61460ef8b5f9d7ce3157ae5') in 0.029944 seconds
Start importing Packages/com.unity.collab-proxy/Editor/Assets/Images/d_iconshelve.png using Guid(292bae633fda01e41b8847fad37495c2) Importer(-1,00000000000000000000000000000000) [PhysX] Initialized MultithreadedTaskDispatcher with 16 workers.
 -> (artifact id: 'b2c0aea2eb71027a2e92a11bbe2e0737') in 0.012670 seconds
Start importing Packages/com.unity.collab-proxy/Editor/Assets/Images/iconcheckedoutlocaloverlay@2x.png using Guid(3999034958d54364da380a8839a11050) Importer(-1,00000000000000000000000000000000) [PhysX] Initialized MultithreadedTaskDispatcher with 16 workers.
 -> (artifact id: '909cda84ce75ca92ca997ba36bb4a01c') in 0.013458 seconds
Start importing Packages/com.unity.timeline/Editor/StyleSheets/Images/Icons/d_TimelineEditModeMixOFF.png using Guid(39d9575ed0465354cb02b69ea18526de) Importer(-1,00000000000000000000000000000000) [PhysX] Initialized MultithreadedTaskDispatcher with 16 workers.
 -> (artifact id: '16a346df1bd23e30be38145f64df9bb2') in 0.019109 seconds
Start importing Packages/com.unity.inputsystem/InputSystem/Editor/Icons/d_InputControl.png using Guid(399cd90f4e31041e692a7d3a8b1aa4d0) Importer(-1,00000000000000000000000000000000) [PhysX] Initialized MultithreadedTaskDispatcher with 16 workers.
 -> (artifact id: '93d1e5d5757750f61f010e31fb7b1bb5') in 0.013167 seconds
Start importing Assets/Scenes/Main/Lightmap-5_comp_light.exr using Guid(39dfbfbd0a03ea649b6276f9c749a10c) Importer(-1,00000000000000000000000000000000) [PhysX] Initialized MultithreadedTaskDispatcher with 16 workers.
 -> (artifact id: '1da7a1cb8fdc7bda578cc5525c4b8ffb') in 0.055865 seconds
Start importing Assets/WinterLodge/Cart/body.png using Guid(49829856cf9cffa40a1f87406c67481f) Importer(-1,00000000000000000000000000000000) [PhysX] Initialized MultithreadedTaskDispatcher with 16 workers.
 -> (artifact id: '8f91e34e75d1c8e2c6b8951075fe5376') in 0.023203 seconds
Start importing Packages/com.unity.textmeshpro/Editor Resources/Textures/btn_AlignCapLine_Light.psd using Guid(49679f302ac6408697f6b9314a38985c) Importer(-1,00000000000000000000000000000000) [PhysX] Initialized MultithreadedTaskDispatcher with 16 workers.
 -> (artifact id: '0bbb00e3025c24985f89d6c4b62b7169') in 0.020941 seconds
Start importing Packages/com.unity.timeline/Editor/StyleSheets/Images/Icons/TrackRecordButtonDisabled.png using Guid(495998c718a094540bbe57ae5ab07647) Importer(-1,00000000000000000000000000000000) [PhysX] Initialized MultithreadedTaskDispatcher with 16 workers.
 -> (artifact id: 'c0e99d5998ed2a615a12dc0b36d4c094') in 0.016134 seconds
Start importing Assets/WinterLodge/tex/minecraft/block/flower_pot.png using Guid(5961f7e15f83a5347b669cb577b8ec7d) Importer(-1,00000000000000000000000000000000) [PhysX] Initialized MultithreadedTaskDispatcher with 16 workers.
 -> (artifact id: 'ce6c3aa7d0ba389b6f535e34886faad3') in 0.015261 seconds
Start importing Packages/com.unity.collab-proxy/Editor/Assets/Images/refresh@2x.png using Guid(59571f82a0dc1a14da606dc0df6f8ea7) Importer(-1,00000000000000000000000000000000) [PhysX] Initialized MultithreadedTaskDispatcher with 16 workers.
 -> (artifact id: '6022491219e14f1fee80bcb319435906') in 0.015130 seconds
Start importing Packages/com.unity.collab-proxy/Editor/Assets/Images/ignored.png using Guid(595bc97bc8e1e0b46bd4c2148ba3723a) Importer(-1,00000000000000000000000000000000) [PhysX] Initialized MultithreadedTaskDispatcher with 16 workers.
 -> (artifact id: '8a6560fe47ebcb0e9a0ed9cc52c9ded3') in 0.016930 seconds
Start importing Assets/WinterLodge/tex/minecraft/block/blue_orchid.png using Guid(59ae47e331cd8f34a9e3e21eea03d469) Importer(-1,00000000000000000000000000000000) [PhysX] Initialized MultithreadedTaskDispatcher with 16 workers.
 -> (artifact id: '9a5a78284ba44f70742cdaadb14140b1') in 0.033674 seconds
Start importing Assets/Scenes/Main/Lightmap-26_comp_shadowmask.png using Guid(69907e8078902d54e8f3cbaaf1037360) Importer(-1,00000000000000000000000000000000) [PhysX] Initialized MultithreadedTaskDispatcher with 16 workers.
 -> (artifact id: 'ca3daf2082877fbe369327f6e586d931') in 0.014384 seconds
Start importing Assets/WinterLodge/tex/minecraft/block/red_candle_lit.png using Guid(6932f74f9ef81004a9b9bed1f364ad9d) Importer(-1,00000000000000000000000000000000) [PhysX] Initialized MultithreadedTaskDispatcher with 16 workers.
 -> (artifact id: 'd76ff7a7fa5c4b3f98409f872b9d7476') in 0.012928 seconds
Start importing Packages/com.unity.timeline/Editor/StyleSheets/Images/LightSkin/TimelineEndPlayback.png using Guid(6952cd3b0f88917449a8fa4d19fc5009) Importer(-1,00000000000000000000000000000000) [PhysX] Initialized MultithreadedTaskDispatcher with 16 workers.
 -> (artifact id: '5ec618ee76874b5d9440417b935bfbee') in 0.010221 seconds
Start importing Packages/com.unity.textmeshpro/Editor Resources/Textures/btn_AlignFlush.psd using Guid(691475c57a824010be0c6f474caeb7e1) Importer(-1,00000000000000000000000000000000) [PhysX] Initialized MultithreadedTaskDispatcher with 16 workers.
 -> (artifact id: 'dac9d887124c3bb23689fc284ecd1509') in 0.019480 seconds
Start importing Packages/com.unity.collab-proxy/Editor/Assets/Images/d_secondarytabclose.png using Guid(6975ee4c1f40caf4da8dd733ee2cfeaf) Importer(-1,00000000000000000000000000000000) [PhysX] Initialized MultithreadedTaskDispatcher with 16 workers.
 -> (artifact id: '6f7f44dd5cd797420d8fc3c4ca86f94a') in 0.010864 seconds
Start importing Packages/com.unity.collab-proxy/Editor/Assets/Images/step3.png using Guid(69899ed144c8eea4baea48b858b37746) Importer(-1,00000000000000000000000000000000) [PhysX] Initialized MultithreadedTaskDispatcher with 16 workers.
 -> (artifact id: '10bbb641ac20df145081a1ade3dfa3a9') in 0.014015 seconds
Start importing Packages/com.unity.collab-proxy/Editor/Assets/Images/d_iconundo.png using Guid(691dc543ff5b9ca44bf846657ba04161) Importer(-1,00000000000000000000000000000000) [PhysX] Initialized MultithreadedTaskDispatcher with 16 workers.
 -> (artifact id: 'ae6bbbe0f4d6cf4b5cf660fa911a72b3') in 0.011253 seconds
Start importing Packages/com.unity.collab-proxy/Editor/Assets/Images/iconshelve@2x.png using Guid(695fbddd7238dc94c8f102d9191c2886) Importer(-1,00000000000000000000000000000000) [PhysX] Initialized MultithreadedTaskDispatcher with 16 workers.
 -> (artifact id: '6ae2b877695122f50e25552df591a7c5') in 0.011128 seconds
Start importing Packages/com.unity.timeline/Editor/StyleSheets/Images/LightSkin/TimelineInfiniteTrackNoShadow.png using Guid(69ff79f863a32ad44a9497d4896d9d1c) Importer(-1,00000000000000000000000000000000) [PhysX] Initialized MultithreadedTaskDispatcher with 16 workers.
 -> (artifact id: '43064ec1e5878db6243c3e8615a8221c') in 0.011211 seconds
Start importing Assets/Scenes/Main/Lightmap-10_comp_shadowmask.png using Guid(79d3f0ee146523b47b7559270d952779) Importer(-1,00000000000000000000000000000000) [PhysX] Initialized MultithreadedTaskDispatcher with 16 workers.
 -> (artifact id: '7eeb34735626340a07c74b7c68db57a5') in 0.005686 seconds
Start importing Assets/WinterLodge/tex/minecraft/block/chain.png using Guid(79fb4f7553d366b42bbc4bf4494398ca) Importer(-1,00000000000000000000000000000000) [PhysX] Initialized MultithreadedTaskDispatcher with 16 workers.
 -> (artifact id: '5813dabd25bc6706f8efc069bf1a0525') in 0.014488 seconds
Start importing Assets/Scenes/Main/Lightmap-14_comp_light.exr using Guid(89fb9cc907e678644a6f3e5c1545f2e2) Importer(-1,00000000000000000000000000000000) [PhysX] Initialized MultithreadedTaskDispatcher with 16 workers.
 -> (artifact id: '1afce23a3253a2c6090f2fa461047856') in 0.053398 seconds
Start importing Packages/com.unity.collab-proxy/Editor/Assets/Images/d_step2.png using Guid(897c3a3f5c4038345a7143573bbb4a40) Importer(-1,00000000000000000000000000000000) [PhysX] Initialized MultithreadedTaskDispatcher with 16 workers.
 -> (artifact id: '2dcbd2b1a9ae7ad696fd6950000b3bcf') in 0.016144 seconds
Start importing Assets/Scenes/Main/Lightmap-40_comp_light.exr using Guid(99a2bde96ce8acf4ebdb3eb3589a2df0) Importer(-1,00000000000000000000000000000000) [PhysX] Initialized MultithreadedTaskDispatcher with 16 workers.
 -> (artifact id: 'b410b7adf7a820a7e3c5c3091a689d22') in 0.049176 seconds
Start importing Assets/Scenes/Main/Lightmap-46_comp_light.exr using Guid(996d00dbf0e8ffa47b79a326a66ae688) Importer(-1,00000000000000000000000000000000) [PhysX] Initialized MultithreadedTaskDispatcher with 16 workers.
 -> (artifact id: '339a097019edef08812b83763bd70b93') in 0.044169 seconds
Start importing Assets/WinterLodge/tex/minecraft/block/bookshelf.png using Guid(997da5dd3b941f84f8cbecd6dc08e6dd) Importer(-1,00000000000000000000000000000000) [PhysX] Initialized MultithreadedTaskDispatcher with 16 workers.
 -> (artifact id: '480124a1ab444d338ba1c6b9b43c4356') in 0.025299 seconds
Start importing Packages/com.unity.collab-proxy/Editor/Assets/Images/ignoredoverlay@2x.png using Guid(999d04c0ea94ccc41b3d80788160695b) Importer(-1,00000000000000000000000000000000) [PhysX] Initialized MultithreadedTaskDispatcher with 16 workers.
 -> (artifact id: '48a16ef5813bba6b81278b929cd03cae') in 0.012859 seconds
Start importing Packages/com.unity.inputsystem/InputSystem/Editor/Icons/Axis@4x.png using Guid(a940917cc397643afb071010cb2143d9) Importer(-1,00000000000000000000000000000000) [PhysX] Initialized MultithreadedTaskDispatcher with 16 workers.
 -> (artifact id: 'd78d54c918c72d3a149d7b9c2651689c') in 0.011534 seconds
Start importing Packages/com.unity.2d.sprite/Editor/ObjectMenuCreation/DefaultAssets/Textures/HexagonFlat-TopWithBorder.png using Guid(a9716c16a44a94eed9b5c90fbf4d9bdd) Importer(-1,00000000000000000000000000000000) [PhysX] Initialized MultithreadedTaskDispatcher with 16 workers.
 -> (artifact id: 'a8d5bd8d53c2da6819e885b543f851f1') in 0.013358 seconds
Start importing Packages/com.unity.xr.openxr.picoxr/Assets/Resources/Controller/PICO 4/Textures/PICO4_Controller_Albedo.png using Guid(a9229f83992ae6c439fd8eb7c677e0e8) Importer(-1,00000000000000000000000000000000) [PhysX] Initialized MultithreadedTaskDispatcher with 16 workers.
 -> (artifact id: '8da09ed53b4b340e85d131bce8145dc6') in 0.058519 seconds
Start importing Assets/Scenes/Main/Lightmap-12_comp_shadowmask.png using Guid(a9a3748e0a5e3344eb5ec3f2b5bd62f9) Importer(-1,00000000000000000000000000000000) [PhysX] Initialized MultithreadedTaskDispatcher with 16 workers.
 -> (artifact id: 'd986366f3d4d64747596519ea1d6c9b7') in 0.015152 seconds
Start importing Packages/com.unity.collab-proxy/Editor/Assets/Images/iconplasticnotifyconflict.png using Guid(a916ed6819efd014588f58e3cfc48196) Importer(-1,00000000000000000000000000000000) [PhysX] Initialized MultithreadedTaskDispatcher with 16 workers.
 -> (artifact id: '2737ec441a14762ecbf4feffd414e38d') in 0.016955 seconds
Start importing Packages/com.unity.inputsystem/InputSystem/Editor/Icons/ChevronUp.png using Guid(a9fe7c3d19af4432b9ae2a5172f4ea72) Importer(-1,00000000000000000000000000000000) [PhysX] Initialized MultithreadedTaskDispatcher with 16 workers.
 -> (artifact id: '7f5752270def23c977c4f04f57ff86be') in 0.021395 seconds
Start importing Assets/WinterLodge/Mushroom/hT.png using Guid(b970a778aaa444a44b17c12fccf6295d) Importer(-1,00000000000000000000000000000000) [PhysX] Initialized MultithreadedTaskDispatcher with 16 workers.
 -> (artifact id: '947571df941fb82bfb87a4fcaf4406a6') in 0.025671 seconds
Start importing Assets/SkySeries Freebie/FreebieHdri/MegaSunFront.hdr using Guid(b915aaf1fa7dbd54a9e60e42712933a9) Importer(-1,00000000000000000000000000000000) [PhysX] Initialized MultithreadedTaskDispatcher with 16 workers.
 -> (artifact id: '29089586227d8e0921741c47db532d3d') in 0.466337 seconds
Start importing Packages/com.unity.inputsystem/InputSystem/Editor/Icons/d_Orientation.png using Guid(c933c2bcad7ef46309fde7c1cf11b39a) Importer(-1,00000000000000000000000000000000) [PhysX] Initialized MultithreadedTaskDispatcher with 16 workers.
 -> (artifact id: 'd3165f704e4f0a752f82f04b14f75364') in 0.010791 seconds
Start importing Packages/com.unity.inputsystem/InputSystem/Editor/Icons/Position@4x.png using Guid(c998b283038914e699477f514ecb31ac) Importer(-1,00000000000000000000000000000000) [PhysX] Initialized MultithreadedTaskDispatcher with 16 workers.
 -> (artifact id: '897cff46ad57120c4d73701e45d1fbdd') in 0.016520 seconds
Start importing Packages/com.unity.collab-proxy/Editor/Assets/Images/d_step3@2x.png using Guid(c9ed6d6ea2f9657409bfa068d4846139) Importer(-1,00000000000000000000000000000000) [PhysX] Initialized MultithreadedTaskDispatcher with 16 workers.
 -> (artifact id: '998c63cb72442ecebb64fbdb09f9a0c1') in 0.015628 seconds
Start importing Assets/Scenes/Main/Lightmap-58_comp_dir.png using Guid(d962b3c6b942a6e41917a8a5dcac3ae1) Importer(-1,00000000000000000000000000000000) [PhysX] Initialized MultithreadedTaskDispatcher with 16 workers.
 -> (artifact id: '3e6bfc9564104f61147149fb7cdb281c') in 0.040024 seconds
Start importing Packages/com.unity.timeline/Editor/StyleSheets/Images/DarkSkin/TimelineSignalCollapsed.png using Guid(d91793cd853a258448e4d5545bb38e45) Importer(-1,00000000000000000000000000000000) [PhysX] Initialized MultithreadedTaskDispatcher with 16 workers.
 -> (artifact id: '10103eee5359f98e8c31f0fff1846e1f') in 0.021885 seconds
Start importing Assets/Scenes/Main/Lightmap-16_comp_dir.png using Guid(e9042e6b17476e942904f326c806fb24) Importer(-1,00000000000000000000000000000000) [PhysX] Initialized MultithreadedTaskDispatcher with 16 workers.
 -> (artifact id: '89f7e01bd58f28589d33bf526bc395f0') in 0.053056 seconds
Start importing Assets/WinterLodge/tex/minecraft/block/andesite.png using Guid(e9dcc7c264d3c0c4a84637ac8746b816) Importer(-1,00000000000000000000000000000000) [PhysX] Initialized MultithreadedTaskDispatcher with 16 workers.
 -> (artifact id: 'fe1786397d7f2a66903b4e14a798be22') in 0.018746 seconds
Start importing Assets/Resources/UI/Reload.png using Guid(e90f120db72d0e44dafced5e697f04ca) Importer(-1,00000000000000000000000000000000) [PhysX] Initialized MultithreadedTaskDispatcher with 16 workers.
 -> (artifact id: '455e900c3a67f0883f5f7e3d302975e6') in 0.023730 seconds
Start importing Packages/com.unity.collab-proxy/Editor/Assets/Images/buttonssosigninunity.png using Guid(f9161c6c9e06dc445ada3ee16d991f90) Importer(-1,00000000000000000000000000000000) [PhysX] Initialized MultithreadedTaskDispatcher with 16 workers.
 -> (artifact id: 'd5f62417e91592ac9130cc9e6f8911d8') in 0.015110 seconds
Start importing Assets/WinterLodge/tex/minecraft/block/shroomlight.png using Guid(f9dc3941e80a339438ed2b0f06f53ddb) Importer(-1,00000000000000000000000000000000) [PhysX] Initialized MultithreadedTaskDispatcher with 16 workers.
 -> (artifact id: 'f4ecf94fab276b15d72a27a213b878c0') in 0.026208 seconds
Start importing Packages/com.unity.timeline/Editor/StyleSheets/Images/LightSkin/TimelineKeyframe.png using Guid(f9fd2f335364cda41937eab39bf20049) Importer(-1,00000000000000000000000000000000) [PhysX] Initialized MultithreadedTaskDispatcher with 16 workers.
 -> (artifact id: 'f4b1fc01b650988f4a6dacb0833cdca3') in 0.014993 seconds
Start importing Packages/com.unity.collab-proxy/Editor/Assets/Images/iconconflicted@2x.png using Guid(f95f697d66d238446b1ab717def09945) Importer(-1,00000000000000000000000000000000) [PhysX] Initialized MultithreadedTaskDispatcher with 16 workers.
 -> (artifact id: 'b71c3d4241f12febc533d0ba02276076') in 0.013467 seconds
Start importing Assets/WinterLodge/tex/minecraft/block/lectern_sides.png using Guid(0a21712cdb3bfff4e8ff07ca41d7adce) Importer(-1,00000000000000000000000000000000) [PhysX] Initialized MultithreadedTaskDispatcher with 16 workers.
 -> (artifact id: 'e6ce182c0283da5d7c05fb91df41ab8f') in 0.016120 seconds
Start importing Assets/WinterLodge/decorated_pot_side.png using Guid(0a031b15a7934b5449e8320f9f7536b0) Importer(-1,00000000000000000000000000000000) [PhysX] Initialized MultithreadedTaskDispatcher with 16 workers.
 -> (artifact id: 'fed77744e1d7433cb3a4e92a18c83dd2') in 0.013083 seconds
Start importing Packages/com.unity.collab-proxy/Editor/Assets/Images/d_iconemptygravatar@2x.png using Guid(0ac55f9f886d827408c102bdf33c5ff7) Importer(-1,00000000000000000000000000000000) [PhysX] Initialized MultithreadedTaskDispatcher with 16 workers.
 -> (artifact id: '1d72b94bd23a56f8eb38d1989d149e82') in 0.013584 seconds
Start importing Packages/com.unity.inputsystem/InputSystem/Editor/Icons/d_Pen@4x.png using Guid(0aec7c7bf99354f66bc2a1d18bd0b4d2) Importer(-1,00000000000000000000000000000000) [PhysX] Initialized MultithreadedTaskDispatcher with 16 workers.
 -> (artifact id: '3653fcac47a34bcab875a0ff026814c3') in 0.011161 seconds
Start importing Packages/com.unity.timeline/Editor/StyleSheets/Images/LightSkin/TimelineAutokey_active.png using Guid(0a5e3e063c4e1ab45999cf6e40c13c07) Importer(-1,00000000000000000000000000000000) [PhysX] Initialized MultithreadedTaskDispatcher with 16 workers.
 -> (artifact id: 'b01f88975b8577aca23e9652a5ccc265') in 0.010674 seconds
Start importing Assets/Resources/UI/RoundedBorderUnfilled.png using Guid(1a221e5869ec32a419521a125f1848d9) Importer(-1,00000000000000000000000000000000) [PhysX] Initialized MultithreadedTaskDispatcher with 16 workers.
 -> (artifact id: 'eecf3bea467b57fc3fe5f9d088d03bec') in 0.025500 seconds
Start importing Packages/com.unity.timeline/Editor/StyleSheets/Images/LightSkin/TimelineSignalSelected.png using Guid(1a7852b1b33b816498b6af1e739f5995) Importer(-1,00000000000000000000000000000000) [PhysX] Initialized MultithreadedTaskDispatcher with 16 workers.
 -> (artifact id: '9d9c3e41febacbe305e7c4dc4de9cdce') in 0.011234 seconds
Start importing Assets/WinterLodge/tex/minecraft/block/fern.png using Guid(1a0ee620c0938844aa32e8ed3b3f1c8a) Importer(-1,00000000000000000000000000000000) [PhysX] Initialized MultithreadedTaskDispatcher with 16 workers.
 -> (artifact id: '173b7f38dcd119d8c01cc05e9b3e3649') in 0.013449 seconds
Start importing Packages/com.unity.inputsystem/InputSystem/Editor/Icons/Button.png using Guid(2a5d0a7febdc741039abf135883517e5) Importer(-1,00000000000000000000000000000000) [PhysX] Initialized MultithreadedTaskDispatcher with 16 workers.
 -> (artifact id: 'acdfea63d6026c1a6a801efa1e0fad56') in 0.019381 seconds
Start importing Assets/Scenes/Main/Lightmap-47_comp_dir.png using Guid(3a701fa747265104aba3fa17584cc969) Importer(-1,00000000000000000000000000000000) [PhysX] Initialized MultithreadedTaskDispatcher with 16 workers.
 -> (artifact id: '1eece8a4f1a59f2c3f68e1ece5c0d38d') in 0.031339 seconds
Start importing Assets/Scenes/Main/Lightmap-15_comp_shadowmask.png using Guid(3a1d79a8e6cffd34684ea45597bc5a98) Importer(-1,00000000000000000000000000000000) [PhysX] Initialized MultithreadedTaskDispatcher with 16 workers.
 -> (artifact id: 'dd83e271afa94d84e7fb1df2f1f3512f') in 0.013482 seconds
Start importing Assets/Scenes/Main/Lightmap-45_comp_shadowmask.png using Guid(3a9e5be3df6bb554cb8a5bd7561fdcfb) Importer(-1,00000000000000000000000000000000) [PhysX] Initialized MultithreadedTaskDispatcher with 16 workers.
 -> (artifact id: '95a15394534ef74895abbc3b0b14a6ea') in 0.016444 seconds
Start importing Packages/com.unity.inputsystem/InputSystem/Editor/Icons/Gamepad@3x.png using Guid(4ae0b2f68c2464272b1b10105262b09b) Importer(-1,00000000000000000000000000000000) [PhysX] Initialized MultithreadedTaskDispatcher with 16 workers.
 -> (artifact id: '650495eeb1d9bef99cbecf30230075be') in 0.014287 seconds
Start importing Packages/com.unity.collab-proxy/Editor/Assets/Images/d_iconconflictresolvedoverlay@2x.png using Guid(4a231ba0e81e63849a8f985c228e8acd) Importer(-1,00000000000000000000000000000000) [PhysX] Initialized MultithreadedTaskDispatcher with 16 workers.
 -> (artifact id: '56e26bb4c7ddbae2345bbc2d7487ed41') in 0.014679 seconds
Start importing Packages/com.unity.inputsystem/InputSystem/Editor/Icons/d_Add Binding@4x.png using Guid(4a0ce0eda6ee74c669b13104649e1313) Importer(-1,00000000000000000000000000000000) [PhysX] Initialized MultithreadedTaskDispatcher with 16 workers.
 -> (artifact id: '8d2a98c007966a0904f5edabb260a7ac') in 0.015219 seconds
Start importing Assets/WinterLodge/tex/minecraft/block/item_frame.png using Guid(4a6e1dca6b1a098438a7320d20e80967) Importer(-1,00000000000000000000000000000000) [PhysX] Initialized MultithreadedTaskDispatcher with 16 workers.
 -> (artifact id: '77c23cc0b96f75e82b8fd56a08edc705') in 0.016308 seconds
Start importing Packages/com.unity.2d.sprite/Editor/ObjectMenuCreation/DefaultAssets/Textures/CircleWithBorder.png using Guid(4adeaf2d2b1c7417e89f026626d8264f) Importer(-1,00000000000000000000000000000000) [PhysX] Initialized MultithreadedTaskDispatcher with 16 workers.
 -> (artifact id: '03b8297e9558a95cbc94f69c514f1d54') in 0.019463 seconds
Start importing Packages/com.unity.inputsystem/InputSystem/Editor/AssetEditor/PackageResources/personal/foldoutBackground.png using Guid(5ab69704aa4984b49bc426da72fabbed) Importer(-1,00000000000000000000000000000000) [PhysX] Initialized MultithreadedTaskDispatcher with 16 workers.
 -> (artifact id: '7a57111909ed261ed27e5cbef57ef163') in 0.018026 seconds
Start importing Assets/WinterLodge/tex/minecraft/block/lantern.png using Guid(5a1788215ee008845a2dbf8227bb8d78) Importer(-1,00000000000000000000000000000000) [PhysX] Initialized MultithreadedTaskDispatcher with 16 workers.
 -> (artifact id: '353c95498409cd28acc703b74453248f') in 0.019179 seconds
Start importing Packages/com.unity.2d.sprite/Editor/ObjectMenuCreation/DefaultAssets/Textures/v2/HexagonPointedTop.png using Guid(5aa8b770bc43046bc8d993d0d5b7f4a5) Importer(-1,00000000000000000000000000000000) [PhysX] Initialized MultithreadedTaskDispatcher with 16 workers.
 -> (artifact id: '4412b632ec46ea87b9f3231740046f6f') in 0.016455 seconds
Start importing Packages/com.unity.inputsystem/InputSystem/Editor/Icons/Keyboard.png using Guid(5a5b9538c3aaa4587856e68a93a92a51) Importer(-1,00000000000000000000000000000000) [PhysX] Initialized MultithreadedTaskDispatcher with 16 workers.
 -> (artifact id: '6e07de7f74f72911746630a38ba0ac8b') in 0.013098 seconds
Start importing Packages/com.unity.timeline/Editor/StyleSheets/Images/Icons/d_TrackMuteButtonDisabled.png using Guid(6ab002208ec290544b44bc263dc58a95) Importer(-1,00000000000000000000000000000000) [PhysX] Initialized MultithreadedTaskDispatcher with 16 workers.
 -> (artifact id: 'f56ebd88ccc3ab69e6ac6ce33e44b0bf') in 0.012526 seconds
Start importing Packages/com.unity.inputsystem/InputSystem/Editor/Icons/MultiplayerEventSystem@64.png using Guid(6a237171e2346e3458db37eb0f90d42b) Importer(-1,00000000000000000000000000000000) [PhysX] Initialized MultithreadedTaskDispatcher with 16 workers.
 -> (artifact id: '6a084d13686cdf096b27d5b0e1a2e9ef') in 0.010580 seconds
Start importing Assets/Scenes/Main/Lightmap-42_comp_dir.png using Guid(6a34c19374989f64898549aa0bcc11f1) Importer(-1,00000000000000000000000000000000) [PhysX] Initialized MultithreadedTaskDispatcher with 16 workers.
 -> (artifact id: '50002b4a93c0957fdc37f40477c315a1') in 0.031216 seconds
Start importing Assets/Scenes/Main/Lightmap-26_comp_dir.png using Guid(6ae5b583f0eb55f4b9361aa4329b2ac2) Importer(-1,00000000000000000000000000000000) [PhysX] Initialized MultithreadedTaskDispatcher with 16 workers.
 -> (artifact id: '3cc07e7616eb9c5a3351eecf62d6e2e7') in 0.050438 seconds
Start importing Assets/WinterLodge/tex/minecraft/block/grindstone_pivot.png using Guid(6aaace7b0b5b9ba4b9dfd84df9b7550e) Importer(-1,00000000000000000000000000000000) [PhysX] Initialized MultithreadedTaskDispatcher with 16 workers.
 -> (artifact id: 'd3628a091a39f2047c3f11527e9b8eac') in 0.016821 seconds
Start importing Packages/com.unity.collab-proxy/Editor/Assets/Images/d_secondarytabclosehover.png using Guid(6a9d211bea1bc4a429d86cbb2d0b0a3e) Importer(-1,00000000000000000000000000000000) [PhysX] Initialized MultithreadedTaskDispatcher with 16 workers.
 -> (artifact id: '4bd366c0458c8c0b5187c17d04ffb0a2') in 0.010656 seconds
Start importing Packages/com.unity.textmeshpro/Editor Resources/Textures/btn_AlignCenter_Light.psd using Guid(6ace62d30f494c948b71d5594afce11d) Importer(-1,00000000000000000000000000000000) [PhysX] Initialized MultithreadedTaskDispatcher with 16 workers.
 -> (artifact id: 'f5c5ed3419599092cec7a8a090238e04') in 0.021116 seconds
Start importing Packages/com.unity.xr.openxr.picoxr/Assets/Resources/Controller/PICO 4U/Texture/o_com_PICO4U_power_01.png using Guid(6a8f8e966738570459db901ed84ef9b6) Importer(-1,00000000000000000000000000000000) [PhysX] Initialized MultithreadedTaskDispatcher with 16 workers.
 -> (artifact id: '4f59d7ea0442577fefbb595bd283eeda') in 0.015583 seconds
Start importing Assets/Scenes/Main/Lightmap-1_comp_shadowmask.png using Guid(7a589e35bce53254aa06cca93cd18a0e) Importer(-1,00000000000000000000000000000000) [PhysX] Initialized MultithreadedTaskDispatcher with 16 workers.
 -> (artifact id: 'eb1477e34b3298c41ef2b6c8cc37f050') in 0.011980 seconds
Start importing Assets/WinterLodge/tex/minecraft/block/grindstone_side.png using Guid(8a0c3b132dbb0024d877c64bcf60a5ea) Importer(-1,00000000000000000000000000000000) [PhysX] Initialized MultithreadedTaskDispatcher with 16 workers.
 -> (artifact id: '603361862b179f7287b088de291cdaba') in 0.015370 seconds
Start importing Packages/com.unity.collab-proxy/Editor/Assets/Images/iconmoved.png using Guid(8a6cca56e2b63344eb4769cd92d93ffb) Importer(-1,00000000000000000000000000000000) [PhysX] Initialized MultithreadedTaskDispatcher with 16 workers.
 -> (artifact id: 'dd4d813685cccac2746d6931253887f7') in 0.012883 seconds
Start importing Assets/Scenes/Main/Lightmap-31_comp_dir.png using Guid(9a117c559ade2f9478dab17098ff4bbc) Importer(-1,00000000000000000000000000000000) [PhysX] Initialized MultithreadedTaskDispatcher with 16 workers.
 -> (artifact id: '98e8920fd59849de5831a1f3c4614529') in 0.029632 seconds
Start importing Packages/com.unity.collab-proxy/Editor/Assets/Images/d_secondarytabclosehover@2x.png using Guid(9aa4348290784b2468144a97eb15d8d7) Importer(-1,00000000000000000000000000000000) [PhysX] Initialized MultithreadedTaskDispatcher with 16 workers.
 -> (artifact id: '076fb1502601310dbfba8a4d66ab8b31') in 0.012755 seconds
Start importing Packages/com.unity.inputsystem/InputSystem/Editor/Icons/Touch@3x.png using Guid(9ad5d5b6a25b749e78b4950eae0a8ec2) Importer(-1,00000000000000000000000000000000) [PhysX] Initialized MultithreadedTaskDispatcher with 16 workers.
 -> (artifact id: '178f9607b4a717820a73e5b9c30d37db') in 0.009975 seconds
Start importing Assets/WinterLodge/tex/minecraft/block/dead_bush.png using Guid(9a766bbf7b681bc47a41d5edcdf22d7d) Importer(-1,00000000000000000000000000000000) [PhysX] Initialized MultithreadedTaskDispatcher with 16 workers.
 -> (artifact id: '2aabef0bbf051410b10e1912f18fb758') in 0.017681 seconds
Start importing Packages/com.unity.collab-proxy/Editor/Assets/Images/iconaddedlocal.png using Guid(9a1ab8af8c446204e989a90f18305caf) Importer(-1,00000000000000000000000000000000) [PhysX] Initialized MultithreadedTaskDispatcher with 16 workers.
 -> (artifact id: '2b7682e2cc9ed734cc3473211c6c6460') in 0.012316 seconds
Start importing Packages/com.unity.visualscripting/Graphics/GraphGroup.psd using Guid(9aebf5eaf632b8a4898b295d2cb20c0d) Importer(-1,00000000000000000000000000000000) [PhysX] Initialized MultithreadedTaskDispatcher with 16 workers.
 -> (artifact id: '1b268c2db6956ab6b24447bc33553cfa') in 0.022298 seconds
Start importing Packages/com.unity.collab-proxy/Editor/Assets/Images/d_iconemptygravatar.png using Guid(9aebd705574f9e642aef1e5f59b3e4d8) Importer(-1,00000000000000000000000000000000) [PhysX] Initialized MultithreadedTaskDispatcher with 16 workers.
 -> (artifact id: '83d56cace8d55f82b9c64a1358072a57') in 0.012549 seconds
Start importing Packages/com.unity.inputsystem/InputSystem/Editor/Icons/Button@4x.png using Guid(aa356632480554016ab8f4200032981b) Importer(-1,00000000000000000000000000000000) [PhysX] Initialized MultithreadedTaskDispatcher with 16 workers.
 -> (artifact id: '203f7a60928c007c764f722a3e09f152') in 0.011586 seconds
Start importing Packages/com.unity.inputsystem/InputSystem/Editor/AssetEditor/PackageResources/personal/propertiesBackground.png using Guid(aa4c2360f910d46f497f75b4b6677358) Importer(-1,00000000000000000000000000000000) [PhysX] Initialized MultithreadedTaskDispatcher with 16 workers.
 -> (artifact id: 'dd52c33e0ddc76619e2fb742e0594b1b') in 0.012535 seconds
Start importing Packages/com.unity.inputsystem/InputSystem/Editor/Icons/ChevronDown.png using Guid(ba304f5556a3a4fac98d126883083e7e) Importer(-1,00000000000000000000000000000000) [PhysX] Initialized MultithreadedTaskDispatcher with 16 workers.
 -> (artifact id: 'd996540753795cbab01e7416732dadf6') in 0.015005 seconds
Start importing Assets/WinterLodge/tex/minecraft/block/crafting_table_side.png using Guid(bac13306e08844d4e952c2154086e95c) Importer(-1,00000000000000000000000000000000) [PhysX] Initialized MultithreadedTaskDispatcher with 16 workers.
 -> (artifact id: 'be621df9e4cb046bc006a9c2e478dbfd') in 0.023689 seconds
Start importing Packages/com.unity.visualscripting/Editor/VisualScripting.Core/IconMap/Variables@32x.png using Guid(ba736aa67df8cee43b1b679c961d74f4) Importer(-1,00000000000000000000000000000000) [PhysX] Initialized MultithreadedTaskDispatcher with 16 workers.
 -> (artifact id: 'aa22d068fd79a2cdf5f89c099a58da93') in 0.014330 seconds
Start importing Packages/com.unity.collab-proxy/Editor/Assets/Images/iconlock@2x.png using Guid(ba96945b6a1b743579931a87e98041fe) Importer(-1,00000000000000000000000000000000) [PhysX] Initialized MultithreadedTaskDispatcher with 16 workers.
 -> (artifact id: 'acdcf10e9242ddf347935136fafc8b21') in 0.012942 seconds
Start importing Packages/com.unity.textmeshpro/Editor Resources/Textures/btn_AlignBottom.psd using Guid(ca51b19024094d1b87f3e07edb0a75fb) Importer(-1,00000000000000000000000000000000) [PhysX] Initialized MultithreadedTaskDispatcher with 16 workers.
 -> (artifact id: '289a50f564714d46d18039d75ca5296e') in 0.023425 seconds
Start importing Assets/Scenes/Main/Lightmap-14_comp_dir.png using Guid(cad2626a9d2fb124598047b6c067d173) Importer(-1,00000000000000000000000000000000) [PhysX] Initialized MultithreadedTaskDispatcher with 16 workers.
 -> (artifact id: '7e96250769572bf0871cc9d9ad19985c') in 0.042237 seconds
Start importing Packages/com.unity.collab-proxy/Editor/Assets/Images/iconinfobellnotification.png using Guid(ca9343b72095cb846be99d76d069dfc0) Importer(-1,00000000000000000000000000000000) [PhysX] Initialized MultithreadedTaskDispatcher with 16 workers.
 -> (artifact id: '26614c37489ea502c60bf4cb247db691') in 0.013666 seconds
Start importing Packages/com.unity.inputsystem/InputSystem/Editor/Icons/d_Add Binding@3x.png using Guid(ca933a91c81734ddd88b17c8481ec1e9) Importer(-1,00000000000000000000000000000000) [PhysX] Initialized MultithreadedTaskDispatcher with 16 workers.
 -> (artifact id: 'fd911c4b0fb728d9bb8b146f10231798') in 0.010525 seconds
Start importing Assets/WinterLodge/tex/minecraft/block/orange_wool.png using Guid(ca241695083b51747b26658862fe20a2) Importer(-1,00000000000000000000000000000000) [PhysX] Initialized MultithreadedTaskDispatcher with 16 workers.
 -> (artifact id: 'a732ff770986de2be4d4e74b2f0cb388') in 0.014632 seconds
Start importing Assets/WinterLodge/tex/minecraft/block/sand.png using Guid(ca74e8a24e5d8974c94f3e82de57736a) Importer(-1,00000000000000000000000000000000) [PhysX] Initialized MultithreadedTaskDispatcher with 16 workers.
 -> (artifact id: '5df300d4a8baed19c4c95828fca4dd97') in 0.017476 seconds
Start importing Packages/com.unity.inputsystem/InputSystem/Editor/Icons/Interactive Binding@3x.png using Guid(cac8742b1b72b44699fd1663287ca47d) Importer(-1,00000000000000000000000000000000) [PhysX] Initialized MultithreadedTaskDispatcher with 16 workers.
 -> (artifact id: '1bd8167a189d6ac3064b9b8942a43e24') in 0.012596 seconds
Start importing Packages/com.unity.inputsystem/InputSystem/Editor/Icons/d_Orientation@2x.png using Guid(cae83450c8b18499c8c0239edf8bcc31) Importer(-1,00000000000000000000000000000000) [PhysX] Initialized MultithreadedTaskDispatcher with 16 workers.
 -> (artifact id: '172cf5f47ce68c06084918ced97919cb') in 0.018602 seconds
Start importing Assets/Scenes/Main/Lightmap-51_comp_shadowmask.png using Guid(dac0338fee2636446b8d78ca2d52bf5b) Importer(-1,00000000000000000000000000000000) [PhysX] Initialized MultithreadedTaskDispatcher with 16 workers.
 -> (artifact id: '2fd52cdf83a0b65030f7598f89d9435f') in 0.016427 seconds
Start importing Packages/com.unity.collab-proxy/Editor/Assets/Images/iconemptygravatar@2x.png using Guid(da545229eea36164d8b8cba2f75a1143) Importer(-1,00000000000000000000000000000000) [PhysX] Initialized MultithreadedTaskDispatcher with 16 workers.
 -> (artifact id: '9f2b72ae02e4387fbd95c469a32bbfca') in 0.013977 seconds
Start importing Assets/Scenes/Main/Lightmap-44_comp_shadowmask.png using Guid(daf83a184a07a27409284d4720d4a24d) Importer(-1,00000000000000000000000000000000) [PhysX] Initialized MultithreadedTaskDispatcher with 16 workers.
 -> (artifact id: 'a3e3232bc7b7e380a66c4ff6f8a6e0af') in 0.014318 seconds
Start importing Packages/com.unity.inputsystem/InputSystem/Editor/Icons/d_Mouse@2x.png using Guid(daa9ba527d8a34b218224b8287ce11d3) Importer(-1,00000000000000000000000000000000) [PhysX] Initialized MultithreadedTaskDispatcher with 16 workers.
 -> (artifact id: 'f26cf8e96a93d550e2ab32ea6898ff2c') in 0.015827 seconds
Start importing Assets/Scenes/Main/Lightmap-38_comp_light.exr using Guid(ea72f8c2cf956c44996f8298bcc28cb1) Importer(-1,00000000000000000000000000000000) [PhysX] Initialized MultithreadedTaskDispatcher with 16 workers.
 -> (artifact id: 'e4aaac6929551bbf7d0c13a91b2eace5') in 0.047284 seconds
Start importing Assets/WinterLodge/tex/minecraft/block/snow.png using Guid(ea443e641fba96447814468b4804eabc) Importer(-1,00000000000000000000000000000000) [PhysX] Initialized MultithreadedTaskDispatcher with 16 workers.
 -> (artifact id: '2a49443a81c03ccfe24aed66b2aa93ab') in 0.007235 seconds
Start importing Packages/com.unity.timeline/Editor/StyleSheets/Images/DarkSkin/TimelineInfiniteTrackNoShadow.png using Guid(eae63adb172f1164db61a7f4bdfc3637) Importer(-1,00000000000000000000000000000000) [PhysX] Initialized MultithreadedTaskDispatcher with 16 workers.
 -> (artifact id: 'd011a638f310551be56ca0f27d9a5b98') in 0.019294 seconds
Start importing Assets/Scenes/Main/Lightmap-12_comp_light.exr using Guid(ea19a7a97e79d064d8c0fdf005e20f82) Importer(-1,00000000000000000000000000000000) [PhysX] Initialized MultithreadedTaskDispatcher with 16 workers.
 -> (artifact id: '524e08016a0d60f2b9e838b1290e917e') in 0.049919 seconds
Start importing Packages/com.unity.inputsystem/InputSystem/Editor/Icons/Pen.png using Guid(ea8b7319643924985a9ee4ca18b8db59) Importer(-1,00000000000000000000000000000000) [PhysX] Initialized MultithreadedTaskDispatcher with 16 workers.
 -> (artifact id: 'c2271656319ee97648944f410f85dee8') in 0.011692 seconds
Start importing Packages/com.unity.xr.openxr.picoxr/Assets/Resources/Controller/G3/Textures/Power/dianliang_03.png using Guid(fa81cec4ef495964295e19ee18428ddf) Importer(-1,00000000000000000000000000000000) [PhysX] Initialized MultithreadedTaskDispatcher with 16 workers.
 -> (artifact id: '56ea6105be20a30cf399fa351eb3047f') in 0.013781 seconds
Start importing Packages/com.unity.textmeshpro/Editor Resources/Textures/btn_AlignJustified_Light.psd using Guid(fa6bd40a216346b783a4cce741d277a5) Importer(-1,00000000000000000000000000000000) [PhysX] Initialized MultithreadedTaskDispatcher with 16 workers.
 -> (artifact id: 'cc4bf61146c6482fd45647e82cd4da2f') in 0.022327 seconds
Start importing Assets/WinterLodge/tex/minecraft/block/light_blue_wool.png using Guid(0bb6817a9fd6973429a1f13f89327b89) Importer(-1,00000000000000000000000000000000) [PhysX] Initialized MultithreadedTaskDispatcher with 16 workers.
 -> (artifact id: '044df8e48aa3e980fae11137aa70109c') in 0.013722 seconds
Start importing Packages/com.unity.inputsystem/InputSystem/Editor/Icons/Pen@3x.png using Guid(1bf9cdd4bc492489c8c7c6190785fc48) Importer(-1,00000000000000000000000000000000) [PhysX] Initialized MultithreadedTaskDispatcher with 16 workers.
 -> (artifact id: 'c05e64495c82229e424bd53565d07483') in 0.011561 seconds
Start importing Packages/com.unity.collab-proxy/Editor/Assets/Images/d_iconlockedremoteoverlay@2x.png using Guid(2bb4e96f5d0b02c468932d665a015c54) Importer(-1,00000000000000000000000000000000) [PhysX] Initialized MultithreadedTaskDispatcher with 16 workers.
 -> (artifact id: 'ba6e6750f875f5ff3d459f0b2e77ab6f') in 0.014393 seconds
Start importing Packages/com.unity.collab-proxy/Editor/Assets/Images/d_iconinviteusers@2x.png using Guid(2b9bf8ec5d54fe249ac9e20979ccd42c) Importer(-1,00000000000000000000000000000000) [PhysX] Initialized MultithreadedTaskDispatcher with 16 workers.
 -> (artifact id: 'cdbc2634329b1dfd0afdce8271068632') in 0.016443 seconds
Start importing Packages/com.unity.inputsystem/InputSystem/Editor/Icons/d_Interactive Binding@2x.png using Guid(3b78dc1763429489c9a1c70faf4f9a0e) Importer(-1,00000000000000000000000000000000) [PhysX] Initialized MultithreadedTaskDispatcher with 16 workers.
 -> (artifact id: '2bab8789ab76637c8b9108dbe494c202') in 0.013076 seconds
Start importing Packages/com.unity.timeline/Editor/StyleSheets/Images/DarkSkin/TimelineTimeCursor.png using Guid(3b9e9b3d9ade166499e7a17109ca73bf) Importer(-1,00000000000000000000000000000000) [PhysX] Initialized MultithreadedTaskDispatcher with 16 workers.
 -> (artifact id: '85e51664c1fdbfee1e08de606c08fa0d') in 0.020611 seconds
Start importing Assets/Scenes/Main/Lightmap-12_comp_dir.png using Guid(4bf255c9e625c894d88eb2eb5928595b) Importer(-1,00000000000000000000000000000000) [PhysX] Initialized MultithreadedTaskDispatcher with 16 workers.
 -> (artifact id: '6f081b804c48b9a27289cf099cbcac8e') in 0.043895 seconds
Start importing Assets/WinterLodge/tex/minecraft/block/azalea_leaves.png using Guid(4b05f567d8d129c4cac05b6b926117d7) Importer(-1,00000000000000000000000000000000) [PhysX] Initialized MultithreadedTaskDispatcher with 16 workers.
 -> (artifact id: 'a0461f0f8283494097d2a9b74e7ad5e8') in 0.019974 seconds
Start importing Assets/Scenes/Main/Lightmap-22_comp_light.exr using Guid(4b86da025094ea2439ffab106b726f13) Importer(-1,00000000000000000000000000000000) [PhysX] Initialized MultithreadedTaskDispatcher with 16 workers.
 -> (artifact id: 'f5150e041f6620471760e574b0a64652') in 0.043657 seconds
Start importing Packages/com.unity.timeline/Editor/StyleSheets/Images/Icons/TrackAvatarButtonEnabled.png using Guid(4bf6507f1346b2746a35384f6a5fd5f9) Importer(-1,00000000000000000000000000000000) [PhysX] Initialized MultithreadedTaskDispatcher with 16 workers.
 -> (artifact id: '3769ae6d0be96d1b6ec2ba2510eca62d') in 0.018598 seconds
Start importing Packages/com.unity.2d.sprite/Editor/ObjectMenuCreation/DefaultAssets/Textures/HexagonPointed-TopWithBorder.png using Guid(4b2a04fdbe0ef4d8da8f90eaca817cd1) Importer(-1,00000000000000000000000000000000) [PhysX] Initialized MultithreadedTaskDispatcher with 16 workers.
 -> (artifact id: '4bb55a5fb53a5b4fb255b78eddfcfab5') in 0.016476 seconds
Start importing Assets/WinterLodge/Cart/glasses.png using Guid(5b2ba6b93b74fc847ba0bc2c7da857f0) Importer(-1,00000000000000000000000000000000) [PhysX] Initialized MultithreadedTaskDispatcher with 16 workers.
 -> (artifact id: '2ae6a128ca44db35a38288dd1210b346') in 0.018593 seconds
Start importing Packages/com.unity.timeline/Editor/StyleSheets/Images/Icons/d_TimelineEditModeReplaceON.png using Guid(7b4b3cedf598c954cb2f38d6e2e34c0d) Importer(-1,00000000000000000000000000000000) [PhysX] Initialized MultithreadedTaskDispatcher with 16 workers.
 -> (artifact id: 'd31d1fe5a866bd0e1a1ffef7a86cb076') in 0.017704 seconds
Start importing Packages/com.unity.inputsystem/InputSystem/Editor/Icons/TrackedPoseDriver@4x.png using Guid(7b8bfaee8f8631c4789ac62373cbc2d4) Importer(-1,00000000000000000000000000000000) [PhysX] Initialized MultithreadedTaskDispatcher with 16 workers.
 -> (artifact id: 'e0f9d2b5ef49267924f0a3768cfbc6cd') in 0.011729 seconds
Start importing Assets/WinterLodge/tex/minecraft/block/quartz_block_bottom.png using Guid(7b3d0f88d40a98640a8a59f2cb800158) Importer(-1,00000000000000000000000000000000) [PhysX] Initialized MultithreadedTaskDispatcher with 16 workers.
 -> (artifact id: 'da9c0eee9a1889ba172b87c5c6ff1fc7') in 0.012270 seconds
Start importing Assets/Scenes/Main/Lightmap-51_comp_light.exr using Guid(8b7028749c439aa4ea275e43f65cf3bd) Importer(-1,00000000000000000000000000000000) [PhysX] Initialized MultithreadedTaskDispatcher with 16 workers.
 -> (artifact id: 'a97e6b23bc01765fa3b691de2d24cf78') in 0.048062 seconds
Start importing Packages/com.unity.inputsystem/InputSystem/Editor/Icons/Add Binding@3x.png using Guid(8be1fbf4b24de44c99840805bdae9e40) Importer(-1,00000000000000000000000000000000) [PhysX] Initialized MultithreadedTaskDispatcher with 16 workers.
 -> (artifact id: '57414fc099fee740853f345985413039') in 0.015275 seconds
Start importing Packages/com.unity.textmeshpro/Editor Resources/Textures/btn_AlignBaseLine.psd using Guid(8bc445bb79654bf496c92d0407840a92) Importer(-1,00000000000000000000000000000000) [PhysX] Initialized MultithreadedTaskDispatcher with 16 workers.
 -> (artifact id: '1f7895ce49edc89041bdaeda3f8da707') in 0.021652 seconds
Start importing Packages/com.unity.2d.sprite/Editor/Assets/SpriteEditor.png using Guid(9b243bd8491a24b2cbe5231468a93813) Importer(-1,00000000000000000000000000000000) [PhysX] Initialized MultithreadedTaskDispatcher with 16 workers.
 -> (artifact id: '800ec795786fe7cb0c2d29b5ddfae9dc') in 0.012069 seconds
Start importing Packages/com.unity.collab-proxy/Editor/Assets/Images/d_iconbrex@2x.png using Guid(9b76c79563c3a274aa48b0dbdf009693) Importer(-1,00000000000000000000000000000000) [PhysX] Initialized MultithreadedTaskDispatcher with 16 workers.
 -> (artifact id: 'be9ed8fe8b943dd564e6bf1263a177a3') in 0.011473 seconds
Start importing Assets/WinterLodge/tex/minecraft/block/lectern_front.png using Guid(9b7aa39f3b0aec443955bc461099758b) Importer(-1,00000000000000000000000000000000) [PhysX] Initialized MultithreadedTaskDispatcher with 16 workers.
 -> (artifact id: 'f8b4c09f97a0a155df3c77a025496b6b') in 0.017920 seconds
Start importing Packages/com.unity.collab-proxy/Editor/Assets/Images/iconbrex@2x.png using Guid(ab97695f01bc84c4b93e8440531417e7) Importer(-1,00000000000000000000000000000000) [PhysX] Initialized MultithreadedTaskDispatcher with 16 workers.
 -> (artifact id: 'd5a96a4313ab04f0140a48e9bd44a4b9') in 0.012890 seconds
Start importing Packages/com.unity.inputsystem/InputSystem/Editor/Icons/d_Dpad@2x.png using Guid(ab9b5824ece1d443aa1f3a5672d9da86) Importer(-1,00000000000000000000000000000000) [PhysX] Initialized MultithreadedTaskDispatcher with 16 workers.
 -> (artifact id: '540df03ac10cbbcc367228d69894808e') in 0.010799 seconds
Start importing Packages/com.unity.timeline/Editor/StyleSheets/Images/DarkSkin/TimelineIconClipIn.png using Guid(ab1e2f0dfb0df5e40bb95359b3d8ed3a) Importer(-1,00000000000000000000000000000000) [PhysX] Initialized MultithreadedTaskDispatcher with 16 workers.
 -> (artifact id: 'c2e274ee06b082f8cf1a0d70d9c6d546') in 0.016423 seconds
Start importing Packages/com.unity.textmeshpro/Editor Resources/Textures/btn_AlignMidline_Light.psd using Guid(bb42b2d967d6427983c901a4ffc8ecd9) Importer(-1,00000000000000000000000000000000) [PhysX] Initialized MultithreadedTaskDispatcher with 16 workers.
 -> (artifact id: 'd0a195e4e09789dc590465084ffe12be') in 0.019824 seconds
Start importing Packages/com.unity.inputsystem/InputSystem/Editor/Icons/d_Pen.png using Guid(bb42fb9342e9d4e68b6cf39a2e071d9b) Importer(-1,00000000000000000000000000000000) [PhysX] Initialized MultithreadedTaskDispatcher with 16 workers.
 -> (artifact id: '12c9cec00b81bd8118e867b07e925305') in 0.010966 seconds
Start importing Packages/com.unity.collab-proxy/Editor/Assets/Images/d_iconcheckedoutlocaloverlay.png using Guid(bb1928aff4fd4cf44af1f629dc14ef9b) Importer(-1,00000000000000000000000000000000) [PhysX] Initialized MultithreadedTaskDispatcher with 16 workers.
 -> (artifact id: '50077dcecdf5cf1437865679d56e5d55') in 0.010516 seconds
Start importing Packages/com.unity.inputsystem/InputSystem/Editor/Icons/Add Binding@2x.png using Guid(bb5fa99d6e9434c9ebf101c956021ee1) Importer(-1,00000000000000000000000000000000) [PhysX] Initialized MultithreadedTaskDispatcher with 16 workers.
 -> (artifact id: '48b96bd20c60883bc4bdc30312753ec8') in 0.010772 seconds
Start importing Packages/com.unity.timeline/Editor/StyleSheets/Images/Icons/TrackMuteButtonDisabled@2x.png using Guid(db31466324572e740a431e4e0e03a016) Importer(-1,00000000000000000000000000000000) [PhysX] Initialized MultithreadedTaskDispatcher with 16 workers.
 -> (artifact id: '6eb7b1e68207b83ce1f304b03a61fab1') in 0.011640 seconds
Start importing Packages/com.unity.timeline/Editor/StyleSheets/Images/Icons/d_TrackRecordButtonDisabled@2x.png using Guid(db15c78579dee4a4db85f392634c8ecc) Importer(-1,00000000000000000000000000000000) [PhysX] Initialized MultithreadedTaskDispatcher with 16 workers.
 -> (artifact id: 'e7ac7d3fd83fbf585e0daa24d1f695f4') in 0.009523 seconds
Start importing Packages/com.unity.2d.sprite/Editor/ObjectMenuCreation/DefaultAssets/Textures/SquareWithBorder.png using Guid(db750325989564987a34393247d883b4) Importer(-1,00000000000000000000000000000000) [PhysX] Initialized MultithreadedTaskDispatcher with 16 workers.
 -> (artifact id: '7584d1ce5df07e82baadbbc5fd73332b') in 0.014871 seconds
Start importing Assets/Scenes/Main/Lightmap-31_comp_light.exr using Guid(dbd5b60bd2304c943bf605f3f9e613de) Importer(-1,00000000000000000000000000000000) [PhysX] Initialized MultithreadedTaskDispatcher with 16 workers.
 -> (artifact id: '415c1ea70952373ae1ddb95d3baf7efa') in 0.088135 seconds
Start importing Packages/com.unity.timeline/Editor/StyleSheets/Images/Shared/TimelineBottomShadow.png using Guid(db66ea47c76423f4a881937d34495801) Importer(-1,00000000000000000000000000000000) [PhysX] Initialized MultithreadedTaskDispatcher with 16 workers.
 -> (artifact id: '1ce268c04ec75a4a3fd56b5d8847f17e') in 0.012447 seconds
Start importing Packages/com.unity.inputsystem/InputSystem/Editor/Icons/d_Button@4x.png using Guid(db3dc7a02ac6d4e90bbe905a44ac265b) Importer(-1,00000000000000000000000000000000) [PhysX] Initialized MultithreadedTaskDispatcher with 16 workers.
 -> (artifact id: '7261b050cabe113be057bcf2693377a7') in 0.011060 seconds
Start importing Packages/com.unity.2d.sprite/Editor/ObjectMenuCreation/DefaultAssets/Textures/Circle.png using Guid(ebe73ca9363db456bacf42c025bb4847) Importer(-1,00000000000000000000000000000000) [PhysX] Initialized MultithreadedTaskDispatcher with 16 workers.
 -> (artifact id: 'e0ea3e0ea58e2f3311abafa4a2368029') in 0.015848 seconds
Start importing Packages/com.unity.inputsystem/InputSystem/Editor/Icons/d_Interactive Binding.png using Guid(eb28fd64eacfa495c97193108f1cdf03) Importer(-1,00000000000000000000000000000000) [PhysX] Initialized MultithreadedTaskDispatcher with 16 workers.
 -> (artifact id: '2b215ce4a5a81cf8d8e8d9aecb5fabb2') in 0.012196 seconds
Start importing Packages/com.unity.textmeshpro/Editor Resources/Textures/SectionHeader_Dark.psd using Guid(fb5730e24283d0c489e5c7d0bee023d9) Importer(-1,00000000000000000000000000000000) [PhysX] Initialized MultithreadedTaskDispatcher with 16 workers.
 -> (artifact id: 'd8e59991412ab06221ba2577999c7062') in 0.021063 seconds
Start importing Packages/com.unity.visualscripting/Graphics/FlowPorts_24x.psd using Guid(fb8aec2313da2234687b591ff0c0e622) Importer(-1,00000000000000000000000000000000) [PhysX] Initialized MultithreadedTaskDispatcher with 16 workers.
 -> (artifact id: '0f613e87d06a7b20ba4eb4b04420c1e3') in 0.020917 seconds
Start importing Assets/WinterLodge/tex/minecraft/block/pink_tulip.png using Guid(fb4cc6a3205be324a84c4b7806e20e39) Importer(-1,00000000000000000000000000000000) [PhysX] Initialized MultithreadedTaskDispatcher with 16 workers.
 -> (artifact id: '82a324450dcb8fd28b19d0fd74b0e703') in 0.018806 seconds
Start importing Packages/com.unity.timeline/Editor/StyleSheets/Images/Icons/d_TrackCurvesButtonEnabled.png using Guid(fbcdeb07ee516a64daa01ce462874280) Importer(-1,00000000000000000000000000000000) [PhysX] Initialized MultithreadedTaskDispatcher with 16 workers.
 -> (artifact id: '009aeaba5045347f1d0b54b9654c980a') in 0.010385 seconds
Start importing Assets/Scenes/Main/Lightmap-48_comp_light.exr using Guid(0c82513f6e1a85d4ea75dc8d22a949ba) Importer(-1,00000000000000000000000000000000) [PhysX] Initialized MultithreadedTaskDispatcher with 16 workers.
 -> (artifact id: 'a914bc703216b17e77f15ec6b68600f7') in 0.050090 seconds
Start importing Packages/com.unity.collab-proxy/Editor/Assets/Images/d_iconaddedlocal.png using Guid(0c6a2a64ca9f9c946a7dbbd1674cf5bd) Importer(-1,00000000000000000000000000000000) [PhysX] Initialized MultithreadedTaskDispatcher with 16 workers.
 -> (artifact id: 'd465198895bba7abaf13f70dca1003c5') in 0.013780 seconds
Start importing Packages/com.unity.visualscripting/Editor/VisualScripting.Core/IconMap/FlowGraph@32x.png using Guid(0ccb256674ae837499e788d1cca73948) Importer(-1,00000000000000000000000000000000) [PhysX] Initialized MultithreadedTaskDispatcher with 16 workers.
 -> (artifact id: 'd5a49874535ef549ab6854a70de19ad5') in 0.018862 seconds
Start importing Assets/WinterLodge/tex/minecraft/block/campfire_log_lit.png using Guid(1c5062e3e558e8f4c93334ac665381ff) Importer(-1,00000000000000000000000000000000) [PhysX] Initialized MultithreadedTaskDispatcher with 16 workers.
 -> (artifact id: '2e475ed19a2af796f3b381e47106314a') in 0.025899 seconds
Start importing Packages/com.unity.inputsystem/InputSystem/Editor/Icons/Orientation@4x.png using Guid(1c751eb104ad5407992e614361d5f81e) Importer(-1,00000000000000000000000000000000) [PhysX] Initialized MultithreadedTaskDispatcher with 16 workers.
 -> (artifact id: 'a63197f9ff6978bbda0e88e39278f855') in 0.011773 seconds
Start importing Packages/com.unity.inputsystem/InputSystem/Editor/Icons/Button@2x.png using Guid(1c37f00575bd6494ea726be5afee89b9) Importer(-1,00000000000000000000000000000000) [PhysX] Initialized MultithreadedTaskDispatcher with 16 workers.
 -> (artifact id: 'ba4e95658c9205203fb1394a491841a8') in 0.016613 seconds
Start importing Assets/WinterLodge/tex/minecraft/block/grindstone_round.png using Guid(1cc831874b7062742b040d193256699d) Importer(-1,00000000000000000000000000000000) [PhysX] Initialized MultithreadedTaskDispatcher with 16 workers.
 -> (artifact id: 'fb127c49e69f7af68563cc85ea3fc334') in 0.015099 seconds
Start importing Packages/com.unity.timeline/Editor/StyleSheets/Images/Icons/d_TrackLockButtonEnabled@2x.png using Guid(2c85066ea99cfbe4f90294bf295ce543) Importer(-1,00000000000000000000000000000000) [PhysX] Initialized MultithreadedTaskDispatcher with 16 workers.
 -> (artifact id: 'c2d8e493ba094c89b6501202408f49a0') in 0.016732 seconds
Start importing Assets/WinterLodge/tex/minecraft/block/smoker_top.png using Guid(2ce96238964d5c141b8127e8e0c460c7) Importer(-1,00000000000000000000000000000000) [PhysX] Initialized MultithreadedTaskDispatcher with 16 workers.
 -> (artifact id: '0ae79375e35115d427cfdb033d8065af') in 0.016718 seconds
Start importing Packages/com.unity.collab-proxy/Editor/Assets/Images/d_icondeletedremoteoverlay@2x.png using Guid(2cfbf6619eb047545a425e8a31732c83) Importer(-1,00000000000000000000000000000000) [PhysX] Initialized MultithreadedTaskDispatcher with 16 workers.
 -> (artifact id: 'c5d447d4436e48a3d039de5e35fc5b8e') in 0.013172 seconds
Start importing Assets/Scenes/Main/Lightmap-40_comp_shadowmask.png using Guid(3c472e43c81ad9c408935da1b1bc2657) Importer(-1,00000000000000000000000000000000) [PhysX] Initialized MultithreadedTaskDispatcher with 16 workers.
 -> (artifact id: 'f31fe70d8f5312dc63ad853d6bf4d3a8') in 0.005105 seconds
Start importing Packages/com.unity.collab-proxy/Editor/Assets/Images/d_iconinfobellnotification@2x.png using Guid(3cf8ae89579fd29479f4269d09600e16) Importer(-1,00000000000000000000000000000000) [PhysX] Initialized MultithreadedTaskDispatcher with 16 workers.
 -> (artifact id: 'b86834527fe54c075ea3a63905111878') in 0.012916 seconds
Start importing Assets/WinterLodge/tex/minecraft/block/potted_flowering_azalea_bush_side.png using Guid(3c0c7b953e423944c853574528f40aff) Importer(-1,00000000000000000000000000000000) [PhysX] Initialized MultithreadedTaskDispatcher with 16 workers.
 -> (artifact id: '394bcb9029b19e32ee664d6fab9b08bb') in 0.010871 seconds
Start importing Assets/WinterLodge/Reality Display/Display Image.png using Guid(3cae21bf38b3ae94d9d1adfdb094c6a2) Importer(-1,00000000000000000000000000000000) [PhysX] Initialized MultithreadedTaskDispatcher with 16 workers.
 -> (artifact id: '51dee421ff42dbf6bbc7fb861803927b') in 0.026792 seconds
Start importing Assets/Scenes/Main/Lightmap-19_comp_shadowmask.png using Guid(4c8ed114fb015cf4cb6008b50e292405) Importer(-1,00000000000000000000000000000000) [PhysX] Initialized MultithreadedTaskDispatcher with 16 workers.
 -> (artifact id: '6b51a4efdf71176c01e4201bc8a437d9') in 0.012878 seconds
Start importing Assets/WinterLodge/MW_bed_feet_top.png using Guid(5ce670d0846de134dabcf9c647ed47da) Importer(-1,00000000000000000000000000000000) [PhysX] Initialized MultithreadedTaskDispatcher with 16 workers.
 -> (artifact id: 'afd94376131b44f0770e969dee367a5e') in 0.014289 seconds
Start importing Packages/com.unity.inputsystem/InputSystem/Editor/Icons/Dpad@3x.png using Guid(6c1147159d9dc42948601b29dfc9a40c) Importer(-1,00000000000000000000000000000000) [PhysX] Initialized MultithreadedTaskDispatcher with 16 workers.
 -> (artifact id: 'da22ca764cf7296b874897f3eda5a19c') in 0.017572 seconds
Start importing Packages/com.unity.timeline/Editor/StyleSheets/Images/Shared/TimelineGroupBackground.png using Guid(6ca5daa3415451940921fa7e2c3db9e8) Importer(-1,00000000000000000000000000000000) [PhysX] Initialized MultithreadedTaskDispatcher with 16 workers.
 -> (artifact id: '60677fc2c3d8f778757a27bdc13d152f') in 0.011997 seconds
Start importing Packages/com.unity.timeline/Editor/StyleSheets/Images/Icons/TrackAvatarButtonDisabled@2x.png using Guid(7c05578092876a0458b8b480269aef86) Importer(-1,00000000000000000000000000000000) [PhysX] Initialized MultithreadedTaskDispatcher with 16 workers.
 -> (artifact id: 'b2b80cae5d6721c822a2bf13c1b696ab') in 0.022142 seconds
Start importing Packages/com.unity.timeline/Editor/StyleSheets/Images/Icons/d_TimelineEditModeMixON.png using Guid(7c681ffb5a436684fa3e98a9b66775c0) Importer(-1,00000000000000000000000000000000) [PhysX] Initialized MultithreadedTaskDispatcher with 16 workers.
 -> (artifact id: '6d7325a98a1b5e075841d92b3361ac33') in 0.022223 seconds
Start importing Assets/Resources/Pojav_x_Vivecraft.png using Guid(8c916139ed087bc4a83da1f46799d1d2) Importer(-1,00000000000000000000000000000000) [PhysX] Initialized MultithreadedTaskDispatcher with 16 workers.
 -> (artifact id: '93b221b26791e6d20798c42de9631a01') in 0.072823 seconds
Start importing Assets/WinterLodge/tex/minecraft/block/spruce_log.png using Guid(8c52798fb6db72d4fb51e55f47aed01a) Importer(-1,00000000000000000000000000000000) [PhysX] Initialized MultithreadedTaskDispatcher with 16 workers.
 -> (artifact id: 'bcd90b8be2dca3b6004ca3bfc2d7bbbf') in 0.014384 seconds
Start importing Assets/Scenes/Main/Lightmap-29_comp_dir.png using Guid(8c74d85e7699e5e4f823cb3a9a9828b4) Importer(-1,00000000000000000000000000000000) [PhysX] Initialized MultithreadedTaskDispatcher with 16 workers.
 -> (artifact id: 'ff386fab7f4e37d6e4c989c232409cb9') in 0.035922 seconds
Start importing Packages/com.unity.timeline/Editor/StyleSheets/Images/Icons/d_TrackMuteButtonDisabled@2x.png using Guid(9c706019afb28944eb19b500ea0da38c) Importer(-1,00000000000000000000000000000000) [PhysX] Initialized MultithreadedTaskDispatcher with 16 workers.
 -> (artifact id: 'bd3c3820d9e4c62161f0a4f682b2c4b7') in 0.012348 seconds
Start importing Assets/Scenes/Main/Lightmap-7_comp_light.exr using Guid(9c678bdf257ea4840ab591b6e682936c) Importer(-1,00000000000000000000000000000000) [PhysX] Initialized MultithreadedTaskDispatcher with 16 workers.
 -> (artifact id: 'bdd5c2a4c4d83963b50fdd8bc0295f76') in 0.051177 seconds
Start importing Packages/com.unity.collab-proxy/Editor/Assets/Images/step1.png using Guid(9ce84ff0fdeb13d4a83f077d075dd9a5) Importer(-1,00000000000000000000000000000000) [PhysX] Initialized MultithreadedTaskDispatcher with 16 workers.
 -> (artifact id: '2c9792266316abe06b81617f0e98ff94') in 0.013971 seconds
Start importing Assets/WinterLodge/tex/minecraft/block/glass_pane_top.png using Guid(9cdbd5ec56d0f574c856518d40edef9d) Importer(-1,00000000000000000000000000000000) [PhysX] Initialized MultithreadedTaskDispatcher with 16 workers.
 -> (artifact id: '8ccfc88859ece90dcad9169fc9217820') in 0.013800 seconds
Start importing Packages/com.unity.timeline/Editor/StyleSheets/Images/Icons/d_TrackRecordButtonDisabled.png using Guid(9c6daec86666cbb4b9e558b839a103db) Importer(-1,00000000000000000000000000000000) [PhysX] Initialized MultithreadedTaskDispatcher with 16 workers.
 -> (artifact id: '0f329e0c01e20eb96325bed0fbefd9fb') in 0.011616 seconds
Start importing Packages/com.unity.collab-proxy/Editor/Assets/Images/d_iconclosebutton.png using Guid(9cadde7a0d5f9024ab3f2cd5f6a740d6) Importer(-1,00000000000000000000000000000000) [PhysX] Initialized MultithreadedTaskDispatcher with 16 workers.
 -> (artifact id: '3d319108f8cc81054ebd245b63efc026') in 0.012281 seconds
Start importing Packages/com.unity.timeline/Editor/StyleSheets/Images/Icons/d_TrackMuteButtonEnabled.png using Guid(ac5017dfbeee42347b3b45ecc572674e) Importer(-1,00000000000000000000000000000000) [PhysX] Initialized MultithreadedTaskDispatcher with 16 workers.
 -> (artifact id: 'b9c753da84195d48ae051b759c65fc0a') in 0.025833 seconds
Start importing Packages/com.unity.inputsystem/InputSystem/Editor/Icons/Pen@4x.png using Guid(acf10446fff184bb98db6350c2c43148) Importer(-1,00000000000000000000000000000000) [PhysX] Initialized MultithreadedTaskDispatcher with 16 workers.
 -> (artifact id: 'e2c2440726430bd445a704f96bc63535') in 0.012633 seconds
Start importing Assets/WinterLodge/tex/minecraft/entity/fox/fox.png using Guid(acd43397b4e72244cb928246bb6a84c9) Importer(-1,00000000000000000000000000000000) [PhysX] Initialized MultithreadedTaskDispatcher with 16 workers.
 -> (artifact id: '92131d83c9bd727aff488a404a596eec') in 0.028328 seconds
Start importing Assets/Resources/UI/Minecraft.png using Guid(ac86ed84e9834a34aa40df8299a6dc7c) Importer(-1,00000000000000000000000000000000) [PhysX] Initialized MultithreadedTaskDispatcher with 16 workers.
 -> (artifact id: '28a2cd512424cfbbe3eb9b0d3ef02fa4') in 0.020581 seconds
Start importing Packages/com.unity.xr.openxr.picoxr/Assets/Resources/Controller/PICO 4U/Texture/o_com_matcap_01_b.png using Guid(ac8818945755185409a09289d09dda7a) Importer(-1,00000000000000000000000000000000) [PhysX] Initialized MultithreadedTaskDispatcher with 16 workers.
 -> (artifact id: '9698d754e9c6c1fc907f7d72f65cbbf5') in 0.015822 seconds
Start importing Packages/com.unity.inputsystem/InputSystem/Editor/Icons/d_Position@4x.png using Guid(ac4c5ccb2785f4460b2dcfe47010c688) Importer(-1,00000000000000000000000000000000) [PhysX] Initialized MultithreadedTaskDispatcher with 16 workers.
 -> (artifact id: '01b278c85272378de5815b85bbb92ac9') in 0.011349 seconds
Start importing Packages/com.unity.2d.sprite/Editor/ObjectMenuCreation/DefaultAssets/Textures/9-SlicedWithBorder.png using Guid(cc35afd292fc349128b36a291fb3a165) Importer(-1,00000000000000000000000000000000) [PhysX] Initialized MultithreadedTaskDispatcher with 16 workers.
 -> (artifact id: 'b0473bbf0d1af3ee8ed604ed5bd9e173') in 0.014586 seconds
Start importing Assets/Resources/UI/RoundedBorder.png using Guid(cc1961ec957cf014f8bec0537fc36393) Importer(-1,00000000000000000000000000000000) [PhysX] Initialized MultithreadedTaskDispatcher with 16 workers.
 -> (artifact id: '88f978720f58ec87b02ad1b2b201e6bc') in 0.023839 seconds
Start importing Assets/WinterLodge/tex/minecraft/block/lectern_base.png using Guid(ccbaaeb7185d49b42947c75cc160ee1c) Importer(-1,00000000000000000000000000000000) [PhysX] Initialized MultithreadedTaskDispatcher with 16 workers.
 -> (artifact id: 'dcdca09eec5dc92d859e95cd2111f6c4') in 0.019240 seconds
Start importing Packages/com.unity.collab-proxy/Editor/Assets/Images/iconplasticview.png using Guid(dcb2ee37925b97e438ae244996d81a55) Importer(-1,00000000000000000000000000000000) [PhysX] Initialized MultithreadedTaskDispatcher with 16 workers.
 -> (artifact id: 'f2b406a143d870e4b8400a28e40e6b32') in 0.012128 seconds
Start importing Packages/com.unity.collab-proxy/Editor/Assets/Images/d_iconoutofsyncoverlay.png using Guid(dc633de6e6e7415448c7568418239a9d) Importer(-1,00000000000000000000000000000000) [PhysX] Initialized MultithreadedTaskDispatcher with 16 workers.
 -> (artifact id: 'a515274ede48a7ed4146ab2151cff232') in 0.012417 seconds
Start importing Packages/com.unity.inputsystem/InputSystem/Editor/Icons/InputControl.png using Guid(ec85de66fa5b64dd984fdcc82f8f92b3) Importer(-1,00000000000000000000000000000000) [PhysX] Initialized MultithreadedTaskDispatcher with 16 workers.
 -> (artifact id: '05c97ac58d583d806a2bed7c956b9a96') in 0.016979 seconds
Start importing Packages/com.unity.xr.openxr.picoxr/Assets/Resources/Controller/PICO 4U/Texture/o_com_PICO4U_power_03.png using Guid(ec194f0bc3d9ae14082c5e7cff8fb17c) Importer(-1,00000000000000000000000000000000) [PhysX] Initialized MultithreadedTaskDispatcher with 16 workers.
 -> (artifact id: '56222d15a2345169b1962bccddde10da') in 0.019863 seconds
Start importing Packages/com.unity.textmeshpro/Editor Resources/Gizmos/TMP - Sprite Asset Icon.psd using Guid(ec7c645d93308c04d8840982af12101e) Importer(-1,00000000000000000000000000000000) [PhysX] Initialized MultithreadedTaskDispatcher with 16 workers.
 -> (artifact id: 'bb4e9fdd1b1a1cf0376aa7bf0eafe796') in 0.026897 seconds
Start importing Assets/Scenes/Main/Lightmap-4_comp_dir.png using Guid(fc786c7df92964540aab7ccda0f4f07f) Importer(-1,00000000000000000000000000000000) [PhysX] Initialized MultithreadedTaskDispatcher with 16 workers.
 -> (artifact id: '70b2b105c9a0d941a3e5e0f5780c9b72') in 0.056428 seconds
Start importing Assets/WinterLodge/tex/minecraft/block/barrel_side.png using Guid(fc894f497d4de7d42833ffd1986a2208) Importer(-1,00000000000000000000000000000000) [PhysX] Initialized MultithreadedTaskDispatcher with 16 workers.
 -> (artifact id: 'f882b1bbbfd6283fed958a2302206471') in 0.019920 seconds
Start importing Packages/com.unity.inputsystem/InputSystem/Editor/Icons/d_Joystick@3x.png using Guid(fcaa0d99df7c74f52afaa17a375dd393) Importer(-1,00000000000000000000000000000000) [PhysX] Initialized MultithreadedTaskDispatcher with 16 workers.
 -> (artifact id: 'd8ebcb34b5e124965caec1150b51d593') in 0.013972 seconds
Start importing Packages/com.unity.2d.sprite/Editor/ObjectMenuCreation/DefaultAssets/Textures/IsometricDiamondWithBorder.png using Guid(0d267bc78a0864eb48358689b29ed20a) Importer(-1,00000000000000000000000000000000) [PhysX] Initialized MultithreadedTaskDispatcher with 16 workers.
 -> (artifact id: 'c3fdb7c518a0fccf5736cda4521bb3a1') in 0.013270 seconds
Start importing Packages/com.unity.inputsystem/InputSystem/Editor/Icons/d_ChevronDown@4x.png using Guid(0de917098a5b848b1a371e570928ce10) Importer(-1,00000000000000000000000000000000) [PhysX] Initialized MultithreadedTaskDispatcher with 16 workers.
 -> (artifact id: '11534efec529dc111022e32c3cc38357') in 0.017408 seconds
Start importing Packages/com.unity.textmeshpro/Editor Resources/Textures/btn_AlignCapLine.psd using Guid(0d9a36012a224080966c7b55896aa0f9) Importer(-1,00000000000000000000000000000000) [PhysX] Initialized MultithreadedTaskDispatcher with 16 workers.
 -> (artifact id: '5bbd6436510a1a92e19c1bfe75420aea') in 0.021549 seconds
Start importing Packages/com.unity.collab-proxy/Editor/Assets/Images/iconundo@2x.png using Guid(0dfbb2b6ddcdd254da80e3418498b3a6) Importer(-1,00000000000000000000000000000000) [PhysX] Initialized MultithreadedTaskDispatcher with 16 workers.
 -> (artifact id: '77f2e22b6dc6cad84debe25294287f34') in 0.012537 seconds
Start importing Assets/Scenes/Main/Lightmap-34_comp_shadowmask.png using Guid(0dbc92f2a32653a45ac2c7007c37e7a9) Importer(-1,00000000000000000000000000000000) [PhysX] Initialized MultithreadedTaskDispatcher with 16 workers.
 -> (artifact id: '06fc23826a30248fd54ae8c6feb7bee3') in 0.012347 seconds
Start importing Assets/Scenes/Main/Lightmap-10_comp_light.exr using Guid(0d5f573a564ddd84c999fab3613aa283) Importer(-1,00000000000000000000000000000000) [PhysX] Initialized MultithreadedTaskDispatcher with 16 workers.
 -> (artifact id: '623f39ac7825fab83b3e8d977425876d') in 0.049531 seconds
Start importing Assets/Scenes/Main/ReflectionProbe-0.exr using Guid(1da0bc9f5bc223f4ab5b82d0a5f2e4f9) Importer(-1,00000000000000000000000000000000) [PhysX] Initialized MultithreadedTaskDispatcher with 16 workers.
Starting cubemap convolution for '' (size 128)
...took 0.048 seconds
 -> (artifact id: '79a0b1b2710467a0d278a5329ac48a4f') in 0.106325 seconds
Start importing Assets/Scenes/Main/Lightmap-19_comp_light.exr using Guid(1db9726fd38faf0469fcd3d91ca60264) Importer(-1,00000000000000000000000000000000) [PhysX] Initialized MultithreadedTaskDispatcher with 16 workers.
 -> (artifact id: 'fb5300f8b3a9b8f6b0098c72c3febc74') in 0.182058 seconds
Start importing Assets/Scenes/Main/Lightmap-33_comp_dir.png using Guid(2ddf6797fed34b44eb71040dbd1cd8f2) Importer(-1,00000000000000000000000000000000) [PhysX] Initialized MultithreadedTaskDispatcher with 16 workers.
 -> (artifact id: 'e65f4c8d8b5dc1c9aa8a1072af608702') in 0.036653 seconds
Start importing Packages/com.unity.timeline/Editor/StyleSheets/Images/DarkSkin/TimelineMarkerItemSelected.png using Guid(3dd65256ca8837544b3e738c0d3ee0e2) Importer(-1,00000000000000000000000000000000) [PhysX] Initialized MultithreadedTaskDispatcher with 16 workers.
 -> (artifact id: 'd7e72fa0f0f6db8e15132ad3baeffa11') in 0.017397 seconds
Start importing Packages/com.unity.collab-proxy/Editor/Assets/Images/d_icondeletedremoteoverlay.png using Guid(3de8a0634e55df8499c88204001cb0dd) Importer(-1,00000000000000000000000000000000) [PhysX] Initialized MultithreadedTaskDispatcher with 16 workers.
 -> (artifact id: '1780cdf46f31df272d54994cc259de57') in 0.011388 seconds
Start importing Assets/SkySeries Freebie/FreebieHdri/MegaSunBottom.hdr using Guid(3de85f3af41435a4c8f9d237bc1f19ec) Importer(-1,00000000000000000000000000000000) [PhysX] Initialized MultithreadedTaskDispatcher with 16 workers.
 -> (artifact id: 'ac6603b32320a49a90b32c1b8a8f93f0') in 0.475701 seconds
Start importing Assets/Scenes/Main/Lightmap-51_comp_dir.png using Guid(3d2b25e38b589e8498b0e63091cfa353) Importer(-1,00000000000000000000000000000000) [PhysX] Initialized MultithreadedTaskDispatcher with 16 workers.
 -> (artifact id: '32c8c3b20fc6bf113a86f64fc3b6c226') in 0.031169 seconds
Start importing Packages/com.unity.inputsystem/InputSystem/Editor/Icons/d_Add Binding@2x.png using Guid(3d7dc8d6b9a96490b9aa433645712fdf) Importer(-1,00000000000000000000000000000000) [PhysX] Initialized MultithreadedTaskDispatcher with 16 workers.
 -> (artifact id: '158c925362f064c615a3c2b1e2611ab4') in 0.013738 seconds
Start importing Packages/com.unity.collab-proxy/Editor/Assets/Images/d_icondeletedlocaloverlay.png using Guid(4da274d970a82a943ae3979e7833f3dd) Importer(-1,00000000000000000000000000000000) [PhysX] Initialized MultithreadedTaskDispatcher with 16 workers.
 -> (artifact id: 'a75ada591407857c0c0422082392b9fd') in 0.013958 seconds
Start importing Assets/Scenes/Main/Lightmap-53_comp_shadowmask.png using Guid(4d66b59ac4bd96842b13a2eb0b99b4e3) Importer(-1,00000000000000000000000000000000) [PhysX] Initialized MultithreadedTaskDispatcher with 16 workers.
 -> (artifact id: 'b6719992203973e804efaca175183339') in 0.014439 seconds
Start importing Assets/WinterLodge/tex/minecraft/block/blue_wool.png using Guid(4d98fb3d0ef67f948b903f84cf67573c) Importer(-1,00000000000000000000000000000000) [PhysX] Initialized MultithreadedTaskDispatcher with 16 workers.
 -> (artifact id: '4fe66d324467564789ba5822a540e531') in 0.017845 seconds
Start importing Packages/com.unity.collab-proxy/Editor/Assets/Images/d_iconoutofsyncoverlay@2x.png using Guid(4d7e6e570e9d65a4c9a994783a0652e2) Importer(-1,00000000000000000000000000000000) [PhysX] Initialized MultithreadedTaskDispatcher with 16 workers.
 -> (artifact id: '0bf8ae270f679790fbc273b1b2f717b0') in 0.013381 seconds
Start importing Packages/com.unity.inputsystem/InputSystem/Editor/Icons/Gamepad@2x.png using Guid(4defb5292901c41f29313d9c9c87a7eb) Importer(-1,00000000000000000000000000000000) [PhysX] Initialized MultithreadedTaskDispatcher with 16 workers.
 -> (artifact id: '61dca458892ef7c8ab683228c18c4d4f') in 0.013586 seconds
Start importing Assets/Scenes/Main/Lightmap-1_comp_dir.png using Guid(5d7585da685219843913375ffe2e9ff9) Importer(-1,00000000000000000000000000000000) [PhysX] Initialized MultithreadedTaskDispatcher with 16 workers.
 -> (artifact id: 'fcf709f71ee9104b01d07ea4045db5be') in 0.048070 seconds
Start importing Packages/com.unity.inputsystem/InputSystem/Editor/Icons/d_ChevronDown@3x.png using Guid(5d96795fd770f47d69d997b053532730) Importer(-1,00000000000000000000000000000000) [PhysX] Initialized MultithreadedTaskDispatcher with 16 workers.
 -> (artifact id: 'ae49dd0182257987132086d89e8e4838') in 0.013204 seconds
Start importing Packages/com.unity.inputsystem/InputSystem/Editor/Icons/d_Stick@2x.png using Guid(5d0b11389336d4b16b96f147c9f912e2) Importer(-1,00000000000000000000000000000000) [PhysX] Initialized MultithreadedTaskDispatcher with 16 workers.
 -> (artifact id: 'd392d4bb30c2aaee783325dc61a00dd8') in 0.025751 seconds
Start importing Assets/WinterLodge/tex/minecraft/block/stripped_spruce_log_top.png using Guid(5d3b6c4ad12c5be41a185d94421f68b0) Importer(-1,00000000000000000000000000000000) [PhysX] Initialized MultithreadedTaskDispatcher with 16 workers.
 -> (artifact id: 'c6730bd9eb3cef747e211bf9c606b1ac') in 0.016424 seconds
Start importing Packages/com.unity.collab-proxy/Editor/Assets/Images/loading@2x.png using Guid(5dbc069eb79bd4d43840847264d6d956) Importer(-1,00000000000000000000000000000000) [PhysX] Initialized MultithreadedTaskDispatcher with 16 workers.
 -> (artifact id: '7b7298884c8f76a66584aabe691cdc5d') in 0.012932 seconds
Start importing Packages/com.unity.timeline/Editor/StyleSheets/Images/Shared/TimelineSeqEnd.png using Guid(5dfe66e61e0d270468ae75349ff3a3eb) Importer(-1,00000000000000000000000000000000) [PhysX] Initialized MultithreadedTaskDispatcher with 16 workers.
 -> (artifact id: 'a97f50d932d6e179475d10f5c31e9df7') in 0.011172 seconds
Start importing Packages/com.unity.collab-proxy/Editor/Assets/Images/d_iconundo@2x.png using Guid(6d6088174bb906b49ad8428526ee337b) Importer(-1,00000000000000000000000000000000) [PhysX] Initialized MultithreadedTaskDispatcher with 16 workers.
 -> (artifact id: '1f6a3a8b7d5c493bbbe151c06ec18060') in 0.011445 seconds
Start importing Packages/com.unity.inputsystem/InputSystem/Editor/Icons/d_Touch@4x.png using Guid(6db042035460c4167a6ab8d1ac3c2681) Importer(-1,00000000000000000000000000000000) [PhysX] Initialized MultithreadedTaskDispatcher with 16 workers.
 -> (artifact id: 'c27a1e2d400de2a2176d69445539baa2') in 0.014739 seconds
Start importing Packages/com.unity.timeline/Editor/StyleSheets/Images/Icons/TimelineEditModeReplaceON.png using Guid(6d41c3e8796a4fd4e80840354039e4ac) Importer(-1,00000000000000000000000000000000) [PhysX] Initialized MultithreadedTaskDispatcher with 16 workers.
 -> (artifact id: '924423277fdaf44aeb667bad48c5e073') in 0.019737 seconds
Start importing Assets/Scenes/Main/Lightmap-0_comp_dir.png using Guid(6d34ba43a1d58a345b91e63525868463) Importer(-1,00000000000000000000000000000000) [PhysX] Initialized MultithreadedTaskDispatcher with 16 workers.
 -> (artifact id: '671094f1f6eb3cc76984981f70f9e77f') in 0.051872 seconds
Start importing Packages/com.unity.collab-proxy/Editor/Assets/Images/iconlock.png using Guid(6d3f95684dd634b18aa9ab45b3e06cfd) Importer(-1,00000000000000000000000000000000) [PhysX] Initialized MultithreadedTaskDispatcher with 16 workers.
 -> (artifact id: 'f513902478f5cd6bfffbbcdfa3f90e4a') in 0.013889 seconds
Start importing Packages/com.unity.timeline/Editor/StyleSheets/Images/LightSkin/TimelineMarkerItemCollapsed.png using Guid(7d4691eba7565c34ab785c00fbc27ff8) Importer(-1,00000000000000000000000000000000) [PhysX] Initialized MultithreadedTaskDispatcher with 16 workers.
 -> (artifact id: 'edd88aaba0fee8bddcb16a9d9866bcb0') in 0.019554 seconds
Start importing Packages/com.unity.inputsystem/InputSystem/Editor/Icons/d_Joystick.png using Guid(7d4638131127c4f4382fb36cf16c52fe) Importer(-1,00000000000000000000000000000000) [PhysX] Initialized MultithreadedTaskDispatcher with 16 workers.
 -> (artifact id: '9149ce2cb10d2cb16e0536298ee94600') in 0.011428 seconds
Start importing Packages/com.unity.xr.openxr.picoxr/Assets/Resources/Controller/G3/Textures/Power/dianliang_01.png using Guid(7dfa52c3c61f61542881145b740c7635) Importer(-1,00000000000000000000000000000000) [PhysX] Initialized MultithreadedTaskDispatcher with 16 workers.
 -> (artifact id: 'd3d29233d543f4401ce3e69e4b2c5c09') in 0.016793 seconds
Start importing Assets/Scenes/Main/Lightmap-52_comp_dir.png using Guid(8d655e0439c39d0429f4463ca39ab41f) Importer(-1,00000000000000000000000000000000) [PhysX] Initialized MultithreadedTaskDispatcher with 16 workers.
 -> (artifact id: 'e26b55b150c4087497c114f5981da6c3') in 0.027533 seconds
Start importing Packages/com.unity.collab-proxy/Editor/Assets/Images/d_iconcheckedoutlocaloverlay@2x.png using Guid(8d98ab6168c3e91439339f1908b8fe97) Importer(-1,00000000000000000000000000000000) [PhysX] Initialized MultithreadedTaskDispatcher with 16 workers.
 -> (artifact id: 'd5c5ad34f1004e541e1d6e12aa5fc0c7') in 0.017437 seconds
Start importing Packages/com.unity.xr.openxr.picoxr/Assets/Resources/Controller/G3/Textures/Power/dianliang_02.png using Guid(8d99b31c7444c73479bb9169420ddad9) Importer(-1,00000000000000000000000000000000) [PhysX] Initialized MultithreadedTaskDispatcher with 16 workers.
 -> (artifact id: '3edae5ae6750c9aa2c71c4f8371de39b') in 0.017977 seconds
Start importing Packages/com.unity.xr.openxr.picoxr/Assets/Resources/Controller/PICO 4U/Textures/o_com_matcap_01_b.png using Guid(9d3720e74aa770c4ab771954af51c36b) Importer(-1,00000000000000000000000000000000) [PhysX] Initialized MultithreadedTaskDispatcher with 16 workers.
 -> (artifact id: '6613bc9395a861327891a5c355ce6715') in 0.016353 seconds
Start importing Assets/WinterLodge/tex/minecraft/block/purple_wool.png using Guid(9d2897dfe80bd4341a1eb445cf9b4bac) Importer(-1,00000000000000000000000000000000) [PhysX] Initialized MultithreadedTaskDispatcher with 16 workers.
 -> (artifact id: '0545bae24d4b66a762be4d9fb9017aa5') in 0.015163 seconds
Start importing Assets/Resources/magmapillar.png using Guid(ad88ab1bf8f1df24a8fc467742a7f841) Importer(-1,00000000000000000000000000000000) [PhysX] Initialized MultithreadedTaskDispatcher with 16 workers.
 -> (artifact id: '101eadf9748339fab293bf4607f84753') in 0.014069 seconds
Start importing Packages/com.unity.timeline/Editor/StyleSheets/Images/Icons/d_TimelineSignal.png using Guid(ad2e3e92b00839c4e991ca602ef19822) Importer(-1,00000000000000000000000000000000) [PhysX] Initialized MultithreadedTaskDispatcher with 16 workers.
 -> (artifact id: '75240ccb79fad78d636b7a0f03597dde') in 0.017480 seconds
Start importing Packages/com.unity.xr.openxr.picoxr/Assets/Resources/Controller/PICO 4/Textures/Power/PICO4_ControllerPower_01.png using Guid(bd452ee420c4d4945abec2c258c1f3b0) Importer(-1,00000000000000000000000000000000) [PhysX] Initialized MultithreadedTaskDispatcher with 16 workers.
 -> (artifact id: 'b389c51ee685449058e6bd6cd22fc42d') in 0.015689 seconds
Start importing Packages/com.unity.timeline/Editor/StyleSheets/Images/Icons/TimelineEditModeRippleOFF.png using Guid(bd7b7cac6eb0c3f469781d9a729a1c94) Importer(-1,00000000000000000000000000000000) [PhysX] Initialized MultithreadedTaskDispatcher with 16 workers.
 -> (artifact id: 'b690cff4af4bc4909c17b31d4536c2a2') in 0.016397 seconds
Start importing Packages/com.unity.2d.sprite/Editor/ObjectMenuCreation/DefaultAssets/Textures/Capsule.png using Guid(bd3cb4af8406d4436a2ae8c2aafe1f8d) Importer(-1,00000000000000000000000000000000) [PhysX] Initialized MultithreadedTaskDispatcher with 16 workers.
 -> (artifact id: '69ba3a6b2be1afd8a95104f194a60a23') in 0.017680 seconds
Start importing Packages/com.unity.collab-proxy/Editor/Assets/Images/d_step2@2x.png using Guid(cdb88fdb0cf46b244a667edaff21c7df) Importer(-1,00000000000000000000000000000000) [PhysX] Initialized MultithreadedTaskDispatcher with 16 workers.
 -> (artifact id: 'b14476023b42d13bede15cb776477579') in 0.013540 seconds
Start importing Assets/WinterLodge/tex/minecraft/block/dirt.png using Guid(cda95d348ea3bfa4eae136d2e60f3713) Importer(-1,00000000000000000000000000000000) [PhysX] Initialized MultithreadedTaskDispatcher with 16 workers.
 -> (artifact id: '4ef8acb1dd1a2d69034bf37711f0c029') in 0.020131 seconds
Start importing Packages/com.unity.visualscripting/Graphics/FlowPorts_12x.psd using Guid(cdd996c0455369d40a3c5c465015834f) Importer(-1,00000000000000000000000000000000) [PhysX] Initialized MultithreadedTaskDispatcher with 16 workers.
 -> (artifact id: '0315700a94eb0c3c80400ccbba9f5afb') in 0.023324 seconds
Start importing Packages/com.unity.collab-proxy/Editor/Assets/Images/step2.png using Guid(cd0b17b71a5c498428ee91dee8a78a88) Importer(-1,00000000000000000000000000000000) [PhysX] Initialized MultithreadedTaskDispatcher with 16 workers.
 -> (artifact id: '85afd259c6e8d7e46e969de95f6708ac') in 0.015315 seconds
Start importing Assets/Scenes/Main/Lightmap-11_comp_dir.png using Guid(cd9d88e16fbacbc49b17772d522efc01) Importer(-1,00000000000000000000000000000000) [PhysX] Initialized MultithreadedTaskDispatcher with 16 workers.
 -> (artifact id: 'b58c85749b74d8594f71447756e720d1') in 0.051964 seconds
Start importing Assets/WinterLodge/Mushroom/STEM.png using Guid(cd5fbe4ca5435d94794bf0d101c3cb23) Importer(-1,00000000000000000000000000000000) [PhysX] Initialized MultithreadedTaskDispatcher with 16 workers.
 -> (artifact id: 'c6439a49604d774e8e318069235e3e9d') in 0.021782 seconds
Start importing Packages/com.unity.collab-proxy/Editor/Assets/Images/buttonssosigninemail@2x.png using Guid(ddf2e76e8a1f88f46ae1e42277850b48) Importer(-1,00000000000000000000000000000000) [PhysX] Initialized MultithreadedTaskDispatcher with 16 workers.
 -> (artifact id: '1d28d7468b74acfc2fb6e6666b51943b') in 0.014232 seconds
Start importing Assets/Scenes/Main/Lightmap-5_comp_shadowmask.png using Guid(dd030922691ac034b8de48330990024a) Importer(-1,00000000000000000000000000000000) [PhysX] Initialized MultithreadedTaskDispatcher with 16 workers.
 -> (artifact id: '24838f4b7b7df0c4d46941989e4e5a34') in 0.006033 seconds
Start importing Assets/Scenes/Main/Lightmap-24_comp_shadowmask.png using Guid(dda60fc5ab299794da03736844917706) Importer(-1,00000000000000000000000000000000) [PhysX] Initialized MultithreadedTaskDispatcher with 16 workers.
 -> (artifact id: '9d62649cb044d67ed668daba6196e437') in 0.012567 seconds
Start importing Packages/com.unity.testtools.codecoverage/Editor/Icons/FolderOpened@2x.png using Guid(dd4bd79e2c603964e8cbf04d0851a210) Importer(-1,00000000000000000000000000000000) [PhysX] Initialized MultithreadedTaskDispatcher with 16 workers.
 -> (artifact id: '438a2ded7a59b77e9655de96de32857f') in 0.013907 seconds
Start importing Packages/com.unity.timeline/Editor/StyleSheets/Images/DarkSkin/TimelineHold.png using Guid(ddbd45249a133a846b2f20e39b537565) Importer(-1,00000000000000000000000000000000) [PhysX] Initialized MultithreadedTaskDispatcher with 16 workers.
 -> (artifact id: '511ed845fce660b29a5c52eb36db70ec') in 0.017820 seconds
Start importing Packages/com.unity.textmeshpro/Editor Resources/Textures/btn_AlignTop_Light.psd using Guid(ed041e68439749a69d0efa0e3d896c2e) Importer(-1,00000000000000000000000000000000) [PhysX] Initialized MultithreadedTaskDispatcher with 16 workers.
 -> (artifact id: '8b90bdc5fe36f995c698fc466ad94bcf') in 0.021486 seconds
Start importing Packages/com.unity.collab-proxy/Editor/Assets/Images/iconrepository.png using Guid(ed64f3a17f2ede646be21ed6edc9161a) Importer(-1,00000000000000000000000000000000) [PhysX] Initialized MultithreadedTaskDispatcher with 16 workers.
 -> (artifact id: '8f6c09a780aa6fdab8f025122dc0f6f8') in 0.012984 seconds
Start importing Packages/com.unity.timeline/Editor/StyleSheets/Images/LightSkin/TimelineTimeCursor.png using Guid(ed665472b4fee2043a5c1cc802beaa8e) Importer(-1,00000000000000000000000000000000) [PhysX] Initialized MultithreadedTaskDispatcher with 16 workers.
 -> (artifact id: '34f5d50d19a09c42a1befeafd0b712f6') in 0.014323 seconds
Start importing Assets/Scenes/Main/Lightmap-43_comp_dir.png using Guid(ed4eaee011215fe47bf77a7b05400d81) Importer(-1,00000000000000000000000000000000) [PhysX] Initialized MultithreadedTaskDispatcher with 16 workers.
 -> (artifact id: 'e127af371d3f6a87882e7dc1a9bea70c') in 0.027040 seconds
Start importing Packages/com.unity.timeline/Editor/StyleSheets/Images/Icons/d_TrackAvatarButtonEnabled@2x.png using Guid(fd12dbe3b63ae464f824b4a74c0e1766) Importer(-1,00000000000000000000000000000000) [PhysX] Initialized MultithreadedTaskDispatcher with 16 workers.
 -> (artifact id: '32d1b2ae02277ff468a5b4a4e19dcaca') in 0.012344 seconds
Start importing Packages/com.unity.timeline/Editor/StyleSheets/Images/Icons/d_TrackAvatarButtonDisabled@2x.png using Guid(fd194f75fe3d7ca4488fa775ae832fd8) Importer(-1,00000000000000000000000000000000) [PhysX] Initialized MultithreadedTaskDispatcher with 16 workers.
 -> (artifact id: 'c60387d4534c9ce6ce53eab79745309e') in 0.012957 seconds
Start importing Packages/com.unity.collab-proxy/Editor/Assets/Images/d_iconoutofsync.png using Guid(0e80bd0b4a8196f46acf73711b9505ec) Importer(-1,00000000000000000000000000000000) [PhysX] Initialized MultithreadedTaskDispatcher with 16 workers.
 -> (artifact id: '0e55fa40b58b03faefaeec1eb1804823') in 0.013049 seconds
Start importing Assets/Scenes/Main/Lightmap-22_comp_dir.png using Guid(0e04f4e71afaad542a4b2153913df971) Importer(-1,00000000000000000000000000000000) [PhysX] Initialized MultithreadedTaskDispatcher with 16 workers.
 -> (artifact id: 'b93c3d40e712da41d0b8059c0fa611b2') in 0.043763 seconds
Start importing Packages/com.unity.timeline/Editor/StyleSheets/Images/Icons/d_TrackRecordButtonEnabled.png using Guid(0e5ba0f04df278944a8f5a62f64f5aa6) Importer(-1,00000000000000000000000000000000) [PhysX] Initialized MultithreadedTaskDispatcher with 16 workers.
 -> (artifact id: '23a5752a235c2fd1cb6499efc0b70c6e') in 0.013294 seconds
Start importing Packages/com.unity.inputsystem/InputSystem/Editor/Icons/d_ChevronUp@3x.png using Guid(0efecba65ae4341a385cd5d39a2af765) Importer(-1,00000000000000000000000000000000) [PhysX] Initialized MultithreadedTaskDispatcher with 16 workers.
 -> (artifact id: '9ddf012cba2bcc4710c93c873c69cc72') in 0.013767 seconds
Start importing Assets/WinterLodge/tex/jmc2obj/banner/banner_base14.png using Guid(1e5237fe198eead4b9d48f1032c68290) Importer(-1,00000000000000000000000000000000) [PhysX] Initialized MultithreadedTaskDispatcher with 16 workers.
 -> (artifact id: '08638247b10fa5a11846a84d931ad964') in 0.036263 seconds
Start importing Packages/com.unity.collab-proxy/Editor/Assets/Images/iconplasticnotifyincoming.png using Guid(1e6c9635b80f973488d8335a081c905f) Importer(-1,00000000000000000000000000000000) [PhysX] Initialized MultithreadedTaskDispatcher with 16 workers.
 -> (artifact id: '5faef1e8861e8103f9ecc33c12f35048') in 0.014266 seconds
Start importing Assets/WinterLodge/tex/minecraft/block/grass_block_side.png using Guid(1e7dc939b06176a48a15b7c28f761c91) Importer(-1,00000000000000000000000000000000) [PhysX] Initialized MultithreadedTaskDispatcher with 16 workers.
 -> (artifact id: '4da0b79b41a3f32db9609e70fd2964fc') in 0.015239 seconds
Start importing Packages/com.unity.inputsystem/InputSystem/Editor/Icons/Axis@3x.png using Guid(2e27a82b5cc4e4ef98cbef2d0b324aed) Importer(-1,00000000000000000000000000000000) [PhysX] Initialized MultithreadedTaskDispatcher with 16 workers.
 -> (artifact id: '33a41d41329fe5b90025f5feed33d2ef') in 0.017719 seconds
Start importing Assets/WinterLodge/tex/minecraft/block/glass.png using Guid(2e1d5551e5215db47bf467f5413015c4) Importer(-1,00000000000000000000000000000000) [PhysX] Initialized MultithreadedTaskDispatcher with 16 workers.
 -> (artifact id: '6181fc20de59090c674f3b3bfc7463e6') in 0.014730 seconds
Start importing Packages/com.unity.textmeshpro/Editor Resources/Gizmos/TMP - Input Field Icon.psd using Guid(3ee40aa79cd242a5b53b0b0ca4f13f0f) Importer(-1,00000000000000000000000000000000) [PhysX] Initialized MultithreadedTaskDispatcher with 16 workers.
 -> (artifact id: 'f34ebf6395c8581672ea7095a24b1c9e') in 0.026679 seconds
Start importing Assets/Scenes/Main/Lightmap-17_comp_dir.png using Guid(4ee17441806fef148811067f6089b1a0) Importer(-1,00000000000000000000000000000000) [PhysX] Initialized MultithreadedTaskDispatcher with 16 workers.
 -> (artifact id: 'b926f46d47318b48b572f830d2e44234') in 0.036790 seconds
Start importing Assets/SkySeries Freebie/FreebieHdri/MegaSunBack.hdr using Guid(4e52cbaf92b83a94cb86bed75ed34652) Importer(-1,00000000000000000000000000000000) [PhysX] Initialized MultithreadedTaskDispatcher with 16 workers.
 -> (artifact id: '1674886b67f443b3590259d776a9dbd8') in 0.497215 seconds
Start importing Assets/Resources/UI/Background.png using Guid(4e7884ea127d6d541b074813dd9a3b1b) Importer(-1,00000000000000000000000000000000) [PhysX] Initialized MultithreadedTaskDispatcher with 16 workers.
 -> (artifact id: '989a8048ec083b19f5bb6d3aa009b9a7') in 0.230896 seconds
Start importing Assets/WinterLodge/tex/minecraft/block/piston_side.png using Guid(5eec0c5f70bdff345ad49f21a9ecd520) Importer(-1,00000000000000000000000000000000) [PhysX] Initialized MultithreadedTaskDispatcher with 16 workers.
 -> (artifact id: '878725c3d5daeff1a7b3f2fd4c9a9ed2') in 0.024228 seconds
Start importing Packages/com.unity.testtools.codecoverage/Editor/Icons/CodeCoverage.png using Guid(5e4d1277a09266944b3431a0a44d0862) Importer(-1,00000000000000000000000000000000) [PhysX] Initialized MultithreadedTaskDispatcher with 16 workers.
 -> (artifact id: 'c0d11641feb23bc6875e8bd15840406e') in 0.016587 seconds
Start importing Packages/com.unity.inputsystem/InputSystem/Editor/Icons/Touch@4x.png using Guid(6e9283a12f5b74afbba696cbb82f5e7f) Importer(-1,00000000000000000000000000000000) [PhysX] Initialized MultithreadedTaskDispatcher with 16 workers.
 -> (artifact id: 'b4efc082e256bf8dc5c581524af31cc0') in 0.012821 seconds
Start importing Assets/Scenes/Main/Lightmap-17_comp_light.exr using Guid(6eb92d531ac79204db0729dae76a96c7) Importer(-1,00000000000000000000000000000000) [PhysX] Initialized MultithreadedTaskDispatcher with 16 workers.
 -> (artifact id: 'eb3ac00018184c5fa6e2ff0eeaac0498') in 0.061419 seconds
Start importing Packages/com.unity.collab-proxy/Editor/Assets/Images/iconplasticnotifyconflict@2x.png using Guid(6e0a54826ffc3ee46b0aa3e1c1575a69) Importer(-1,00000000000000000000000000000000) [PhysX] Initialized MultithreadedTaskDispatcher with 16 workers.
 -> (artifact id: '4073b905085d2b14694ab871c61f6cae') in 0.019040 seconds
Start importing Assets/Scenes/Main/Lightmap-50_comp_dir.png using Guid(6e7e602c5661c3a479a4404c6346a695) Importer(-1,00000000000000000000000000000000) [PhysX] Initialized MultithreadedTaskDispatcher with 16 workers.
 -> (artifact id: 'ad6ff754c84adf556f7cf2bc4f1b3f6b') in 0.037168 seconds
Start importing Assets/Scenes/Main/Lightmap-52_comp_shadowmask.png using Guid(7e432872a7a0b1e44a4df055cd8becd9) Importer(-1,00000000000000000000000000000000) [PhysX] Initialized MultithreadedTaskDispatcher with 16 workers.
 -> (artifact id: '4a8f5aec00363461dbcd46acba1691b0') in 0.015525 seconds
Start importing Packages/com.unity.collab-proxy/Editor/Assets/Images/d_loading@2x.png using Guid(7ee48c5fba4919649a8a6094cbead669) Importer(-1,00000000000000000000000000000000) [PhysX] Initialized MultithreadedTaskDispatcher with 16 workers.
 -> (artifact id: '9aadb24cc3f9bf4e5fc98a029cb2cb45') in 0.015161 seconds
Start importing Packages/com.unity.inputsystem/InputSystem/Editor/Icons/Axis.png using Guid(7e853779c8fed4ebf917a0de21c79602) Importer(-1,00000000000000000000000000000000) [PhysX] Initialized MultithreadedTaskDispatcher with 16 workers.
 -> (artifact id: '727635d2b0aba0f9a06013301e99b9e7') in 0.020644 seconds
Start importing Assets/Resources/UI/Discord-Symbol-White.png using Guid(8ea66b3933ab13542a70de8ce879f28a) Importer(-1,00000000000000000000000000000000) [PhysX] Initialized MultithreadedTaskDispatcher with 16 workers.
 -> (artifact id: '63392806e0d3d68705d6dd509826ca84') in 0.018263 seconds
Start importing Packages/com.unity.visualscripting/Editor/VisualScripting.Core/IconMap/VariablesSaver@32x.png using Guid(8ef7c0fbb1fbcd64e954e5eafe1652ad) Importer(-1,00000000000000000000000000000000) [PhysX] Initialized MultithreadedTaskDispatcher with 16 workers.
 -> (artifact id: 'f1aec3813d27d07c594965ea156d84b4') in 0.025490 seconds
Start importing Packages/com.unity.timeline/Editor/StyleSheets/Images/DarkSkin/TimelineKeyframe.png using Guid(8eba099eb091faf419fecdcd5cdabfd7) Importer(-1,00000000000000000000000000000000) [PhysX] Initialized MultithreadedTaskDispatcher with 16 workers.
 -> (artifact id: '0c283e4990b00717b7603d56eb85ef60') in 0.019543 seconds
Start importing Packages/com.unity.inputsystem/InputSystem/Editor/Icons/Mouse.png using Guid(9eb2b64988cb1443cab6da5dc5300d1c) Importer(-1,00000000000000000000000000000000) [PhysX] Initialized MultithreadedTaskDispatcher with 16 workers.
 -> (artifact id: '270f938aa2117328e99f7840b8ac4798') in 0.014377 seconds
Start importing Packages/com.unity.timeline/Editor/StyleSheets/Images/Icons/TrackCurvesButtonEnabled@2x.png using Guid(9e541b6dcfb77d34481f69b3d62d0343) Importer(-1,00000000000000000000000000000000) [PhysX] Initialized MultithreadedTaskDispatcher with 16 workers.
 -> (artifact id: '7fba7efce962f487498e119de080d602') in 0.024868 seconds
Start importing Packages/com.unity.inputsystem/InputSystem/Editor/Icons/d_Keyboard@3x.png using Guid(9ec4e316700da46b88741a8153b33963) Importer(-1,00000000000000000000000000000000) [PhysX] Initialized MultithreadedTaskDispatcher with 16 workers.
 -> (artifact id: '0400db764b391ed41cbbd7b8d31aff76') in 0.013517 seconds
Start importing Packages/com.unity.inputsystem/InputSystem/Editor/Icons/d_Gamepad@3x.png using Guid(9e882b58df0964f5b90ff99cb481ee79) Importer(-1,00000000000000000000000000000000) [PhysX] Initialized MultithreadedTaskDispatcher with 16 workers.
 -> (artifact id: '62ef167aea7ad45121dae1f75ae5ef93') in 0.013731 seconds
Start importing Assets/WinterLodge/tex/minecraft/block/turtle_egg.png using Guid(9eda42214b95a0d42a7618ebf7613516) Importer(-1,00000000000000000000000000000000) [PhysX] Initialized MultithreadedTaskDispatcher with 16 workers.
 -> (artifact id: '0354aec640e2d88377b9d62b632327a3') in 0.022361 seconds
Start importing Packages/com.unity.inputsystem/InputSystem/Editor/Icons/Interactive Binding@4x.png using Guid(9e6c9e992a2ee4327bce1d6a8189cedb) Importer(-1,00000000000000000000000000000000) [PhysX] Initialized MultithreadedTaskDispatcher with 16 workers.
 -> (artifact id: 'ae7aed4e8fafdf8011833843eabac38b') in 0.012957 seconds
Start importing Packages/com.unity.settings-manager/Content/Options.png using Guid(9eff477e4332346818c96745043dae9e) Importer(-1,00000000000000000000000000000000) [PhysX] Initialized MultithreadedTaskDispatcher with 16 workers.
 -> (artifact id: '6005d56c563c301ef937a27e1d9b08a2') in 0.015945 seconds
Start importing Packages/com.unity.collab-proxy/Editor/Assets/Images/d_iconlockedlocaloverlay@2x.png using Guid(ae53a7884da90e94eb5dfeab594b746c) Importer(-1,00000000000000000000000000000000) [PhysX] Initialized MultithreadedTaskDispatcher with 16 workers.
 -> (artifact id: '97da152aeadb0205152de0bd0d085515') in 0.016142 seconds
Start importing Packages/com.unity.collab-proxy/Editor/Assets/Images/iconplasticnotifyincoming@2x.png using Guid(ae869fe6797f4454cbbf417d87ff637c) Importer(-1,00000000000000000000000000000000) [PhysX] Initialized MultithreadedTaskDispatcher with 16 workers.
 -> (artifact id: '159027055b01e951beebf5f5137139ab') in 0.014328 seconds
Start importing Assets/WinterLodge/tex/minecraft/block/campfire_fire.png using Guid(aef89b2def476aa459400006e02fc585) Importer(-1,00000000000000000000000000000000) [PhysX] Initialized MultithreadedTaskDispatcher with 16 workers.
 -> (artifact id: '8ccd023c45c224fd8f82961a437145d7') in 0.021925 seconds
Start importing Packages/com.unity.collab-proxy/Editor/Assets/Images/d_stepok.png using Guid(be423a54b981d38428de82ad12534629) Importer(-1,00000000000000000000000000000000) [PhysX] Initialized MultithreadedTaskDispatcher with 16 workers.
 -> (artifact id: 'c5e2f578682dcfa29b94c45a7b0d9dba') in 0.016409 seconds
Start importing Packages/com.unity.collab-proxy/Editor/Assets/Images/stepok@2x.png using Guid(be340a165cb9c8d4cb50f1deeb51d4ea) Importer(-1,00000000000000000000000000000000) [PhysX] Initialized MultithreadedTaskDispatcher with 16 workers.
 -> (artifact id: '5598a9c6e352a92e6e2d16aad3e87b58') in 0.015328 seconds
Start importing Assets/WinterLodge/tex/minecraft/block/red_concrete.png using Guid(be96998d81394bf4ca8997316cc338b0) Importer(-1,00000000000000000000000000000000) [PhysX] Initialized MultithreadedTaskDispatcher with 16 workers.
 -> (artifact id: '8bc65001298e2e24de9202afcf6700ca') in 0.014221 seconds
Start importing Assets/Scenes/Main/Lightmap-44_comp_dir.png using Guid(bee899131d236c74dbe2deb21b92a6cb) Importer(-1,00000000000000000000000000000000) [PhysX] Initialized MultithreadedTaskDispatcher with 16 workers.
 -> (artifact id: '12b4782134ef001b452944eceef79269') in 0.030631 seconds
Start importing Packages/com.unity.inputsystem/InputSystem/Editor/Icons/d_Gamepad@2x.png using Guid(bed935caee9524e6780614c2055bfd35) Importer(-1,00000000000000000000000000000000) [PhysX] Initialized MultithreadedTaskDispatcher with 16 workers.
 -> (artifact id: '7286793b6f6d6219fcd250d0d5097707') in 0.014458 seconds
Start importing Assets/WinterLodge/tex/minecraft/block/cornflower.png using Guid(beefbc386078dde42b87fb7664c7caf7) Importer(-1,00000000000000000000000000000000) [PhysX] Initialized MultithreadedTaskDispatcher with 16 workers.
 -> (artifact id: '2770e31409670167252b6c1fcbe1434f') in 0.017819 seconds
Start importing Assets/Scenes/Main/Lightmap-47_comp_light.exr using Guid(ce32c6cd118f6f7488730e60574a7a9b) Importer(-1,00000000000000000000000000000000) [PhysX] Initialized MultithreadedTaskDispatcher with 16 workers.
 -> (artifact id: 'a17176e4e78a26e8f32aeb033ae62eb0') in 0.053677 seconds
Start importing Assets/Scenes/Main/Lightmap-35_comp_shadowmask.png using Guid(ce55d53da61bc334ca5aec8ae61b2e3f) Importer(-1,00000000000000000000000000000000) [PhysX] Initialized MultithreadedTaskDispatcher with 16 workers.
 -> (artifact id: 'e3a3e36aa775bf6c1205d1d8de040a29') in 0.014194 seconds
Start importing Assets/WinterLodge/tex/minecraft/block/smoker_front.png using Guid(cef9b0aa89113bc42ba16563ae804e6a) Importer(-1,00000000000000000000000000000000) [PhysX] Initialized MultithreadedTaskDispatcher with 16 workers.
 -> (artifact id: '217da65230ac066354214347c10a34d6') in 0.021478 seconds
Start importing Packages/com.unity.inputsystem/InputSystem/Editor/Icons/d_Touch@2x.png using Guid(ceaa885da02f84da195f87de12535da6) Importer(-1,00000000000000000000000000000000) [PhysX] Initialized MultithreadedTaskDispatcher with 16 workers.
 -> (artifact id: '5b3c00b3183356e23e79cbb595f0cfbc') in 0.019780 seconds
Start importing Packages/com.unity.inputsystem/InputSystem/Editor/AssetEditor/PackageResources/personal/actionTreeBackground.png using Guid(ce5f11cd993284c4f9c54f854bdc8c9c) Importer(-1,00000000000000000000000000000000) [PhysX] Initialized MultithreadedTaskDispatcher with 16 workers.
 -> (artifact id: '1f99ec6c2e50262233012ad2b986255d') in 0.012370 seconds
Start importing Assets/Scenes/Main/Lightmap-48_comp_dir.png using Guid(de86e378b878d114ab14b65df23a679f) Importer(-1,00000000000000000000000000000000) [PhysX] Initialized MultithreadedTaskDispatcher with 16 workers.
 -> (artifact id: 'c18572f6ec702f14324fbb257f54887a') in 0.027385 seconds
Start importing Packages/com.unity.inputsystem/InputSystem/Editor/Icons/d_Orientation@4x.png using Guid(de98baf415a2c4d7dbe0de74cb6e171c) Importer(-1,00000000000000000000000000000000) [PhysX] Initialized MultithreadedTaskDispatcher with 16 workers.
 -> (artifact id: '81ef5a4fba2ef70dd9dc9f1f67a48fc8') in 0.012468 seconds
Start importing Assets/NuGet/Resources/defaultIcon.png using Guid(eec19781926cd2248b7c9abfde8db555) Importer(-1,00000000000000000000000000000000) [PhysX] Initialized MultithreadedTaskDispatcher with 16 workers.
 -> (artifact id: '270aca967c6f32b855d2f06b0d82fba4') in 0.027314 seconds
Start importing Packages/com.unity.textmeshpro/Editor Resources/Gizmos/TMP - Font Asset Icon.psd using Guid(ee148e281f3c41c5b4ff5f8a5afe5a6c) Importer(-1,00000000000000000000000000000000) [PhysX] Initialized MultithreadedTaskDispatcher with 16 workers.
 -> (artifact id: 'cac0b65ae54df3868829378a03df1a90') in 0.026314 seconds
Start importing Packages/com.unity.2d.sprite/Editor/ObjectMenuCreation/DefaultAssets/Textures/HexagonPointed-Top.png using Guid(eed45a33cd08446c8b88325cf82fc52f) Importer(-1,00000000000000000000000000000000) [PhysX] Initialized MultithreadedTaskDispatcher with 16 workers.
 -> (artifact id: 'b60f85370dd12e8720419322e75d4b7e') in 0.016092 seconds
Start importing Assets/Scenes/Main/Lightmap-39_comp_dir.png using Guid(ee25d185f1432024196bdeeb6b68a658) Importer(-1,00000000000000000000000000000000) [PhysX] Initialized MultithreadedTaskDispatcher with 16 workers.
 -> (artifact id: '3395c247dc7108efc1398beb8e3d8dfd') in 0.031786 seconds
Start importing Packages/com.unity.collab-proxy/Editor/Assets/Images/buttonssosigninunity@2x.png using Guid(ee8ce5cd9c0883f4182b5cfd43cfd7fe) Importer(-1,00000000000000000000000000000000) [PhysX] Initialized MultithreadedTaskDispatcher with 16 workers.
 -> (artifact id: 'd803dca7b611a4d1661b21559a888364') in 0.007992 seconds
Start importing Assets/WinterLodge/tex/minecraft/block/lectern_top.png using Guid(ee2f756066c8b134091b038c4781395b) Importer(-1,00000000000000000000000000000000) [PhysX] Initialized MultithreadedTaskDispatcher with 16 workers.
 -> (artifact id: '0b224326f05639d1f4c838fbb658b8b7') in 0.020401 seconds
Start importing Assets/WinterLodge/tex/minecraft/block/orange_candle.png using Guid(fe063842d9912d4438af560c62b94e45) Importer(-1,00000000000000000000000000000000) [PhysX] Initialized MultithreadedTaskDispatcher with 16 workers.
 -> (artifact id: '9a001008726f714a19728a32af2ea303') in 0.014417 seconds
Start importing Packages/com.unity.timeline/Editor/StyleSheets/Images/Icons/TrackLockButtonDisabled.png using Guid(fef7487d8b06bba408f70354e2463ce4) Importer(-1,00000000000000000000000000000000) [PhysX] Initialized MultithreadedTaskDispatcher with 16 workers.
 -> (artifact id: '2dc30221866e387a6a6a1c1f84c5fda9') in 0.019279 seconds
Start importing Assets/WinterLodge/tex/minecraft/block/cobblestone.png using Guid(0fe0feaee385857438e49306ec0c22b5) Importer(-1,00000000000000000000000000000000) [PhysX] Initialized MultithreadedTaskDispatcher with 16 workers.
 -> (artifact id: '8dffb95d078c10f1f6ba3b754dcdb6b4') in 0.018515 seconds
Start importing Packages/com.unity.collab-proxy/Editor/Assets/Images/d_ignoredoverlay.png using Guid(0f5597de928ba6547895c4cdb9fa4185) Importer(-1,00000000000000000000000000000000) [PhysX] Initialized MultithreadedTaskDispatcher with 16 workers.
 -> (artifact id: 'd269e9a0ccea239a1ecc0038bc1f8ac9') in 0.014246 seconds
Start importing Packages/com.unity.xr.openxr.picoxr/Assets/Resources/Controller/PICO 4U/Texture/o_com_PICO4U_power_05.png using Guid(0f37039b4a5cd3f48bff00c92911c80c) Importer(-1,00000000000000000000000000000000) [PhysX] Initialized MultithreadedTaskDispatcher with 16 workers.
 -> (artifact id: '497ab9bd9dd4ecbd6a562f9e65c0d268') in 0.016971 seconds
Start importing Packages/com.unity.timeline/Editor/StyleSheets/Images/Icons/d_TrackRecordButtonEnabled@2x.png using Guid(0f1c9a12872a30f45bab34f536332bb3) Importer(-1,00000000000000000000000000000000) [PhysX] Initialized MultithreadedTaskDispatcher with 16 workers.
 -> (artifact id: 'be1e4f6e56dec41df6209d85de2435f9') in 0.011993 seconds
Start importing Packages/com.unity.2d.sprite/Editor/Assets/SpriteEditorOn@2x.png using Guid(1fb0e05a5ca5a42ba8ffafe439520b8e) Importer(-1,00000000000000000000000000000000) [PhysX] Initialized MultithreadedTaskDispatcher with 16 workers.
 -> (artifact id: '7a6c240b7afd885810688900c6749c2d') in 0.010918 seconds
Start importing Packages/com.unity.timeline/Editor/StyleSheets/Images/Icons/d_TrackCurvesButtonDisabled@2x.png using Guid(1f3ea4caa6e0ec74388e4d7d16690e68) Importer(-1,00000000000000000000000000000000) [PhysX] Initialized MultithreadedTaskDispatcher with 16 workers.
 -> (artifact id: 'ea82609b9e81955b39d5e96b0d12b08d') in 0.018985 seconds
Start importing Packages/com.unity.xr.openxr.picoxr/Assets/Resources/Controller/PICO 4U/Textures/o_com_matcap_02_b.png using Guid(2fc108a4d4e9d5d41bf34f493b563d76) Importer(-1,00000000000000000000000000000000) [PhysX] Initialized MultithreadedTaskDispatcher with 16 workers.
 -> (artifact id: 'e95bcda140d2b689c3f4cf9ca1e26445') in 0.015206 seconds
Start importing Packages/com.unity.textmeshpro/Editor Resources/Gizmos/TMP - Text Component Icon.psd using Guid(2fd6421f253b4ef1a19526541f9ffc0c) Importer(-1,00000000000000000000000000000000) [PhysX] Initialized MultithreadedTaskDispatcher with 16 workers.
 -> (artifact id: '027d275b6bd137280c9bf7adf2514481') in 0.019694 seconds
Start importing Packages/com.unity.xr.openxr.picoxr/Assets/Resources/Controller/PICO 4/Textures/Power/PICO4_ControllerPower_02.png using Guid(2feddea28647636409e9100780016736) Importer(-1,00000000000000000000000000000000) [PhysX] Initialized MultithreadedTaskDispatcher with 16 workers.
 -> (artifact id: 'c37578a019d372d1b2e94b9969062d89') in 0.014999 seconds
Start importing Assets/Scenes/Main/Lightmap-23_comp_dir.png using Guid(3f53dc0561afa01419d765bc196e0a73) Importer(-1,00000000000000000000000000000000) [PhysX] Initialized MultithreadedTaskDispatcher with 16 workers.
 -> (artifact id: '7e364cd49f3ab38f589263eaa87f87a6') in 0.044265 seconds
Start importing Assets/WinterLodge/tex/minecraft/block/cauldron_inner.png using Guid(4f806c74b65c71d4a9edfee8660d2d5a) Importer(-1,00000000000000000000000000000000) [PhysX] Initialized MultithreadedTaskDispatcher with 16 workers.
 -> (artifact id: '944b517e1f84bc047ea17a1ad18e6d9e') in 0.021077 seconds
Start importing Assets/Scenes/Main/Lightmap-32_comp_dir.png using Guid(4fa929e0f80e00a429f765b57115d8f7) Importer(-1,00000000000000000000000000000000) [PhysX] Initialized MultithreadedTaskDispatcher with 16 workers.
 -> (artifact id: '58d2886f51a7d4b2c14c04ac04710086') in 0.034486 seconds
Start importing Packages/com.unity.xr.openxr.picoxr/Assets/Resources/Controller/PICO 4U/Texture/o_com_PICO4U_power_02.png using Guid(4f3c1260c5bd8c64985946fc6af20f00) Importer(-1,00000000000000000000000000000000) [PhysX] Initialized MultithreadedTaskDispatcher with 16 workers.
 -> (artifact id: '69101a4293c8f7fed918ef1cc19a0b41') in 0.019789 seconds
Start importing Packages/com.unity.timeline/Editor/StyleSheets/Images/Icons/d_TimelineHeaderMarkerIcon.png using Guid(4f8d98ef7dbbe3d469e14c04722cbeed) Importer(-1,00000000000000000000000000000000) [PhysX] Initialized MultithreadedTaskDispatcher with 16 workers.
 -> (artifact id: '3239a30bbea9dbe88eb0aaf91cf605de') in 0.018003 seconds
Start importing Assets/Scenes/Main/Lightmap-20_comp_shadowmask.png using Guid(5fd6272a0d524a84e9db36cf7faa56e8) Importer(-1,00000000000000000000000000000000) [PhysX] Initialized MultithreadedTaskDispatcher with 16 workers.
 -> (artifact id: 'f35b803dcf5d66d8cf555626238ce12e') in 0.016690 seconds
Start importing Packages/com.unity.inputsystem/InputSystem/Editor/Icons/Orientation@3x.png using Guid(5f09d534eb1414449a2758696bd4dd11) Importer(-1,00000000000000000000000000000000) [PhysX] Initialized MultithreadedTaskDispatcher with 16 workers.
 -> (artifact id: '7383b8cb2ee4297df78e8f0d249c6b51') in 0.010539 seconds
Start importing Assets/Scenes/Main/Lightmap-39_comp_shadowmask.png using Guid(5f4c137e1845d9346a8be97d12c13664) Importer(-1,00000000000000000000000000000000) [PhysX] Initialized MultithreadedTaskDispatcher with 16 workers.
 -> (artifact id: 'aa42d0cfedfb014843d210cd904293b1') in 0.012583 seconds
Start importing Assets/Scenes/Main/Lightmap-27_comp_shadowmask.png using Guid(5fcc53a5b284a664c9951ca2d34b531c) Importer(-1,00000000000000000000000000000000) [PhysX] Initialized MultithreadedTaskDispatcher with 16 workers.
 -> (artifact id: 'c0aaf016a9919579a0f7794f7eab25e7') in 0.011594 seconds
Start importing Assets/Scenes/Main/Lightmap-56_comp_dir.png using Guid(6fb1fb3ee9b16e74fb1827e99655c0a3) Importer(-1,00000000000000000000000000000000) [PhysX] Initialized MultithreadedTaskDispatcher with 16 workers.
 -> (artifact id: 'b3c3e9522124eb93c967c27b3ff053d2') in 0.024364 seconds
Start importing Packages/com.unity.timeline/Editor/StyleSheets/Images/Icons/TrackLockButtonDisabled@2x.png using Guid(6fb5cabb85ba3794682b16eba19440cb) Importer(-1,00000000000000000000000000000000) [PhysX] Initialized MultithreadedTaskDispatcher with 16 workers.
 -> (artifact id: '1afcd833496c4f4202d57e726fc5a7fd') in 0.021756 seconds
Start importing Packages/com.unity.collab-proxy/Editor/Assets/Images/refresh.png using Guid(6f6a4c6bd7cdc654d9d91f7de72afcb6) Importer(-1,00000000000000000000000000000000) [PhysX] Initialized MultithreadedTaskDispatcher with 16 workers.
 -> (artifact id: '3e4f75d43ef33f394d8c42084407305b') in 0.015702 seconds
Start importing Packages/com.unity.timeline/Editor/StyleSheets/Images/Icons/d_TrackLockButtonDisabled@2x.png using Guid(6f0b77e050cdb12478ed9514b3a0e40e) Importer(-1,00000000000000000000000000000000) [PhysX] Initialized MultithreadedTaskDispatcher with 16 workers.
 -> (artifact id: 'a2dcaa9ca412cac861c8e7214f03dfb8') in 0.013081 seconds
Start importing Packages/com.unity.inputsystem/InputSystem/Editor/Icons/Keyboard@4x.png using Guid(7fc0926499f7a4500b152d45397c44a4) Importer(-1,00000000000000000000000000000000) [PhysX] Initialized MultithreadedTaskDispatcher with 16 workers.
 -> (artifact id: 'a984595b82f30e35fecab4c8990efea8') in 0.012601 seconds
Start importing Assets/SkySeries Freebie/FreebieHdri/MegaSunLeft.hdr using Guid(7f0373fb8ec72a142898c7984aada4b9) Importer(-1,00000000000000000000000000000000) [PhysX] Initialized MultithreadedTaskDispatcher with 16 workers.
 -> (artifact id: '85d9d68ccb003fc10c4c03b9cd08cd9a') in 0.564061 seconds
Start importing Packages/com.unity.collab-proxy/Editor/Assets/Images/d_iconprivateoverlay@2x.png using Guid(7f854f490da24e54f9e8383e446b5d81) Importer(-1,00000000000000000000000000000000) [PhysX] Initialized MultithreadedTaskDispatcher with 16 workers.
 -> (artifact id: '40f98fb53b55210648c1b74546492cff') in 0.019459 seconds
Start importing Packages/com.unity.inputsystem/InputSystem/Editor/Icons/Orientation.png using Guid(7fb7b46a8c63948d2b28dc394281bf5a) Importer(-1,00000000000000000000000000000000) [PhysX] Initialized MultithreadedTaskDispatcher with 16 workers.
 -> (artifact id: 'b450470d75532396022be76bd28b96c4') in 0.013745 seconds
Start importing Packages/com.unity.inputsystem/InputSystem/Editor/Icons/d_ChevronUp.png using Guid(7fad89501bb5c408e956934bf2eb8ae3) Importer(-1,00000000000000000000000000000000) [PhysX] Initialized MultithreadedTaskDispatcher with 16 workers.
 -> (artifact id: '1dd2884c3f776136e5f3da2496173f76') in 0.012809 seconds
Start importing Packages/com.unity.timeline/Editor/StyleSheets/Images/Icons/TimelineEditModeMixOFF.png using Guid(8fca5ed160cdc5440a4c7561db4082b2) Importer(-1,00000000000000000000000000000000) [PhysX] Initialized MultithreadedTaskDispatcher with 16 workers.
 -> (artifact id: '2b15eeecbc8cb071c936da2c0337ad7e') in 0.027278 seconds
Start importing Packages/com.unity.timeline/Editor/StyleSheets/Images/Icons/TrackRecordButtonEnabled@2x.png using Guid(8fdae4ac756ed6047b01021ff0cc3ebb) Importer(-1,00000000000000000000000000000000) [PhysX] Initialized MultithreadedTaskDispatcher with 16 workers.
 -> (artifact id: '57d5672b33c4992af07cc74d4d4f833b') in 0.023760 seconds
Start importing Packages/com.unity.collab-proxy/Editor/Assets/Images/secondarytabclosehover.png using Guid(8fac55fff4ce5fa40a7b2efefc0e617a) Importer(-1,00000000000000000000000000000000) [PhysX] Initialized MultithreadedTaskDispatcher with 16 workers.
 -> (artifact id: 'c5a3a9e75d8931f0293900e7d1867cb8') in 0.012073 seconds
Start importing Assets/Packages/Newtonsoft.Json.13.0.3/packageIcon.png using Guid(8fae6850c708a0242b378b4e94014a69) Importer(-1,00000000000000000000000000000000) [PhysX] Initialized MultithreadedTaskDispatcher with 16 workers.
 -> (artifact id: 'db5ceba48cf82a67dd42c6d8606f40b3') in 0.022962 seconds
Start importing Assets/Scenes/Main/Lightmap-25_comp_light.exr using Guid(9f05f65bf62204b4e80a4d108a98ef1e) Importer(-1,00000000000000000000000000000000) [PhysX] Initialized MultithreadedTaskDispatcher with 16 workers.
 -> (artifact id: 'c27a7a634434c20d261442855d121217') in 0.056550 seconds
Start importing Packages/com.unity.timeline/Editor/StyleSheets/Images/DarkSkin/TimelineAutokey@2x.png using Guid(af24c542434a025448222d576f61a956) Importer(-1,00000000000000000000000000000000) [PhysX] Initialized MultithreadedTaskDispatcher with 16 workers.
 -> (artifact id: 'b7dc29eadef4d6a5b5ca95093280c04a') in 0.013499 seconds
Start importing Assets/Scenes/Main/Lightmap-22_comp_shadowmask.png using Guid(af3a41e1499b786488e0051c226d1d70) Importer(-1,00000000000000000000000000000000) [PhysX] Initialized MultithreadedTaskDispatcher with 16 workers.
 -> (artifact id: 'ef17834847ce17baf3c1cfaf5273176e') in 0.007159 seconds
Start importing Packages/com.unity.timeline/Editor/StyleSheets/Images/LightSkin/TimelineAutokey.png using Guid(af3aec622aef40c45813b39e405966a3) Importer(-1,00000000000000000000000000000000) [PhysX] Initialized MultithreadedTaskDispatcher with 16 workers.
 -> (artifact id: '576b12bf676ac989ab75328ec1b32174') in 0.011831 seconds
Start importing Assets/Scenes/Main/Lightmap-47_comp_shadowmask.png using Guid(afdabfe549fa84c40b9aef966ad8cb29) Importer(-1,00000000000000000000000000000000) [PhysX] Initialized MultithreadedTaskDispatcher with 16 workers.
 -> (artifact id: 'd319768cfa80caf75705e0453f6c949c') in 0.015314 seconds
Start importing Packages/com.unity.collab-proxy/Editor/Assets/Images/step1@2x.png using Guid(affeade9874cf2347abb155e8d0db4d8) Importer(-1,00000000000000000000000000000000) [PhysX] Initialized MultithreadedTaskDispatcher with 16 workers.
 -> (artifact id: '0bdc982a288a252c899a15ed28a76853') in 0.013585 seconds
Start importing Packages/com.unity.timeline/Editor/StyleSheets/Images/Icons/TimelineHeaderMarkerIcon.png using Guid(bf1debab21103154b99778ba6e074175) Importer(-1,00000000000000000000000000000000) [PhysX] Initialized MultithreadedTaskDispatcher with 16 workers.
 -> (artifact id: 'ee898a87ae348152c9a723de687268ed') in 0.019975 seconds
Start importing Packages/com.unity.inputsystem/InputSystem/Editor/AssetEditor/PackageResources/personal/actionTreeBackgroundWithoutBorder.png using Guid(cf632ed80bf1f46c980de6b1b8b903ef) Importer(-1,00000000000000000000000000000000) [PhysX] Initialized MultithreadedTaskDispatcher with 16 workers.
 -> (artifact id: 'fa690f09a6ac7d78d63c39106e33d1c4') in 0.012959 seconds
Start importing Packages/com.unity.timeline/Editor/StyleSheets/Images/Icons/TrackLockButtonEnabled.png using Guid(cf575301f1e76c4478de0e77db15eba0) Importer(-1,00000000000000000000000000000000) [PhysX] Initialized MultithreadedTaskDispatcher with 16 workers.
 -> (artifact id: '24eed7bc5bfba88de6e5dd77de6a5f6a') in 0.019450 seconds
Start importing Packages/com.unity.timeline/Editor/StyleSheets/Images/LightSkin/TimelineAutokey@2x.png using Guid(cf3fbf98d5c3f1941bd9c0256918a4c8) Importer(-1,00000000000000000000000000000000) [PhysX] Initialized MultithreadedTaskDispatcher with 16 workers.
 -> (artifact id: '4485884c08486f836de64cdcb2750939') in 0.012463 seconds
Start importing Assets/TextMesh Pro/Sprites/EmojiOne.png using Guid(dffef66376be4fa480fb02b19edbe903) Importer(-1,00000000000000000000000000000000) [PhysX] Initialized MultithreadedTaskDispatcher with 16 workers.
 -> (artifact id: 'd9b0e05b80580e87ff5a1e952bbbd659') in 0.114526 seconds
Start importing Assets/WinterLodge/tex/minecraft/block/dark_oak_log.png using Guid(ef783e7bc38162d46b61ebcacadcf05c) Importer(-1,00000000000000000000000000000000) [PhysX] Initialized MultithreadedTaskDispatcher with 16 workers.
 -> (artifact id: 'a7dcfeb01f2dfa4944ed835d0fb51eba') in 0.016339 seconds
Start importing Packages/com.unity.inputsystem/InputSystem/Editor/Icons/TrackedPoseDriver@2x.png using Guid(ff8479815905ce84e9ef610d926f28c8) Importer(-1,00000000000000000000000000000000) [PhysX] Initialized MultithreadedTaskDispatcher with 16 workers.
 -> (artifact id: '5d6935f6735c5182f5119c598af8fa65') in 0.012671 seconds
Start importing Packages/com.unity.inputsystem/InputSystem/Editor/AssetEditor/PackageResources/green.png using Guid(ffeba93637e654de6a5906b48520dc94) Importer(-1,00000000000000000000000000000000) [PhysX] Initialized MultithreadedTaskDispatcher with 16 workers.
 -> (artifact id: 'dc7b3b1e5d4c6ba7f7d3bf3e7cb8d7a0') in 0.020353 seconds
Start importing Assets/Scenes/Main/Lightmap-30_comp_dir.png using Guid(ff2c5fbe88d2faf4eb9eb9c784b7a1ae) Importer(-1,00000000000000000000000000000000) [PhysX] Initialized MultithreadedTaskDispatcher with 16 workers.
 -> (artifact id: 'd297c38238034346d03c759a3947900e') in 0.047232 seconds
Start importing Assets/Scenes/Main/Lightmap-0_comp_shadowmask.png using Guid(ffaeca8946091c04b88aa2ce2bad48d1) Importer(-1,00000000000000000000000000000000) [PhysX] Initialized MultithreadedTaskDispatcher with 16 workers.
 -> (artifact id: 'e4fd9ee8c2a8fd0167afd0a840dc0035') in 0.015761 seconds
Start importing Assets/TextMesh Pro/Fonts/LiberationSans.ttf using Guid(e3265ab4bf004d28a9537516768c1c75) Importer(-1,00000000000000000000000000000000) [PhysX] Initialized MultithreadedTaskDispatcher with 16 workers.
 -> (artifact id: 'f1bf3510c690043ab2c441d62c9a0c1f') in 0.366408 seconds
Start importing Assets/Samples/XR Interaction Toolkit/2.3.2/Starter Assets/Audio/Button Pop.wav using Guid(16fba6d30ed741d4a9fdd6e79ee2f3ac) Importer(-1,00000000000000000000000000000000) [PhysX] Initialized MultithreadedTaskDispatcher with 16 workers.
 -> (artifact id: '28f6c36bf68be4962b8e2f8cd48cd2a3') in 0.299109 seconds
Refreshing native plugins compatible for Editor in 112.67 ms, found 19 plugins.
Preloading 0 native plugins for Editor in 0.00 ms.
Asset Pipeline Refresh (id=17854c1ec9803354eb218133a7f812f3): Total: 58.575 seconds - Initiated by InitialRefreshV2(ForceSynchronousImport)
	Summary:
		Imports: total=907 (actual=905, local cache=2, cache server=0)
		Asset DB Process Time: managed=120 ms, native=28304 ms
		Asset DB Callback time: managed=818 ms, native=190 ms
		Scripting: domain reloads=1, domain reload time=11845 ms, compile time=17247 ms, other=47 ms
		Project Asset Count: scripts=6270, non-scripts=1668
		Asset File Changes: new=0, changed=0, moved=0, deleted=0
		Scan Filter Count: 0
	InvokeBeforeRefreshCallbacks: 1.890ms
	ApplyChangesToAssetFolders: 0.149ms
	Scan: 251.190ms
	OnSourceAssetsModified: 0.003ms
	GetAllGuidsForCategorization: 1.389ms
	CategorizeAssets: 221.106ms
	ImportOutOfDateAssets: 24846.793ms (-16336.298ms without children)
		ImportManagerImport: 23882.151ms (55.441ms without children)
			ImportInProcess: 23821.693ms
			UpdateCategorizedAssets: 5.018ms
		CompileScripts: 17247.098ms
		ReloadNativeAssets: 0.014ms
		UnloadImportedAssets: 32.177ms
		ReloadImportedAssets: 16.742ms
		EnsureUptoDateAssetsAreRegisteredWithGuidPM: 2.558ms
		InitializingProgressBar: 0.390ms
		PostProcessAllAssetNotificationsAddChangedAssets: 0.001ms
		OnDemandSchedulerStart: 1.960ms
	PostProcessAllAssets: 869.528ms
	Hotreload: 137.328ms
	GatherAllCurrentPrimaryArtifactRevisions: 0.001ms
	UnloadStreamsBegin: 0.750ms
	PersistCurrentRevisions: 2.104ms
	UnloadStreamsEnd: 0.056ms
	GenerateScriptTypeHashes: 2.991ms
	Untracked: 32242.217ms
Application.AssetDatabase Initial Refresh End
Launched and connected shader compiler UnityShaderCompiler.exe after 0.06 seconds
Scanning for USB devices : 8.431ms
Initializing Unity extensions:
[Licensing::Client] Successfully resolved entitlement details
[Licensing::Client] Successfully resolved entitlement details
[MODES] ModeService[none].Initialize
[MODES] ModeService[none].LoadModes
[MODES] Loading mode Default (0) for mode-current-id-QuestCraft
[Licensing::Client] Successfully resolved entitlement details
[PhysX] Initialized MultithreadedTaskDispatcher with 16 workers.
ProgressiveSceneManager::Cancel()
Unloading 358 Unused Serialized files (Serialized files now loaded: 0)
Unloading 811 unused Assets / (1.1 MB). Loaded Objects now: 5525.
Memory consumption went from 224.6 MB to 223.5 MB.
Total: 8.997300 ms (FindLiveObjects: 0.548300 ms CreateObjectMapping: 0.274400 ms MarkObjects: 6.586900 ms  DeleteObjects: 1.586300 ms)

Select Oculus Touch Interaction Profile, Meta Quest Touch Pro Interaction Profile, or Meta Quest Touch Plus Interaction Profile to pair with.
UnityEngine.StackTraceUtility:ExtractStackTrace ()
UnityEngine.DebugLogHandler:LogFormat (UnityEngine.LogType,UnityEngine.Object,string,object[])
UnityEngine.Logger:Log (UnityEngine.LogType,object)
UnityEngine.Debug:LogWarning (object)
UnityEditor.XR.OpenXR.OpenXRProjectValidation:LogBuildValidationIssues (UnityEditor.BuildTargetGroup) (at ./Library/PackageCache/com.unity.xr.openxr@1.14.3/Runtime/OpenXRProjectValidation.cs:378)
UnityEditor.XR.OpenXR.OpenXRProjectValidationBuildStep:OnPreprocessBuild (UnityEditor.Build.Reporting.BuildReport) (at ./Library/PackageCache/com.unity.xr.openxr@1.14.3/Editor/OpenXRProjectValidationRulesSetup.cs:223)
UnityEditor.Build.BuildPipelineInterfaces/<>c__DisplayClass16_0:<OnBuildPreProcess>b__1 (UnityEditor.Build.IPreprocessBuildWithReport)
UnityEditor.Build.BuildPipelineInterfaces:InvokeCallbackInterfacesPair<UnityEditor.Build.IPreprocessBuild, UnityEditor.Build.IPreprocessBuildWithReport> (System.Collections.Generic.List`1<UnityEditor.Build.IPreprocessBuild>,System.Action`1<UnityEditor.Build.IPreprocessBuild>,System.Collections.Generic.List`1<UnityEditor.Build.IPreprocessBuildWithReport>,System.Action`1<UnityEditor.Build.IPreprocessBuildWithReport>,bool)
UnityEditor.Build.BuildPipelineInterfaces:OnBuildPreProcess (UnityEditor.Build.Reporting.BuildReport)
UnityEditor.BuildPipeline:BuildPlayerInternal (string[],string,string,UnityEditor.BuildTargetGroup,UnityEditor.BuildTarget,int,UnityEditor.BuildOptions,string[])
UnityEditor.BuildPipeline:BuildPlayer (string[],string,string,UnityEditor.BuildTargetGroup,UnityEditor.BuildTarget,int,UnityEditor.BuildOptions,string[])
UnityEditor.BuildPipeline:BuildPlayer (UnityEditor.BuildPlayerOptions)
QuestCraftCliBuild:BuildAndroid () (at Assets/Editor/QuestCraftCliBuild.cs:41)

(Filename: ./Library/PackageCache/com.unity.xr.openxr@1.14.3/Runtime/OpenXRProjectValidation.cs Line: 378)

Start importing ProjectSettings/ProjectSettings.asset using Guid(00000000000000004000000000000000) Importer(-1,00000000000000000000000000000000) [PhysX] Initialized MultithreadedTaskDispatcher with 16 workers.
 -> (artifact id: 'bda1994b32adf772c75d3747a2146387') in 0.003897 seconds
Start importing Assets/XR/Settings/OpenXR Package Settings.asset using Guid(7b5da002d83fb8f42ac49c354e6f6d31) Importer(-1,00000000000000000000000000000000) [PhysX] Initialized MultithreadedTaskDispatcher with 16 workers.
 -> (artifact id: 'be0db8817271d1f30ed3e39107df147a') in 0.002379 seconds
Refreshing native plugins compatible for Editor in 39.75 ms, found 19 plugins.
Preloading 0 native plugins for Editor in 0.00 ms.
Asset Pipeline Refresh (id=cd27cb4d75b2f554f94a29b4e04ca8bd): Total: 0.074 seconds - Initiated by StopAssetImportingV2(NoUpdateAssetOptions)
DisplayProgressbar: Checking prerequisites
UnityException: Can not sign the application
Unable to sign the application; please provide passwords!
UnityEditor.BuildPipeline:BuildPlayerInternalNoCheck(String[], String, String, BuildTargetGroup, BuildTarget, Int32, BuildOptions, String[], Boolean)
UnityEditor.BuildPipeline:BuildPlayerInternal(String[], String, String, BuildTargetGroup, BuildTarget, Int32, BuildOptions, String[])
UnityEditor.BuildPipeline:BuildPlayer(String[], String, String, BuildTargetGroup, BuildTarget, Int32, BuildOptions, String[])
UnityEditor.BuildPipeline:BuildPlayer(BuildPlayerOptions)
QuestCraftCliBuild:BuildAndroid() (at Assets\Editor\QuestCraftCliBuild.cs:41)

(Filename: Assets/Editor/QuestCraftCliBuild.cs Line: 41)

Unloading 0 Unused Serialized files (Serialized files now loaded: 0)
Unloading 174 unused Assets / (442.8 KB). Loaded Objects now: 5531.
Memory consumption went from 242.3 MB to 241.9 MB.
Total: 7.063400 ms (FindLiveObjects: 0.518100 ms CreateObjectMapping: 0.312800 ms MarkObjects: 5.765300 ms  DeleteObjects: 0.465800 ms)

Build Finished, Result: Failure.
##utp:{"type":"PlayerBuildInfo","version":2,"phase":"Immediate","time":1782173946301,"processId":18232,"steps":[{"description":"Preprocess Player","duration":438},{"description":"Prepare For Build","duration":41}],"duration":479}
[PhysX] Initialized MultithreadedTaskDispatcher with 16 workers.
Unloading 0 Unused Serialized files (Serialized files now loaded: 0)
Loaded scene 'Temp/__Backupscenes/0.backup'
	Deserialize:            1.447 ms
	Integration:            19.524 ms
	Integration of assets:  0.003 ms
	Thread Wait Time:       0.013 ms
	Total Operation Time:   20.986 ms
Unloading 0 unused Assets / (0 B). Loaded Objects now: 5531.
Memory consumption went from 167.5 MB to 167.5 MB.
Total: 5.214700 ms (FindLiveObjects: 0.446200 ms CreateObjectMapping: 0.189900 ms MarkObjects: 4.567200 ms  DeleteObjects: 0.009900 ms)

InvalidOperationException: Android build failed: Failed with 1 errors.
  at QuestCraftCliBuild.BuildAndroid () [0x00124] in Q:\QCXR-XR-Wrapper\Assets\Editor\QuestCraftCliBuild.cs:47 

(Filename: Assets/Editor/QuestCraftCliBuild.cs Line: 47)

executeMethod method QuestCraftCliBuild.BuildAndroid threw exception.
Exiting without the bug reporter. Application will terminate with return code 1