[Licensing::Module] Trying to connect to existing licensing client channel...
[Licensing::IpcConnector] Channel LicenseClient-User doesn't exist
[Licensing::Module] Successfully launched the LicensingClient (PId: 14096)
[Licensing::IpcConnector] Successfully connected to: "LicenseClient-User" at "2026-06-23T01:00:53.8241413Z"
[Licensing::Client] Code 10 while verifying Licensing Client signature (process Id: 14096, path: "C:/Program Files/Unity/Hub/Editor/2022.3.62f3/Editor/Data/Resources/Licensing/Client/Unity.Licensing.Client.exe")
[Licensing::Module] LicensingClient has failed validation; ignoring
[Licensing::Client] Handshaking with LicensingClient:
  Version:                 1.16.2+bdef8f5
  Session Id:              5d3ccee580664adea5efac9b58d418cb
  Correlation Id:          e795b582023b11b1fd79da181c02802e
  External correlation Id: 5333417397968894364
  Machine Id:              Jq9BtygUimSA+fW3p/p42m4cWug=
[Licensing::Module] Successfully connected to LicensingClient on channel: "LicenseClient-User" (connect: 1.29s, validation: 0.07s, handshake: 0.10s)
[Licensing::IpcConnector] Successfully connected to: "LicenseClient-User-notifications" at "2026-06-23T01:00:53.9964829Z"
[Licensing::Module] Connected to LicensingClient (PId: 14096, launch time: 0.00, total connection time: 1.46s)
[Licensing::Module] Error: Access token is unavailable; failed to update
[Licensing::Client] Error: Code 500 while processing request (status: Unable to update licenses. Errors: No ULF license found.,Token not found in cache)
[Licensing::Client] Error: Code 500 while updating license in client (status: Unable to update licenses. Errors: No ULF license found.,Token not found in cache)
Built from '2022.3/respin/2022.3.62f2-4af31df585-v2' branch; Version is '2022.3.62f3 (96770f904ca7) revision 9860879'; Using compiler version '192829333'; Build Type 'Release'
OS: 'Windows 11  (10.0.26200) 64bit Enterprise' Language: 'en' Physical Memory: 10961 MB
[Licensing::Client] Successfully resolved entitlement details
[Licensing::Module] Serial number assigned to: "2474517393173-UnityPersXXXX"
BatchMode: 1, IsHumanControllingUs: 0, StartBugReporterOnCrash: 0, Is64bit: 1, IsPro: 0
[Licensing::Client] Successfully resolved entitlement details

COMMAND LINE ARGUMENTS:
C:\Program Files\Unity\Hub\Editor\2022.3.62f3\Editor\Unity.exe
-batchmode
-quit
-projectPath
Q:\QCXR-XR-Wrapper
-buildTarget
Android
-executeMethod
QuestCraftCliBuild.BuildAndroid
-outputPath
Q:\QCXR-XR-Wrapper\Builds\QuestCraft-26.2-opengl-java25-release.apk
-release
-logFile
Q:\QCXR-XR-Wrapper\unity-apk-build-26.2-opengl-java25.log
Successfully changed project path to: Q:\QCXR-XR-Wrapper
Q:/QCXR-XR-Wrapper
[UnityMemory] Configuration Parameters - Can be set up in boot.config
    "memorysetup-bucket-allocator-granularity=16"
    "memorysetup-bucket-allocator-bucket-count=8"
    "memorysetup-bucket-allocator-block-size=33554432"
    "memorysetup-bucket-allocator-block-count=8"
    "memorysetup-main-allocator-block-size=16777216"
    "memorysetup-thread-allocator-block-size=16777216"
    "memorysetup-gfx-main-allocator-block-size=16777216"
    "memorysetup-gfx-thread-allocator-block-size=16777216"
    "memorysetup-cache-allocator-block-size=4194304"
    "memorysetup-typetree-allocator-block-size=2097152"
    "memorysetup-profiler-bucket-allocator-granularity=16"
    "memorysetup-profiler-bucket-allocator-bucket-count=8"
    "memorysetup-profiler-bucket-allocator-block-size=33554432"
    "memorysetup-profiler-bucket-allocator-block-count=8"
    "memorysetup-profiler-allocator-block-size=16777216"
    "memorysetup-profiler-editor-allocator-block-size=1048576"
    "memorysetup-temp-allocator-size-main=16777216"
    "memorysetup-job-temp-allocator-block-size=2097152"
    "memorysetup-job-temp-allocator-block-size-background=1048576"
    "memorysetup-job-temp-allocator-reduction-small-platforms=262144"
    "memorysetup-allocator-temp-initial-block-size-main=262144"
    "memorysetup-allocator-temp-initial-block-size-worker=262144"
    "memorysetup-temp-allocator-size-background-worker=32768"
    "memorysetup-temp-allocator-size-job-worker=262144"
    "memorysetup-temp-allocator-size-preload-manager=33554432"
    "memorysetup-temp-allocator-size-nav-mesh-worker=65536"
    "memorysetup-temp-allocator-size-audio-worker=65536"
    "memorysetup-temp-allocator-size-cloud-worker=32768"
    "memorysetup-temp-allocator-size-gi-baking-worker=262144"
    "memorysetup-temp-allocator-size-gfx=262144"
Player connection [8572]  Target information:

Player connection [8572]  * "[IP] 10.0.0.227 [Port] 55504 [Flags] 2 [Guid] 2543243480 [EditorId] 2543243480 [Version] 1048832 [Id] WindowsEditor(7,netcats-vibrator) [Debug] 1 [PackageName] WindowsEditor [ProjectName] Editor" 

Player connection [8572] Host joined multi-casting on [225.0.0.222:54997]...
Player connection [8572] Host joined alternative multi-casting on [225.0.0.222:34997]...
Input System module state changed to: Initialized.
[PhysX] Initialized MultithreadedTaskDispatcher with 16 workers.
[Package Manager] UpmClient::Connect -- Connected to IPC stream "Upm-11972" after 0.6 seconds.
[Package Manager] Restoring resolved packages state from cache
[Licensing::Client] Successfully resolved entitlement details
[Package Manager] Registered 61 packages:
  Packages from [https://packages.unity.com]:
    com.unity.collab-proxy@2.7.1 (location: Q:\QCXR-XR-Wrapper\Library\PackageCache\com.unity.collab-proxy@2.7.1)
    com.unity.ide.rider@3.0.36 (location: Q:\QCXR-XR-Wrapper\Library\PackageCache\com.unity.ide.rider@3.0.36)
    com.unity.ide.visualstudio@2.0.22 (location: Q:\QCXR-XR-Wrapper\Library\PackageCache\com.unity.ide.visualstudio@2.0.22)
    com.unity.test-framework@1.3.9 (location: Q:\QCXR-XR-Wrapper\Library\PackageCache\com.unity.test-framework@1.3.9)
    com.unity.textmeshpro@3.0.9 (location: Q:\QCXR-XR-Wrapper\Library\PackageCache\com.unity.textmeshpro@3.0.9)
    com.unity.timeline@1.8.6 (location: Q:\QCXR-XR-Wrapper\Library\PackageCache\com.unity.timeline@1.8.6)
    com.unity.toolchain.win-x86_64-linux-x86_64@2.0.10 (location: Q:\QCXR-XR-Wrapper\Library\PackageCache\com.unity.toolchain.win-x86_64-linux-x86_64@2.0.10)
    com.unity.visualscripting@1.9.4 (location: Q:\QCXR-XR-Wrapper\Library\PackageCache\com.unity.visualscripting@1.9.4)
    com.unity.xr.core-utils@2.5.2 (location: Q:\QCXR-XR-Wrapper\Library\PackageCache\com.unity.xr.core-utils@2.5.2)
    com.unity.xr.interaction.toolkit@3.0.5 (location: Q:\QCXR-XR-Wrapper\Library\PackageCache\com.unity.xr.interaction.toolkit@3.0.5)
    com.unity.xr.management@4.5.1 (location: Q:\QCXR-XR-Wrapper\Library\PackageCache\com.unity.xr.management@4.5.1)
    com.unity.xr.openxr@1.14.3 (location: Q:\QCXR-XR-Wrapper\Library\PackageCache\com.unity.xr.openxr@1.14.3)
    com.unity.xr.legacyinputhelpers@2.1.12 (location: Q:\QCXR-XR-Wrapper\Library\PackageCache\com.unity.xr.legacyinputhelpers@2.1.12)
    com.unity.inputsystem@1.14.0 (location: Q:\QCXR-XR-Wrapper\Library\PackageCache\com.unity.inputsystem@1.14.0)
    com.unity.mathematics@1.2.6 (location: Q:\QCXR-XR-Wrapper\Library\PackageCache\com.unity.mathematics@1.2.6)
    com.unity.sysroot@2.0.10 (location: Q:\QCXR-XR-Wrapper\Library\PackageCache\com.unity.sysroot@2.0.10)
    com.unity.sysroot.linux-x86_64@2.0.9 (location: Q:\QCXR-XR-Wrapper\Library\PackageCache\com.unity.sysroot.linux-x86_64@2.0.9)
    com.unity.ext.nunit@2.0.3 (location: Q:\QCXR-XR-Wrapper\Library\PackageCache\com.unity.ext.nunit@2.0.3)
    com.unity.ide.vscode@1.2.5 (location: Q:\QCXR-XR-Wrapper\Library\PackageCache\com.unity.ide.vscode@1.2.5)
    com.unity.editorcoroutines@1.0.0 (location: Q:\QCXR-XR-Wrapper\Library\PackageCache\com.unity.editorcoroutines@1.0.0)
    com.unity.performance.profile-analyzer@1.2.3 (location: Q:\QCXR-XR-Wrapper\Library\PackageCache\com.unity.performance.profile-analyzer@1.2.3)
    com.unity.testtools.codecoverage@1.2.6 (location: Q:\QCXR-XR-Wrapper\Library\PackageCache\com.unity.testtools.codecoverage@1.2.6)
    com.unity.settings-manager@2.1.0 (location: Q:\QCXR-XR-Wrapper\Library\PackageCache\com.unity.settings-manager@2.1.0)
  Packages from [https://unitynuget-registry.openupm.com]:
    org.nuget.system.runtime.compilerservices.unsafe@6.0.0 (location: Q:\QCXR-XR-Wrapper\Library\PackageCache\org.nuget.system.runtime.compilerservices.unsafe@6.0.0)
  Built-in packages:
    com.unity.2d.sprite@1.0.0 (location: Q:\QCXR-XR-Wrapper\Library\PackageCache\com.unity.2d.sprite@1.0.0)
    com.unity.feature.development@1.0.1 (location: Q:\QCXR-XR-Wrapper\Library\PackageCache\com.unity.feature.development@1.0.1)
    com.unity.ugui@1.0.0 (location: Q:\QCXR-XR-Wrapper\Library\PackageCache\com.unity.ugui@1.0.0)
    com.unity.modules.ai@1.0.0 (location: Q:\QCXR-XR-Wrapper\Library\PackageCache\com.unity.modules.ai@1.0.0)
    com.unity.modules.androidjni@1.0.0 (location: Q:\QCXR-XR-Wrapper\Library\PackageCache\com.unity.modules.androidjni@1.0.0)
    com.unity.modules.animation@1.0.0 (location: Q:\QCXR-XR-Wrapper\Library\PackageCache\com.unity.modules.animation@1.0.0)
    com.unity.modules.assetbundle@1.0.0 (location: Q:\QCXR-XR-Wrapper\Library\PackageCache\com.unity.modules.assetbundle@1.0.0)
    com.unity.modules.audio@1.0.0 (location: Q:\QCXR-XR-Wrapper\Library\PackageCache\com.unity.modules.audio@1.0.0)
    com.unity.modules.cloth@1.0.0 (location: Q:\QCXR-XR-Wrapper\Library\PackageCache\com.unity.modules.cloth@1.0.0)
    com.unity.modules.director@1.0.0 (location: Q:\QCXR-XR-Wrapper\Library\PackageCache\com.unity.modules.director@1.0.0)
    com.unity.modules.imageconversion@1.0.0 (location: Q:\QCXR-XR-Wrapper\Library\PackageCache\com.unity.modules.imageconversion@1.0.0)
    com.unity.modules.imgui@1.0.0 (location: Q:\QCXR-XR-Wrapper\Library\PackageCache\com.unity.modules.imgui@1.0.0)
    com.unity.modules.jsonserialize@1.0.0 (location: Q:\QCXR-XR-Wrapper\Library\PackageCache\com.unity.modules.jsonserialize@1.0.0)
    com.unity.modules.particlesystem@1.0.0 (location: Q:\QCXR-XR-Wrapper\Library\PackageCache\com.unity.modules.particlesystem@1.0.0)
    com.unity.modules.physics@1.0.0 (location: Q:\QCXR-XR-Wrapper\Library\PackageCache\com.unity.modules.physics@1.0.0)
    com.unity.modules.physics2d@1.0.0 (location: Q:\QCXR-XR-Wrapper\Library\PackageCache\com.unity.modules.physics2d@1.0.0)
    com.unity.modules.screencapture@1.0.0 (location: Q:\QCXR-XR-Wrapper\Library\PackageCache\com.unity.modules.screencapture@1.0.0)
    com.unity.modules.terrain@1.0.0 (location: Q:\QCXR-XR-Wrapper\Library\PackageCache\com.unity.modules.terrain@1.0.0)
    com.unity.modules.terrainphysics@1.0.0 (location: Q:\QCXR-XR-Wrapper\Library\PackageCache\com.unity.modules.terrainphysics@1.0.0)
    com.unity.modules.tilemap@1.0.0 (location: Q:\QCXR-XR-Wrapper\Library\PackageCache\com.unity.modules.tilemap@1.0.0)
    com.unity.modules.ui@1.0.0 (location: Q:\QCXR-XR-Wrapper\Library\PackageCache\com.unity.modules.ui@1.0.0)
    com.unity.modules.uielements@1.0.0 (location: Q:\QCXR-XR-Wrapper\Library\PackageCache\com.unity.modules.uielements@1.0.0)
    com.unity.modules.umbra@1.0.0 (location: Q:\QCXR-XR-Wrapper\Library\PackageCache\com.unity.modules.umbra@1.0.0)
    com.unity.modules.unityanalytics@1.0.0 (location: Q:\QCXR-XR-Wrapper\Library\PackageCache\com.unity.modules.unityanalytics@1.0.0)
    com.unity.modules.unitywebrequest@1.0.0 (location: Q:\QCXR-XR-Wrapper\Library\PackageCache\com.unity.modules.unitywebrequest@1.0.0)
    com.unity.modules.unitywebrequestassetbundle@1.0.0 (location: Q:\QCXR-XR-Wrapper\Library\PackageCache\com.unity.modules.unitywebrequestassetbundle@1.0.0)
    com.unity.modules.unitywebrequestaudio@1.0.0 (location: Q:\QCXR-XR-Wrapper\Library\PackageCache\com.unity.modules.unitywebrequestaudio@1.0.0)
    com.unity.modules.unitywebrequesttexture@1.0.0 (location: Q:\QCXR-XR-Wrapper\Library\PackageCache\com.unity.modules.unitywebrequesttexture@1.0.0)
    com.unity.modules.unitywebrequestwww@1.0.0 (location: Q:\QCXR-XR-Wrapper\Library\PackageCache\com.unity.modules.unitywebrequestwww@1.0.0)
    com.unity.modules.vehicles@1.0.0 (location: Q:\QCXR-XR-Wrapper\Library\PackageCache\com.unity.modules.vehicles@1.0.0)
    com.unity.modules.video@1.0.0 (location: Q:\QCXR-XR-Wrapper\Library\PackageCache\com.unity.modules.video@1.0.0)
    com.unity.modules.vr@1.0.0 (location: Q:\QCXR-XR-Wrapper\Library\PackageCache\com.unity.modules.vr@1.0.0)
    com.unity.modules.wind@1.0.0 (location: Q:\QCXR-XR-Wrapper\Library\PackageCache\com.unity.modules.wind@1.0.0)
    com.unity.modules.xr@1.0.0 (location: Q:\QCXR-XR-Wrapper\Library\PackageCache\com.unity.modules.xr@1.0.0)
    com.unity.modules.subsystems@1.0.0 (location: Q:\QCXR-XR-Wrapper\Library\PackageCache\com.unity.modules.subsystems@1.0.0)
  Local packages:
    com.netpyoung.webp@file:Q:\QCXR-XR-Wrapper\Packages\LocalPackages\unity.webp (location: Q:\QCXR-XR-Wrapper\Packages\LocalPackages\unity.webp)
    com.unity.xr.openxr.picoxr@file:Q:\QCXR-XR-Wrapper\Packages\LocalPackages\PICO Unity OpenXR Integration SDK-1.3.0 (location: Q:\QCXR-XR-Wrapper\Packages\LocalPackages\PICO Unity OpenXR Integration SDK-1.3.0)
[Subsystems] Looking for new subsystems at path Q:\QCXR-XR-Wrapper\Library\PackageCache\com.unity.xr.openxr@1.14.3
[Subsystems] Novel subsystem found at Library/PackageCache/com.unity.xr.openxr@1.14.3/Runtime/UnitySubsystemsManifest.json
[Subsystems] Discovering subsystems at path C:/Program Files/Unity/Hub/Editor/2022.3.62f3/Editor/Data/Resources/UnitySubsystems
[Subsystems] Discovering subsystems at path Q:/QCXR-XR-Wrapper/Assets
[Subsystems] Discovering subsystems at path Q:\QCXR-XR-Wrapper\Library\PackageCache\com.unity.xr.openxr@1.14.3
[Subsystems] No descriptors matched for  examples in Library/PackageCache/com.unity.xr.openxr@1.14.3/Runtime/UnitySubsystemsManifest.json.
[Subsystems] 1 'inputs' descriptors matched in Library/PackageCache/com.unity.xr.openxr@1.14.3/Runtime/UnitySubsystemsManifest.json
[Subsystems] 1 'displays' descriptors matched in Library/PackageCache/com.unity.xr.openxr@1.14.3/Runtime/UnitySubsystemsManifest.json
[Subsystems] No descriptors matched for  meshings in Library/PackageCache/com.unity.xr.openxr@1.14.3/Runtime/UnitySubsystemsManifest.json.
[Subsystems] Discovering subsystems at path Q:\QCXR-XR-Wrapper\Packages\LocalPackages\PICO Unity OpenXR Integration SDK-1.3.0
[Subsystems] No descriptors matched for  examples in Packages/LocalPackages/PICO Unity OpenXR Integration SDK-1.3.0/Runtime/UnitySubsystemsManifest.json.
[Subsystems] No descriptors matched for  inputs in Packages/LocalPackages/PICO Unity OpenXR Integration SDK-1.3.0/Runtime/UnitySubsystemsManifest.json.
[Subsystems] No descriptors matched for  displays in Packages/LocalPackages/PICO Unity OpenXR Integration SDK-1.3.0/Runtime/UnitySubsystemsManifest.json.
[Subsystems] 1 'meshings' descriptors matched in Packages/LocalPackages/PICO Unity OpenXR Integration SDK-1.3.0/Runtime/UnitySubsystemsManifest.json
Package Manager log level set to [2]
[Package Manager] Done registering packages in 0.30 seconds
[Licensing::Client] Successfully resolved entitlement details
Targeting platform: Android
Refreshing native plugins compatible for Editor in 3213.96 ms, found 19 plugins.
Preloading 0 native plugins for Editor in 0.00 ms.
Initialize engine version: 2022.3.62f3 (96770f904ca7)
[Subsystems] Discovering subsystems at path C:/Program Files/Unity/Hub/Editor/2022.3.62f3/Editor/Data/Resources/UnitySubsystems
[Subsystems] Discovering subsystems at path Q:/QCXR-XR-Wrapper/Assets
[Subsystems] Discovering subsystems at path Q:\QCXR-XR-Wrapper\Library\PackageCache\com.unity.xr.openxr@1.14.3
[Subsystems] No descriptors matched for  examples in Library/PackageCache/com.unity.xr.openxr@1.14.3/Runtime/UnitySubsystemsManifest.json.
[Subsystems] 1 'inputs' descriptors matched in Library/PackageCache/com.unity.xr.openxr@1.14.3/Runtime/UnitySubsystemsManifest.json
[Subsystems] 1 'displays' descriptors matched in Library/PackageCache/com.unity.xr.openxr@1.14.3/Runtime/UnitySubsystemsManifest.json
[Subsystems] No descriptors matched for  meshings in Library/PackageCache/com.unity.xr.openxr@1.14.3/Runtime/UnitySubsystemsManifest.json.
[Subsystems] Discovering subsystems at path Q:\QCXR-XR-Wrapper\Packages\LocalPackages\PICO Unity OpenXR Integration SDK-1.3.0
[Subsystems] No descriptors matched for  examples in Packages/LocalPackages/PICO Unity OpenXR Integration SDK-1.3.0/Runtime/UnitySubsystemsManifest.json.
[Subsystems] No descriptors matched for  inputs in Packages/LocalPackages/PICO Unity OpenXR Integration SDK-1.3.0/Runtime/UnitySubsystemsManifest.json.
[Subsystems] No descriptors matched for  displays in Packages/LocalPackages/PICO Unity OpenXR Integration SDK-1.3.0/Runtime/UnitySubsystemsManifest.json.
[Subsystems] 1 'meshings' descriptors matched in Packages/LocalPackages/PICO Unity OpenXR Integration SDK-1.3.0/Runtime/UnitySubsystemsManifest.json
GfxDevice: creating device client; threaded=0; jobified=0
Direct3D:
    Version:  Direct3D 11.0 [level 11.1]
    Renderer: AMD Radeon Graphics (ID=0x15bf)
    Vendor:   ATI
    VRAM:     5480 MB
    Driver:   32.0.23027.3001
[Licensing::Client] Successfully resolved entitlement details
Initialize mono
Mono path[0] = 'C:/Program Files/Unity/Hub/Editor/2022.3.62f3/Editor/Data/Managed'
Mono path[1] = 'C:/Program Files/Unity/Hub/Editor/2022.3.62f3/Editor/Data/MonoBleedingEdge/lib/mono/unityjit-win32'
Mono config path = 'C:/Program Files/Unity/Hub/Editor/2022.3.62f3/Editor/Data/MonoBleedingEdge/etc'
Using monoOptions --debugger-agent=transport=dt_socket,embedding=1,server=y,suspend=n,address=127.0.0.1:56972
Using cacheserver namespaces - metadata:defaultmetadata, artifacts:defaultartifacts
Using cacheserver namespaces - metadata:defaultmetadata, artifacts:defaultartifacts
ImportWorker Server TCP listen port: 0
Begin MonoManager ReloadAssembly
Registering precompiled unity dll's ...
Register platform support module: C:/Program Files/Unity/Hub/Editor/2022.3.62f3/Editor/Data/PlaybackEngines/AndroidPlayer/UnityEditor.Android.Extensions.dll
Register platform support module: C:/Program Files/Unity/Hub/Editor/2022.3.62f3/Editor/Data/PlaybackEngines/WindowsStandaloneSupport/UnityEditor.WindowsStandalone.Extensions.dll
Register platform support module: C:/Program Files/Unity/Hub/Editor/2022.3.62f3/Editor/Data/PlaybackEngines/LinuxStandaloneSupport/UnityEditor.LinuxStandalone.Extensions.dll
[Licensing::Client] Successfully resolved entitlement details
Register platform support module: C:/Program Files/Unity/Hub/Editor/2022.3.62f3/Editor/Data/PlaybackEngines/MetroSupport/UnityEditor.UWP.Extensions.dll
Registered in 0.554872 seconds.
- Loaded All Assemblies, in  8.404 seconds
Native extension for UWP target not found
Native extension for LinuxStandalone target not found
Native extension for WindowsStandalone target not found
Native extension for Android target not found
Android Extension - Scanning For ADB Devices 2308 ms
Mono: successfully reloaded assembly
- Finished resetting the current domain, in  2.606 seconds
Domain Reload Profiling: 11009ms
	BeginReloadAssembly (7554ms)
		ExecutionOrderSort (0ms)
		DisableScriptedObjects (0ms)
		BackupInstance (0ms)
		ReleaseScriptingObjects (0ms)
		CreateAndSetChildDomain (2ms)
	RebuildCommonClasses (40ms)
	RebuildNativeTypeToScriptingClass (9ms)
	initialDomainReloadingComplete (611ms)
	LoadAllAssembliesAndSetupDomain (189ms)
		LoadAssemblies (7578ms)
		RebuildTransferFunctionScriptingTraits (0ms)
		AnalyzeDomain (156ms)
			TypeCache.Refresh (155ms)
				TypeCache.ScanAssembly (141ms)
			ScanForSourceGeneratedMonoScriptInfo (1ms)
			ResolveRequiredComponents (1ms)
	FinalizeReload (2607ms)
		ReleaseScriptCaches (0ms)
		RebuildScriptCaches (0ms)
		SetupLoadedEditorAssemblies (2572ms)
			LogAssemblyErrors (0ms)
			InitializePlatformSupportModulesInManaged (2421ms)
			SetLoadedEditorAssemblies (3ms)
			RefreshPlugins (0ms)
			BeforeProcessingInitializeOnLoad (3ms)
			ProcessInitializeOnLoadAttributes (100ms)
			ProcessInitializeOnLoadMethodAttributes (44ms)
			AfterProcessingInitializeOnLoad (0ms)
			EditorAssembliesLoaded (0ms)
		ExecutionOrderSort2 (0ms)
		AwakeInstancesAfterBackupRestoration (0ms)
[Licensing::Client] Successfully resolved entitlement details
[Licensing::Client] Successfully resolved entitlement details
Application.AssetDatabase Initial Refresh Start
Starting: C:\Program Files\Unity\Hub\Editor\2022.3.62f3\Editor\Data\bee_backend.exe --ipc --defer-dag-verification --dagfile="Library/Bee/1300b0aE.dag" --continue-on-failure --profile="Library/Bee/backend1.traceevents" ScriptAssemblies
WorkingDir: Q:/QCXR-XR-Wrapper
DisplayProgressbar: Compiling Scripts
ExitCode: 0 Duration: 0s261ms
*** Tundra build success (0.22 seconds), 0 items updated, 717 evaluated
AssetDatabase: script compilation time: 0.803216s
Begin MonoManager ReloadAssembly
- Loaded All Assemblies, in 14.441 seconds
Refreshing native plugins compatible for Editor in 30.02 ms, found 19 plugins.
Refreshing native plugins compatible for Editor in 28.22 ms, found 19 plugins.
Preloading 0 native plugins for Editor in 0.00 ms.
Start importing Assets/Plugins/Android/Pojlib-release.aar using Guid(55d89ee4baf555941bcffc8ec872188a) Importer(-1,00000000000000000000000000000000) [PhysX] Initialized MultithreadedTaskDispatcher with 16 workers.
 -> (artifact id: '63688811cc0575562c9ef756be7ba287') in 0.060063 seconds
Refreshing native plugins compatible for Editor in 34.12 ms, found 19 plugins.
Native extension for UWP target not found
Native extension for LinuxStandalone target not found
Native extension for WindowsStandalone target not found
Native extension for Android target not found
[Licensing::Client] Successfully resolved entitlement details
DisplayProgressbar: Restoring NuGet Packages
Mono: successfully reloaded assembly
- Finished resetting the current domain, in  0.794 seconds
Domain Reload Profiling: 15230ms
	BeginReloadAssembly (149ms)
		ExecutionOrderSort (0ms)
		DisableScriptedObjects (4ms)
		BackupInstance (0ms)
		ReleaseScriptingObjects (0ms)
		CreateAndSetChildDomain (30ms)
	RebuildCommonClasses (35ms)
	RebuildNativeTypeToScriptingClass (10ms)
	initialDomainReloadingComplete (35ms)
	LoadAllAssembliesAndSetupDomain (14205ms)
		LoadAssemblies (13366ms)
		RebuildTransferFunctionScriptingTraits (0ms)
		AnalyzeDomain (917ms)
			TypeCache.Refresh (890ms)
				TypeCache.ScanAssembly (811ms)
			ScanForSourceGeneratedMonoScriptInfo (19ms)
			ResolveRequiredComponents (6ms)
	FinalizeReload (795ms)
		ReleaseScriptCaches (0ms)
		RebuildScriptCaches (0ms)
		SetupLoadedEditorAssemblies (652ms)
			LogAssemblyErrors (0ms)
			InitializePlatformSupportModulesInManaged (23ms)
			SetLoadedEditorAssemblies (4ms)
			RefreshPlugins (0ms)
			BeforeProcessingInitializeOnLoad (84ms)
			ProcessInitializeOnLoadAttributes (484ms)
			ProcessInitializeOnLoadMethodAttributes (50ms)
			AfterProcessingInitializeOnLoad (6ms)
			EditorAssembliesLoaded (0ms)
		ExecutionOrderSort2 (0ms)
		AwakeInstancesAfterBackupRestoration (6ms)
Refreshing native plugins compatible for Editor in 34.17 ms, found 19 plugins.
Preloading 0 native plugins for Editor in 0.00 ms.
Asset Pipeline Refresh (id=35c82488bc8323a4caf83945081d0df6): Total: 57.027 seconds - Initiated by InitialRefreshV2(ForceSynchronousImport)
	Summary:
		Imports: total=1 (actual=1, local cache=0, cache server=0)
		Asset DB Process Time: managed=44 ms, native=40352 ms
		Asset DB Callback time: managed=231 ms, native=51 ms
		Scripting: domain reloads=1, domain reload time=15495 ms, compile time=805 ms, other=45 ms
		Project Asset Count: scripts=6270, non-scripts=1668
		Asset File Changes: new=0, changed=1, moved=0, deleted=0
		Scan Filter Count: 0
	InvokeBeforeRefreshCallbacks: 1.441ms
	ApplyChangesToAssetFolders: 0.067ms
	Scan: 790.711ms
	OnSourceAssetsModified: 2.044ms
	GetAllGuidsForCategorization: 1.378ms
	CategorizeAssets: 199.906ms
	ImportOutOfDateAssets: 1107.379ms (197.235ms without children)
		ImportManagerImport: 67.181ms (4.867ms without children)
			ImportInProcess: 62.282ms
			UpdateCategorizedAssets: 0.032ms
		CompileScripts: 805.181ms
		ReloadNativeAssets: 0.015ms
		UnloadImportedAssets: 32.893ms
		ReloadImportedAssets: 0.000ms
		EnsureUptoDateAssetsAreRegisteredWithGuidPM: 2.743ms
		InitializingProgressBar: 0.359ms
		PostProcessAllAssetNotificationsAddChangedAssets: 0.001ms
		OnDemandSchedulerStart: 1.771ms
	PostProcessAllAssets: 243.434ms
	Hotreload: 36.413ms
	GatherAllCurrentPrimaryArtifactRevisions: 0.001ms
	UnloadStreamsBegin: 0.459ms
	PersistCurrentRevisions: 0.327ms
	UnloadStreamsEnd: 0.056ms
	GenerateScriptTypeHashes: 3.114ms
	Untracked: 54643.011ms
Application.AssetDatabase Initial Refresh End
Launched and connected shader compiler UnityShaderCompiler.exe after 0.09 seconds
Scanning for USB devices : 4.950ms
Initializing Unity extensions:
[Licensing::Client] Successfully resolved entitlement details
[MODES] ModeService[none].Initialize
[MODES] ModeService[none].LoadModes
[MODES] Loading mode Default (0) for mode-current-id-QuestCraft
[Licensing::Client] Successfully resolved entitlement details
[PhysX] Initialized MultithreadedTaskDispatcher with 16 workers.
ProgressiveSceneManager::Cancel()
Unloading 5 Unused Serialized files (Serialized files now loaded: 0)
Unloading 203 unused Assets / (0.5 MB). Loaded Objects now: 5525.
Memory consumption went from 169.1 MB to 168.5 MB.
Total: 6.126100 ms (FindLiveObjects: 0.472700 ms CreateObjectMapping: 0.141300 ms MarkObjects: 5.040300 ms  DeleteObjects: 0.470800 ms)

Select Oculus Touch Interaction Profile, Meta Quest Touch Pro Interaction Profile, or Meta Quest Touch Plus Interaction Profile to pair with.
UnityEngine.StackTraceUtility:ExtractStackTrace ()
UnityEngine.DebugLogHandler:LogFormat (UnityEngine.LogType,UnityEngine.Object,string,object[])
UnityEngine.Logger:Log (UnityEngine.LogType,object)
UnityEngine.Debug:LogWarning (object)
UnityEditor.XR.OpenXR.OpenXRProjectValidation:LogBuildValidationIssues (UnityEditor.BuildTargetGroup) (at ./Library/PackageCache/com.unity.xr.openxr@1.14.3/Runtime/OpenXRProjectValidation.cs:378)
UnityEditor.XR.OpenXR.OpenXRProjectValidationBuildStep:OnPreprocessBuild (UnityEditor.Build.Reporting.BuildReport) (at ./Library/PackageCache/com.unity.xr.openxr@1.14.3/Editor/OpenXRProjectValidationRulesSetup.cs:223)
UnityEditor.Build.BuildPipelineInterfaces/<>c__DisplayClass16_0:<OnBuildPreProcess>b__1 (UnityEditor.Build.IPreprocessBuildWithReport)
UnityEditor.Build.BuildPipelineInterfaces:InvokeCallbackInterfacesPair<UnityEditor.Build.IPreprocessBuild, UnityEditor.Build.IPreprocessBuildWithReport> (System.Collections.Generic.List`1<UnityEditor.Build.IPreprocessBuild>,System.Action`1<UnityEditor.Build.IPreprocessBuild>,System.Collections.Generic.List`1<UnityEditor.Build.IPreprocessBuildWithReport>,System.Action`1<UnityEditor.Build.IPreprocessBuildWithReport>,bool)
UnityEditor.Build.BuildPipelineInterfaces:OnBuildPreProcess (UnityEditor.Build.Reporting.BuildReport)
UnityEditor.BuildPipeline:BuildPlayerInternal (string[],string,string,UnityEditor.BuildTargetGroup,UnityEditor.BuildTarget,int,UnityEditor.BuildOptions,string[])
UnityEditor.BuildPipeline:BuildPlayer (string[],string,string,UnityEditor.BuildTargetGroup,UnityEditor.BuildTarget,int,UnityEditor.BuildOptions,string[])
UnityEditor.BuildPipeline:BuildPlayer (UnityEditor.BuildPlayerOptions)
QuestCraftCliBuild:BuildAndroid () (at Assets/Editor/QuestCraftCliBuild.cs:86)

(Filename: ./Library/PackageCache/com.unity.xr.openxr@1.14.3/Runtime/OpenXRProjectValidation.cs Line: 378)

Start importing ProjectSettings/ProjectSettings.asset using Guid(00000000000000004000000000000000) Importer(-1,00000000000000000000000000000000) [PhysX] Initialized MultithreadedTaskDispatcher with 16 workers.
 -> (artifact id: '48c46e9a5bff0f8c4a5b953bc2719c9a') in 0.003979 seconds
Start importing Assets/XR/Settings/OpenXR Package Settings.asset using Guid(7b5da002d83fb8f42ac49c354e6f6d31) Importer(-1,00000000000000000000000000000000) [PhysX] Initialized MultithreadedTaskDispatcher with 16 workers.
 -> (artifact id: 'be0db8817271d1f30ed3e39107df147a') in 0.011623 seconds
Refreshing native plugins compatible for Editor in 31.12 ms, found 19 plugins.
Preloading 0 native plugins for Editor in 0.00 ms.
Asset Pipeline Refresh (id=7380d7dcd2f42d2448011c6e84556426): Total: 0.080 seconds - Initiated by StopAssetImportingV2(NoUpdateAssetOptions)
DisplayProgressbar: Checking prerequisites
Android PostProcess task "Checking prerequisites" took 34.2587 ms
DisplayProgressbar: Detect Java Development Kit (JDK)
Android PostProcess task "Detect Java Development Kit (JDK)" took 197.1494 ms
DisplayProgressbar: Detecting Android SDK
AndroidSDKTools:

	root          : C:\Program Files\Unity\Hub\Editor\2022.3.62f3\Editor\Data\PlaybackEngines\AndroidPlayer\SDK
	cmdline-tools : C:\Program Files\Unity\Hub\Editor\2022.3.62f3\Editor\Data\PlaybackEngines\AndroidPlayer\SDK\cmdline-tools\6.0
	platform-tools: C:\Program Files\Unity\Hub\Editor\2022.3.62f3\Editor\Data\PlaybackEngines\AndroidPlayer\SDK\platform-tools
	build-tools   : C:\Program Files\Unity\Hub\Editor\2022.3.62f3\Editor\Data\PlaybackEngines\AndroidPlayer\SDK\build-tools\34.0.0

	adb           : C:\Program Files\Unity\Hub\Editor\2022.3.62f3\Editor\Data\PlaybackEngines\AndroidPlayer\SDK\platform-tools\adb.exe

Android PostProcess task "Detecting Android SDK" took 3156.8138 ms
DisplayProgressbar: Detect Android NDK
Android PostProcess task "Detect Android NDK" took 20.1177 ms
Android PostProcess task "Trying to find a suitable Android device" took 0.8521 ms
DisplayProgressbar: Checking Graphics API compatibility
Android PostProcess task "Checking Graphics API compatibility" took 1.7581 ms
DisplayProgressbar: Check resources
Android PostProcess task "Check resources" took 0.6223 ms
DisplayProgressbar: Check Android Player Settings
Android PostProcess task "Check Android Player Settings" took 0.3666 ms
Starting: C:\Program Files\Unity\Hub\Editor\2022.3.62f3\Editor\Data\bee_backend.exe --ipc --defer-dag-verification --dagfile="Library/Bee/1300b0aESkipCompile.dag" --continue-on-failure --profile="Library/Bee/backend1.traceevents" ScriptAssembliesAndTypeDB
WorkingDir: Q:/QCXR-XR-Wrapper
DisplayProgressbar: Compiling Scripts
ExitCode: 0 Duration: 0s133ms
*** Tundra build success (0.09 seconds), 0 items updated, 3 evaluated
Asset Pipeline Refresh (id=50639f92d8ea2874e97b9405413d1adb): Total: 0.008 seconds - Initiated by RefreshV2(NoUpdateAssetOptions)
[ScriptCompilation] Requested script compilation because: Recompiling scripts for player build.
BuildPlayer: start building target 13
Starting: C:\Program Files\Unity\Hub\Editor\2022.3.62f3\Editor\Data\bee_backend.exe --ipc --defer-dag-verification --dagfile="Library/Bee/1300b0aP.dag" --continue-on-failure --profile="Library/Bee/backend1.traceevents" ScriptAssembliesAndTypeDB
WorkingDir: Q:/QCXR-XR-Wrapper
ExitCode: 0 Duration: 1s970ms
[210/322    0s] CopyFiles Library/Bee/PlayerScriptAssemblies/UnityEngine.UI.pdb
[214/322    0s] CopyFiles Library/Bee/PlayerScriptAssemblies/UnityGifDecoder.pdb
[215/322    0s] CopyFiles Library/Bee/PlayerScriptAssemblies/UnityEngine.UI.dll
[218/322    0s] CopyFiles Library/Bee/PlayerScriptAssemblies/Unity.TextMeshPro.dll
[222/322    0s] CopyFiles Library/Bee/PlayerScriptAssemblies/UnityGifDecoder.dll
[223/322    0s] CopyFiles Library/Bee/PlayerScriptAssemblies/Unity.XR.Management.pdb
[224/322    0s] CopyFiles Library/Bee/PlayerScriptAssemblies/UnityEngine.SpatialTracking.dll
[225/322    0s] CopyFiles Library/Bee/PlayerScriptAssemblies/Unity.Timeline.dll
[226/322    0s] CopyFiles Library/Bee/PlayerScriptAssemblies/Unity.XR.Management.dll
[227/322    0s] CopyFiles Library/Bee/PlayerScriptAssemblies/Unity.TextMeshPro.pdb
[228/322    0s] CopyFiles Library/Bee/PlayerScriptAssemblies/unity.webp.dll
[237/322    0s] CopyFiles Library/Bee/PlayerScriptAssemblies/Unity.Mathematics.pdb
[239/322    0s] CopyFiles Library/Bee/PlayerScriptAssemblies/UnityEngine.XR.LegacyInputHelpers.dll
[240/322    0s] CopyFiles Library/Bee/PlayerScriptAssemblies/Unity.Mathematics.dll
[242/322    0s] CopyFiles Library/Bee/PlayerScriptAssemblies/unity.webp.pdb
[245/322    0s] CopyFiles Library/Bee/PlayerScriptAssemblies/Unity.InputSystem.ForUI.dll
[256/322    0s] CopyFiles Library/Bee/PlayerScriptAssemblies/Unity.XR.OpenXR.dll
[260/322    0s] CopyFiles Library/Bee/PlayerScriptAssemblies/Unity.InputSystem.ForUI.pdb
[261/322    0s] CopyFiles Library/Bee/PlayerScriptAssemblies/Unity.XR.OpenXR.pdb
[270/322    0s] CopyFiles Library/Bee/PlayerScriptAssemblies/UnityEngine.XR.LegacyInputHelpers.pdb
[271/322    0s] CopyFiles Library/Bee/PlayerScriptAssemblies/Unity.InputSystem.dll
[272/322    0s] CopyFiles Library/Bee/PlayerScriptAssemblies/Unity.InputSystem.pdb
[275/322    0s] CopyFiles Library/Bee/PlayerScriptAssemblies/UnityEngine.SpatialTracking.pdb
[283/322    0s] CopyFiles Library/Bee/PlayerScriptAssemblies/Unity.Timeline.pdb
[284/322    0s] CopyFiles Library/Bee/PlayerScriptAssemblies/Unity.XR.OpenXR.Features.MockRuntime.dll
[285/322    0s] CopyFiles Library/Bee/PlayerScriptAssemblies/Unity.XR.OpenXR.Features.RuntimeDebugger.dll
[286/322    0s] CopyFiles Library/Bee/PlayerScriptAssemblies/Unity.XR.OpenXR.Features.ConformanceAutomation.dll
[287/322    0s] CopyFiles Library/Bee/PlayerScriptAssemblies/ControllerSample.dll
[288/322    0s] CopyFiles Library/Bee/PlayerScriptAssemblies/Unity.XR.Interaction.Toolkit.dll
[290/322    0s] CopyFiles Library/Bee/PlayerScriptAssemblies/Unity.XR.OpenXR.Features.MetaQuestSupport.dll
[292/322    0s] CopyFiles Library/Bee/PlayerScriptAssemblies/Unity.VisualScripting.Flow.dll
[293/322    0s] CopyFiles Library/Bee/PlayerScriptAssemblies/Unity.XR.OpenXR.Features.OculusQuestSupport.dll
[294/322    0s] CopyFiles Library/Bee/PlayerScriptAssemblies/Unity.XR.OpenXR.Features.PICOSupport.dll
[295/322    0s] CopyFiles Library/Bee/PlayerScriptAssemblies/Unity.XR.OpenXRPico.dll
[296/322    0s] CopyFiles Library/Bee/PlayerScriptAssemblies/PICO.Platform.dll
[297/322    0s] CopyFiles Library/Bee/PlayerScriptAssemblies/PICO.TobSupport.dll
[298/322    0s] CopyFiles Library/Bee/PlayerScriptAssemblies/PICO.Platform.pdb
[299/322    0s] CopyFiles Library/Bee/PlayerScriptAssemblies/Unity.VisualScripting.State.dll
[300/322    0s] CopyFiles Library/Bee/PlayerScriptAssemblies/Unity.XR.CoreUtils.dll
[301/322    0s] CopyFiles Library/Bee/PlayerScriptAssemblies/Unity.XR.Interaction.Toolkit.Samples.StarterAssets.dll
[302/322    0s] CopyFiles Library/Bee/PlayerScriptAssemblies/PICO.TobSupport.pdb
[303/322    0s] CopyFiles Library/Bee/PlayerScriptAssemblies/Unity.VisualScripting.Core.dll
[304/322    0s] CopyFiles Library/Bee/PlayerScriptAssemblies/Unity.XR.OpenXR.Features.PICOSupport.pdb
[305/322    0s] CopyFiles Library/Bee/PlayerScriptAssemblies/Assembly-CSharp.dll
[306/322    0s] CopyFiles Library/Bee/PlayerScriptAssemblies/Assembly-CSharp.pdb
[307/322    0s] CopyFiles Library/Bee/PlayerScriptAssemblies/Unity.XR.Interaction.Toolkit.Samples.StarterAssets.pdb
[308/322    0s] CopyFiles Library/Bee/PlayerScriptAssemblies/Unity.VisualScripting.State.pdb
[309/322    0s] CopyFiles Library/Bee/PlayerScriptAssemblies/Unity.XR.Interaction.Toolkit.pdb
[310/322    0s] CopyFiles Library/Bee/PlayerScriptAssemblies/Unity.XR.OpenXR.Features.OculusQuestSupport.pdb
[311/322    0s] CopyFiles Library/Bee/PlayerScriptAssemblies/Unity.XR.OpenXR.Features.ConformanceAutomation.pdb
[312/322    0s] CopyFiles Library/Bee/PlayerScriptAssemblies/ControllerSample.pdb
[313/322    0s] CopyFiles Library/Bee/PlayerScriptAssemblies/Unity.XR.OpenXR.Features.MockRuntime.pdb
[314/322    0s] CopyFiles Library/Bee/PlayerScriptAssemblies/Unity.XR.OpenXR.Features.MetaQuestSupport.pdb
[315/322    0s] CopyFiles Library/Bee/PlayerScriptAssemblies/Unity.XR.OpenXR.Features.RuntimeDebugger.pdb
[316/322    0s] CopyFiles Library/Bee/PlayerScriptAssemblies/Unity.VisualScripting.Flow.pdb
[317/322    0s] CopyFiles Library/Bee/PlayerScriptAssemblies/Unity.VisualScripting.Core.pdb
[318/322    0s] CopyFiles Library/Bee/PlayerScriptAssemblies/Unity.XR.CoreUtils.pdb
[319/322    0s] CopyFiles Library/Bee/PlayerScriptAssemblies/Unity.XR.OpenXRPico.pdb
*** Tundra build success (1.94 seconds), 58 items updated, 322 evaluated
Not rebuilding Data files -- no changes
[Licensing::Client] Successfully resolved entitlement details
[Licensing::Client] Successfully resolved entitlement details
Asset Pipeline Refresh (id=0a40befc14ea00d429b0c6a52e89a2cd): Total: 0.048 seconds - Initiated by RefreshV2(NoUpdateAssetOptions)
Warning! Using more than 1 pixel lights on a mobile device may decrease performance severely. You can change the mobile quality settings in 'Project Settings -> Quality Settings'.


Mono dependencies included in the build
Dependency assembly - System.ServiceModel.Security.dll
Dependency assembly - System.IdentityModel.dll
Dependency assembly - System.Threading.Thread.dll
Dependency assembly - System.IO.Compression.dll
Dependency assembly - System.Reflection.Context.dll
Dependency assembly - Microsoft.Win32.Registry.dll
Dependency assembly - System.Reflection.Extensions.dll
Dependency assembly - System.Configuration.dll
Dependency assembly - System.Security.SecureString.dll
Dependency assembly - System.Runtime.Serialization.Json.dll
Dependency assembly - System.Data.Entity.dll
Dependency assembly - System.Web.RegularExpressions.dll
Dependency assembly - System.Console.dll
Dependency assembly - Newtonsoft.Json.dll
Dependency assembly - System.IO.FileSystem.Watcher.dll
Dependency assembly - System.Text.Encoding.CodePages.dll
Dependency assembly - System.Diagnostics.Contracts.dll
Dependency assembly - Unity.Timeline.dll
Dependency assembly - System.Diagnostics.TextWriterTraceListener.dll
Dependency assembly - System.IO.FileSystem.AccessControl.dll
Dependency assembly - System.Net.NameResolution.dll
Dependency assembly - System.DirectoryServices.Protocols.dll
Dependency assembly - System.Linq.Expressions.dll
Dependency assembly - System.Net.NetworkInformation.dll
Dependency assembly - Microsoft.Win32.Primitives.dll
Dependency assembly - System.IO.Pipes.dll
Dependency assembly - System.Xml.ReaderWriter.dll
Dependency assembly - System.Net.Cache.dll
Dependency assembly - System.Runtime.Loader.dll
Dependency assembly - System.Threading.Timer.dll
Dependency assembly - System.Threading.Overlapped.dll
Dependency assembly - PICO.TobSupport.dll
Dependency assembly - System.Globalization.Calendars.dll
Dependency assembly - System.Collections.Specialized.dll
Dependency assembly - System.ServiceModel.NetTcp.dll
Dependency assembly - System.Security.Cryptography.OpenSsl.dll
Dependency assembly - Unity.XR.Interaction.Toolkit.dll
Dependency assembly - Microsoft.CSharp.dll
Dependency assembly - System.Configuration.Install.dll
Dependency assembly - System.Net.WebSockets.Client.dll
Dependency assembly - System.Dynamic.Runtime.dll
Dependency assembly - System.Linq.Parallel.dll
Dependency assembly - System.Memory.dll
Dependency assembly - System.Web.Services.dll
Dependency assembly - System.Linq.dll
Dependency assembly - System.Security.Cryptography.Algorithms.dll
Dependency assembly - Mono.Data.Tds.dll
Dependency assembly - System.Threading.dll
Dependency assembly - Mono.Data.Sqlite.dll
Dependency assembly - System.Data.SqlClient.dll
Dependency assembly - System.Drawing.Primitives.dll
Dependency assembly - System.Net.dll
Dependency assembly - System.Resources.ResourceManager.dll
Dependency assembly - UnityEngine.UI.dll
Dependency assembly - System.Reflection.dll
Dependency assembly - System.Runtime.Serialization.Formatters.dll
Dependency assembly - System.IO.MemoryMappedFiles.dll
Dependency assembly - System.ServiceModel.Web.dll
Dependency assembly - System.Runtime.Numerics.dll
Dependency assembly - System.ServiceProcess.dll
Dependency assembly - System.Web.ApplicationServices.dll
Dependency assembly - System.Net.Requests.dll
Dependency assembly - PICO.Platform.dll
Dependency assembly - System.Net.HttpListener.dll
Dependency assembly - System.Runtime.Serialization.Xml.dll
Dependency assembly - System.Net.Mail.dll
Dependency assembly - Assembly-CSharp.dll
Dependency assembly - System.DirectoryServices.dll
Dependency assembly - unity.webp.dll
Dependency assembly - System.AppContext.dll
Dependency assembly - Unity.VisualScripting.State.dll
Dependency assembly - System.Net.Http.WebRequest.dll
Dependency assembly - System.Buffers.dll
Dependency assembly - System.Resources.Reader.dll
Dependency assembly - System.ComponentModel.Composition.dll
Dependency assembly - System.Diagnostics.Tools.dll
Dependency assembly - System.Core.dll
Dependency assembly - System.Messaging.dll
Dependency assembly - System.ServiceModel.Activation.dll
Dependency assembly - System.Runtime.Serialization.Formatters.Soap.dll
Dependency assembly - System.Threading.AccessControl.dll
Dependency assembly - System.Security.Cryptography.Csp.dll
Dependency assembly - Unity.XR.OpenXR.dll
Dependency assembly - System.Xml.XPath.XmlDocument.dll
Dependency assembly - System.ComponentModel.DataAnnotations.dll
Dependency assembly - System.Security.Cryptography.Cng.dll
Dependency assembly - System.Reflection.Primitives.dll
Dependency assembly - System.Collections.NonGeneric.dll
Dependency assembly - Accessibility.dll
Dependency assembly - System.Net.Ping.dll
Dependency assembly - System.Web.Extensions.dll
Dependency assembly - System.Security.Cryptography.Encryption.dll
Dependency assembly - Unity.TextMeshPro.dll
Dependency assembly - System.ServiceModel.Duplex.dll
Dependency assembly - System.Security.Cryptography.Encryption.ECDsa.dll
Dependency assembly - System.Xaml.dll
Dependency assembly - System.Data.Services.Client.dll
Dependency assembly - System.Linq.Queryable.dll
Dependency assembly - System.ServiceModel.Routing.dll
Dependency assembly - System.IO.UnmanagedMemoryStream.dll
Dependency assembly - System.Text.Encoding.Extensions.dll
Dependency assembly - System.Security.AccessControl.dll
Dependency assembly - System.Windows.Forms.DataVisualization.dll
Dependency assembly - System.Net.WebHeaderCollection.dll
Dependency assembly - ControllerSample.dll
Dependency assembly - System.Security.Principal.dll
Dependency assembly - System.Numerics.dll
Dependency assembly - System.Reflection.Emit.ILGeneration.dll
Dependency assembly - Unity.InputSystem.ForUI.dll
Dependency assembly - System.Net.WebSockets.dll
Dependency assembly - Unity.XR.OpenXR.Features.OculusQuestSupport.dll
Dependency assembly - System.Runtime.Extensions.dll
Dependency assembly - System.Runtime.CompilerServices.VisualC.dll
Dependency assembly - System.Security.Cryptography.Encoding.dll
Dependency assembly - System.ServiceModel.Discovery.dll
Dependency assembly - System.Management.dll
Dependency assembly - System.Transactions.dll
Dependency assembly - System.Security.Cryptography.ProtectedData.dll
Dependency assembly - System.Resources.Writer.dll
Dependency assembly - System.Xml.XDocument.dll
Dependency assembly - Microsoft.Win32.Registry.AccessControl.dll
Dependency assembly - System.Drawing.dll
Dependency assembly - Unity.VisualScripting.Flow.dll
Dependency assembly - System.ServiceModel.Primitives.dll
Dependency assembly - System.ValueTuple.dll
Dependency assembly - Unity.XR.OpenXR.Features.RuntimeDebugger.dll
Dependency assembly - System.Runtime.Serialization.dll
Dependency assembly - System.Data.DataSetExtensions.dll
Dependency assembly - System.Runtime.Serialization.Primitives.dll
Dependency assembly - System.Security.Cryptography.Hashing.dll
Dependency assembly - System.EnterpriseServices.dll
Dependency assembly - System.Runtime.InteropServices.WindowsRuntime.dll
Dependency assembly - mscorlib.dll
Dependency assembly - System.Resources.ReaderWriter.dll
Dependency assembly - System.Diagnostics.TraceSource.dll
Dependency assembly - System.Runtime.Remoting.dll
Dependency assembly - System.Data.dll
Dependency assembly - System.Net.Sockets.dll
Dependency assembly - System.ComponentModel.dll
Dependency assembly - System.Data.Services.dll
Dependency assembly - Unity.XR.CoreUtils.dll
Dependency assembly - System.Collections.Concurrent.dll
Dependency assembly - System.Diagnostics.Process.dll
Dependency assembly - UnityEngine.SpatialTracking.dll
Dependency assembly - Unity.XR.Interaction.Toolkit.Samples.StarterAssets.dll
Dependency assembly - System.Web.DynamicData.dll
Dependency assembly - System.Xml.dll
Dependency assembly - System.Runtime.InteropServices.RuntimeInformation.dll
Dependency assembly - Unity.XR.Management.dll
Dependency assembly - System.Threading.Tasks.dll
Dependency assembly - System.IO.FileSystem.Primitives.dll
Dependency assembly - Unity.VisualScripting.Core.dll
Dependency assembly - System.Runtime.Handles.dll
Dependency assembly - System.Security.Cryptography.X509Certificates.dll
Dependency assembly - netstandard.dll
Dependency assembly - System.IO.Compression.FileSystem.dll
Dependency assembly - Unity.XR.OpenXR.Features.MockRuntime.dll
Dependency assembly - System.Security.Principal.Windows.dll
Dependency assembly - UnityGifDecoder.dll
Dependency assembly - System.Reflection.DispatchProxy.dll
Dependency assembly - System.Xml.Xsl.Primitives.dll
Dependency assembly - System.Security.Cryptography.Encryption.ECDiffieHellman.dll
Dependency assembly - System.Text.Encoding.dll
Dependency assembly - System.Net.Primitives.dll
Dependency assembly - System.ServiceModel.Internals.dll
Dependency assembly - System.Diagnostics.StackTrace.dll
Dependency assembly - System.Web.Extensions.Design.dll
Dependency assembly - System.IO.IsolatedStorage.dll
Dependency assembly - System.Diagnostics.TraceEvent.dll
Dependency assembly - System.Threading.Tasks.Extensions.dll
Dependency assembly - System.Xml.XPath.dll
Dependency assembly - System.IO.dll
Dependency assembly - System.Security.Cryptography.Encryption.Aes.dll
Dependency assembly - System.Diagnostics.Debug.dll
Dependency assembly - System.Net.Utilities.dll
Dependency assembly - System.Runtime.dll
Dependency assembly - System.ObjectModel.dll
Dependency assembly - System.Security.Cryptography.RandomNumberGenerator.dll
Dependency assembly - System.Data.Linq.dll
Dependency assembly - System.Runtime.Caching.dll
Dependency assembly - System.Diagnostics.Tracing.dll
Dependency assembly - System.Runtime.InteropServices.dll
Dependency assembly - System.Security.Claims.dll
Dependency assembly - System.Design.dll
Dependency assembly - System.Runtime.DurableInstancing.dll
Dependency assembly - System.Numerics.Vectors.dll
Dependency assembly - System.Security.dll
Dependency assembly - System.ComponentModel.TypeConverter.dll
Dependency assembly - Unity.XR.OpenXR.Features.MetaQuestSupport.dll
Dependency assembly - System.Security.Cryptography.Primitives.dll
Dependency assembly - System.Net.Http.dll
Dependency assembly - System.ServiceModel.Http.dll
Dependency assembly - System.Windows.dll
Dependency assembly - System.ComponentModel.Primitives.dll
Dependency assembly - Unity.Mathematics.dll
Dependency assembly - System.Threading.Tasks.Parallel.dll
Dependency assembly - System.IdentityModel.Selectors.dll
Dependency assembly - System.Runtime.CompilerServices.Unsafe.dll
Dependency assembly - UnityEngine.XR.LegacyInputHelpers.dll
Dependency assembly - System.Xml.XmlDocument.dll
Dependency assembly - Unity.XR.OpenXR.Features.ConformanceAutomation.dll
Dependency assembly - Unity.XR.OpenXR.Features.PICOSupport.dll
Dependency assembly - Unity.XR.OpenXRPico.dll
Dependency assembly - System.Security.Cryptography.Pkcs.dll
Dependency assembly - System.IO.FileSystem.DriveInfo.dll
Dependency assembly - System.Diagnostics.FileVersionInfo.dll
Dependency assembly - System.ServiceModel.dll
Dependency assembly - System.Reflection.Emit.dll
Dependency assembly - System.Drawing.Design.dll
Dependency assembly - System.Windows.Forms.dll
Dependency assembly - System.Reflection.Emit.Lightweight.dll
Dependency assembly - System.Xml.Linq.dll
Dependency assembly - System.Security.Cryptography.DeriveBytes.dll
Dependency assembly - System.Text.RegularExpressions.dll
Dependency assembly - System.Web.dll
Dependency assembly - System.IO.Compression.ZipFile.dll
Dependency assembly - System.Globalization.Extensions.dll
Dependency assembly - System.dll
Dependency assembly - System.Xml.Serialization.dll
Dependency assembly - System.Globalization.dll
Dependency assembly - System.ComponentModel.Annotations.dll
Dependency assembly - System.Xml.XPath.XDocument.dll
Dependency assembly - System.Net.Security.dll
Dependency assembly - System.Net.ServicePoint.dll
Dependency assembly - System.Threading.ThreadPool.dll
Dependency assembly - System.IO.FileSystem.dll
Dependency assembly - System.ServiceProcess.ServiceController.dll
Dependency assembly - System.Reflection.TypeExtensions.dll
Dependency assembly - System.Json.dll
Dependency assembly - Mono.Security.dll
Dependency assembly - System.Data.Common.dll
Dependency assembly - System.Security.Cryptography.RSA.dll
Dependency assembly - System.Collections.dll
Dependency assembly - Unity.VisualScripting.Antlr3.Runtime.dll
Dependency assembly - System.Xml.XmlSerializer.dll
Dependency assembly - Unity.InputSystem.dll
Dependency assembly - System.Data.OracleClient.dll
Dependency assembly - System.Net.AuthenticationManager.dll
Dependency assembly - System.ComponentModel.EventBasedAsync.dll
Dependency assembly - System.Security.Cryptography.Hashing.Algorithms.dll

Compressed texture export202201252311597020 is used as icon. This might compromise visual quality of the final image. Uncompressed format might be considered as better import option.
UnityEngine.StackTraceUtility:ExtractStackTrace ()
UnityEditor.BuildPipeline:BuildPlayerInternal (string[],string,string,UnityEditor.BuildTargetGroup,UnityEditor.BuildTarget,int,UnityEditor.BuildOptions,string[])
UnityEditor.BuildPipeline:BuildPlayer (string[],string,string,UnityEditor.BuildTargetGroup,UnityEditor.BuildTarget,int,UnityEditor.BuildOptions,string[])
UnityEditor.BuildPipeline:BuildPlayer (UnityEditor.BuildPlayerOptions)
QuestCraftCliBuild:BuildAndroid () (at Assets/Editor/QuestCraftCliBuild.cs:86)

[Assets/Editor/QuestCraftCliBuild.cs line 86]

Compressed texture export202201252311597020 is used as icon. This might compromise visual quality of the final image. Uncompressed format might be considered as better import option.
UnityEngine.StackTraceUtility:ExtractStackTrace ()
UnityEditor.BuildPipeline:BuildPlayerInternal (string[],string,string,UnityEditor.BuildTargetGroup,UnityEditor.BuildTarget,int,UnityEditor.BuildOptions,string[])
UnityEditor.BuildPipeline:BuildPlayer (string[],string,string,UnityEditor.BuildTargetGroup,UnityEditor.BuildTarget,int,UnityEditor.BuildOptions,string[])
UnityEditor.BuildPipeline:BuildPlayer (UnityEditor.BuildPlayerOptions)
QuestCraftCliBuild:BuildAndroid () (at Assets/Editor/QuestCraftCliBuild.cs:86)

[Assets/Editor/QuestCraftCliBuild.cs line 86]

Compressed texture export202201252311597020 is used as icon. This might compromise visual quality of the final image. Uncompressed format might be considered as better import option.
UnityEngine.StackTraceUtility:ExtractStackTrace ()
UnityEditor.BuildPipeline:BuildPlayerInternal (string[],string,string,UnityEditor.BuildTargetGroup,UnityEditor.BuildTarget,int,UnityEditor.BuildOptions,string[])
UnityEditor.BuildPipeline:BuildPlayer (string[],string,string,UnityEditor.BuildTargetGroup,UnityEditor.BuildTarget,int,UnityEditor.BuildOptions,string[])
UnityEditor.BuildPipeline:BuildPlayer (UnityEditor.BuildPlayerOptions)
QuestCraftCliBuild:BuildAndroid () (at Assets/Editor/QuestCraftCliBuild.cs:86)

[Assets/Editor/QuestCraftCliBuild.cs line 86]

Compressed texture export202201252311597020 is used as icon. This might compromise visual quality of the final image. Uncompressed format might be considered as better import option.
UnityEngine.StackTraceUtility:ExtractStackTrace ()
UnityEditor.BuildPipeline:BuildPlayerInternal (string[],string,string,UnityEditor.BuildTargetGroup,UnityEditor.BuildTarget,int,UnityEditor.BuildOptions,string[])
UnityEditor.BuildPipeline:BuildPlayer (string[],string,string,UnityEditor.BuildTargetGroup,UnityEditor.BuildTarget,int,UnityEditor.BuildOptions,string[])
UnityEditor.BuildPipeline:BuildPlayer (UnityEditor.BuildPlayerOptions)
QuestCraftCliBuild:BuildAndroid () (at Assets/Editor/QuestCraftCliBuild.cs:86)

[Assets/Editor/QuestCraftCliBuild.cs line 86]

Compressed texture export202201252311597020 is used as icon. This might compromise visual quality of the final image. Uncompressed format might be considered as better import option.
UnityEngine.StackTraceUtility:ExtractStackTrace ()
UnityEditor.BuildPipeline:BuildPlayerInternal (string[],string,string,UnityEditor.BuildTargetGroup,UnityEditor.BuildTarget,int,UnityEditor.BuildOptions,string[])
UnityEditor.BuildPipeline:BuildPlayer (string[],string,string,UnityEditor.BuildTargetGroup,UnityEditor.BuildTarget,int,UnityEditor.BuildOptions,string[])
UnityEditor.BuildPipeline:BuildPlayer (UnityEditor.BuildPlayerOptions)
QuestCraftCliBuild:BuildAndroid () (at Assets/Editor/QuestCraftCliBuild.cs:86)

[Assets/Editor/QuestCraftCliBuild.cs line 86]

Compressed texture export202201252311597020 is used as icon. This might compromise visual quality of the final image. Uncompressed format might be considered as better import option.
UnityEngine.StackTraceUtility:ExtractStackTrace ()
UnityEditor.BuildPipeline:BuildPlayerInternal (string[],string,string,UnityEditor.BuildTargetGroup,UnityEditor.BuildTarget,int,UnityEditor.BuildOptions,string[])
UnityEditor.BuildPipeline:BuildPlayer (string[],string,string,UnityEditor.BuildTargetGroup,UnityEditor.BuildTarget,int,UnityEditor.BuildOptions,string[])
UnityEditor.BuildPipeline:BuildPlayer (UnityEditor.BuildPlayerOptions)
QuestCraftCliBuild:BuildAndroid () (at Assets/Editor/QuestCraftCliBuild.cs:86)

[Assets/Editor/QuestCraftCliBuild.cs line 86]

Compressed texture export202201252311597020 is used as icon. This might compromise visual quality of the final image. Uncompressed format might be considered as better import option.
UnityEngine.StackTraceUtility:ExtractStackTrace ()
UnityEditor.BuildPipeline:BuildPlayerInternal (string[],string,string,UnityEditor.BuildTargetGroup,UnityEditor.BuildTarget,int,UnityEditor.BuildOptions,string[])
UnityEditor.BuildPipeline:BuildPlayer (string[],string,string,UnityEditor.BuildTargetGroup,UnityEditor.BuildTarget,int,UnityEditor.BuildOptions,string[])
UnityEditor.BuildPipeline:BuildPlayer (UnityEditor.BuildPlayerOptions)
QuestCraftCliBuild:BuildAndroid () (at Assets/Editor/QuestCraftCliBuild.cs:86)

[Assets/Editor/QuestCraftCliBuild.cs line 86]

Compressed texture export202201252311597020 is used as icon. This might compromise visual quality of the final image. Uncompressed format might be considered as better import option.
UnityEngine.StackTraceUtility:ExtractStackTrace ()
UnityEditor.BuildPipeline:BuildPlayerInternal (string[],string,string,UnityEditor.BuildTargetGroup,UnityEditor.BuildTarget,int,UnityEditor.BuildOptions,string[])
UnityEditor.BuildPipeline:BuildPlayer (string[],string,string,UnityEditor.BuildTargetGroup,UnityEditor.BuildTarget,int,UnityEditor.BuildOptions,string[])
UnityEditor.BuildPipeline:BuildPlayer (UnityEditor.BuildPlayerOptions)
QuestCraftCliBuild:BuildAndroid () (at Assets/Editor/QuestCraftCliBuild.cs:86)

[Assets/Editor/QuestCraftCliBuild.cs line 86]

Compressed texture export202201252311597020 is used as icon. This might compromise visual quality of the final image. Uncompressed format might be considered as better import option.
UnityEngine.StackTraceUtility:ExtractStackTrace ()
UnityEditor.BuildPipeline:BuildPlayerInternal (string[],string,string,UnityEditor.BuildTargetGroup,UnityEditor.BuildTarget,int,UnityEditor.BuildOptions,string[])
UnityEditor.BuildPipeline:BuildPlayer (string[],string,string,UnityEditor.BuildTargetGroup,UnityEditor.BuildTarget,int,UnityEditor.BuildOptions,string[])
UnityEditor.BuildPipeline:BuildPlayer (UnityEditor.BuildPlayerOptions)
QuestCraftCliBuild:BuildAndroid () (at Assets/Editor/QuestCraftCliBuild.cs:86)

[Assets/Editor/QuestCraftCliBuild.cs line 86]

Compressed texture export202201252311597020 is used as icon. This might compromise visual quality of the final image. Uncompressed format might be considered as better import option.
UnityEngine.StackTraceUtility:ExtractStackTrace ()
UnityEditor.BuildPipeline:BuildPlayerInternal (string[],string,string,UnityEditor.BuildTargetGroup,UnityEditor.BuildTarget,int,UnityEditor.BuildOptions,string[])
UnityEditor.BuildPipeline:BuildPlayer (string[],string,string,UnityEditor.BuildTargetGroup,UnityEditor.BuildTarget,int,UnityEditor.BuildOptions,string[])
UnityEditor.BuildPipeline:BuildPlayer (UnityEditor.BuildPlayerOptions)
QuestCraftCliBuild:BuildAndroid () (at Assets/Editor/QuestCraftCliBuild.cs:86)

[Assets/Editor/QuestCraftCliBuild.cs line 86]

Compressed texture export202201252311597020 is used as icon. This might compromise visual quality of the final image. Uncompressed format might be considered as better import option.
UnityEngine.StackTraceUtility:ExtractStackTrace ()
UnityEditor.BuildPipeline:BuildPlayerInternal (string[],string,string,UnityEditor.BuildTargetGroup,UnityEditor.BuildTarget,int,UnityEditor.BuildOptions,string[])
UnityEditor.BuildPipeline:BuildPlayer (string[],string,string,UnityEditor.BuildTargetGroup,UnityEditor.BuildTarget,int,UnityEditor.BuildOptions,string[])
UnityEditor.BuildPipeline:BuildPlayer (UnityEditor.BuildPlayerOptions)
QuestCraftCliBuild:BuildAndroid () (at Assets/Editor/QuestCraftCliBuild.cs:86)

[Assets/Editor/QuestCraftCliBuild.cs line 86]

Compressed texture export202201252311597020 is used as icon. This might compromise visual quality of the final image. Uncompressed format might be considered as better import option.
UnityEngine.StackTraceUtility:ExtractStackTrace ()
UnityEditor.BuildPipeline:BuildPlayerInternal (string[],string,string,UnityEditor.BuildTargetGroup,UnityEditor.BuildTarget,int,UnityEditor.BuildOptions,string[])
UnityEditor.BuildPipeline:BuildPlayer (string[],string,string,UnityEditor.BuildTargetGroup,UnityEditor.BuildTarget,int,UnityEditor.BuildOptions,string[])
UnityEditor.BuildPipeline:BuildPlayer (UnityEditor.BuildPlayerOptions)
QuestCraftCliBuild:BuildAndroid () (at Assets/Editor/QuestCraftCliBuild.cs:86)

[Assets/Editor/QuestCraftCliBuild.cs line 86]

Compressed texture export202201252311597020 is used as icon. This might compromise visual quality of the final image. Uncompressed format might be considered as better import option.
UnityEngine.StackTraceUtility:ExtractStackTrace ()
UnityEditor.BuildPipeline:BuildPlayerInternal (string[],string,string,UnityEditor.BuildTargetGroup,UnityEditor.BuildTarget,int,UnityEditor.BuildOptions,string[])
UnityEditor.BuildPipeline:BuildPlayer (string[],string,string,UnityEditor.BuildTargetGroup,UnityEditor.BuildTarget,int,UnityEditor.BuildOptions,string[])
UnityEditor.BuildPipeline:BuildPlayer (UnityEditor.BuildPlayerOptions)
QuestCraftCliBuild:BuildAndroid () (at Assets/Editor/QuestCraftCliBuild.cs:86)

[Assets/Editor/QuestCraftCliBuild.cs line 86]

Compressed texture export202201252311597020 is used as icon. This might compromise visual quality of the final image. Uncompressed format might be considered as better import option.
UnityEngine.StackTraceUtility:ExtractStackTrace ()
UnityEditor.BuildPipeline:BuildPlayerInternal (string[],string,string,UnityEditor.BuildTargetGroup,UnityEditor.BuildTarget,int,UnityEditor.BuildOptions,string[])
UnityEditor.BuildPipeline:BuildPlayer (string[],string,string,UnityEditor.BuildTargetGroup,UnityEditor.BuildTarget,int,UnityEditor.BuildOptions,string[])
UnityEditor.BuildPipeline:BuildPlayer (UnityEditor.BuildPlayerOptions)
QuestCraftCliBuild:BuildAndroid () (at Assets/Editor/QuestCraftCliBuild.cs:86)

[Assets/Editor/QuestCraftCliBuild.cs line 86]

Compressed texture export202201252311597020 is used as icon. This might compromise visual quality of the final image. Uncompressed format might be considered as better import option.
UnityEngine.StackTraceUtility:ExtractStackTrace ()
UnityEditor.BuildPipeline:BuildPlayerInternal (string[],string,string,UnityEditor.BuildTargetGroup,UnityEditor.BuildTarget,int,UnityEditor.BuildOptions,string[])
UnityEditor.BuildPipeline:BuildPlayer (string[],string,string,UnityEditor.BuildTargetGroup,UnityEditor.BuildTarget,int,UnityEditor.BuildOptions,string[])
UnityEditor.BuildPipeline:BuildPlayer (UnityEditor.BuildPlayerOptions)
QuestCraftCliBuild:BuildAndroid () (at Assets/Editor/QuestCraftCliBuild.cs:86)

[Assets/Editor/QuestCraftCliBuild.cs line 86]

Compressed texture export202201252311597020 is used as icon. This might compromise visual quality of the final image. Uncompressed format might be considered as better import option.
UnityEngine.StackTraceUtility:ExtractStackTrace ()
UnityEditor.BuildPipeline:BuildPlayerInternal (string[],string,string,UnityEditor.BuildTargetGroup,UnityEditor.BuildTarget,int,UnityEditor.BuildOptions,string[])
UnityEditor.BuildPipeline:BuildPlayer (string[],string,string,UnityEditor.BuildTargetGroup,UnityEditor.BuildTarget,int,UnityEditor.BuildOptions,string[])
UnityEditor.BuildPipeline:BuildPlayer (UnityEditor.BuildPlayerOptions)
QuestCraftCliBuild:BuildAndroid () (at Assets/Editor/QuestCraftCliBuild.cs:86)

[Assets/Editor/QuestCraftCliBuild.cs line 86]

Compressed texture export202201252311597020 is used as icon. This might compromise visual quality of the final image. Uncompressed format might be considered as better import option.
UnityEngine.StackTraceUtility:ExtractStackTrace ()
UnityEditor.BuildPipeline:BuildPlayerInternal (string[],string,string,UnityEditor.BuildTargetGroup,UnityEditor.BuildTarget,int,UnityEditor.BuildOptions,string[])
UnityEditor.BuildPipeline:BuildPlayer (string[],string,string,UnityEditor.BuildTargetGroup,UnityEditor.BuildTarget,int,UnityEditor.BuildOptions,string[])
UnityEditor.BuildPipeline:BuildPlayer (UnityEditor.BuildPlayerOptions)
QuestCraftCliBuild:BuildAndroid () (at Assets/Editor/QuestCraftCliBuild.cs:86)

[Assets/Editor/QuestCraftCliBuild.cs line 86]

Compressed texture export202201252311597020 is used as icon. This might compromise visual quality of the final image. Uncompressed format might be considered as better import option.
UnityEngine.StackTraceUtility:ExtractStackTrace ()
UnityEditor.BuildPipeline:BuildPlayerInternal (string[],string,string,UnityEditor.BuildTargetGroup,UnityEditor.BuildTarget,int,UnityEditor.BuildOptions,string[])
UnityEditor.BuildPipeline:BuildPlayer (string[],string,string,UnityEditor.BuildTargetGroup,UnityEditor.BuildTarget,int,UnityEditor.BuildOptions,string[])
UnityEditor.BuildPipeline:BuildPlayer (UnityEditor.BuildPlayerOptions)
QuestCraftCliBuild:BuildAndroid () (at Assets/Editor/QuestCraftCliBuild.cs:86)

[Assets/Editor/QuestCraftCliBuild.cs line 86]

DisplayProgressbar: Initializing
Android PostProcess task "Initializing" took 0.5175 ms
DisplayProgressbar: Check gradle project collisions
Android PostProcess task "Check gradle project collisions" took 0.2682 ms
DisplayProgressbar: Preparing banner
Android PostProcess task "Preparing banner" took 0.4068 ms
Plugin 'Packages/com.netpyoung.webp/Plugins/Android/libs/arm64-v8a/libwebpmux.so' is not 16KB-aligned. This may cause issues on ARM64 devices running Android 15+.
More info: <a href="https://developer.android.com/guide/practices/page-sizes">https://developer.android.com/guide/practices/page-sizes</a>.
UnityEngine.StackTraceUtility:ExtractStackTrace ()
UnityEngine.DebugLogHandler:LogFormat (UnityEngine.LogType,UnityEngine.Object,string,object[])
UnityEngine.Logger:Log (UnityEngine.LogType,object)
UnityEngine.Debug:LogWarning (object)
UnityEditor.Android.AndroidBuildPostprocessor:CollectPlugin (string,Unity.Android.Types.AndroidArchitecture,System.Collections.Generic.Dictionary`2<string, UnityEditor.Android.AndroidBuildPostprocessor/AndroidSourcePlugin>,bool) (at /home/bokken/build/output/unity/unity/PlatformDependent/AndroidPlayer/Editor/Managed/ExtensionModule.cs:407)
UnityEditor.Android.AndroidBuildPostprocessor:PluginsDataFor (UnityEditor.Modules.BuildPostProcessArgs) (at /home/bokken/build/output/unity/unity/PlatformDependent/AndroidPlayer/Editor/Managed/ExtensionModule.cs:470)
UnityEditor.Modules.BeeBuildPostprocessor/<GetDataForBuildProgramFor>d__49:MoveNext ()
UnityEditor.Android.AndroidBuildPostprocessor/<GetDataForBuildProgramFor>d__29:MoveNext () (at /home/bokken/build/output/unity/unity/PlatformDependent/AndroidPlayer/Editor/Managed/ExtensionModule.cs:730)
System.Linq.Enumerable/WhereEnumerableIterator`1<object>:MoveNext ()
Bee.BeeDriver.BeeDriver:WriteDataForBuildProgram (Bee.BeeDriver.InternalState,System.Threading.Tasks.TaskCompletionSource`1<int>)
Bee.BeeDriver.BeeDriver/<>c__DisplayClass0_0:<BuildAsync>g__WriteData|0 ()
Bee.BeeDriver.BeeDriver:BuildAsync (Bee.BeeDriver.BuildRequest,System.Threading.CancellationToken)
UnityEditor.Modules.BeeBuildPostprocessor:PostProcess (UnityEditor.Modules.BuildPostProcessArgs)
UnityEditor.Modules.DefaultBuildPostprocessor:PostProcess (UnityEditor.Modules.BuildPostProcessArgs,UnityEditor.BuildProperties&)
UnityEditor.Android.AndroidBuildPostprocessor:PostProcess (UnityEditor.Modules.BuildPostProcessArgs,UnityEditor.BuildProperties&) (at /home/bokken/build/output/unity/unity/PlatformDependent/AndroidPlayer/Editor/Managed/ExtensionModule.cs:228)
UnityEditor.PostprocessBuildPlayer:Postprocess (UnityEditor.BuildTargetGroup,UnityEditor.BuildTarget,int,string,string,string,int,int,UnityEditor.BuildOptions,UnityEditor.RuntimeClassRegistry,UnityEditor.Build.Reporting.BuildReport)
UnityEditor.BuildPipeline:BuildPlayerInternal (string[],string,string,UnityEditor.BuildTargetGroup,UnityEditor.BuildTarget,int,UnityEditor.BuildOptions,string[])
UnityEditor.BuildPipeline:BuildPlayer (string[],string,string,UnityEditor.BuildTargetGroup,UnityEditor.BuildTarget,int,UnityEditor.BuildOptions,string[])
UnityEditor.BuildPipeline:BuildPlayer (UnityEditor.BuildPlayerOptions)
QuestCraftCliBuild:BuildAndroid () (at Assets/Editor/QuestCraftCliBuild.cs:86)

(Filename: /home/bokken/build/output/unity/unity/PlatformDependent/AndroidPlayer/Editor/Managed/ExtensionModule.cs Line: 407)

Plugin 'Packages/com.netpyoung.webp/Plugins/Android/libs/arm64-v8a/libwebpdemux.so' is not 16KB-aligned. This may cause issues on ARM64 devices running Android 15+.
More info: <a href="https://developer.android.com/guide/practices/page-sizes">https://developer.android.com/guide/practices/page-sizes</a>.
UnityEngine.StackTraceUtility:ExtractStackTrace ()
UnityEngine.DebugLogHandler:LogFormat (UnityEngine.LogType,UnityEngine.Object,string,object[])
UnityEngine.Logger:Log (UnityEngine.LogType,object)
UnityEngine.Debug:LogWarning (object)
UnityEditor.Android.AndroidBuildPostprocessor:CollectPlugin (string,Unity.Android.Types.AndroidArchitecture,System.Collections.Generic.Dictionary`2<string, UnityEditor.Android.AndroidBuildPostprocessor/AndroidSourcePlugin>,bool) (at /home/bokken/build/output/unity/unity/PlatformDependent/AndroidPlayer/Editor/Managed/ExtensionModule.cs:407)
UnityEditor.Android.AndroidBuildPostprocessor:PluginsDataFor (UnityEditor.Modules.BuildPostProcessArgs) (at /home/bokken/build/output/unity/unity/PlatformDependent/AndroidPlayer/Editor/Managed/ExtensionModule.cs:470)
UnityEditor.Modules.BeeBuildPostprocessor/<GetDataForBuildProgramFor>d__49:MoveNext ()
UnityEditor.Android.AndroidBuildPostprocessor/<GetDataForBuildProgramFor>d__29:MoveNext () (at /home/bokken/build/output/unity/unity/PlatformDependent/AndroidPlayer/Editor/Managed/ExtensionModule.cs:730)
System.Linq.Enumerable/WhereEnumerableIterator`1<object>:MoveNext ()
Bee.BeeDriver.BeeDriver:WriteDataForBuildProgram (Bee.BeeDriver.InternalState,System.Threading.Tasks.TaskCompletionSource`1<int>)
Bee.BeeDriver.BeeDriver/<>c__DisplayClass0_0:<BuildAsync>g__WriteData|0 ()
Bee.BeeDriver.BeeDriver:BuildAsync (Bee.BeeDriver.BuildRequest,System.Threading.CancellationToken)
UnityEditor.Modules.BeeBuildPostprocessor:PostProcess (UnityEditor.Modules.BuildPostProcessArgs)
UnityEditor.Modules.DefaultBuildPostprocessor:PostProcess (UnityEditor.Modules.BuildPostProcessArgs,UnityEditor.BuildProperties&)
UnityEditor.Android.AndroidBuildPostprocessor:PostProcess (UnityEditor.Modules.BuildPostProcessArgs,UnityEditor.BuildProperties&) (at /home/bokken/build/output/unity/unity/PlatformDependent/AndroidPlayer/Editor/Managed/ExtensionModule.cs:228)
UnityEditor.PostprocessBuildPlayer:Postprocess (UnityEditor.BuildTargetGroup,UnityEditor.BuildTarget,int,string,string,string,int,int,UnityEditor.BuildOptions,UnityEditor.RuntimeClassRegistry,UnityEditor.Build.Reporting.BuildReport)
UnityEditor.BuildPipeline:BuildPlayerInternal (string[],string,string,UnityEditor.BuildTargetGroup,UnityEditor.BuildTarget,int,UnityEditor.BuildOptions,string[])
UnityEditor.BuildPipeline:BuildPlayer (string[],string,string,UnityEditor.BuildTargetGroup,UnityEditor.BuildTarget,int,UnityEditor.BuildOptions,string[])
UnityEditor.BuildPipeline:BuildPlayer (UnityEditor.BuildPlayerOptions)
QuestCraftCliBuild:BuildAndroid () (at Assets/Editor/QuestCraftCliBuild.cs:86)

(Filename: /home/bokken/build/output/unity/unity/PlatformDependent/AndroidPlayer/Editor/Managed/ExtensionModule.cs Line: 407)

Plugin 'Packages/com.unity.xr.openxr/Runtime/android/arm64/libUnityOpenXR.so' is not 16KB-aligned. This may cause issues on ARM64 devices running Android 15+.
More info: <a href="https://developer.android.com/guide/practices/page-sizes">https://developer.android.com/guide/practices/page-sizes</a>.
UnityEngine.StackTraceUtility:ExtractStackTrace ()
UnityEngine.DebugLogHandler:LogFormat (UnityEngine.LogType,UnityEngine.Object,string,object[])
UnityEngine.Logger:Log (UnityEngine.LogType,object)
UnityEngine.Debug:LogWarning (object)
UnityEditor.Android.AndroidBuildPostprocessor:CollectPlugin (string,Unity.Android.Types.AndroidArchitecture,System.Collections.Generic.Dictionary`2<string, UnityEditor.Android.AndroidBuildPostprocessor/AndroidSourcePlugin>,bool) (at /home/bokken/build/output/unity/unity/PlatformDependent/AndroidPlayer/Editor/Managed/ExtensionModule.cs:407)
UnityEditor.Android.AndroidBuildPostprocessor:PluginsDataFor (UnityEditor.Modules.BuildPostProcessArgs) (at /home/bokken/build/output/unity/unity/PlatformDependent/AndroidPlayer/Editor/Managed/ExtensionModule.cs:470)
UnityEditor.Modules.BeeBuildPostprocessor/<GetDataForBuildProgramFor>d__49:MoveNext ()
UnityEditor.Android.AndroidBuildPostprocessor/<GetDataForBuildProgramFor>d__29:MoveNext () (at /home/bokken/build/output/unity/unity/PlatformDependent/AndroidPlayer/Editor/Managed/ExtensionModule.cs:730)
System.Linq.Enumerable/WhereEnumerableIterator`1<object>:MoveNext ()
Bee.BeeDriver.BeeDriver:WriteDataForBuildProgram (Bee.BeeDriver.InternalState,System.Threading.Tasks.TaskCompletionSource`1<int>)
Bee.BeeDriver.BeeDriver/<>c__DisplayClass0_0:<BuildAsync>g__WriteData|0 ()
Bee.BeeDriver.BeeDriver:BuildAsync (Bee.BeeDriver.BuildRequest,System.Threading.CancellationToken)
UnityEditor.Modules.BeeBuildPostprocessor:PostProcess (UnityEditor.Modules.BuildPostProcessArgs)
UnityEditor.Modules.DefaultBuildPostprocessor:PostProcess (UnityEditor.Modules.BuildPostProcessArgs,UnityEditor.BuildProperties&)
UnityEditor.Android.AndroidBuildPostprocessor:PostProcess (UnityEditor.Modules.BuildPostProcessArgs,UnityEditor.BuildProperties&) (at /home/bokken/build/output/unity/unity/PlatformDependent/AndroidPlayer/Editor/Managed/ExtensionModule.cs:228)
UnityEditor.PostprocessBuildPlayer:Postprocess (UnityEditor.BuildTargetGroup,UnityEditor.BuildTarget,int,string,string,string,int,int,UnityEditor.BuildOptions,UnityEditor.RuntimeClassRegistry,UnityEditor.Build.Reporting.BuildReport)
UnityEditor.BuildPipeline:BuildPlayerInternal (string[],string,string,UnityEditor.BuildTargetGroup,UnityEditor.BuildTarget,int,UnityEditor.BuildOptions,string[])
UnityEditor.BuildPipeline:BuildPlayer (string[],string,string,UnityEditor.BuildTargetGroup,UnityEditor.BuildTarget,int,UnityEditor.BuildOptions,string[])
UnityEditor.BuildPipeline:BuildPlayer (UnityEditor.BuildPlayerOptions)
QuestCraftCliBuild:BuildAndroid () (at Assets/Editor/QuestCraftCliBuild.cs:86)

(Filename: /home/bokken/build/output/unity/unity/PlatformDependent/AndroidPlayer/Editor/Managed/ExtensionModule.cs Line: 407)

Plugin 'Packages/com.unity.xr.openxr.picoxr/Runtime/Android/arm64/libopenxr_pico.so' is not 16KB-aligned. This may cause issues on ARM64 devices running Android 15+.
More info: <a href="https://developer.android.com/guide/practices/page-sizes">https://developer.android.com/guide/practices/page-sizes</a>.
UnityEngine.StackTraceUtility:ExtractStackTrace ()
UnityEngine.DebugLogHandler:LogFormat (UnityEngine.LogType,UnityEngine.Object,string,object[])
UnityEngine.Logger:Log (UnityEngine.LogType,object)
UnityEngine.Debug:LogWarning (object)
UnityEditor.Android.AndroidBuildPostprocessor:CollectPlugin (string,Unity.Android.Types.AndroidArchitecture,System.Collections.Generic.Dictionary`2<string, UnityEditor.Android.AndroidBuildPostprocessor/AndroidSourcePlugin>,bool) (at /home/bokken/build/output/unity/unity/PlatformDependent/AndroidPlayer/Editor/Managed/ExtensionModule.cs:407)
UnityEditor.Android.AndroidBuildPostprocessor:PluginsDataFor (UnityEditor.Modules.BuildPostProcessArgs) (at /home/bokken/build/output/unity/unity/PlatformDependent/AndroidPlayer/Editor/Managed/ExtensionModule.cs:470)
UnityEditor.Modules.BeeBuildPostprocessor/<GetDataForBuildProgramFor>d__49:MoveNext ()
UnityEditor.Android.AndroidBuildPostprocessor/<GetDataForBuildProgramFor>d__29:MoveNext () (at /home/bokken/build/output/unity/unity/PlatformDependent/AndroidPlayer/Editor/Managed/ExtensionModule.cs:730)
System.Linq.Enumerable/WhereEnumerableIterator`1<object>:MoveNext ()
Bee.BeeDriver.BeeDriver:WriteDataForBuildProgram (Bee.BeeDriver.InternalState,System.Threading.Tasks.TaskCompletionSource`1<int>)
Bee.BeeDriver.BeeDriver/<>c__DisplayClass0_0:<BuildAsync>g__WriteData|0 ()
Bee.BeeDriver.BeeDriver:BuildAsync (Bee.BeeDriver.BuildRequest,System.Threading.CancellationToken)
UnityEditor.Modules.BeeBuildPostprocessor:PostProcess (UnityEditor.Modules.BuildPostProcessArgs)
UnityEditor.Modules.DefaultBuildPostprocessor:PostProcess (UnityEditor.Modules.BuildPostProcessArgs,UnityEditor.BuildProperties&)
UnityEditor.Android.AndroidBuildPostprocessor:PostProcess (UnityEditor.Modules.BuildPostProcessArgs,UnityEditor.BuildProperties&) (at /home/bokken/build/output/unity/unity/PlatformDependent/AndroidPlayer/Editor/Managed/ExtensionModule.cs:228)
UnityEditor.PostprocessBuildPlayer:Postprocess (UnityEditor.BuildTargetGroup,UnityEditor.BuildTarget,int,string,string,string,int,int,UnityEditor.BuildOptions,UnityEditor.RuntimeClassRegistry,UnityEditor.Build.Reporting.BuildReport)
UnityEditor.BuildPipeline:BuildPlayerInternal (string[],string,string,UnityEditor.BuildTargetGroup,UnityEditor.BuildTarget,int,UnityEditor.BuildOptions,string[])
UnityEditor.BuildPipeline:BuildPlayer (string[],string,string,UnityEditor.BuildTargetGroup,UnityEditor.BuildTarget,int,UnityEditor.BuildOptions,string[])
UnityEditor.BuildPipeline:BuildPlayer (UnityEditor.BuildPlayerOptions)
QuestCraftCliBuild:BuildAndroid () (at Assets/Editor/QuestCraftCliBuild.cs:86)

(Filename: /home/bokken/build/output/unity/unity/PlatformDependent/AndroidPlayer/Editor/Managed/ExtensionModule.cs Line: 407)

Plugin 'Packages/com.netpyoung.webp/Plugins/Android/libs/arm64-v8a/libwebp.so' is not 16KB-aligned. This may cause issues on ARM64 devices running Android 15+.
More info: <a href="https://developer.android.com/guide/practices/page-sizes">https://developer.android.com/guide/practices/page-sizes</a>.
UnityEngine.StackTraceUtility:ExtractStackTrace ()
UnityEngine.DebugLogHandler:LogFormat (UnityEngine.LogType,UnityEngine.Object,string,object[])
UnityEngine.Logger:Log (UnityEngine.LogType,object)
UnityEngine.Debug:LogWarning (object)
UnityEditor.Android.AndroidBuildPostprocessor:CollectPlugin (string,Unity.Android.Types.AndroidArchitecture,System.Collections.Generic.Dictionary`2<string, UnityEditor.Android.AndroidBuildPostprocessor/AndroidSourcePlugin>,bool) (at /home/bokken/build/output/unity/unity/PlatformDependent/AndroidPlayer/Editor/Managed/ExtensionModule.cs:407)
UnityEditor.Android.AndroidBuildPostprocessor:PluginsDataFor (UnityEditor.Modules.BuildPostProcessArgs) (at /home/bokken/build/output/unity/unity/PlatformDependent/AndroidPlayer/Editor/Managed/ExtensionModule.cs:470)
UnityEditor.Modules.BeeBuildPostprocessor/<GetDataForBuildProgramFor>d__49:MoveNext ()
UnityEditor.Android.AndroidBuildPostprocessor/<GetDataForBuildProgramFor>d__29:MoveNext () (at /home/bokken/build/output/unity/unity/PlatformDependent/AndroidPlayer/Editor/Managed/ExtensionModule.cs:730)
System.Linq.Enumerable/WhereEnumerableIterator`1<object>:MoveNext ()
Bee.BeeDriver.BeeDriver:WriteDataForBuildProgram (Bee.BeeDriver.InternalState,System.Threading.Tasks.TaskCompletionSource`1<int>)
Bee.BeeDriver.BeeDriver/<>c__DisplayClass0_0:<BuildAsync>g__WriteData|0 ()
Bee.BeeDriver.BeeDriver:BuildAsync (Bee.BeeDriver.BuildRequest,System.Threading.CancellationToken)
UnityEditor.Modules.BeeBuildPostprocessor:PostProcess (UnityEditor.Modules.BuildPostProcessArgs)
UnityEditor.Modules.DefaultBuildPostprocessor:PostProcess (UnityEditor.Modules.BuildPostProcessArgs,UnityEditor.BuildProperties&)
UnityEditor.Android.AndroidBuildPostprocessor:PostProcess (UnityEditor.Modules.BuildPostProcessArgs,UnityEditor.BuildProperties&) (at /home/bokken/build/output/unity/unity/PlatformDependent/AndroidPlayer/Editor/Managed/ExtensionModule.cs:228)
UnityEditor.PostprocessBuildPlayer:Postprocess (UnityEditor.BuildTargetGroup,UnityEditor.BuildTarget,int,string,string,string,int,int,UnityEditor.BuildOptions,UnityEditor.RuntimeClassRegistry,UnityEditor.Build.Reporting.BuildReport)
UnityEditor.BuildPipeline:BuildPlayerInternal (string[],string,string,UnityEditor.BuildTargetGroup,UnityEditor.BuildTarget,int,UnityEditor.BuildOptions,string[])
UnityEditor.BuildPipeline:BuildPlayer (string[],string,string,UnityEditor.BuildTargetGroup,UnityEditor.BuildTarget,int,UnityEditor.BuildOptions,string[])
UnityEditor.BuildPipeline:BuildPlayer (UnityEditor.BuildPlayerOptions)
QuestCraftCliBuild:BuildAndroid () (at Assets/Editor/QuestCraftCliBuild.cs:86)

(Filename: /home/bokken/build/output/unity/unity/PlatformDependent/AndroidPlayer/Editor/Managed/ExtensionModule.cs Line: 407)

Plugin 'Packages/com.unity.xr.openxr.picoxr/Platform/Plugins/Android64/libpxrplatformloader.so' is not 16KB-aligned. This may cause issues on ARM64 devices running Android 15+.
More info: <a href="https://developer.android.com/guide/practices/page-sizes">https://developer.android.com/guide/practices/page-sizes</a>.
UnityEngine.StackTraceUtility:ExtractStackTrace ()
UnityEngine.DebugLogHandler:LogFormat (UnityEngine.LogType,UnityEngine.Object,string,object[])
UnityEngine.Logger:Log (UnityEngine.LogType,object)
UnityEngine.Debug:LogWarning (object)
UnityEditor.Android.AndroidBuildPostprocessor:CollectPlugin (string,Unity.Android.Types.AndroidArchitecture,System.Collections.Generic.Dictionary`2<string, UnityEditor.Android.AndroidBuildPostprocessor/AndroidSourcePlugin>,bool) (at /home/bokken/build/output/unity/unity/PlatformDependent/AndroidPlayer/Editor/Managed/ExtensionModule.cs:407)
UnityEditor.Android.AndroidBuildPostprocessor:PluginsDataFor (UnityEditor.Modules.BuildPostProcessArgs) (at /home/bokken/build/output/unity/unity/PlatformDependent/AndroidPlayer/Editor/Managed/ExtensionModule.cs:470)
UnityEditor.Modules.BeeBuildPostprocessor/<GetDataForBuildProgramFor>d__49:MoveNext ()
UnityEditor.Android.AndroidBuildPostprocessor/<GetDataForBuildProgramFor>d__29:MoveNext () (at /home/bokken/build/output/unity/unity/PlatformDependent/AndroidPlayer/Editor/Managed/ExtensionModule.cs:730)
System.Linq.Enumerable/WhereEnumerableIterator`1<object>:MoveNext ()
Bee.BeeDriver.BeeDriver:WriteDataForBuildProgram (Bee.BeeDriver.InternalState,System.Threading.Tasks.TaskCompletionSource`1<int>)
Bee.BeeDriver.BeeDriver/<>c__DisplayClass0_0:<BuildAsync>g__WriteData|0 ()
Bee.BeeDriver.BeeDriver:BuildAsync (Bee.BeeDriver.BuildRequest,System.Threading.CancellationToken)
UnityEditor.Modules.BeeBuildPostprocessor:PostProcess (UnityEditor.Modules.BuildPostProcessArgs)
UnityEditor.Modules.DefaultBuildPostprocessor:PostProcess (UnityEditor.Modules.BuildPostProcessArgs,UnityEditor.BuildProperties&)
UnityEditor.Android.AndroidBuildPostprocessor:PostProcess (UnityEditor.Modules.BuildPostProcessArgs,UnityEditor.BuildProperties&) (at /home/bokken/build/output/unity/unity/PlatformDependent/AndroidPlayer/Editor/Managed/ExtensionModule.cs:228)
UnityEditor.PostprocessBuildPlayer:Postprocess (UnityEditor.BuildTargetGroup,UnityEditor.BuildTarget,int,string,string,string,int,int,UnityEditor.BuildOptions,UnityEditor.RuntimeClassRegistry,UnityEditor.Build.Reporting.BuildReport)
UnityEditor.BuildPipeline:BuildPlayerInternal (string[],string,string,UnityEditor.BuildTargetGroup,UnityEditor.BuildTarget,int,UnityEditor.BuildOptions,string[])
UnityEditor.BuildPipeline:BuildPlayer (string[],string,string,UnityEditor.BuildTargetGroup,UnityEditor.BuildTarget,int,UnityEditor.BuildOptions,string[])
UnityEditor.BuildPipeline:BuildPlayer (UnityEditor.BuildPlayerOptions)
QuestCraftCliBuild:BuildAndroid () (at Assets/Editor/QuestCraftCliBuild.cs:86)

(Filename: /home/bokken/build/output/unity/unity/PlatformDependent/AndroidPlayer/Editor/Managed/ExtensionModule.cs Line: 407)

Plugin 'Packages/com.netpyoung.webp/Plugins/Android/libs/arm64-v8a/libwebpdecoder.so' is not 16KB-aligned. This may cause issues on ARM64 devices running Android 15+.
More info: <a href="https://developer.android.com/guide/practices/page-sizes">https://developer.android.com/guide/practices/page-sizes</a>.
UnityEngine.StackTraceUtility:ExtractStackTrace ()
UnityEngine.DebugLogHandler:LogFormat (UnityEngine.LogType,UnityEngine.Object,string,object[])
UnityEngine.Logger:Log (UnityEngine.LogType,object)
UnityEngine.Debug:LogWarning (object)
UnityEditor.Android.AndroidBuildPostprocessor:CollectPlugin (string,Unity.Android.Types.AndroidArchitecture,System.Collections.Generic.Dictionary`2<string, UnityEditor.Android.AndroidBuildPostprocessor/AndroidSourcePlugin>,bool) (at /home/bokken/build/output/unity/unity/PlatformDependent/AndroidPlayer/Editor/Managed/ExtensionModule.cs:407)
UnityEditor.Android.AndroidBuildPostprocessor:PluginsDataFor (UnityEditor.Modules.BuildPostProcessArgs) (at /home/bokken/build/output/unity/unity/PlatformDependent/AndroidPlayer/Editor/Managed/ExtensionModule.cs:470)
UnityEditor.Modules.BeeBuildPostprocessor/<GetDataForBuildProgramFor>d__49:MoveNext ()
UnityEditor.Android.AndroidBuildPostprocessor/<GetDataForBuildProgramFor>d__29:MoveNext () (at /home/bokken/build/output/unity/unity/PlatformDependent/AndroidPlayer/Editor/Managed/ExtensionModule.cs:730)
System.Linq.Enumerable/WhereEnumerableIterator`1<object>:MoveNext ()
Bee.BeeDriver.BeeDriver:WriteDataForBuildProgram (Bee.BeeDriver.InternalState,System.Threading.Tasks.TaskCompletionSource`1<int>)
Bee.BeeDriver.BeeDriver/<>c__DisplayClass0_0:<BuildAsync>g__WriteData|0 ()
Bee.BeeDriver.BeeDriver:BuildAsync (Bee.BeeDriver.BuildRequest,System.Threading.CancellationToken)
UnityEditor.Modules.BeeBuildPostprocessor:PostProcess (UnityEditor.Modules.BuildPostProcessArgs)
UnityEditor.Modules.DefaultBuildPostprocessor:PostProcess (UnityEditor.Modules.BuildPostProcessArgs,UnityEditor.BuildProperties&)
UnityEditor.Android.AndroidBuildPostprocessor:PostProcess (UnityEditor.Modules.BuildPostProcessArgs,UnityEditor.BuildProperties&) (at /home/bokken/build/output/unity/unity/PlatformDependent/AndroidPlayer/Editor/Managed/ExtensionModule.cs:228)
UnityEditor.PostprocessBuildPlayer:Postprocess (UnityEditor.BuildTargetGroup,UnityEditor.BuildTarget,int,string,string,string,int,int,UnityEditor.BuildOptions,UnityEditor.RuntimeClassRegistry,UnityEditor.Build.Reporting.BuildReport)
UnityEditor.BuildPipeline:BuildPlayerInternal (string[],string,string,UnityEditor.BuildTargetGroup,UnityEditor.BuildTarget,int,UnityEditor.BuildOptions,string[])
UnityEditor.BuildPipeline:BuildPlayer (string[],string,string,UnityEditor.BuildTargetGroup,UnityEditor.BuildTarget,int,UnityEditor.BuildOptions,string[])
UnityEditor.BuildPipeline:BuildPlayer (UnityEditor.BuildPlayerOptions)
QuestCraftCliBuild:BuildAndroid () (at Assets/Editor/QuestCraftCliBuild.cs:86)

(Filename: /home/bokken/build/output/unity/unity/PlatformDependent/AndroidPlayer/Editor/Managed/ExtensionModule.cs Line: 407)

Starting: C:\Program Files\Unity\Hub\Editor\2022.3.62f3\Editor\Data\bee_backend.exe --ipc --dagfile="Library/Bee/Player730f2ff5.dag" --profile="Library/Bee/backend1.traceevents" Player
WorkingDir: Q:/QCXR-XR-Wrapper
DisplayProgressbar: Incremental Player Build
ExitCode: 0 Duration: 0s334ms
DisplayProgressbar: Calling IPostGenerateGradleAndroidProject callbacks
Calling IPostGenerateGradleAndroidProject callbacks on 'Q:\QCXR-XR-Wrapper\Library\Bee\Android\Prj\IL2CPP\Gradle\unityLibrary':
    Call "Unity.XR.OpenXR.Features.PICOSupport.PICOModifyAndroidManifest.OnPostGenerateGradleAndroidProject" from assembly 'Unity.XR.OpenXR.Features.PICOSupport.Editor'
    Call "Unity.XR.Management.AndroidManifest.Editor.AndroidManifestBuildEventReceiver.OnPostGenerateGradleAndroidProject" from assembly 'Unity.XR.Management.Editor'
    Call "UnityEditor.XR.OpenXR.Features.OculusQuestSupport.ModifyAndroidManifestOculus.OnPostGenerateGradleAndroidProject" from assembly 'Unity.XR.OpenXR.Features.OculusQuestSupport.Editor'
    Call "UnityEditor.XR.OpenXR.Features.MetaQuestSupport.ModifyAndroidManifestMeta.OnPostGenerateGradleAndroidProject" from assembly 'Unity.XR.OpenXR.Features.MetaQuestSupport.Editor'
    Call "UnityEditor.XR.OpenXR.Features.MetaQuestSupport.MetaQuestFeatureBuildHooks.OnPostGenerateGradleAndroidProject" from assembly 'Unity.XR.OpenXR.Features.MetaQuestSupport.Editor'
    Call "Pico.Platform.Editor.PlatformManifestRewrite.OnPostGenerateGradleAndroidProject" from assembly 'PICO.Platform.Editor'
Android PostProcess task "Calling IPostGenerateGradleAndroidProject callbacks" took 139.9129 ms
Android PostProcess task "Cloud Diagnostics Symbol Upload" took 0.3113 ms
DisplayProgressbar: Building Gradle project
Android PostProcess task "Building Gradle project" took 28706.8949 ms
DisplayProgressbar: Processing Mapping File
Android PostProcess task "Processing Mapping File" took 0.3471 ms
DisplayProgressbar: Moving output package(s)
Android PostProcess task "Moving output package(s)" took 98.7482 ms
Refreshing native plugins compatible for Editor in 121.36 ms, found 19 plugins.
Preloading 0 native plugins for Editor in 0.00 ms.

-------------------------------------------------------------------------------
Build Report
Information on used Assets is not available, since player data was not rebuilt.
Do a clean build to view the Asset build report information.
-------------------------------------------------------------------------------
Unloading 6 Unused Serialized files (Serialized files now loaded: 0)
Unloading 200 unused Assets / (1.2 MB). Loaded Objects now: 5547.
Memory consumption went from 148.9 MB to 147.8 MB.
Total: 8.166600 ms (FindLiveObjects: 1.051900 ms CreateObjectMapping: 0.519400 ms MarkObjects: 4.896400 ms  DeleteObjects: 1.697600 ms)

DisplayProgressNotification: Build Successful
Build Finished, Result: Success.
##utp:{"type":"PlayerBuildInfo","version":2,"phase":"Immediate","time":1782176571956,"processId":11972,"steps":[{"description":"Preprocess Player","duration":357},{"description":"Prepare For Build","duration":3425},{"description":"ProducePlayerScriptAssemblies","duration":2653},{"description":"Verify Build setup","duration":720},{"description":"Prepare assets for target platform","duration":87},{"description":"Prepare splash screen","duration":32},{"description":"Run script only build","duration":178},{"description":"Postprocess built player","duration":30616}],"duration":38068}
[PhysX] Initialized MultithreadedTaskDispatcher with 16 workers.
Unloading 0 Unused Serialized files (Serialized files now loaded: 0)
Loaded scene 'Temp/__Backupscenes/0.backup'
	Deserialize:            2.652 ms
	Integration:            34.638 ms
	Integration of assets:  0.003 ms
	Thread Wait Time:       0.022 ms
	Total Operation Time:   37.315 ms
Unloading 0 unused Assets / (0 B). Loaded Objects now: 5547.
Memory consumption went from 134.9 MB to 134.9 MB.
Total: 7.289200 ms (FindLiveObjects: 0.828600 ms CreateObjectMapping: 0.207300 ms MarkObjects: 6.239600 ms  DeleteObjects: 0.012300 ms)

Batchmode quit successfully invoked - shutting down!
Killing ADB server in 0.0761769 seconds.
Start importing ProjectSettings/ProjectSettings.asset using Guid(00000000000000004000000000000000) Importer(-1,00000000000000000000000000000000) [PhysX] Initialized MultithreadedTaskDispatcher with 16 workers.
 -> (artifact id: 'ec232089bdaca6c47bfecc7dae71dec9') in 0.004043 seconds
Refreshing native plugins compatible for Editor in 37.15 ms, found 19 plugins.
Preloading 0 native plugins for Editor in 0.00 ms.
Asset Pipeline Refresh (id=404a28024bdb0bc45aff98bcd60a2506): Total: 0.232 seconds - Initiated by StopAssetImportingV2(NoUpdateAssetOptions)
[PhysX] Initialized MultithreadedTaskDispatcher with 16 workers.
Input System module state changed to: ShutdownInProgress.
Input System polling thread exited.
Input System module state changed to: Shutdown.
[Licensing::IpcConnector] LicenseClient-User-notifications channel disconnected successfully.
[Licensing::IpcConnector] LicenseClient-User channel disconnected successfully.
Cleanup mono
[Performance] WinEditorMain                                                                                                                                :        1 samples, Peak.  1.54 s (1.0x), Avg.  1.54 s, Total. 1.542 s (1.3%)
[Performance] WinEditorMain.ConfigureCrashHandler                                                                                                          :        1 samples, Peak.  45.3 us (1.0x), Avg.  45.3 us, Total. 45.30 us (0.0%)
[Performance] WinEditorMain.CurlRequestInitialize                                                                                                          :        1 samples, Peak.  1.89 ms (1.0x), Avg.  1.89 ms, Total. 1.890 ms (0.0%)
[Performance] WinEditorMain.SetupLogFile                                                                                                                   :        1 samples, Peak.   877 us (1.0x), Avg.   877 us, Total. 877.0 us (0.0%)
[Performance] WinEditorMain.RunNativeTestsIfRequiredAndExit                                                                                                :        1 samples, Peak.   200 ns (1.0x), Avg.   200 ns, Total. 200.0 ns (0.0%)
[Performance] WinEditorMain.Licensing                                                                                                                      :        1 samples, Peak.  1.50 s (1.0x), Avg.  1.50 s, Total. 1.500 s (1.2%)
[Performance] WinEditorMain.InitializeCrashHandler                                                                                                         :        1 samples, Peak.  28.9 ms (1.0x), Avg.  28.9 ms, Total. 28.92 ms (0.0%)
[Performance] WinEditorMain.CreateApplication                                                                                                              :        1 samples, Peak.  3.61 ms (1.0x), Avg.  3.61 ms, Total. 3.608 ms (0.0%)
[Performance] Application.InitializeProject                                                                                                                :        1 samples, Peak.  75.1 s (1.0x), Avg.  75.1 s, Total. 75.14 s (61.5%)
[Performance] Application.PackageManager.StartServer                                                                                                       :        1 samples, Peak.  25.0 ms (1.0x), Avg.  25.0 ms, Total. 24.98 ms (0.0%)
[Performance] Application.AcquireProjectLock                                                                                                               :        1 samples, Peak.  4.02 ms (1.0x), Avg.  4.02 ms, Total. 4.016 ms (0.0%)
[Performance] Application.InitializeEngineNoGraphics                                                                                                       :        1 samples, Peak.   175 ms (1.0x), Avg.   175 ms, Total. 174.7 ms (0.1%)
[Performance] Application.PackageManager.Initialize                                                                                                        :        1 samples, Peak.   601 ms (1.0x), Avg.   601 ms, Total. 601.3 ms (0.5%)
[Performance] Connecting to Package Manager                                                                                                                :       61 samples, Peak.  89.0 us (23.6x), Avg.  3.77 us, Total. 230.0 us (0.0%)
[Performance] Application.EngineGraphics.Initialize                                                                                                        :        1 samples, Peak.   397 ms (1.0x), Avg.   397 ms, Total. 396.8 ms (0.3%)
[Performance] Application.GI.Initialize                                                                                                                    :        1 samples, Peak.  16.2 ms (1.0x), Avg.  16.2 ms, Total. 16.24 ms (0.0%)
[Performance] Application.LoadAllDefaultResourcesFromEditor                                                                                                :        1 samples, Peak.  2.01 ms (1.0x), Avg.  2.01 ms, Total. 2.012 ms (0.0%)
[Performance] Application.LoadMonoAssemblies                                                                                                               :        1 samples, Peak.  11.0 s (1.0x), Avg.  11.0 s, Total. 11.04 s (9.0%)
[Performance] RestoreManagedReferences                                                                                                                     :        2 samples, Peak.  52.2 ms (2.0x), Avg.  26.1 ms, Total. 52.19 ms (0.0%)
[Performance] InitializeOnLoad DrivenRectTransformUndo                                                                                                     :        2 samples, Peak.   811 us (1.4x), Avg.   567 us, Total. 1.134 ms (0.0%)
[Performance] InitializeOnLoad SceneSearch                                                                                                                 :        2 samples, Peak.   120 us (1.0x), Avg.   120 us, Total. 240.3 us (0.0%)
[Performance] InitializeOnLoad CloudBuild                                                                                                                  :        2 samples, Peak.  6.40 us (1.2x), Avg.  5.50 us, Total. 11.00 us (0.0%)
[Performance] InitializeOnLoad NativeFormatImporterUtility                                                                                                 :        2 samples, Peak.  2.97 ms (1.3x), Avg.  2.21 ms, Total. 4.427 ms (0.0%)
[Performance] InitializeOnLoad SearchService                                                                                                               :        2 samples, Peak.   107 us (1.0x), Avg.   103 us, Total. 206.6 us (0.0%)
[Performance] InitializeOnLoad SettingsService                                                                                                             :        2 samples, Peak.  9.90 us (1.2x), Avg.  8.05 us, Total. 16.10 us (0.0%)
[Performance] InitializeOnLoad WindowLayout                                                                                                                :        2 samples, Peak.   465 us (1.4x), Avg.   329 us, Total. 657.4 us (0.0%)
[Performance] InitializeOnLoad AssetStoreContext                                                                                                           :        2 samples, Peak.  20.9 ms (1.7x), Avg.  12.4 ms, Total. 24.70 ms (0.0%)
[Performance] InitializeOnLoad PoolManager                                                                                                                 :        2 samples, Peak.   552 us (1.0x), Avg.   530 us, Total. 1.061 ms (0.0%)
[Performance] InitializeOnLoad MixerEffectDefinitionReloader                                                                                               :        2 samples, Peak.  4.36 ms (1.5x), Avg.  2.90 ms, Total. 5.804 ms (0.0%)
[Performance] InitializeOnLoad ProjectSearch                                                                                                               :        2 samples, Peak.  72.9 us (1.1x), Avg.  67.3 us, Total. 134.5 us (0.0%)
[Performance] InitializeOnLoad UISystemProfilerRenderService                                                                                               :        2 samples, Peak.  9.10 us (1.0x), Avg.  8.85 us, Total. 17.70 us (0.0%)
[Performance] InitializeOnLoad EditMode                                                                                                                    :        2 samples, Peak.  1.07 ms (1.5x), Avg.   703 us, Total. 1.407 ms (0.0%)
[Performance] InitializeOnLoad UnityConnect                                                                                                                :        2 samples, Peak.  65.3 us (1.2x), Avg.  53.4 us, Total. 106.8 us (0.0%)
[Performance] InitializeOnLoad ManagedDebugger                                                                                                             :        2 samples, Peak.   619 us (1.1x), Avg.   559 us, Total. 1.117 ms (0.0%)
[Performance] InitializeOnLoad ShortcutIntegration                                                                                                         :        2 samples, Peak.  53.6 us (1.1x), Avg.  50.9 us, Total. 101.8 us (0.0%)
[Performance] InitializeOnLoad AddComponentWindow                                                                                                          :        2 samples, Peak.  95.5 us (1.0x), Avg.  95.5 us, Total. 190.9 us (0.0%)
[Performance] InitializeOnLoad ManagedDebuggerWindow                                                                                                       :        2 samples, Peak.   105 us (1.0x), Avg.   102 us, Total. 204.0 us (0.0%)
[Performance] InitializeOnLoad CacheServerWindow                                                                                                           :        2 samples, Peak.  9.50 us (1.3x), Avg.  7.50 us, Total. 15.00 us (0.0%)
[Performance] InitializeOnLoad PlayModeDownload                                                                                                            :        2 samples, Peak.  2.55 ms (1.9x), Avg.  1.34 ms, Total. 2.674 ms (0.0%)
[Performance] InitializeOnLoad MenuItems                                                                                                                   :        2 samples, Peak.  97.7 us (1.0x), Avg.  95.1 us, Total. 190.2 us (0.0%)
[Performance] InitializeOnLoad PrefabInstanceChangedListener                                                                                               :        2 samples, Peak.   121 us (1.0x), Avg.   120 us, Total. 240.3 us (0.0%)
[Performance] InitializeOnLoad ObjectSelectorSearch                                                                                                        :        2 samples, Peak.  44.8 us (1.2x), Avg.  38.1 us, Total. 76.30 us (0.0%)
[Performance] InitializeOnLoad EditorMonitor                                                                                                               :        2 samples, Peak.   657 us (1.3x), Avg.   513 us, Total. 1.027 ms (0.0%)
[Performance] InitializeOnLoad RetainedMode                                                                                                                :        2 samples, Peak.  2.26 ms (1.0x), Avg.  2.22 ms, Total. 4.432 ms (0.0%)
[Performance] InitializeOnLoad EditorShaderLoader                                                                                                          :        2 samples, Peak.   763 us (1.1x), Avg.   718 us, Total. 1.437 ms (0.0%)
[Performance] InitializeOnLoad EditorDelegateRegistration                                                                                                  :        2 samples, Peak.   492 us (1.1x), Avg.   431 us, Total. 862.7 us (0.0%)
[Performance] InitializeOnLoad UIDocumentHierarchyWatcher                                                                                                  :        2 samples, Peak.  78.8 us (1.1x), Avg.  72.7 us, Total. 145.4 us (0.0%)
[Performance] InitializeOnLoad LiveReloadTrackerCreator                                                                                                    :        2 samples, Peak.   270 us (1.4x), Avg.   192 us, Total. 383.5 us (0.0%)
[Performance] InitializeOnLoad UxmlObjectEditorFactories                                                                                                   :        2 samples, Peak.   542 us (1.1x), Avg.   476 us, Total. 952.7 us (0.0%)
[Performance] InitializeOnLoad UXMLEditorFactories                                                                                                         :        2 samples, Peak.  54.1 ms (1.1x), Avg.  49.3 ms, Total. 98.59 ms (0.1%)
[Performance] InitializeOnLoad PurchasingService                                                                                                           :        2 samples, Peak.  6.61 ms (1.4x), Avg.  4.89 ms, Total. 9.788 ms (0.0%)
[Performance] InitializeOnLoad CloudBuildPoller                                                                                                            :        2 samples, Peak.   112 us (1.1x), Avg.   105 us, Total. 210.0 us (0.0%)
[Performance] InitializeOnLoad EditorGameServicesAnalytics                                                                                                 :        2 samples, Peak.  1.67 ms (1.4x), Avg.  1.19 ms, Total. 2.384 ms (0.0%)
[Performance] InitializeOnLoad AnalyticsService                                                                                                            :        2 samples, Peak.   252 us (1.2x), Avg.   206 us, Total. 413.0 us (0.0%)
[Performance] InitializeOnLoad BuildService                                                                                                                :        2 samples, Peak.   163 us (1.2x), Avg.   139 us, Total. 278.7 us (0.0%)
[Performance] InitializeOnLoad AdsService                                                                                                                  :        2 samples, Peak.   828 us (1.4x), Avg.   581 us, Total. 1.162 ms (0.0%)
[Performance] InitializeOnLoad UDPService                                                                                                                  :        2 samples, Peak.   192 us (1.2x), Avg.   159 us, Total. 317.8 us (0.0%)
[Performance] InitializeOnLoad CrashService                                                                                                                :        2 samples, Peak.   160 us (1.2x), Avg.   137 us, Total. 274.0 us (0.0%)
[Performance] InitializeOnLoad ServicesRepository                                                                                                          :        2 samples, Peak.   500 ns (1.3x), Avg.   400 ns, Total. 800.0 ns (0.0%)
[Performance] InitializeOnLoad SearchWindow                                                                                                                :        2 samples, Peak.   125 us (1.1x), Avg.   114 us, Total. 227.8 us (0.0%)
[Performance] InitializeOnLoad CustomIndexers                                                                                                              :        2 samples, Peak.  15.3 ms (1.1x), Avg.  13.8 ms, Total. 27.57 ms (0.0%)
[Performance] InitializeOnLoad SearchMonitor                                                                                                               :        2 samples, Peak.  2.26 ms (1.4x), Avg.  1.64 ms, Total. 3.285 ms (0.0%)
[Performance] InitializeOnLoad ParameterControllerEditor                                                                                                   :        2 samples, Peak.  24.7 us (1.2x), Avg.  20.8 us, Total. 41.60 us (0.0%)
[Performance] InitializeOnLoad LayerSettingsWindow                                                                                                         :        2 samples, Peak.  23.6 us (1.5x), Avg.  15.5 us, Total. 30.90 us (0.0%)
[Performance] InitializeOnLoad PackageManagerHookGUIDConverter.RegisterPackagesEventHandler                                                                :        2 samples, Peak.   830 us (1.9x), Avg.   443 us, Total. 885.1 us (0.0%)
[Performance] InitializeOnLoad EditorDragAndDrop.RegisterEditorClient                                                                                      :        2 samples, Peak.   217 us (1.1x), Avg.   199 us, Total. 398.6 us (0.0%)
[Performance] InitializeOnLoad EditorEventCallbacks.InitializeFontAssetResourceChangeCallBacks                                                             :        2 samples, Peak.  1.15 ms (1.0x), Avg.  1.11 ms, Total. 2.215 ms (0.0%)
[Performance] InitializeOnLoad SceneTemplateService.Init                                                                                                   :        2 samples, Peak.  1.05 ms (1.1x), Avg.   995 us, Total. 1.991 ms (0.0%)
[Performance] InitializeOnLoad DiagnosticSwitchesConsoleMessage.Init                                                                                       :        2 samples, Peak.  6.08 ms (1.9x), Avg.  3.27 ms, Total. 6.540 ms (0.0%)
[Performance] InitializeOnLoad PackageManagerWindow.EditorInitializedInSafeMode                                                                            :        2 samples, Peak.  27.1 ms (2.0x), Avg.  13.6 ms, Total. 27.27 ms (0.0%)
[Performance] InitializeOnLoad ToolShortcutContext.Init                                                                                                    :        2 samples, Peak.   124 us (1.0x), Avg.   123 us, Total. 246.2 us (0.0%)
[Performance] InitializeOnLoad MemoryProfilerCompilationGuard.InjectCompileGuard                                                                           :        2 samples, Peak.   134 us (1.0x), Avg.   130 us, Total. 259.9 us (0.0%)
[Performance] InitializeOnLoad AssetPostprocessingInternal.RefreshCustomDependencies                                                                       :        2 samples, Peak.  2.53 ms (1.5x), Avg.  1.69 ms, Total. 3.376 ms (0.0%)
[Performance] InitializeOnLoad SysrootManager.Initialize                                                                                                   :        2 samples, Peak.  17.5 us (1.3x), Avg.  13.9 us, Total. 27.80 us (0.0%)
[Performance] InitializeOnLoad ScopedRegistryAddedPopup.SubscribeToRegistriesAdded                                                                         :        2 samples, Peak.  6.31 ms (2.0x), Avg.  3.20 ms, Total. 6.402 ms (0.0%)
[Performance] InitializeOnLoad SceneVisibilityManager.Initialize                                                                                           :        2 samples, Peak.  3.15 ms (1.6x), Avg.  1.97 ms, Total. 3.933 ms (0.0%)
[Performance] InitializeOnLoad EditorWindow.Initialize                                                                                                     :        2 samples, Peak.   223 us (1.1x), Avg.   208 us, Total. 416.4 us (0.0%)
[Performance] AssemblyReloadEvents.afterAssemblyReload: UnityEditor.SceneTemplate.SceneTemplateService.AfterAssemblyReload                                 :        2 samples, Peak.  5.23 ms (1.9x), Avg.  2.76 ms, Total. 5.518 ms (0.0%)
[Performance] ProcessService.EditorAfterLoadAllAssemblies                                                                                                  :        2 samples, Peak.   364 us (1.1x), Avg.   329 us, Total. 658.4 us (0.0%)
[Performance] Application.ReadLicenseInfo                                                                                                                  :        1 samples, Peak.  26.9 ms (1.0x), Avg.  26.9 ms, Total. 26.86 ms (0.0%)
[Performance] Application.InitialRefresh                                                                                                                   :        1 samples, Peak.  57.0 s (1.0x), Avg.  57.0 s, Total. 57.03 s (46.7%)
[Performance] ShaderImporter.SourceAssetModified                                                                                                           :        4 samples, Peak.  1.20 us (1.4x), Avg.   850 ns, Total. 3.400 us (0.0%)
[Performance] ShaderIncludeImporter.SourceAssetModified                                                                                                    :        4 samples, Peak.  1.20 us (1.1x), Avg.  1.07 us, Total. 4.300 us (0.0%)
[Performance] Compiling Scripts                                                                                                                            :        1 samples, Peak.   803 ms (1.0x), Avg.   803 ms, Total. 803.3 ms (0.7%)
[Performance] AssemblyReloadEvents.beforeAssemblyReload: UnityEditor.SceneTemplate.SceneTemplateService.BeforeAssemblyReload                               :        1 samples, Peak.   400 us (1.0x), Avg.   400 us, Total. 400.1 us (0.0%)
[Performance] PresetManagerPostProcessor.OnPreprocessAsset                                                                                                 :        4 samples, Peak.  1.31 ms (2.8x), Avg.   472 us, Total. 1.888 ms (0.0%)
[Performance] NugetPackageAssetPostprocessor.OnPreprocessAsset                                                                                             :        4 samples, Peak.  40.6 ms (4.0x), Avg.  10.2 ms, Total. 40.64 ms (0.0%)
[Performance] CancelSplashScreenOnAssetChange.OnPreprocessAsset                                                                                            :        4 samples, Peak.   711 us (4.0x), Avg.   180 us, Total. 719.7 us (0.0%)
[Performance] InitializeOnLoad TouchSimulation                                                                                                             :        1 samples, Peak.   374 us (1.0x), Avg.   374 us, Total. 374.4 us (0.0%)
[Performance] InitializeOnLoad InputSystem                                                                                                                 :        1 samples, Peak.  48.2 ms (1.0x), Avg.  48.2 ms, Total. 48.23 ms (0.0%)
[Performance] InitializeOnLoad InputSystemUIInputModuleEditor                                                                                              :        1 samples, Peak.   114 us (1.0x), Avg.   114 us, Total. 114.2 us (0.0%)
[Performance] InitializeOnLoad EnableUITKEditor                                                                                                            :        1 samples, Peak.  18.1 us (1.0x), Avg.  18.1 us, Total. 18.10 us (0.0%)
[Performance] InitializeOnLoad ScriptableSettingsInitializer                                                                                               :        1 samples, Peak.   169 us (1.0x), Avg.   169 us, Total. 168.5 us (0.0%)
[Performance] InitializeOnLoad BuildValidator                                                                                                              :        1 samples, Peak.   528 us (1.0x), Avg.   528 us, Total. 527.8 us (0.0%)
[Performance] InitializeOnLoad XRGeneralSettingsPerBuildTarget                                                                                             :        1 samples, Peak.   400 us (1.0x), Avg.   400 us, Total. 400.1 us (0.0%)
[Performance] InitializeOnLoad XRPackageMetadataStore                                                                                                      :        1 samples, Peak.   337 us (1.0x), Avg.   337 us, Total. 336.9 us (0.0%)
[Performance] InitializeOnLoad XRPackageInitializationBootstrap                                                                                            :        1 samples, Peak.  44.6 us (1.0x), Avg.  44.6 us, Total. 44.60 us (0.0%)
[Performance] InitializeOnLoad XRLegacyUninstaller                                                                                                         :        1 samples, Peak.  6.98 ms (1.0x), Avg.  6.98 ms, Total. 6.977 ms (0.0%)
[Performance] InitializeOnLoad BuildHelperUtils                                                                                                            :        1 samples, Peak.  12.0 us (1.0x), Avg.  12.0 us, Total. 12.00 us (0.0%)
[Performance] InitializeOnLoad SectorInteraction                                                                                                           :        1 samples, Peak.   475 us (1.0x), Avg.   475 us, Total. 474.7 us (0.0%)
[Performance] InitializeOnLoad QuaternionFallbackComposite                                                                                                 :        1 samples, Peak.   138 us (1.0x), Avg.   138 us, Total. 137.5 us (0.0%)
[Performance] InitializeOnLoad Vector3FallbackComposite                                                                                                    :        1 samples, Peak.  55.0 us (1.0x), Avg.  55.0 us, Total. 55.00 us (0.0%)
[Performance] InitializeOnLoad SimulatedInputLayoutLoader                                                                                                  :        1 samples, Peak.   189 us (1.0x), Avg.   189 us, Total. 188.8 us (0.0%)
[Performance] InitializeOnLoad ButtonFallbackComposite                                                                                                     :        1 samples, Peak.  60.5 us (1.0x), Avg.  60.5 us, Total. 60.50 us (0.0%)
[Performance] InitializeOnLoad IntegerFallbackComposite                                                                                                    :        1 samples, Peak.  45.3 us (1.0x), Avg.  45.3 us, Total. 45.30 us (0.0%)
[Performance] InitializeOnLoad UnityTestProtocolStarter                                                                                                    :        1 samples, Peak.   261 us (1.0x), Avg.   261 us, Total. 261.4 us (0.0%)
[Performance] InitializeOnLoad BackgroundWatcher                                                                                                           :        1 samples, Peak.  64.0 us (1.0x), Avg.  64.0 us, Total. 64.00 us (0.0%)
[Performance] InitializeOnLoad RiderScriptEditor                                                                                                           :        1 samples, Peak.  38.6 ms (1.0x), Avg.  38.6 ms, Total. 38.60 ms (0.0%)
[Performance] InitializeOnLoad CallbackInitializer                                                                                                         :        1 samples, Peak.  2.21 ms (1.0x), Avg.  2.21 ms, Total. 2.211 ms (0.0%)
[Performance] InitializeOnLoad SpriteEditorWindow                                                                                                          :        1 samples, Peak.   374 us (1.0x), Avg.   374 us, Total. 373.9 us (0.0%)
[Performance] InitializeOnLoad PXR_PlatformSetting                                                                                                         :        1 samples, Peak.  5.40 us (1.0x), Avg.  5.40 us, Total. 5.400 us (0.0%)
[Performance] InitializeOnLoad CoverageReporterStarter                                                                                                     :        1 samples, Peak.  4.75 ms (1.0x), Avg.  4.75 ms, Total. 4.750 ms (0.0%)
[Performance] InitializeOnLoad PlasticPlugin                                                                                                               :        1 samples, Peak.  67.7 ms (1.0x), Avg.  67.7 ms, Total. 67.73 ms (0.1%)
[Performance] InitializeOnLoad ToolbarBootstrap                                                                                                            :        1 samples, Peak.  52.4 ms (1.0x), Avg.  52.4 ms, Total. 52.44 ms (0.0%)
[Performance] InitializeOnLoad VSCodeScriptEditor                                                                                                          :        1 samples, Peak.  7.22 ms (1.0x), Avg.  7.22 ms, Total. 7.216 ms (0.0%)
[Performance] InitializeOnLoad VSUsageUtility                                                                                                              :        1 samples, Peak.  41.1 ms (1.0x), Avg.  41.1 ms, Total. 41.07 ms (0.0%)
[Performance] InitializeOnLoad VisualStudioEditor                                                                                                          :        1 samples, Peak.  5.34 ms (1.0x), Avg.  5.34 ms, Total. 5.344 ms (0.0%)
[Performance] InitializeOnLoad TestRunnerApiListener                                                                                                       :        1 samples, Peak.   380 us (1.0x), Avg.   380 us, Total. 379.9 us (0.0%)
[Performance] InitializeOnLoad VisualStudioIntegration                                                                                                     :        1 samples, Peak.   438 us (1.0x), Avg.   438 us, Total. 437.7 us (0.0%)
[Performance] InitializeOnLoad PrefabLayoutRebuilder                                                                                                       :        1 samples, Peak.   216 us (1.0x), Avg.   216 us, Total. 216.4 us (0.0%)
[Performance] InitializeOnLoad OnLoadNuGetPackageRestorer                                                                                                  :        1 samples, Peak.  93.6 ms (1.0x), Avg.  93.6 ms, Total. 93.63 ms (0.1%)
[Performance] AssetDatabase.Refresh                                                                                                                        :        2 samples, Peak.  8.38 ms (2.0x), Avg.  4.19 ms, Total. 8.381 ms (0.0%)
[Performance] InitializeOnLoad SysrootPackage.IssueWarningIfLinuxIL2CPPNotPresent                                                                          :        1 samples, Peak.   206 us (1.0x), Avg.   206 us, Total. 206.3 us (0.0%)
[Performance] InitializeOnLoad OpenXRProjectValidationRulesSetup.OpenXRProjectValidationCheck                                                              :        1 samples, Peak.  22.9 ms (1.0x), Avg.  22.9 ms, Total. 22.95 ms (0.0%)
[Performance] InitializeOnLoad OpenXRFeatureSetManager.InitializeOnLoad                                                                                    :        1 samples, Peak.   261 us (1.0x), Avg.   261 us, Total. 261.3 us (0.0%)
[Performance] InitializeOnLoad OpenXRChooseRuntimeLibraries.InitializeOnLoad                                                                               :        1 samples, Peak.  2.86 ms (1.0x), Avg.  2.86 ms, Total. 2.861 ms (0.0%)
[Performance] InitializeOnLoad InputSystemPackageControl.SubscribePackageManagerEvent                                                                      :        1 samples, Peak.  94.9 us (1.0x), Avg.  94.9 us, Total. 94.90 us (0.0%)
[Performance] InitializeOnLoad InputSystemPluginControl.CheckForExtension                                                                                  :        1 samples, Peak.  1.29 ms (1.0x), Avg.  1.29 ms, Total. 1.287 ms (0.0%)
[Performance] InitializeOnLoad VisualStudioEditor.LegacyVisualStudioCodePackageDisabler                                                                    :        1 samples, Peak.  1.93 ms (1.0x), Avg.  1.93 ms, Total. 1.927 ms (0.0%)
[Performance] InitializeOnLoad CoreUtilsAnalytics.RegisterEvents                                                                                           :        1 samples, Peak.   727 us (1.0x), Avg.   727 us, Total. 726.6 us (0.0%)
[Performance] InitializeOnLoad XRPluginManagementProjectValidation.RegisterProjectValidationRules                                                          :        1 samples, Peak.   874 us (1.0x), Avg.   874 us, Total. 874.1 us (0.0%)
[Performance] InitializeOnLoad OpenXRInput.RegisterFeatureLayouts                                                                                          :        1 samples, Peak.  1.06 ms (1.0x), Avg.  1.06 ms, Total. 1.057 ms (0.0%)
[Performance] InitializeOnLoad AnalyticsReporter.RegisterCallbacks                                                                                         :        1 samples, Peak.  2.71 ms (1.0x), Avg.  2.71 ms, Total. 2.709 ms (0.0%)
[Performance] InitializeOnLoad TestJobDataHolder.ResumeRunningJobs                                                                                         :        1 samples, Peak.   764 us (1.0x), Avg.   764 us, Total. 763.8 us (0.0%)
[Performance] InitializeOnLoad TestStarter.Initialize                                                                                                      :        1 samples, Peak.  1.25 ms (1.0x), Avg.  1.25 ms, Total. 1.253 ms (0.0%)
[Performance] DidReloadScriptsAdvancedDropdownWindow.OnScriptReload                                                                                        :        2 samples, Peak.   253 us (1.1x), Avg.   227 us, Total. 453.5 us (0.0%)
[Performance] DidReloadScriptsPackageVersionUtility.OnReloadScripts                                                                                        :        1 samples, Peak.  81.1 us (1.0x), Avg.  81.1 us, Total. 81.10 us (0.0%)
[Performance] DidReloadScriptsTestListCache.ScriptReloaded                                                                                                 :        1 samples, Peak.  1.63 ms (1.0x), Avg.  1.63 ms, Total. 1.635 ms (0.0%)
[Performance] DidReloadScriptsTestRunnerWindow.CompilationCallback                                                                                         :        1 samples, Peak.   934 us (1.0x), Avg.   934 us, Total. 934.4 us (0.0%)
[Performance] AssemblyReloadEvents.afterAssemblyReload: UnityEditor.XR.Management.Metadata.XRPackageMetadataStore.AssemblyReloadEvents_afterAssemblyReload :        1 samples, Peak.  3.56 ms (1.0x), Avg.  3.56 ms, Total. 3.557 ms (0.0%)
[Performance] AssetDatabase.ImportAssets                                                                                                                   :        7 samples, Peak.   232 ms (5.2x), Avg.  44.6 ms, Total. 312.1 ms (0.3%)
[Performance] VersionControl.Task.Wait                                                                                                                     :        1 samples, Peak.   447 us (1.0x), Avg.   447 us, Total. 446.6 us (0.0%)
[Performance] TMPro_TexturePostProcessor.OnPostprocessAllAssets                                                                                            :        6 samples, Peak.  1.31 ms (2.6x), Avg.   498 us, Total. 2.990 ms (0.0%)
[Performance] AssetPostprocessor.OnPostprocessAllAssets                                                                                                    :        6 samples, Peak.  1.38 ms (3.0x), Avg.   462 us, Total. 2.773 ms (0.0%)
[Performance] BuilderAssetPostprocessor.OnPostprocessAllAssets                                                                                             :        6 samples, Peak.  2.94 ms (2.9x), Avg.   999 us, Total. 5.995 ms (0.0%)
[Performance] ArtifactBrowserPostProcessor.OnPostprocessAllAssets                                                                                          :        6 samples, Peak.   679 us (3.0x), Avg.   228 us, Total. 1.369 ms (0.0%)
[Performance] AssetEvents.OnPostprocessAllAssets                                                                                                           :       12 samples, Peak.   215 us (4.7x), Avg.  46.3 us, Total. 555.5 us (0.0%)
[Performance] AudioMixerPostprocessor.OnPostprocessAllAssets                                                                                               :        6 samples, Peak.   300 us (3.0x), Avg.   101 us, Total. 606.8 us (0.0%)
[Performance] StyleCatalogPostProcessor.OnPostprocessAllAssets                                                                                             :        6 samples, Peak.  30.8 ms (3.0x), Avg.  10.3 ms, Total. 61.70 ms (0.1%)
[Performance] BuildCatalog                                                                                                                                 :        1 samples, Peak.  29.4 ms (1.0x), Avg.  29.4 ms, Total. 29.41 ms (0.0%)
[Performance] ModelImporterPostProcessor.OnPostprocessAllAssets                                                                                            :        6 samples, Peak.  1.76 ms (3.0x), Avg.   595 us, Total. 3.573 ms (0.0%)
[Performance] RetainedModeAssetPostprocessor.OnPostprocessAllAssets                                                                                        :        6 samples, Peak.  3.13 ms (3.0x), Avg.  1.05 ms, Total. 6.316 ms (0.0%)
[Performance] AssetChangedListener.OnPostprocessAllAssets                                                                                                  :        6 samples, Peak.  1.53 ms (2.6x), Avg.   599 us, Total. 3.597 ms (0.0%)
[Performance] SpeedTreePostProcessor.OnPostprocessAllAssets                                                                                                :        6 samples, Peak.   190 us (2.8x), Avg.  68.3 us, Total. 409.7 us (0.0%)
[Performance] TextAssetPostProcessor.OnPostprocessAllAssets                                                                                                :        6 samples, Peak.   410 us (2.5x), Avg.   162 us, Total. 972.0 us (0.0%)
[Performance] SpriteEditorTexturePostprocessor.OnPostprocessAllAssets                                                                                      :        6 samples, Peak.   272 us (2.1x), Avg.   127 us, Total. 761.1 us (0.0%)
[Performance] AssetCallbacks.OnPostprocessAllAssets                                                                                                        :        6 samples, Peak.   164 ms (3.0x), Avg.  54.6 ms, Total. 327.8 ms (0.3%)
[Performance] InputActionAssetPostprocessor.OnPostprocessAllAssets                                                                                         :        6 samples, Peak.   353 us (2.9x), Avg.   122 us, Total. 731.5 us (0.0%)
[Performance] InputActionJsonNameModifierAssetProcessor.OnPostprocessAllAssets                                                                             :        6 samples, Peak.  55.4 us (2.5x), Avg.  22.0 us, Total. 132.1 us (0.0%)
[Performance] ProjectSettingsPostprocessor.OnPostprocessAllAssets                                                                                          :        6 samples, Peak.   132 us (2.7x), Avg.  47.9 us, Total. 287.5 us (0.0%)
[Performance] SyncVS.PostprocessSyncProject                                                                                                                :        3 samples, Peak.  9.50 ms (2.3x), Avg.  4.17 ms, Total. 12.50 ms (0.0%)
[Performance] Application.ImportPackagesAndSetTemplateWhenCreatingProject                                                                                  :        1 samples, Peak.  74.6 ms (1.0x), Avg.  74.6 ms, Total. 74.63 ms (0.1%)
[Performance] Application.SyncCurrentColorSpace                                                                                                            :        1 samples, Peak.   727 ms (1.0x), Avg.   727 ms, Total. 726.6 ms (0.6%)
[Performance] Application.OnUsbDevicesChanged                                                                                                              :        1 samples, Peak.  5.03 ms (1.0x), Avg.  5.03 ms, Total. 5.026 ms (0.0%)
[Performance] Application.AssetInstanceCacheUpdate                                                                                                         :        1 samples, Peak.   400 ns (1.0x), Avg.   400 ns, Total. 400.0 ns (0.0%)
[Performance] Application.UnityExtensions.Initialize                                                                                                       :        1 samples, Peak.  6.14 ms (1.0x), Avg.  6.14 ms, Total. 6.145 ms (0.0%)
[Performance] CodeEditorProjectSync.SyncEditorProject                                                                                                      :        1 samples, Peak.   492 ms (1.0x), Avg.   492 ms, Total. 492.0 ms (0.4%)
[Performance] Application.ExecuteStartups                                                                                                                  :        1 samples, Peak.   111 ms (1.0x), Avg.   111 ms, Total. 110.8 ms (0.1%)
[Performance] Menu.RegisterMenuInterface                                                                                                                   :       26 samples, Peak.  2.90 us (5.5x), Avg.   527 ns, Total. 13.70 us (0.0%)
[Performance] Gizmo.RebuildRenderers                                                                                                                       :        2 samples, Peak.   106 ms (1.6x), Avg.  66.5 ms, Total. 133.0 ms (0.1%)
[Performance] Gizmo.AddGizmoRenderers                                                                                                                      :      216 samples, Peak.  1.70 ms (78.9x), Avg.  21.5 us, Total. 4.639 ms (0.0%)
[Performance] Application.editorInitializingProject                                                                                                        :        1 samples, Peak.   103 ms (1.0x), Avg.   103 ms, Total. 102.5 ms (0.1%)
[Performance] Application.InitializeMenu                                                                                                                   :        1 samples, Peak.  3.20 s (1.0x), Avg.  3.20 s, Total. 3.198 s (2.6%)
[Performance] Menu.RebuildAll                                                                                                                              :        1 samples, Peak.  3.20 s (1.0x), Avg.  3.20 s, Total. 3.198 s (2.6%)
[Performance] Menu.BuildRegisteredMenuInterfaces                                                                                                           :        1 samples, Peak.  3.19 s (1.0x), Avg.  3.19 s, Total. 3.194 s (2.6%)
[Performance] Menu.FilterMenuItem                                                                                                                          :      797 samples, Peak.  31.8 ms (790.1x), Avg.  40.3 us, Total. 32.12 ms (0.0%)
[Performance] UpdateAllMenus                                                                                                                               :        1 samples, Peak.   854 us (1.0x), Avg.   854 us, Total. 853.8 us (0.0%)
[Performance] Menu.RebuildOSMainMenu                                                                                                                       :        3 samples, Peak.  2.53 ms (1.1x), Avg.  2.24 ms, Total. 6.732 ms (0.0%)
[Performance] EditorSceneManager.sceneClosing: UnityEditor.SceneVisibilityManager.EditorSceneManagerOnSceneClosing                                         :        2 samples, Peak.  1.00 ms (2.0x), Avg.   504 us, Total. 1.009 ms (0.0%)
[Performance] GUIView.RepaintAll.PlayerLoopController                                                                                                      :        2 samples, Peak.   239 us (2.0x), Avg.   121 us, Total. 241.2 us (0.0%)
[Performance] EditorSceneManager.newSceneCreated: UnityEditor.SceneTemplate.SceneTemplateService.OnNewSceneCreated                                         :        1 samples, Peak.   235 us (1.0x), Avg.   235 us, Total. 235.3 us (0.0%)
[Performance] EditorSceneManager.newSceneCreated: UnityEditor.SceneVisibilityManager.EditorSceneManagerOnNewSceneCreated                                   :        1 samples, Peak.   467 us (1.0x), Avg.   467 us, Total. 467.4 us (0.0%)
[Performance] EditorSceneManager.newSceneCreated: UnityEditor.SceneManagement.StageNavigationManager.OnNewSceneCreated                                     :        1 samples, Peak.  79.5 us (1.0x), Avg.  79.5 us, Total. 79.50 us (0.0%)
[Performance] Application.InvokeFinishedLoadingProject                                                                                                     :        1 samples, Peak.  19.8 ms (1.0x), Avg.  19.8 ms, Total. 19.78 ms (0.0%)
[Performance] ProcessService.OnProjectLoaded                                                                                                               :        1 samples, Peak.  54.2 us (1.0x), Avg.  54.2 us, Total. 54.20 us (0.0%)
[Performance] Inspector.InitOrRebuild                                                                                                                      :        2 samples, Peak.   487 us (1.3x), Avg.   370 us, Total. 740.6 us (0.0%)
[Performance] StateMacroSavedEvent.OnWillSaveAssets                                                                                                        :        2 samples, Peak.   402 us (1.9x), Avg.   215 us, Total. 429.4 us (0.0%)
[Performance] FlowMacroSavedEvent.OnWillSaveAssets                                                                                                         :        2 samples, Peak.   184 us (2.0x), Avg.  93.6 us, Total. 187.2 us (0.0%)
[Performance] AssetModificationProcessor.OnWillSaveAssets                                                                                                  :        2 samples, Peak.   222 us (2.0x), Avg.   112 us, Total. 223.6 us (0.0%)
[Performance] UnityCloudProjectLinkMonitor.OnWillSaveAssets                                                                                                :        2 samples, Peak.   237 us (2.0x), Avg.   119 us, Total. 238.2 us (0.0%)
[Performance] BuilderAssetModificationProcessor.OnWillSaveAssets                                                                                           :        2 samples, Peak.   284 us (2.0x), Avg.   144 us, Total. 287.4 us (0.0%)
[Performance] TerrainModificationProcessor.OnWillSaveAssets                                                                                                :        2 samples, Peak.   476 us (2.0x), Avg.   239 us, Total. 478.2 us (0.0%)
[Performance] GenerateAssemblyTypeInfos                                                                                                                    :        2 samples, Peak.  49.9 ms (1.0x), Avg.  47.5 ms, Total. 95.05 ms (0.1%)
[Performance] EditorApplication.quitting: UnityEditor.SettingsManagement.FileSettingsRepository.Save                                                       :        1 samples, Peak.  3.00 ms (1.0x), Avg.  3.00 ms, Total. 3.004 ms (0.0%)
[Performance] EditorApplication.quitting: callback in UnityEditor.TextCore.Text.EditorEventCallbacks                                                       :        1 samples, Peak.  97.6 ms (1.0x), Avg.  97.6 ms, Total. 97.62 ms (0.1%)
[Performance] Killing ADB server                                                                                                                           :        1 samples, Peak.  76.8 ms (1.0x), Avg.  76.8 ms, Total. 76.76 ms (0.1%)
[Performance] Application.Shutdown.PauseProfilerSession                                                                                                    :        1 samples, Peak.   889 us (1.0x), Avg.   889 us, Total. 889.4 us (0.0%)
[Performance] Application.Shutdown.PauseAssetImportWorkers                                                                                                 :        1 samples, Peak.   226 us (1.0x), Avg.   226 us, Total. 226.4 us (0.0%)
[Performance] Application.Shutdown.SaveAssets                                                                                                              :        1 samples, Peak.   252 ms (1.0x), Avg.   252 ms, Total. 251.7 ms (0.2%)
[Performance] Application.Shutdown.CleanupRenderPipeline                                                                                                   :        1 samples, Peak.  3.00 us (1.0x), Avg.  3.00 us, Total. 3.000 us (0.0%)
[Performance] Application.Shutdown.StopPreloadManager                                                                                                      :        1 samples, Peak.  9.95 ms (1.0x), Avg.  9.95 ms, Total. 9.945 ms (0.0%)
[Performance] Application.Shutdown.DestroyWorld                                                                                                            :        1 samples, Peak.   613 us (1.0x), Avg.   613 us, Total. 612.6 us (0.0%)
[Performance] Application.Shutdown.CleanupAfterLoad                                                                                                        :        1 samples, Peak.  16.6 ms (1.0x), Avg.  16.6 ms, Total. 16.57 ms (0.0%)
[Performance] Application.Shutdown.Progress                                                                                                                :        1 samples, Peak.   344 us (1.0x), Avg.   344 us, Total. 343.6 us (0.0%)
[Performance] Application.Shutdown.GICleanupManagers                                                                                                       :        1 samples, Peak.  4.92 ms (1.0x), Avg.  4.92 ms, Total. 4.916 ms (0.0%)
[Performance] Application.Shutdown.MenuCleanupClass                                                                                                        :        1 samples, Peak.   293 us (1.0x), Avg.   293 us, Total. 292.5 us (0.0%)
[Performance] Application.Shutdown.ADBSaveStateBeforeShutdown                                                                                              :        1 samples, Peak.  11.8 us (1.0x), Avg.  11.8 us, Total. 11.80 us (0.0%)
[Performance] Application.Shutdown.RemoteShutdown                                                                                                          :        1 samples, Peak.  1.00 us (1.0x), Avg.  1.00 us, Total. 1.000 us (0.0%)
[Performance] Application.Shutdown.CleanupVCProvider                                                                                                       :        1 samples, Peak.   282 us (1.0x), Avg.   282 us, Total. 281.9 us (0.0%)
[Performance] Application.Shutdown.InputShutdown                                                                                                           :        1 samples, Peak.   287 us (1.0x), Avg.   287 us, Total. 287.1 us (0.0%)
[Performance] Application.Shutdown.GizmoManagerDestroy                                                                                                     :        1 samples, Peak.   941 us (1.0x), Avg.   941 us, Total. 941.2 us (0.0%)
[Performance] Application.Shutdown.ProfilerSession                                                                                                         :        1 samples, Peak.   840 us (1.0x), Avg.   840 us, Total. 839.7 us (0.0%)
[Performance] Application.Shutdown.ReleaseGfxWindowOnAllGUIViews                                                                                           :        1 samples, Peak.   600 ns (1.0x), Avg.   600 ns, Total. 600.0 ns (0.0%)
[Performance] Application.Shutdown.CleanupEngine                                                                                                           :        1 samples, Peak.   178 ms (1.0x), Avg.   178 ms, Total. 177.5 ms (0.1%)
[Performance] Application.Shutdown.CleanupAssetDatabase                                                                                                    :        1 samples, Peak.  19.4 ms (1.0x), Avg.  19.4 ms, Total. 19.39 ms (0.0%)
[Performance] Application.Shutdown.ScriptCompilationCleanUp                                                                                                :        1 samples, Peak.  13.5 ms (1.0x), Avg.  13.5 ms, Total. 13.46 ms (0.0%)
[Performance] Application.Shutdown.DestroyJobSystem                                                                                                        :        1 samples, Peak.   214 us (1.0x), Avg.   214 us, Total. 214.1 us (0.0%)
[Performance] Application.Shutdown.CleanupPersistentManager                                                                                                :        1 samples, Peak.   756 us (1.0x), Avg.   756 us, Total. 755.5 us (0.0%)
[Performance] Application.Shutdown.CleanupAsyncReadManager                                                                                                 :        1 samples, Peak.   580 us (1.0x), Avg.   580 us, Total. 580.1 us (0.0%)
[Performance] Application.Shutdown.CleanupProgressBar                                                                                                      :        1 samples, Peak.   800 ns (1.0x), Avg.   800 ns, Total. 800.0 ns (0.0%)
[Performance] Application.Shutdown.CleanupMono                                                                                                             :        1 samples, Peak.   118 ms (1.0x), Avg.   118 ms, Total. 117.7 ms (0.1%)
[Performance] Application.Shutdown.CleanupStdConverters                                                                                                    :        1 samples, Peak.  11.0 us (1.0x), Avg.  11.0 us, Total. 11.00 us (0.0%)
[Performance] Application.Shutdown.UnloadAllPlatformSupportModuleNativeDlls                                                                                :        1 samples, Peak.  1.10 us (1.0x), Avg.  1.10 us, Total. 1.100 us (0.0%)
[Performance] Application.Shutdown.UnloadAllPlatformSupportNativeLibraries                                                                                 :        1 samples, Peak. 0.0 (-nan(ind)x), Avg. 0.0, Total. 0.0 (0.0%)
[Performance] Application.Shutdown.CleanupAutoDocumentation                                                                                                :        1 samples, Peak.   794 us (1.0x), Avg.   794 us, Total. 794.2 us (0.0%)
[Performance] Application.Shutdown.ShaderNameManagerDestroy                                                                                                :        1 samples, Peak.  78.4 us (1.0x), Avg.  78.4 us, Total. 78.40 us (0.0%)
[Performance] Application.Shutdown.CleanupCacheServer                                                                                                      :        1 samples, Peak.   300 ns (1.0x), Avg.   300 ns, Total. 300.0 ns (0.0%)
[Performance] Application.Shutdown.Virtualization_Shutdown                                                                                                 :        1 samples, Peak.   700 ns (1.0x), Avg.   700 ns, Total. 700.0 ns (0.0%)
[Performance] Application.Shutdown.DevConnections                                                                                                          :        1 samples, Peak.   137 us (1.0x), Avg.   137 us, Total. 137.0 us (0.0%)
Exiting batchmode successfully now!
Exiting without the bug reporter. Application will terminate with return code 0