[Licensing::Module] Trying to connect to existing licensing client channel...
[Licensing::IpcConnector] Channel LicenseClient-User doesn't exist
[Licensing::Module] Successfully launched the LicensingClient (PId: 14464)
[Licensing::IpcConnector] Successfully connected to: "LicenseClient-User" at "2026-06-23T06:15:41.4988619Z"
[Licensing::Client] Code 10 while verifying Licensing Client signature (process Id: 14464, path: "C:/Program Files/Unity/Hub/Editor/2022.3.62f3/Editor/Data/Resources/Licensing/Client/Unity.Licensing.Client.exe")
[Licensing::Module] LicensingClient has failed validation; ignoring
[Licensing::Client] Handshaking with LicensingClient:
  Version:                 1.16.2+bdef8f5
  Session Id:              48c90559a2ed4b419bb8fea085022f61
  Correlation Id:          ca6d0038dac48581696215b25c4a7e12
  External correlation Id: 3131962409823381729
  Machine Id:              Jq9BtygUimSA+fW3p/p42m4cWug=
[Licensing::Module] Successfully connected to LicensingClient on channel: "LicenseClient-User" (connect: 0.85s, validation: 0.08s, handshake: 0.13s)
[Licensing::IpcConnector] Successfully connected to: "LicenseClient-User-notifications" at "2026-06-23T06:15:41.7065886Z"
[Licensing::Module] Connected to LicensingClient (PId: 14464, launch time: 0.00, total connection time: 1.06s)
[Licensing::Module] Error: Access token is unavailable; failed to update
[Licensing::Client] Error: Code 500 while processing request (status: Unable to update licenses. Errors: No ULF license found.,Token not found in cache)
[Licensing::Client] Error: Code 500 while updating license in client (status: Unable to update licenses. Errors: No ULF license found.,Token not found in cache)
Built from '2022.3/respin/2022.3.62f2-4af31df585-v2' branch; Version is '2022.3.62f3 (96770f904ca7) revision 9860879'; Using compiler version '192829333'; Build Type 'Release'
OS: 'Windows 11  (10.0.26200) 64bit Enterprise' Language: 'en' Physical Memory: 10961 MB
[Licensing::Client] Successfully resolved entitlement details
[Licensing::Module] Serial number assigned to: "2474517393173-UnityPersXXXX"
BatchMode: 1, IsHumanControllingUs: 0, StartBugReporterOnCrash: 0, Is64bit: 1, IsPro: 0
[Licensing::Client] Successfully resolved entitlement details

COMMAND LINE ARGUMENTS:
C:\Program Files\Unity\Hub\Editor\2022.3.62f3\Editor\Unity.exe
-batchmode
-quit
-projectPath
C:\Users\User\Documents\QuestCraft v26\QCXR-XR-Wrapper
-executeMethod
QuestCraftCliBuild.BuildAndroid
-outputPath
Builds/QuestCraft-26.2-opengl-java25-lwjglcompat-unity-release.apk
-release
-logFile
C:\Users\User\Documents\QuestCraft v26\QCXR-XR-Wrapper\unity-apk-build-26.2-opengl-java25-lwjglcompat.log
Successfully changed project path to: C:\Users\User\Documents\QuestCraft v26\QCXR-XR-Wrapper
C:/Users/User/Documents/QuestCraft v26/QCXR-XR-Wrapper
[UnityMemory] Configuration Parameters - Can be set up in boot.config
    "memorysetup-bucket-allocator-granularity=16"
    "memorysetup-bucket-allocator-bucket-count=8"
    "memorysetup-bucket-allocator-block-size=33554432"
    "memorysetup-bucket-allocator-block-count=8"
    "memorysetup-main-allocator-block-size=16777216"
    "memorysetup-thread-allocator-block-size=16777216"
    "memorysetup-gfx-main-allocator-block-size=16777216"
    "memorysetup-gfx-thread-allocator-block-size=16777216"
    "memorysetup-cache-allocator-block-size=4194304"
    "memorysetup-typetree-allocator-block-size=2097152"
    "memorysetup-profiler-bucket-allocator-granularity=16"
    "memorysetup-profiler-bucket-allocator-bucket-count=8"
    "memorysetup-profiler-bucket-allocator-block-size=33554432"
    "memorysetup-profiler-bucket-allocator-block-count=8"
    "memorysetup-profiler-allocator-block-size=16777216"
    "memorysetup-profiler-editor-allocator-block-size=1048576"
    "memorysetup-temp-allocator-size-main=16777216"
    "memorysetup-job-temp-allocator-block-size=2097152"
    "memorysetup-job-temp-allocator-block-size-background=1048576"
    "memorysetup-job-temp-allocator-reduction-small-platforms=262144"
    "memorysetup-allocator-temp-initial-block-size-main=262144"
    "memorysetup-allocator-temp-initial-block-size-worker=262144"
    "memorysetup-temp-allocator-size-background-worker=32768"
    "memorysetup-temp-allocator-size-job-worker=262144"
    "memorysetup-temp-allocator-size-preload-manager=33554432"
    "memorysetup-temp-allocator-size-nav-mesh-worker=65536"
    "memorysetup-temp-allocator-size-audio-worker=65536"
    "memorysetup-temp-allocator-size-cloud-worker=32768"
    "memorysetup-temp-allocator-size-gi-baking-worker=262144"
    "memorysetup-temp-allocator-size-gfx=262144"
Player connection [8000]  Target information:

Player connection [8000]  * "[IP] 10.0.0.227 [Port] 55504 [Flags] 2 [Guid] 837317165 [EditorId] 837317165 [Version] 1048832 [Id] WindowsEditor(7,netcats-vibrator) [Debug] 1 [PackageName] WindowsEditor [ProjectName] Editor" 

Player connection [8000] Host joined multi-casting on [225.0.0.222:54997]...
Player connection [8000] Host joined alternative multi-casting on [225.0.0.222:34997]...
Input System module state changed to: Initialized.
[PhysX] Initialized MultithreadedTaskDispatcher with 16 workers.
[Package Manager] UpmClient::Connect -- Connected to IPC stream "Upm-10460" after 0.7 seconds.
[Package Manager] Done resolving packages in 2.11 seconds
[Licensing::Client] Successfully resolved entitlement details
[Package Manager] Registered 61 packages:
  Packages from [https://packages.unity.com]:
    com.unity.collab-proxy@2.7.1 (location: C:\Users\User\Documents\QuestCraft v26\QCXR-XR-Wrapper\Library\PackageCache\com.unity.collab-proxy@2.7.1)
    com.unity.ide.rider@3.0.36 (location: C:\Users\User\Documents\QuestCraft v26\QCXR-XR-Wrapper\Library\PackageCache\com.unity.ide.rider@3.0.36)
    com.unity.ide.visualstudio@2.0.22 (location: C:\Users\User\Documents\QuestCraft v26\QCXR-XR-Wrapper\Library\PackageCache\com.unity.ide.visualstudio@2.0.22)
    com.unity.test-framework@1.3.9 (location: C:\Users\User\Documents\QuestCraft v26\QCXR-XR-Wrapper\Library\PackageCache\com.unity.test-framework@1.3.9)
    com.unity.textmeshpro@3.0.9 (location: C:\Users\User\Documents\QuestCraft v26\QCXR-XR-Wrapper\Library\PackageCache\com.unity.textmeshpro@3.0.9)
    com.unity.timeline@1.8.6 (location: C:\Users\User\Documents\QuestCraft v26\QCXR-XR-Wrapper\Library\PackageCache\com.unity.timeline@1.8.6)
    com.unity.toolchain.win-x86_64-linux-x86_64@2.0.10 (location: C:\Users\User\Documents\QuestCraft v26\QCXR-XR-Wrapper\Library\PackageCache\com.unity.toolchain.win-x86_64-linux-x86_64@2.0.10)
    com.unity.visualscripting@1.9.4 (location: C:\Users\User\Documents\QuestCraft v26\QCXR-XR-Wrapper\Library\PackageCache\com.unity.visualscripting@1.9.4)
    com.unity.xr.core-utils@2.5.2 (location: C:\Users\User\Documents\QuestCraft v26\QCXR-XR-Wrapper\Library\PackageCache\com.unity.xr.core-utils@2.5.2)
    com.unity.xr.interaction.toolkit@3.0.5 (location: C:\Users\User\Documents\QuestCraft v26\QCXR-XR-Wrapper\Library\PackageCache\com.unity.xr.interaction.toolkit@3.0.5)
    com.unity.xr.management@4.5.1 (location: C:\Users\User\Documents\QuestCraft v26\QCXR-XR-Wrapper\Library\PackageCache\com.unity.xr.management@4.5.1)
    com.unity.xr.openxr@1.14.3 (location: C:\Users\User\Documents\QuestCraft v26\QCXR-XR-Wrapper\Library\PackageCache\com.unity.xr.openxr@1.14.3)
    com.unity.xr.legacyinputhelpers@2.1.12 (location: C:\Users\User\Documents\QuestCraft v26\QCXR-XR-Wrapper\Library\PackageCache\com.unity.xr.legacyinputhelpers@2.1.12)
    com.unity.inputsystem@1.14.0 (location: C:\Users\User\Documents\QuestCraft v26\QCXR-XR-Wrapper\Library\PackageCache\com.unity.inputsystem@1.14.0)
    com.unity.mathematics@1.2.6 (location: C:\Users\User\Documents\QuestCraft v26\QCXR-XR-Wrapper\Library\PackageCache\com.unity.mathematics@1.2.6)
    com.unity.sysroot@2.0.10 (location: C:\Users\User\Documents\QuestCraft v26\QCXR-XR-Wrapper\Library\PackageCache\com.unity.sysroot@2.0.10)
    com.unity.sysroot.linux-x86_64@2.0.9 (location: C:\Users\User\Documents\QuestCraft v26\QCXR-XR-Wrapper\Library\PackageCache\com.unity.sysroot.linux-x86_64@2.0.9)
    com.unity.ext.nunit@2.0.3 (location: C:\Users\User\Documents\QuestCraft v26\QCXR-XR-Wrapper\Library\PackageCache\com.unity.ext.nunit@2.0.3)
    com.unity.ide.vscode@1.2.5 (location: C:\Users\User\Documents\QuestCraft v26\QCXR-XR-Wrapper\Library\PackageCache\com.unity.ide.vscode@1.2.5)
    com.unity.editorcoroutines@1.0.0 (location: C:\Users\User\Documents\QuestCraft v26\QCXR-XR-Wrapper\Library\PackageCache\com.unity.editorcoroutines@1.0.0)
    com.unity.performance.profile-analyzer@1.2.3 (location: C:\Users\User\Documents\QuestCraft v26\QCXR-XR-Wrapper\Library\PackageCache\com.unity.performance.profile-analyzer@1.2.3)
    com.unity.testtools.codecoverage@1.2.6 (location: C:\Users\User\Documents\QuestCraft v26\QCXR-XR-Wrapper\Library\PackageCache\com.unity.testtools.codecoverage@1.2.6)
    com.unity.settings-manager@2.1.0 (location: C:\Users\User\Documents\QuestCraft v26\QCXR-XR-Wrapper\Library\PackageCache\com.unity.settings-manager@2.1.0)
  Packages from [https://unitynuget-registry.openupm.com]:
    org.nuget.system.runtime.compilerservices.unsafe@6.0.0 (location: C:\Users\User\Documents\QuestCraft v26\QCXR-XR-Wrapper\Library\PackageCache\org.nuget.system.runtime.compilerservices.unsafe@6.0.0)
  Built-in packages:
    com.unity.2d.sprite@1.0.0 (location: C:\Users\User\Documents\QuestCraft v26\QCXR-XR-Wrapper\Library\PackageCache\com.unity.2d.sprite@1.0.0)
    com.unity.feature.development@1.0.1 (location: C:\Users\User\Documents\QuestCraft v26\QCXR-XR-Wrapper\Library\PackageCache\com.unity.feature.development@1.0.1)
    com.unity.ugui@1.0.0 (location: C:\Users\User\Documents\QuestCraft v26\QCXR-XR-Wrapper\Library\PackageCache\com.unity.ugui@1.0.0)
    com.unity.modules.ai@1.0.0 (location: C:\Users\User\Documents\QuestCraft v26\QCXR-XR-Wrapper\Library\PackageCache\com.unity.modules.ai@1.0.0)
    com.unity.modules.androidjni@1.0.0 (location: C:\Users\User\Documents\QuestCraft v26\QCXR-XR-Wrapper\Library\PackageCache\com.unity.modules.androidjni@1.0.0)
    com.unity.modules.animation@1.0.0 (location: C:\Users\User\Documents\QuestCraft v26\QCXR-XR-Wrapper\Library\PackageCache\com.unity.modules.animation@1.0.0)
    com.unity.modules.assetbundle@1.0.0 (location: C:\Users\User\Documents\QuestCraft v26\QCXR-XR-Wrapper\Library\PackageCache\com.unity.modules.assetbundle@1.0.0)
    com.unity.modules.audio@1.0.0 (location: C:\Users\User\Documents\QuestCraft v26\QCXR-XR-Wrapper\Library\PackageCache\com.unity.modules.audio@1.0.0)
    com.unity.modules.cloth@1.0.0 (location: C:\Users\User\Documents\QuestCraft v26\QCXR-XR-Wrapper\Library\PackageCache\com.unity.modules.cloth@1.0.0)
    com.unity.modules.director@1.0.0 (location: C:\Users\User\Documents\QuestCraft v26\QCXR-XR-Wrapper\Library\PackageCache\com.unity.modules.director@1.0.0)
    com.unity.modules.imageconversion@1.0.0 (location: C:\Users\User\Documents\QuestCraft v26\QCXR-XR-Wrapper\Library\PackageCache\com.unity.modules.imageconversion@1.0.0)
    com.unity.modules.imgui@1.0.0 (location: C:\Users\User\Documents\QuestCraft v26\QCXR-XR-Wrapper\Library\PackageCache\com.unity.modules.imgui@1.0.0)
    com.unity.modules.jsonserialize@1.0.0 (location: C:\Users\User\Documents\QuestCraft v26\QCXR-XR-Wrapper\Library\PackageCache\com.unity.modules.jsonserialize@1.0.0)
    com.unity.modules.particlesystem@1.0.0 (location: C:\Users\User\Documents\QuestCraft v26\QCXR-XR-Wrapper\Library\PackageCache\com.unity.modules.particlesystem@1.0.0)
    com.unity.modules.physics@1.0.0 (location: C:\Users\User\Documents\QuestCraft v26\QCXR-XR-Wrapper\Library\PackageCache\com.unity.modules.physics@1.0.0)
    com.unity.modules.physics2d@1.0.0 (location: C:\Users\User\Documents\QuestCraft v26\QCXR-XR-Wrapper\Library\PackageCache\com.unity.modules.physics2d@1.0.0)
    com.unity.modules.screencapture@1.0.0 (location: C:\Users\User\Documents\QuestCraft v26\QCXR-XR-Wrapper\Library\PackageCache\com.unity.modules.screencapture@1.0.0)
    com.unity.modules.terrain@1.0.0 (location: C:\Users\User\Documents\QuestCraft v26\QCXR-XR-Wrapper\Library\PackageCache\com.unity.modules.terrain@1.0.0)
    com.unity.modules.terrainphysics@1.0.0 (location: C:\Users\User\Documents\QuestCraft v26\QCXR-XR-Wrapper\Library\PackageCache\com.unity.modules.terrainphysics@1.0.0)
    com.unity.modules.tilemap@1.0.0 (location: C:\Users\User\Documents\QuestCraft v26\QCXR-XR-Wrapper\Library\PackageCache\com.unity.modules.tilemap@1.0.0)
    com.unity.modules.ui@1.0.0 (location: C:\Users\User\Documents\QuestCraft v26\QCXR-XR-Wrapper\Library\PackageCache\com.unity.modules.ui@1.0.0)
    com.unity.modules.uielements@1.0.0 (location: C:\Users\User\Documents\QuestCraft v26\QCXR-XR-Wrapper\Library\PackageCache\com.unity.modules.uielements@1.0.0)
    com.unity.modules.umbra@1.0.0 (location: C:\Users\User\Documents\QuestCraft v26\QCXR-XR-Wrapper\Library\PackageCache\com.unity.modules.umbra@1.0.0)
    com.unity.modules.unityanalytics@1.0.0 (location: C:\Users\User\Documents\QuestCraft v26\QCXR-XR-Wrapper\Library\PackageCache\com.unity.modules.unityanalytics@1.0.0)
    com.unity.modules.unitywebrequest@1.0.0 (location: C:\Users\User\Documents\QuestCraft v26\QCXR-XR-Wrapper\Library\PackageCache\com.unity.modules.unitywebrequest@1.0.0)
    com.unity.modules.unitywebrequestassetbundle@1.0.0 (location: C:\Users\User\Documents\QuestCraft v26\QCXR-XR-Wrapper\Library\PackageCache\com.unity.modules.unitywebrequestassetbundle@1.0.0)
    com.unity.modules.unitywebrequestaudio@1.0.0 (location: C:\Users\User\Documents\QuestCraft v26\QCXR-XR-Wrapper\Library\PackageCache\com.unity.modules.unitywebrequestaudio@1.0.0)
    com.unity.modules.unitywebrequesttexture@1.0.0 (location: C:\Users\User\Documents\QuestCraft v26\QCXR-XR-Wrapper\Library\PackageCache\com.unity.modules.unitywebrequesttexture@1.0.0)
    com.unity.modules.unitywebrequestwww@1.0.0 (location: C:\Users\User\Documents\QuestCraft v26\QCXR-XR-Wrapper\Library\PackageCache\com.unity.modules.unitywebrequestwww@1.0.0)
    com.unity.modules.vehicles@1.0.0 (location: C:\Users\User\Documents\QuestCraft v26\QCXR-XR-Wrapper\Library\PackageCache\com.unity.modules.vehicles@1.0.0)
    com.unity.modules.video@1.0.0 (location: C:\Users\User\Documents\QuestCraft v26\QCXR-XR-Wrapper\Library\PackageCache\com.unity.modules.video@1.0.0)
    com.unity.modules.vr@1.0.0 (location: C:\Users\User\Documents\QuestCraft v26\QCXR-XR-Wrapper\Library\PackageCache\com.unity.modules.vr@1.0.0)
    com.unity.modules.wind@1.0.0 (location: C:\Users\User\Documents\QuestCraft v26\QCXR-XR-Wrapper\Library\PackageCache\com.unity.modules.wind@1.0.0)
    com.unity.modules.xr@1.0.0 (location: C:\Users\User\Documents\QuestCraft v26\QCXR-XR-Wrapper\Library\PackageCache\com.unity.modules.xr@1.0.0)
    com.unity.modules.subsystems@1.0.0 (location: C:\Users\User\Documents\QuestCraft v26\QCXR-XR-Wrapper\Library\PackageCache\com.unity.modules.subsystems@1.0.0)
  Local packages:
    com.netpyoung.webp@file:C:\Users\User\Documents\QuestCraft v26\QCXR-XR-Wrapper\Packages\LocalPackages\unity.webp (location: C:\Users\User\Documents\QuestCraft v26\QCXR-XR-Wrapper\Packages\LocalPackages\unity.webp)
    com.unity.xr.openxr.picoxr@file:C:\Users\User\Documents\QuestCraft v26\QCXR-XR-Wrapper\Packages\LocalPackages\PICO Unity OpenXR Integration SDK-1.3.0 (location: C:\Users\User\Documents\QuestCraft v26\QCXR-XR-Wrapper\Packages\LocalPackages\PICO Unity OpenXR Integration SDK-1.3.0)
[Subsystems] Looking for new subsystems at path C:\Users\User\Documents\QuestCraft v26\QCXR-XR-Wrapper\Library\PackageCache\com.unity.xr.openxr@1.14.3
[Subsystems] Novel subsystem found at Library/PackageCache/com.unity.xr.openxr@1.14.3/Runtime/UnitySubsystemsManifest.json
[Subsystems] Discovering subsystems at path C:/Program Files/Unity/Hub/Editor/2022.3.62f3/Editor/Data/Resources/UnitySubsystems
[Subsystems] Discovering subsystems at path C:/Users/User/Documents/QuestCraft v26/QCXR-XR-Wrapper/Assets
[Subsystems] Discovering subsystems at path C:\Users\User\Documents\QuestCraft v26\QCXR-XR-Wrapper\Library\PackageCache\com.unity.xr.openxr@1.14.3
[Subsystems] No descriptors matched for  examples in Library/PackageCache/com.unity.xr.openxr@1.14.3/Runtime/UnitySubsystemsManifest.json.
[Subsystems] 1 'inputs' descriptors matched in Library/PackageCache/com.unity.xr.openxr@1.14.3/Runtime/UnitySubsystemsManifest.json
[Subsystems] 1 'displays' descriptors matched in Library/PackageCache/com.unity.xr.openxr@1.14.3/Runtime/UnitySubsystemsManifest.json
[Subsystems] No descriptors matched for  meshings in Library/PackageCache/com.unity.xr.openxr@1.14.3/Runtime/UnitySubsystemsManifest.json.
[Subsystems] Discovering subsystems at path C:\Users\User\Documents\QuestCraft v26\QCXR-XR-Wrapper\Packages\LocalPackages\PICO Unity OpenXR Integration SDK-1.3.0
[Subsystems] No descriptors matched for  examples in Packages/LocalPackages/PICO Unity OpenXR Integration SDK-1.3.0/Runtime/UnitySubsystemsManifest.json.
[Subsystems] No descriptors matched for  inputs in Packages/LocalPackages/PICO Unity OpenXR Integration SDK-1.3.0/Runtime/UnitySubsystemsManifest.json.
[Subsystems] No descriptors matched for  displays in Packages/LocalPackages/PICO Unity OpenXR Integration SDK-1.3.0/Runtime/UnitySubsystemsManifest.json.
[Subsystems] 1 'meshings' descriptors matched in Packages/LocalPackages/PICO Unity OpenXR Integration SDK-1.3.0/Runtime/UnitySubsystemsManifest.json
Package Manager log level set to [2]
[Package Manager] Done registering packages in 0.20 seconds
[Licensing::Client] Successfully resolved entitlement details
Refreshing native plugins compatible for Editor in 3066.13 ms, found 19 plugins.
Preloading 0 native plugins for Editor in 0.00 ms.
Initialize engine version: 2022.3.62f3 (96770f904ca7)
[Subsystems] Discovering subsystems at path C:/Program Files/Unity/Hub/Editor/2022.3.62f3/Editor/Data/Resources/UnitySubsystems
[Subsystems] Discovering subsystems at path C:/Users/User/Documents/QuestCraft v26/QCXR-XR-Wrapper/Assets
[Subsystems] Discovering subsystems at path C:\Users\User\Documents\QuestCraft v26\QCXR-XR-Wrapper\Library\PackageCache\com.unity.xr.openxr@1.14.3
[Subsystems] No descriptors matched for  examples in Library/PackageCache/com.unity.xr.openxr@1.14.3/Runtime/UnitySubsystemsManifest.json.
[Subsystems] 1 'inputs' descriptors matched in Library/PackageCache/com.unity.xr.openxr@1.14.3/Runtime/UnitySubsystemsManifest.json
[Subsystems] 1 'displays' descriptors matched in Library/PackageCache/com.unity.xr.openxr@1.14.3/Runtime/UnitySubsystemsManifest.json
[Subsystems] No descriptors matched for  meshings in Library/PackageCache/com.unity.xr.openxr@1.14.3/Runtime/UnitySubsystemsManifest.json.
[Subsystems] Discovering subsystems at path C:\Users\User\Documents\QuestCraft v26\QCXR-XR-Wrapper\Packages\LocalPackages\PICO Unity OpenXR Integration SDK-1.3.0
[Subsystems] No descriptors matched for  examples in Packages/LocalPackages/PICO Unity OpenXR Integration SDK-1.3.0/Runtime/UnitySubsystemsManifest.json.
[Subsystems] No descriptors matched for  inputs in Packages/LocalPackages/PICO Unity OpenXR Integration SDK-1.3.0/Runtime/UnitySubsystemsManifest.json.
[Subsystems] No descriptors matched for  displays in Packages/LocalPackages/PICO Unity OpenXR Integration SDK-1.3.0/Runtime/UnitySubsystemsManifest.json.
[Subsystems] 1 'meshings' descriptors matched in Packages/LocalPackages/PICO Unity OpenXR Integration SDK-1.3.0/Runtime/UnitySubsystemsManifest.json
GfxDevice: creating device client; threaded=0; jobified=0
Direct3D:
    Version:  Direct3D 11.0 [level 11.1]
    Renderer: AMD Radeon Graphics (ID=0x15bf)
    Vendor:   ATI
    VRAM:     5480 MB
    Driver:   32.0.23027.3001
[Licensing::Client] Successfully resolved entitlement details
Initialize mono
Mono path[0] = 'C:/Program Files/Unity/Hub/Editor/2022.3.62f3/Editor/Data/Managed'
Mono path[1] = 'C:/Program Files/Unity/Hub/Editor/2022.3.62f3/Editor/Data/MonoBleedingEdge/lib/mono/unityjit-win32'
Mono config path = 'C:/Program Files/Unity/Hub/Editor/2022.3.62f3/Editor/Data/MonoBleedingEdge/etc'
Using monoOptions --debugger-agent=transport=dt_socket,embedding=1,server=y,suspend=n,address=127.0.0.1:56460
Using cacheserver namespaces - metadata:defaultmetadata, artifacts:defaultartifacts
Using cacheserver namespaces - metadata:defaultmetadata, artifacts:defaultartifacts
ImportWorker Server TCP listen port: 0
Begin MonoManager ReloadAssembly
Registering precompiled unity dll's ...
Register platform support module: C:/Program Files/Unity/Hub/Editor/2022.3.62f3/Editor/Data/PlaybackEngines/AndroidPlayer/UnityEditor.Android.Extensions.dll
Register platform support module: C:/Program Files/Unity/Hub/Editor/2022.3.62f3/Editor/Data/PlaybackEngines/WindowsStandaloneSupport/UnityEditor.WindowsStandalone.Extensions.dll
Register platform support module: C:/Program Files/Unity/Hub/Editor/2022.3.62f3/Editor/Data/PlaybackEngines/LinuxStandaloneSupport/UnityEditor.LinuxStandalone.Extensions.dll
[Licensing::Client] Successfully resolved entitlement details
Register platform support module: C:/Program Files/Unity/Hub/Editor/2022.3.62f3/Editor/Data/PlaybackEngines/MetroSupport/UnityEditor.UWP.Extensions.dll
Registered in 0.029669 seconds.
- Loaded All Assemblies, in  6.867 seconds
Native extension for UWP target not found
Native extension for LinuxStandalone target not found
Native extension for WindowsStandalone target not found
Native extension for Android target not found
Android Extension - Scanning For ADB Devices 2306 ms
Mono: successfully reloaded assembly
- Finished resetting the current domain, in  2.611 seconds
Domain Reload Profiling: 9478ms
	BeginReloadAssembly (6558ms)
		ExecutionOrderSort (0ms)
		DisableScriptedObjects (0ms)
		BackupInstance (0ms)
		ReleaseScriptingObjects (0ms)
		CreateAndSetChildDomain (1ms)
	RebuildCommonClasses (40ms)
	RebuildNativeTypeToScriptingClass (9ms)
	initialDomainReloadingComplete (89ms)
	LoadAllAssembliesAndSetupDomain (169ms)
		LoadAssemblies (6578ms)
		RebuildTransferFunctionScriptingTraits (0ms)
		AnalyzeDomain (143ms)
			TypeCache.Refresh (141ms)
				TypeCache.ScanAssembly (127ms)
			ScanForSourceGeneratedMonoScriptInfo (1ms)
			ResolveRequiredComponents (1ms)
	FinalizeReload (2613ms)
		ReleaseScriptCaches (0ms)
		RebuildScriptCaches (0ms)
		SetupLoadedEditorAssemblies (2573ms)
			LogAssemblyErrors (0ms)
			InitializePlatformSupportModulesInManaged (2421ms)
			SetLoadedEditorAssemblies (3ms)
			RefreshPlugins (0ms)
			BeforeProcessingInitializeOnLoad (4ms)
			ProcessInitializeOnLoadAttributes (99ms)
			ProcessInitializeOnLoadMethodAttributes (46ms)
			AfterProcessingInitializeOnLoad (0ms)
			EditorAssembliesLoaded (0ms)
		ExecutionOrderSort2 (0ms)
		AwakeInstancesAfterBackupRestoration (0ms)
[Licensing::Client] Successfully resolved entitlement details
[Licensing::Client] Successfully resolved entitlement details
Application.AssetDatabase Initial Refresh Start
info: Microsoft.Hosting.Lifetime[14]
      Now listening on: http://localhost:80
info: Microsoft.Hosting.Lifetime[0]
      Application started. Press Ctrl+C to shut down.
info: Microsoft.Hosting.Lifetime[0]
      Hosting environment: Production
info: Microsoft.Hosting.Lifetime[0]
      Content root path: C:\Users\User\Documents\QuestCraft v26\QCXR-XR-Wrapper\
info: Microsoft.AspNetCore.Hosting.Diagnostics[1]
      Request starting HTTP/2 POST http://ilpp/UnityILPP.PostProcessing/Ping application/grpc -
info: Microsoft.AspNetCore.Routing.EndpointMiddleware[0]
      Executing endpoint 'gRPC - /UnityILPP.PostProcessing/Ping'
info: Microsoft.AspNetCore.Routing.EndpointMiddleware[1]
      Executed endpoint 'gRPC - /UnityILPP.PostProcessing/Ping'
info: Microsoft.AspNetCore.Hosting.Diagnostics[2]
      Request finished HTTP/2 POST http://ilpp/UnityILPP.PostProcessing/Ping application/grpc - - 200 - application/grpc 38.6592ms
Starting: C:\Program Files\Unity\Hub\Editor\2022.3.62f3\Editor\Data\bee_backend.exe --ipc --defer-dag-verification --dagfile="Library/Bee/1300b0aE.dag" --continue-on-failure --profile="Library/Bee/backend1.traceevents" ScriptAssemblies
WorkingDir: C:/Users/User/Documents/QuestCraft v26/QCXR-XR-Wrapper
DisplayProgressbar: Compiling Scripts
ExitCode: 4 Duration: 0s214ms
Rebuilding DAG because FileSignature timestamp changed: Library/Bee/1300b0aE-inputdata.json
*** Tundra requires additional run (0.16 seconds), 0 items updated, 717 evaluated
Starting: C:\Program Files\Unity\Hub\Editor\2022.3.62f3\Editor\Data\Tools\netcorerun\netcorerun.exe "C:\Program Files\Unity\Hub\Editor\2022.3.62f3\Editor\Data\Tools\BuildPipeline\ScriptCompilationBuildProgram.exe" "Library/Bee/1300b0aE.dag.json" "Library/Bee/1300b0aE-inputdata.json" "Library\Bee\buildprogram0.traceevents"
WorkingDir: C:/Users/User/Documents/QuestCraft v26/QCXR-XR-Wrapper
ExitCode: 0 Duration: 1s171ms
Starting: C:\Program Files\Unity\Hub\Editor\2022.3.62f3\Editor\Data\bee_backend.exe --ipc --defer-dag-verification --dagfile="Library/Bee/1300b0aE.dag" --continue-on-failure --dagfilejson="Library\Bee\1300b0aE.dag.json" --profile="Library/Bee/backend2.traceevents" ScriptAssemblies
WorkingDir: C:/Users/User/Documents/QuestCraft v26/QCXR-XR-Wrapper
ExitCode: 0 Duration: 0s228ms
Finished compiling graph: 720 nodes, 10398 flattened edges (9112 ToBuild, 140 ToUse), maximum node priority 605
[115/717    0s] WriteText Library/Bee/artifacts/1300b0aE.dag/UnityEngine.TestRunner.rsp2
[116/717    0s] WriteText Library/Bee/artifacts/1300b0aE.dag/UnityEngine.TestRunner.UnityAdditionalFile.txt
[117/717    0s] WriteText Library/Bee/artifacts/1300b0aE.dag/Unity.XR.Management.rsp2
[118/717    0s] WriteText Library/Bee/artifacts/1300b0aE.dag/UnityEngine.UI.UnityAdditionalFile.txt
[120/717    0s] WriteText Library/Bee/artifacts/1300b0aE.dag/Unity.XR.Management.UnityAdditionalFile.txt
[121/717    0s] WriteText Library/Bee/artifacts/1300b0aE.dag/Unity.XR.CoreUtils.Editor.rsp2
[126/717    0s] WriteText Library/Bee/artifacts/1300b0aE.dag/Unity.XR.CoreUtils.Editor.UnityAdditionalFile.txt
[128/717    0s] WriteText Library/Bee/artifacts/1300b0aE.dag/Unity.XR.Management.Editor.UnityAdditionalFile.txt
[129/717    0s] WriteText Library/Bee/artifacts/1300b0aE.dag/Unity.XR.OpenXR.UnityAdditionalFile.txt
[130/717    0s] WriteText Library/Bee/artifacts/1300b0aE.dag/Unity.XR.Management.Editor.rsp2
[134/717    0s] WriteText Library/Bee/artifacts/1300b0aE.dag/Unity.XR.OpenXR.rsp2
[136/717    0s] WriteText Library/Bee/artifacts/1300b0aE.dag/Unity.VisualScripting.Core.rsp2
[137/717    0s] WriteText Library/Bee/artifacts/1300b0aE.dag/Unity.VisualScripting.Core.UnityAdditionalFile.txt
[138/717    0s] WriteText Library/Bee/artifacts/1300b0aE.dag/Unity.VisualScripting.Flow.rsp2
[143/717    0s] WriteText Library/Bee/artifacts/1300b0aE.dag/Unity.VisualScripting.Flow.UnityAdditionalFile.txt
[144/717    0s] WriteText Library/Bee/artifacts/1300b0aE.dag/Unity.VisualScripting.Core.Editor.UnityAdditionalFile.txt
[145/717    0s] WriteText Library/Bee/artifacts/1300b0aE.dag/Unity.VisualScripting.Core.Editor.rsp2
[146/717    0s] WriteText Library/Bee/artifacts/1300b0aE.dag/Unity.XR.OpenXRPico.rsp2
[148/717    0s] WriteText Library/Bee/artifacts/1300b0aE.dag/Unity.XR.OpenXR.Editor.UnityAdditionalFile.txt
[149/717    0s] WriteText Library/Bee/artifacts/1300b0aE.dag/Unity.XR.OpenXRPico.UnityAdditionalFile.txt
[151/717    0s] WriteText Library/Bee/artifacts/1300b0aE.dag/UnityEditor.TestRunner.UnityAdditionalFile.txt
[152/717    0s] WriteText Library/Bee/artifacts/1300b0aE.dag/Unity.Mathematics.UnityAdditionalFile.txt
[153/717    0s] WriteText Library/Bee/artifacts/1300b0aE.dag/UnityEngine.UI.rsp2
[154/717    0s] WriteText Library/Bee/artifacts/1300b0aE.dag/Unity.Mathematics.rsp2
[155/717    0s] WriteText Library/Bee/artifacts/1300b0aE.dag/Unity.XR.OpenXR.Editor.rsp2
[156/717    0s] WriteText Library/Bee/artifacts/1300b0aE.dag/Unity.VisualScripting.Flow.Editor.UnityAdditionalFile.txt
[157/717    0s] WriteText Library/Bee/artifacts/1300b0aE.dag/Unity.VisualScripting.State.rsp2
[158/717    0s] WriteText Library/Bee/artifacts/1300b0aE.dag/Unity.VisualScripting.Flow.Editor.rsp2
[159/717    0s] WriteText Library/Bee/artifacts/1300b0aE.dag/Unity.VisualScripting.State.UnityAdditionalFile.txt
[160/717    0s] WriteText Library/Bee/artifacts/1300b0aE.dag/UnityEngine.XR.LegacyInputHelpers.UnityAdditionalFile.txt
[161/717    0s] WriteText Library/Bee/artifacts/1300b0aE.dag/UnityEngine.XR.LegacyInputHelpers.rsp2
[166/717    0s] WriteText Library/Bee/artifacts/1300b0aE.dag/Unity.XR.OpenXR.Features.MetaQuestSupport.UnityAdditionalFile.txt
[167/717    0s] WriteText Library/Bee/artifacts/1300b0aE.dag/Unity.XR.OpenXR.Features.MetaQuestSupport.rsp2
[177/717    0s] WriteText Library/Bee/artifacts/1300b0aE.dag/Unity.SysrootPackage.Editor.rsp2
[181/717    0s] WriteText Library/Bee/artifacts/1300b0aE.dag/Unity.SysrootPackage.Editor.UnityAdditionalFile.txt
[185/717    0s] WriteText Library/Bee/artifacts/1300b0aE.dag/Unity.XR.OpenXR.Features.PICOSupport.UnityAdditionalFile.txt
[186/717    0s] WriteText Library/Bee/artifacts/1300b0aE.dag/Unity.XR.OpenXR.Features.PICOSupport.rsp2
[189/717    0s] WriteText Library/Bee/artifacts/1300b0aE.dag/Unity.XR.Interaction.Toolkit.UnityAdditionalFile.txt
[190/717    0s] WriteText Library/Bee/artifacts/1300b0aE.dag/Unity.TestTools.CodeCoverage.Editor.OpenCover.Model.UnityAdditionalFile.txt
[191/717    0s] WriteText Library/Bee/artifacts/1300b0aE.dag/Unity.XR.Interaction.Toolkit.rsp2
[192/717    0s] WriteText Library/Bee/artifacts/1300b0aE.dag/Unity.Sysroot.Linux_x86_64.UnityAdditionalFile.txt
[193/717    0s] WriteText Library/Bee/artifacts/1300b0aE.dag/Unity.Timeline.UnityAdditionalFile.txt
[194/717    0s] WriteText Library/Bee/artifacts/1300b0aE.dag/Unity.TextMeshPro.rsp2
[195/717    0s] WriteText Library/Bee/artifacts/1300b0aE.dag/Unity.VisualScripting.State.Editor.rsp2
[196/717    0s] WriteText Library/Bee/artifacts/1300b0aE.dag/UnityEditor.TestRunner.rsp2
[197/717    0s] WriteText Library/Bee/artifacts/1300b0aE.dag/Unity.Sysroot.Linux_x86_64.rsp2
[198/717    0s] WriteText Library/Bee/artifacts/1300b0aE.dag/Unity.TestTools.CodeCoverage.Editor.OpenCover.Mono.Reflection.rsp2
[199/717    0s] WriteText Library/Bee/artifacts/1300b0aE.dag/UnityEditor.UI.UnityAdditionalFile.txt
[200/717    0s] WriteText Library/Bee/artifacts/1300b0aE.dag/Unity.TestTools.CodeCoverage.Editor.OpenCover.Mono.Reflection.UnityAdditionalFile.txt
[201/717    0s] WriteText Library/Bee/artifacts/1300b0aE.dag/Unity.TestTools.CodeCoverage.Editor.OpenCover.Model.rsp2
[204/717    0s] WriteText Library/Bee/artifacts/1300b0aE.dag/Unity.Timeline.rsp2
[212/717    0s] WriteText Library/Bee/artifacts/1300b0aE.dag/UnityEditor.UI.rsp2
[217/717    0s] WriteText Library/Bee/artifacts/1300b0aE.dag/Unity.Settings.Editor.rsp2
[223/717    0s] WriteText Library/Bee/artifacts/1300b0aE.dag/Unity.Settings.Editor.UnityAdditionalFile.txt
[226/717    0s] WriteText Library/Bee/artifacts/1300b0aE.dag/Unity.XR.OpenXR.Features.OculusQuestSupport.UnityAdditionalFile.txt
[228/717    0s] WriteText Library/Bee/artifacts/1300b0aE.dag/Unity.TextMeshPro.UnityAdditionalFile.txt
[229/717    0s] WriteText Library/Bee/artifacts/1300b0aE.dag/Unity.XR.OpenXR.Features.OculusQuestSupport.rsp2
[231/717    0s] WriteText Library/Bee/artifacts/1300b0aE.dag/Unity.VisualScripting.State.Editor.UnityAdditionalFile.txt
[232/717    0s] WriteText Library/Bee/artifacts/1300b0aE.dag/Unity.XR.OpenXR.Features.RuntimeDebugger.UnityAdditionalFile.txt
[233/717    0s] WriteText Library/Bee/artifacts/1300b0aE.dag/Unity.XR.OpenXR.Features.PICOSupport.Editor.UnityAdditionalFile.txt
[234/717    0s] WriteText Library/Bee/artifacts/1300b0aE.dag/Unity.XR.OpenXR.Features.RuntimeDebugger.rsp2
[235/717    0s] WriteText Library/Bee/artifacts/1300b0aE.dag/Unity.XR.OpenXR.Features.PICOSupport.Editor.rsp2
[236/717    0s] WriteText Library/Bee/artifacts/1300b0aE.dag/Unity.PlasticSCM.Editor.rsp2
[237/717    0s] WriteText Library/Bee/artifacts/1300b0aE.dag/Unity.PlasticSCM.Editor.UnityAdditionalFile.txt
[238/717    0s] WriteText Library/Bee/artifacts/1300b0aE.dag/UnityEditor.XR.LegacyInputHelpers.rsp2
[239/717    0s] WriteText Library/Bee/artifacts/1300b0aE.dag/Unity.2D.Sprite.Editor.UnityAdditionalFile.txt
[240/717    0s] WriteText Library/Bee/artifacts/1300b0aE.dag/Unity.2D.Sprite.Editor.rsp2
[241/717    0s] WriteText Library/Bee/artifacts/1300b0aE.dag/Unity.Mathematics.Editor.rsp2
[242/717    0s] WriteText Library/Bee/artifacts/1300b0aE.dag/Unity.Mathematics.Editor.UnityAdditionalFile.txt
[243/717    0s] WriteText Library/Bee/artifacts/1300b0aE.dag/Unity.EditorCoroutines.Editor.UnityAdditionalFile.txt
[244/717    0s] WriteText Library/Bee/artifacts/1300b0aE.dag/Unity.Performance.Profile-Analyzer.Editor.UnityAdditionalFile.txt
[245/717    0s] WriteText Library/Bee/artifacts/1300b0aE.dag/UnityEditor.XR.LegacyInputHelpers.UnityAdditionalFile.txt
[246/717    0s] WriteText Library/Bee/artifacts/1300b0aE.dag/Unity.Performance.Profile-Analyzer.Editor.rsp2
[247/717    0s] WriteText Library/Bee/artifacts/1300b0aE.dag/Unity.VisualScripting.Shared.Editor.rsp2
[248/717    0s] WriteText Library/Bee/artifacts/1300b0aE.dag/Unity.Rider.Editor.UnityAdditionalFile.txt
[249/717    0s] WriteText Library/Bee/artifacts/1300b0aE.dag/UnityEditor.SpatialTracking.rsp2
[250/717    0s] WriteText Library/Bee/artifacts/1300b0aE.dag/Unity.EditorCoroutines.Editor.rsp2
[251/717    0s] WriteText Library/Bee/artifacts/1300b0aE.dag/Unity.XR.OpenXR.Features.MetaQuestSupport.Editor.rsp2
[252/717    0s] WriteText Library/Bee/artifacts/1300b0aE.dag/Unity.XR.Interaction.Toolkit.Editor.rsp2
[253/717    0s] WriteText Library/Bee/artifacts/1300b0aE.dag/Unity.Rider.Editor.rsp2
[254/717    0s] WriteText Library/Bee/artifacts/1300b0aE.dag/Unity.XR.OpenXR.Features.ConformanceAutomation.UnityAdditionalFile.txt
[255/717    0s] WriteText Library/Bee/artifacts/1300b0aE.dag/Unity.InputSystem.rsp2
[256/717    0s] WriteText Library/Bee/artifacts/1300b0aE.dag/Unity.TestTools.CodeCoverage.Editor.UnityAdditionalFile.txt
[257/717    0s] WriteText Library/Bee/artifacts/1300b0aE.dag/UnityEditor.SpatialTracking.UnityAdditionalFile.txt
[258/717    0s] WriteText Library/Bee/artifacts/1300b0aE.dag/Unity.TestTools.CodeCoverage.Editor.rsp2
[259/717    0s] WriteText Library/Bee/artifacts/1300b0aE.dag/Unity.VisualStudio.Editor.UnityAdditionalFile.txt
[260/717    0s] WriteText Library/Bee/artifacts/1300b0aE.dag/Unity.TextMeshPro.Editor.rsp2
[261/717    0s] WriteText Library/Bee/artifacts/1300b0aE.dag/Unity.TextMeshPro.Editor.UnityAdditionalFile.txt
[262/717    0s] WriteText Library/Bee/artifacts/1300b0aE.dag/Unity.XR.OpenXR.Features.RuntimeDebugger.Editor.rsp2
[263/717    0s] WriteText Library/Bee/artifacts/1300b0aE.dag/Unity.XR.OpenXR.Features.RuntimeDebugger.Editor.UnityAdditionalFile.txt
[264/717    0s] WriteText Library/Bee/artifacts/1300b0aE.dag/Unity.InputSystem.ForUI.UnityAdditionalFile.txt
[265/717    0s] WriteText Library/Bee/artifacts/1300b0aE.dag/Unity.Timeline.Editor.UnityAdditionalFile.txt
[266/717    0s] WriteText Library/Bee/artifacts/1300b0aE.dag/Unity.XR.OpenXR.Features.MetaQuestSupport.Editor.UnityAdditionalFile.txt
[267/717    0s] WriteText Library/Bee/artifacts/1300b0aE.dag/Unity.VisualStudio.Editor.rsp2
[269/717    0s] WriteText Library/Bee/artifacts/1300b0aE.dag/UnityGifDecoder.UnityAdditionalFile.txt
[270/717    0s] WriteText Library/Bee/artifacts/1300b0aE.dag/Unity.Timeline.Editor.rsp2
[271/717    0s] WriteText Library/Bee/artifacts/1300b0aE.dag/Unity.XR.Interaction.Toolkit.Samples.StarterAssets.UnityAdditionalFile.txt
[272/717    0s] WriteText Library/Bee/artifacts/1300b0aE.dag/Unity.Toolchain.Win-x86_64-Linux-x86_64.UnityAdditionalFile.txt
[274/717    0s] WriteText Library/Bee/artifacts/1300b0aE.dag/Unity.XR.OpenXR.Features.OculusQuestSupport.Editor.rsp2
[275/717    0s] WriteText Library/Bee/artifacts/1300b0aE.dag/Unity.Toolchain.Win-x86_64-Linux-x86_64.rsp2
[276/717    0s] WriteText Library/Bee/artifacts/1300b0aE.dag/Unity.XR.Interaction.Toolkit.Editor.UnityAdditionalFile.txt
[278/717    0s] WriteText Library/Bee/artifacts/1300b0aE.dag/Unity.VSCode.Editor.UnityAdditionalFile.txt
[283/717    0s] WriteText Library/Bee/artifacts/1300b0aE.dag/Unity.VSCode.Editor.rsp2
[286/717    0s] WriteText Library/Bee/artifacts/1300b0aE.dag/Unity.XR.OpenXR.Features.ConformanceAutomation.rsp2
[315/717    0s] WriteText Library/Bee/artifacts/1300b0aE.dag/Unity.VisualScripting.SettingsProvider.Editor.UnityAdditionalFile.txt
[325/717    0s] WriteText Library/Bee/artifacts/1300b0aE.dag/Unity.XR.OpenXR.Features.OculusQuestSupport.Editor.UnityAdditionalFile.txt
[335/717    0s] WriteText Library/Bee/artifacts/1300b0aE.dag/Unity.VisualScripting.SettingsProvider.Editor.rsp2
[337/717    0s] WriteText Library/Bee/artifacts/1300b0aE.dag/Unity.InputSystem.ForUI.rsp2
[338/717    0s] WriteText Library/Bee/artifacts/1300b0aE.dag/PICO.Platform.UnityAdditionalFile.txt
[340/717    0s] WriteText Library/Bee/artifacts/1300b0aE.dag/Unity.VisualScripting.Shared.Editor.UnityAdditionalFile.txt
[350/717    0s] WriteText Library/Bee/artifacts/1300b0aE.dag/PICO.Platform.rsp2
[353/717    0s] WriteText Library/Bee/artifacts/1300b0aE.dag/Unity.InputSystem.UnityAdditionalFile.txt
[357/717    0s] WriteText Library/Bee/artifacts/1300b0aE.dag/UnityEngine.SpatialTracking.rsp2
[360/717    0s] WriteText Library/Bee/artifacts/1300b0aE.dag/PICO.TobSupport.UnityAdditionalFile.txt
[361/717    0s] WriteText Library/Bee/artifacts/1300b0aE.dag/unity.webp.rsp2
[363/717    0s] WriteText Library/Bee/artifacts/1300b0aE.dag/PICO.Platform.Editor.UnityAdditionalFile.txt
[365/717    0s] WriteText Library/Bee/artifacts/1300b0aE.dag/ControllerSample.UnityAdditionalFile.txt
[372/717    0s] WriteText Library/Bee/artifacts/1300b0aE.dag/unity.webp.UnityAdditionalFile.txt
[373/717    0s] WriteText Library/Bee/artifacts/1300b0aE.dag/PICO.Platform.Editor.rsp2
[376/717    0s] WriteText Library/Bee/artifacts/1300b0aE.dag/PICO.TobSupport.rsp2
[380/717    0s] WriteText Library/Bee/artifacts/1300b0aE.dag/Assembly-CSharp.UnityAdditionalFile.txt
[382/717    0s] WriteText Library/Bee/artifacts/1300b0aE.dag/Unity.XR.OpenXR.Features.MockRuntime.rsp2
[384/717    0s] WriteText Library/Bee/artifacts/1300b0aE.dag/Unity.XR.OpenXR.Features.MockRuntime.UnityAdditionalFile.txt
[387/717    0s] WriteText Library/Bee/artifacts/1300b0aE.dag/Unity.InputSystem.TestFramework.rsp2
[409/717    0s] WriteText Library/Bee/artifacts/1300b0aE.dag/Unity.InputSystem.TestFramework.UnityAdditionalFile.txt
[415/717    0s] WriteText Library/Bee/artifacts/1300b0aE.dag/WebP.Editor.UnityAdditionalFile.txt
[416/717    0s] WriteText Library/Bee/artifacts/1300b0aE.dag/Unity.InputSystem.DocCodeSamples.UnityAdditionalFile.txt
[425/717    0s] WriteText Library/Bee/artifacts/1300b0aE.dag/UnityEngine.SpatialTracking.UnityAdditionalFile.txt
[429/717    0s] WriteText Library/Bee/artifacts/1300b0aE.dag/Unity.CollabProxy.Editor.UnityAdditionalFile.txt
[446/717    0s] WriteText Library/Bee/artifacts/1300b0aE.dag/Unity.CollabProxy.Editor.rsp2
[453/717    0s] WriteText Library/Bee/artifacts/1300b0aE.dag/Assembly-CSharp-Editor.UnityAdditionalFile.txt
[463/717    0s] WriteText Library/Bee/artifacts/1300b0aE.dag/WebP.Editor.rsp2
[503/717    0s] WriteText Library/Bee/artifacts/1300b0aE.dag/Unity.InputSystem.DocCodeSamples.rsp2
[511/717    0s] WriteText Library/Bee/artifacts/1300b0aE.dag/Unity.XR.CoreUtils.rsp2
[513/717    0s] WriteText Library/Bee/artifacts/1300b0aE.dag/Unity.XR.CoreUtils.UnityAdditionalFile.txt
*** Tundra build success (0.20 seconds), 135 items updated, 717 evaluated
AssetDatabase: script compilation time: 2.238621s
Begin MonoManager ReloadAssembly
Total cache size 78247351
Total cache size after purge 78247351
- Loaded All Assemblies, in 13.160 seconds
Refreshing native plugins compatible for Editor in 30.86 ms, found 19 plugins.
Refreshing native plugins compatible for Editor in 30.10 ms, found 19 plugins.
Preloading 0 native plugins for Editor in 0.00 ms.
Start importing Assets/Plugins/Android/Pojlib-release.aar using Guid(55d89ee4baf555941bcffc8ec872188a) Importer(-1,00000000000000000000000000000000) [PhysX] Initialized MultithreadedTaskDispatcher with 16 workers.
 -> (artifact id: 'a2873eb4c4764624bafca259e41f003d') in 0.054853 seconds
Refreshing native plugins compatible for Editor in 35.85 ms, found 19 plugins.
Native extension for UWP target not found
Native extension for LinuxStandalone target not found
Native extension for WindowsStandalone target not found
Native extension for Android target not found
DisplayProgressbar: Restoring NuGet Packages
Mono: successfully reloaded assembly
- Finished resetting the current domain, in  0.588 seconds
Domain Reload Profiling: 13743ms
	BeginReloadAssembly (150ms)
		ExecutionOrderSort (0ms)
		DisableScriptedObjects (4ms)
		BackupInstance (0ms)
		ReleaseScriptingObjects (0ms)
		CreateAndSetChildDomain (33ms)
	RebuildCommonClasses (31ms)
	RebuildNativeTypeToScriptingClass (9ms)
	initialDomainReloadingComplete (30ms)
	LoadAllAssembliesAndSetupDomain (12935ms)
		LoadAssemblies (12811ms)
		RebuildTransferFunctionScriptingTraits (0ms)
		AnalyzeDomain (197ms)
			TypeCache.Refresh (171ms)
				TypeCache.ScanAssembly (152ms)
			ScanForSourceGeneratedMonoScriptInfo (18ms)
			ResolveRequiredComponents (6ms)
	FinalizeReload (588ms)
		ReleaseScriptCaches (0ms)
		RebuildScriptCaches (0ms)
		SetupLoadedEditorAssemblies (478ms)
			LogAssemblyErrors (0ms)
			InitializePlatformSupportModulesInManaged (17ms)
			SetLoadedEditorAssemblies (4ms)
			RefreshPlugins (0ms)
			BeforeProcessingInitializeOnLoad (58ms)
			ProcessInitializeOnLoadAttributes (351ms)
			ProcessInitializeOnLoadMethodAttributes (42ms)
			AfterProcessingInitializeOnLoad (6ms)
			EditorAssembliesLoaded (0ms)
		ExecutionOrderSort2 (0ms)
		AwakeInstancesAfterBackupRestoration (5ms)
Refreshing native plugins compatible for Editor in 38.51 ms, found 19 plugins.
Preloading 0 native plugins for Editor in 0.00 ms.
Asset Pipeline Refresh (id=36627de3f020c8a4991c4b4119ade08c): Total: 28.945 seconds - Initiated by InitialRefreshV2(ForceSynchronousImport)
	Summary:
		Imports: total=1 (actual=1, local cache=0, cache server=0)
		Asset DB Process Time: managed=38 ms, native=12382 ms
		Asset DB Callback time: managed=230 ms, native=54 ms
		Scripting: domain reloads=1, domain reload time=13950 ms, compile time=2241 ms, other=47 ms
		Project Asset Count: scripts=6270, non-scripts=1668
		Asset File Changes: new=0, changed=1, moved=0, deleted=0
		Scan Filter Count: 0
	InvokeBeforeRefreshCallbacks: 1.517ms
	ApplyChangesToAssetFolders: 0.186ms
	Scan: 177.973ms
	OnSourceAssetsModified: 2.445ms
	GetAllGuidsForCategorization: 1.494ms
	CategorizeAssets: 215.460ms
	ImportOutOfDateAssets: 829.147ms (-1512.111ms without children)
		ImportManagerImport: 60.110ms (3.368ms without children)
			ImportInProcess: 56.399ms
			UpdateCategorizedAssets: 0.343ms
		CompileScripts: 2240.522ms
		ReloadNativeAssets: 0.018ms
		UnloadImportedAssets: 36.007ms
		ReloadImportedAssets: 0.000ms
		EnsureUptoDateAssetsAreRegisteredWithGuidPM: 2.684ms
		InitializingProgressBar: 0.371ms
		PostProcessAllAssetNotificationsAddChangedAssets: 0.001ms
		OnDemandSchedulerStart: 1.545ms
	PostProcessAllAssets: 239.765ms
	Hotreload: 41.048ms
	GatherAllCurrentPrimaryArtifactRevisions: 0.001ms
	UnloadStreamsBegin: 0.709ms
	PersistCurrentRevisions: 0.300ms
	UnloadStreamsEnd: 0.052ms
	GenerateScriptTypeHashes: 3.211ms
	Untracked: 27434.604ms
Application.AssetDatabase Initial Refresh End
Launched and connected shader compiler UnityShaderCompiler.exe after 0.04 seconds
Scanning for USB devices : 3.678ms
Initializing Unity extensions:
[Licensing::Client] Successfully resolved entitlement details
[MODES] ModeService[none].Initialize
[MODES] ModeService[none].LoadModes
[MODES] Loading mode Default (0) for mode-current-id-QuestCraft
[PhysX] Initialized MultithreadedTaskDispatcher with 16 workers.
ProgressiveSceneManager::Cancel()
Unloading 5 Unused Serialized files (Serialized files now loaded: 0)
Unloading 203 unused Assets / (0.5 MB). Loaded Objects now: 5525.
Memory consumption went from 169.3 MB to 168.8 MB.
Total: 6.053400 ms (FindLiveObjects: 0.474200 ms CreateObjectMapping: 0.120500 ms MarkObjects: 4.959100 ms  DeleteObjects: 0.498200 ms)

Start importing ProjectSettings/ProjectSettings.asset using Guid(00000000000000004000000000000000) Importer(-1,00000000000000000000000000000000) [PhysX] Initialized MultithreadedTaskDispatcher with 16 workers.
 -> (artifact id: '48c46e9a5bff0f8c4a5b953bc2719c9a') in 0.004755 seconds
Start importing Assets/XR/Settings/OpenXR Package Settings.asset using Guid(7b5da002d83fb8f42ac49c354e6f6d31) Importer(-1,00000000000000000000000000000000) [PhysX] Initialized MultithreadedTaskDispatcher with 16 workers.
 -> (artifact id: '565b4b24089409ba296007943a2c9e48') in 0.002588 seconds
Refreshing native plugins compatible for Editor in 53.53 ms, found 19 plugins.
Preloading 0 native plugins for Editor in 0.00 ms.
Asset Pipeline Refresh (id=85e9718c9b0cd6945a03bbf139004397): Total: 0.094 seconds - Initiated by StopAssetImportingV2(NoUpdateAssetOptions)
DisplayProgressbar: Checking prerequisites
Android PostProcess task "Checking prerequisites" took 21.3945 ms
DisplayProgressbar: Detect Java Development Kit (JDK)
Android PostProcess task "Detect Java Development Kit (JDK)" took 150.6462 ms
DisplayProgressbar: Detecting Android SDK
AndroidSDKTools:

	root          : C:\Program Files\Unity\Hub\Editor\2022.3.62f3\Editor\Data\PlaybackEngines\AndroidPlayer\SDK
	cmdline-tools : C:\Program Files\Unity\Hub\Editor\2022.3.62f3\Editor\Data\PlaybackEngines\AndroidPlayer\SDK\cmdline-tools\6.0
	platform-tools: C:\Program Files\Unity\Hub\Editor\2022.3.62f3\Editor\Data\PlaybackEngines\AndroidPlayer\SDK\platform-tools
	build-tools   : C:\Program Files\Unity\Hub\Editor\2022.3.62f3\Editor\Data\PlaybackEngines\AndroidPlayer\SDK\build-tools\34.0.0

	adb           : C:\Program Files\Unity\Hub\Editor\2022.3.62f3\Editor\Data\PlaybackEngines\AndroidPlayer\SDK\platform-tools\adb.exe

Android PostProcess task "Detecting Android SDK" took 2843.6598 ms
DisplayProgressbar: Detect Android NDK
Android PostProcess task "Detect Android NDK" took 2.3303 ms
Android PostProcess task "Trying to find a suitable Android device" took 0.3818 ms
DisplayProgressbar: Checking Graphics API compatibility
Android PostProcess task "Checking Graphics API compatibility" took 1.2201 ms
DisplayProgressbar: Check resources
Android PostProcess task "Check resources" took 0.3089 ms
DisplayProgressbar: Check Android Player Settings
Android PostProcess task "Check Android Player Settings" took 0.4753 ms
info: Microsoft.AspNetCore.Hosting.Diagnostics[1]
      Request starting HTTP/2 POST http://ilpp/UnityILPP.PostProcessing/Ping application/grpc -
info: Microsoft.AspNetCore.Routing.EndpointMiddleware[0]
      Executing endpoint 'gRPC - /UnityILPP.PostProcessing/Ping'
info: Microsoft.AspNetCore.Routing.EndpointMiddleware[1]
      Executed endpoint 'gRPC - /UnityILPP.PostProcessing/Ping'
info: Microsoft.AspNetCore.Hosting.Diagnostics[2]
      Request finished HTTP/2 POST http://ilpp/UnityILPP.PostProcessing/Ping application/grpc - - 200 - application/grpc 1.4315ms
Starting: C:\Program Files\Unity\Hub\Editor\2022.3.62f3\Editor\Data\bee_backend.exe --ipc --defer-dag-verification --dagfile="Library/Bee/1300b0aESkipCompile.dag" --continue-on-failure --profile="Library/Bee/backend1.traceevents" ScriptAssembliesAndTypeDB
WorkingDir: C:/Users/User/Documents/QuestCraft v26/QCXR-XR-Wrapper
DisplayProgressbar: Compiling Scripts
ExitCode: 4 Duration: 0s93ms
Rebuilding DAG because FileSignature timestamp changed: Library/Bee/1300b0aESkipCompile-inputdata.json
*** Tundra requires additional run (0.06 seconds), 0 items updated, 3 evaluated
Starting: C:\Program Files\Unity\Hub\Editor\2022.3.62f3\Editor\Data\Tools\netcorerun\netcorerun.exe "C:\Program Files\Unity\Hub\Editor\2022.3.62f3\Editor\Data\Tools\BuildPipeline\ScriptCompilationBuildProgram.exe" "Library/Bee/1300b0aESkipCompile.dag.json" "Library/Bee/1300b0aESkipCompile-inputdata.json" "Library\Bee\buildprogram0.traceevents"
WorkingDir: C:/Users/User/Documents/QuestCraft v26/QCXR-XR-Wrapper
ExitCode: 0 Duration: 0s196ms
Starting: C:\Program Files\Unity\Hub\Editor\2022.3.62f3\Editor\Data\bee_backend.exe --ipc --defer-dag-verification --dagfile="Library/Bee/1300b0aESkipCompile.dag" --continue-on-failure --dagfilejson="Library\Bee\1300b0aESkipCompile.dag.json" --profile="Library/Bee/backend2.traceevents" ScriptAssembliesAndTypeDB
WorkingDir: C:/Users/User/Documents/QuestCraft v26/QCXR-XR-Wrapper
ExitCode: 0 Duration: 1s520ms
Finished compiling graph: 4 nodes, 5 flattened edges (5 ToBuild, 0 ToUse), maximum node priority 3
[2/3        1s] BuildPlayerDataGenerator Library/BuildPlayerData/Editor/TypeDb-All.json
Field 'System.Numerics.Vector2 SixLabors.Fonts.GlyphInstance/ControlPointCollection::SecondControlPoint' from 'C:\Users\User\Documents\QuestCraft v26\QCXR-XR-Wrapper\Library\PackageCache\com.unity.testtools.codecoverage@1.2.6\lib\ReportGenerator\ReportGeneratorMerged.dll', exception Failed to resolve System.Numerics.Vector2

Field 'System.Numerics.Vector2 SixLabors.Fonts.GlyphInstance/ControlPointCollection::ThirdControlPoint' from 'C:\Users\User\Documents\QuestCraft v26\QCXR-XR-Wrapper\Library\PackageCache\com.unity.testtools.codecoverage@1.2.6\lib\ReportGenerator\ReportGeneratorMerged.dll', exception Failed to resolve System.Numerics.Vector2

Field 'System.Numerics.Vector4 SixLabors.ImageSharp.ComplexVector4::Real' from 'C:\Users\User\Documents\QuestCraft v26\QCXR-XR-Wrapper\Library\PackageCache\com.unity.testtools.codecoverage@1.2.6\lib\ReportGenerator\ReportGeneratorMerged.dll', exception Failed to resolve System.Numerics.Vector4

Field 'System.Numerics.Vector4 SixLabors.ImageSharp.ComplexVector4::Imaginary' from 'C:\Users\User\Documents\QuestCraft v26\QCXR-XR-Wrapper\Library\PackageCache\com.unity.testtools.codecoverage@1.2.6\lib\ReportGenerator\ReportGeneratorMerged.dll', exception Failed to resolve System.Numerics.Vector4

Field 'System.Numerics.Vector4 SixLabors.ImageSharp.Formats.Jpeg.Components.Block8x8F::V0L' from 'C:\Users\User\Documents\QuestCraft v26\QCXR-XR-Wrapper\Library\PackageCache\com.unity.testtools.codecoverage@1.2.6\lib\ReportGenerator\ReportGeneratorMerged.dll', exception Failed to resolve System.Numerics.Vector4

Field 'System.Numerics.Vector4 SixLabors.ImageSharp.Formats.Jpeg.Components.Block8x8F::V0R' from 'C:\Users\User\Documents\QuestCraft v26\QCXR-XR-Wrapper\Library\PackageCache\com.unity.testtools.codecoverage@1.2.6\lib\ReportGenerator\ReportGeneratorMerged.dll', exception Failed to resolve System.Numerics.Vector4

Field 'System.Numerics.Vector4 SixLabors.ImageSharp.Formats.Jpeg.Components.Block8x8F::V1L' from 'C:\Users\User\Documents\QuestCraft v26\QCXR-XR-Wrapper\Library\PackageCache\com.unity.testtools.codecoverage@1.2.6\lib\ReportGenerator\ReportGeneratorMerged.dll', exception Failed to resolve System.Numerics.Vector4

Field 'System.Numerics.Vector4 SixLabors.ImageSharp.Formats.Jpeg.Components.Block8x8F::V1R' from 'C:\Users\User\Documents\QuestCraft v26\QCXR-XR-Wrapper\Library\PackageCache\com.unity.testtools.codecoverage@1.2.6\lib\ReportGenerator\ReportGeneratorMerged.dll', exception Failed to resolve System.Numerics.Vector4

Field 'System.Numerics.Vector4 SixLabors.ImageSharp.Formats.Jpeg.Components.Block8x8F::V2L' from 'C:\Users\User\Documents\QuestCraft v26\QCXR-XR-Wrapper\Library\PackageCache\com.unity.testtools.codecoverage@1.2.6\lib\ReportGenerator\ReportGeneratorMerged.dll', exception Failed to resolve System.Numerics.Vector4

Field 'System.Numerics.Vector4 SixLabors.ImageSharp.Formats.Jpeg.Components.Block8x8F::V2R' from 'C:\Users\User\Documents\QuestCraft v26\QCXR-XR-Wrapper\Library\PackageCache\com.unity.testtools.codecoverage@1.2.6\lib\ReportGenerator\ReportGeneratorMerged.dll', exception Failed to resolve System.Numerics.Vector4

Field 'System.Numerics.Vector4 SixLabors.ImageSharp.Formats.Jpeg.Components.Block8x8F::V3L' from 'C:\Users\User\Documents\QuestCraft v26\QCXR-XR-Wrapper\Library\PackageCache\com.unity.testtools.codecoverage@1.2.6\lib\ReportGenerator\ReportGeneratorMerged.dll', exception Failed to resolve System.Numerics.Vector4

Field 'System.Numerics.Vector4 SixLabors.ImageSharp.Formats.Jpeg.Components.Block8x8F::V3R' from 'C:\Users\User\Documents\QuestCraft v26\QCXR-XR-Wrapper\Library\PackageCache\com.unity.testtools.codecoverage@1.2.6\lib\ReportGenerator\ReportGeneratorMerged.dll', exception Failed to resolve System.Numerics.Vector4

Field 'System.Numerics.Vector4 SixLabors.ImageSharp.Formats.Jpeg.Components.Block8x8F::V4L' from 'C:\Users\User\Documents\QuestCraft v26\QCXR-XR-Wrapper\Library\PackageCache\com.unity.testtools.codecoverage@1.2.6\lib\ReportGenerator\ReportGeneratorMerged.dll', exception Failed to resolve System.Numerics.Vector4

Field 'System.Numerics.Vector4 SixLabors.ImageSharp.Formats.Jpeg.Components.Block8x8F::V4R' from 'C:\Users\User\Documents\QuestCraft v26\QCXR-XR-Wrapper\Library\PackageCache\com.unity.testtools.codecoverage@1.2.6\lib\ReportGenerator\ReportGeneratorMerged.dll', exception Failed to resolve System.Numerics.Vector4

Field 'System.Numerics.Vector4 SixLabors.ImageSharp.Formats.Jpeg.Components.Block8x8F::V5L' from 'C:\Users\User\Documents\QuestCraft v26\QCXR-XR-Wrapper\Library\PackageCache\com.unity.testtools.codecoverage@1.2.6\lib\ReportGenerator\ReportGeneratorMerged.dll', exception Failed to resolve System.Numerics.Vector4

Field 'System.Numerics.Vector4 SixLabors.ImageSharp.Formats.Jpeg.Components.Block8x8F::V5R' from 'C:\Users\User\Documents\QuestCraft v26\QCXR-XR-Wrapper\Library\PackageCache\com.unity.testtools.codecoverage@1.2.6\lib\ReportGenerator\ReportGeneratorMerged.dll', exception Failed to resolve System.Numerics.Vector4

Field 'System.Numerics.Vector4 SixLabors.ImageSharp.Formats.Jpeg.Components.Block8x8F::V6L' from 'C:\Users\User\Documents\QuestCraft v26\QCXR-XR-Wrapper\Library\PackageCache\com.unity.testtools.codecoverage@1.2.6\lib\ReportGenerator\ReportGeneratorMerged.dll', exception Failed to resolve System.Numerics.Vector4

Field 'System.Numerics.Vector4 SixLabors.ImageSharp.Formats.Jpeg.Components.Block8x8F::V6R' from 'C:\Users\User\Documents\QuestCraft v26\QCXR-XR-Wrapper\Library\PackageCache\com.unity.testtools.codecoverage@1.2.6\lib\ReportGenerator\ReportGeneratorMerged.dll', exception Failed to resolve System.Numerics.Vector4

Field 'System.Numerics.Vector4 SixLabors.ImageSharp.Formats.Jpeg.Components.Block8x8F::V7L' from 'C:\Users\User\Documents\QuestCraft v26\QCXR-XR-Wrapper\Library\PackageCache\com.unity.testtools.codecoverage@1.2.6\lib\ReportGenerator\ReportGeneratorMerged.dll', exception Failed to resolve System.Numerics.Vector4

Field 'System.Numerics.Vector4 SixLabors.ImageSharp.Formats.Jpeg.Components.Block8x8F::V7R' from 'C:\Users\User\Documents\QuestCraft v26\QCXR-XR-Wrapper\Library\PackageCache\com.unity.testtools.codecoverage@1.2.6\lib\ReportGenerator\ReportGeneratorMerged.dll', exception Failed to resolve System.Numerics.Vector4

Field 'System.Numerics.Vector4 SixLabors.ImageSharp.Formats.Jpeg.Components.Decoder.ColorConverters.JpegColorConverter/Vector4Octet::V0' from 'C:\Users\User\Documents\QuestCraft v26\QCXR-XR-Wrapper\Library\PackageCache\com.unity.testtools.codecoverage@1.2.6\lib\ReportGenerator\ReportGeneratorMerged.dll', exception Failed to resolve System.Numerics.Vector4

Field 'System.Numerics.Vector4 SixLabors.ImageSharp.Formats.Jpeg.Components.Decoder.ColorConverters.JpegColorConverter/Vector4Octet::V1' from 'C:\Users\User\Documents\QuestCraft v26\QCXR-XR-Wrapper\Library\PackageCache\com.unity.testtools.codecoverage@1.2.6\lib\ReportGenerator\ReportGeneratorMerged.dll', exception Failed to resolve System.Numerics.Vector4

Field 'System.Numerics.Vector4 SixLabors.ImageSharp.Formats.Jpeg.Components.Decoder.ColorConverters.JpegColorConverter/Vector4Octet::V2' from 'C:\Users\User\Documents\QuestCraft v26\QCXR-XR-Wrapper\Library\PackageCache\com.unity.testtools.codecoverage@1.2.6\lib\ReportGenerator\ReportGeneratorMerged.dll', exception Failed to resolve System.Numerics.Vector4

Field 'System.Numerics.Vector4 SixLabors.ImageSharp.Formats.Jpeg.Components.Decoder.ColorConverters.JpegColorConverter/Vector4Octet::V3' from 'C:\Users\User\Documents\QuestCraft v26\QCXR-XR-Wrapper\Library\PackageCache\com.unity.testtools.codecoverage@1.2.6\lib\ReportGenerator\ReportGeneratorMerged.dll', exception Failed to resolve System.Numerics.Vector4

Field 'System.Numerics.Vector4 SixLabors.ImageSharp.Formats.Jpeg.Components.Decoder.ColorConverters.JpegColorConverter/Vector4Octet::V4' from 'C:\Users\User\Documents\QuestCraft v26\QCXR-XR-Wrapper\Library\PackageCache\com.unity.testtools.codecoverage@1.2.6\lib\ReportGenerator\ReportGeneratorMerged.dll', exception Failed to resolve System.Numerics.Vector4

Field 'System.Numerics.Vector4 SixLabors.ImageSharp.Formats.Jpeg.Components.Decoder.ColorConverters.JpegColorConverter/Vector4Octet::V5' from 'C:\Users\User\Documents\QuestCraft v26\QCXR-XR-Wrapper\Library\PackageCache\com.unity.testtools.codecoverage@1.2.6\lib\ReportGenerator\ReportGeneratorMerged.dll', exception Failed to resolve System.Numerics.Vector4

Field 'System.Numerics.Vector4 SixLabors.ImageSharp.Formats.Jpeg.Components.Decoder.ColorConverters.JpegColorConverter/Vector4Octet::V6' from 'C:\Users\User\Documents\QuestCraft v26\QCXR-XR-Wrapper\Library\PackageCache\com.unity.testtools.codecoverage@1.2.6\lib\ReportGenerator\ReportGeneratorMerged.dll', exception Failed to resolve System.Numerics.Vector4

Field 'System.Numerics.Vector4 SixLabors.ImageSharp.Formats.Jpeg.Components.Decoder.ColorConverters.JpegColorConverter/Vector4Octet::V7' from 'C:\Users\User\Documents\QuestCraft v26\QCXR-XR-Wrapper\Library\PackageCache\com.unity.testtools.codecoverage@1.2.6\lib\ReportGenerator\ReportGeneratorMerged.dll', exception Failed to resolve System.Numerics.Vector4

Field 'System.Numerics.Vector4 SixLabors.ImageSharp.Tuples.Vector4Pair::A' from 'C:\Users\User\Documents\QuestCraft v26\QCXR-XR-Wrapper\Library\PackageCache\com.unity.testtools.codecoverage@1.2.6\lib\ReportGenerator\ReportGeneratorMerged.dll', exception Failed to resolve System.Numerics.Vector4

Field 'System.Numerics.Vector4 SixLabors.ImageSharp.Tuples.Vector4Pair::B' from 'C:\Users\User\Documents\QuestCraft v26\QCXR-XR-Wrapper\Library\PackageCache\com.unity.testtools.codecoverage@1.2.6\lib\ReportGenerator\ReportGeneratorMerged.dll', exception Failed to resolve System.Numerics.Vector4
*** Tundra build success (1.49 seconds), 1 items updated, 3 evaluated
Total cache size 78247351
Total cache size after purge 78247351
Asset Pipeline Refresh (id=c7628857daf194a4aac87b42e4b659d5): Total: 0.011 seconds - Initiated by RefreshV2(NoUpdateAssetOptions)
[ScriptCompilation] Requested script compilation because: Recompiling scripts for player build.
BuildPlayer: start building target 13
info: Microsoft.AspNetCore.Hosting.Diagnostics[1]
      Request starting HTTP/2 POST http://ilpp/UnityILPP.PostProcessing/Ping application/grpc -
info: Microsoft.AspNetCore.Routing.EndpointMiddleware[0]
      Executing endpoint 'gRPC - /UnityILPP.PostProcessing/Ping'
info: Microsoft.AspNetCore.Routing.EndpointMiddleware[1]
      Executed endpoint 'gRPC - /UnityILPP.PostProcessing/Ping'
info: Microsoft.AspNetCore.Hosting.Diagnostics[2]
      Request finished HTTP/2 POST http://ilpp/UnityILPP.PostProcessing/Ping application/grpc - - 200 - application/grpc 0.6429ms
Starting: C:\Program Files\Unity\Hub\Editor\2022.3.62f3\Editor\Data\bee_backend.exe --ipc --defer-dag-verification --dagfile="Library/Bee/1300b0aP.dag" --continue-on-failure --profile="Library/Bee/backend1.traceevents" ScriptAssembliesAndTypeDB
WorkingDir: C:/Users/User/Documents/QuestCraft v26/QCXR-XR-Wrapper
Starting: C:\Program Files\Unity\Hub\Editor\2022.3.62f3\Editor\Data\Tools\netcorerun\netcorerun.exe "C:\Program Files\Unity\Hub\Editor\2022.3.62f3\Editor\Data\Tools\BuildPipeline\ScriptCompilationBuildProgram.exe" "Library/Bee/1300b0aP.dag.json" "Library/Bee/1300b0aP-inputdata.json" "Library\Bee\buildprogram0.traceevents"
WorkingDir: C:/Users/User/Documents/QuestCraft v26/QCXR-XR-Wrapper
ExitCode: 4 Duration: 2s829ms
[209/322    0s] CopyFiles Library/Bee/PlayerScriptAssemblies/UnityEngine.UI.pdb
[210/322    0s] CopyFiles Library/Bee/PlayerScriptAssemblies/UnityEngine.UI.dll
[211/322    0s] CopyFiles Library/Bee/PlayerScriptAssemblies/UnityEngine.XR.LegacyInputHelpers.dll
[212/322    0s] CopyFiles Library/Bee/PlayerScriptAssemblies/Unity.Mathematics.dll
[213/322    0s] CopyFiles Library/Bee/PlayerScriptAssemblies/Unity.TextMeshPro.dll
[214/322    0s] CopyFiles Library/Bee/PlayerScriptAssemblies/Unity.Mathematics.pdb
[215/322    0s] CopyFiles Library/Bee/PlayerScriptAssemblies/UnityGifDecoder.pdb
[216/322    0s] CopyFiles Library/Bee/PlayerScriptAssemblies/Unity.TextMeshPro.pdb
[217/322    0s] CopyFiles Library/Bee/PlayerScriptAssemblies/Unity.XR.Management.pdb
[218/322    0s] CopyFiles Library/Bee/PlayerScriptAssemblies/Unity.Timeline.dll
[219/322    0s] CopyFiles Library/Bee/PlayerScriptAssemblies/unity.webp.pdb
[220/322    0s] CopyFiles Library/Bee/PlayerScriptAssemblies/UnityEngine.SpatialTracking.dll
[221/322    0s] CopyFiles Library/Bee/PlayerScriptAssemblies/unity.webp.dll
[222/322    0s] CopyFiles Library/Bee/PlayerScriptAssemblies/Unity.Timeline.pdb
[223/322    0s] CopyFiles Library/Bee/PlayerScriptAssemblies/Unity.XR.Management.dll
[224/322    0s] CopyFiles Library/Bee/PlayerScriptAssemblies/UnityEngine.XR.LegacyInputHelpers.pdb
[225/322    0s] CopyFiles Library/Bee/PlayerScriptAssemblies/UnityGifDecoder.dll
[226/322    0s] CopyFiles Library/Bee/PlayerScriptAssemblies/UnityEngine.SpatialTracking.pdb
[265/322    0s] CopyFiles Library/Bee/PlayerScriptAssemblies/Unity.InputSystem.dll
[271/322    0s] CopyFiles Library/Bee/PlayerScriptAssemblies/Unity.InputSystem.ForUI.dll
[274/322    0s] CopyFiles Library/Bee/PlayerScriptAssemblies/Unity.InputSystem.pdb
[275/322    0s] CopyFiles Library/Bee/PlayerScriptAssemblies/Unity.InputSystem.ForUI.pdb
[276/322    0s] CopyFiles Library/Bee/PlayerScriptAssemblies/Unity.XR.CoreUtils.dll
[277/322    0s] CopyFiles Library/Bee/PlayerScriptAssemblies/Unity.XR.OpenXR.pdb
[281/322    0s] CopyFiles Library/Bee/PlayerScriptAssemblies/Unity.XR.OpenXR.dll
[286/322    0s] CopyFiles Library/Bee/PlayerScriptAssemblies/Unity.XR.CoreUtils.pdb
[287/322    0s] CopyFiles Library/Bee/PlayerScriptAssemblies/ControllerSample.dll
[289/322    0s] CopyFiles Library/Bee/PlayerScriptAssemblies/Unity.XR.OpenXR.Features.RuntimeDebugger.dll
[290/322    0s] CopyFiles Library/Bee/PlayerScriptAssemblies/Unity.XR.OpenXR.Features.MockRuntime.dll
[291/322    0s] CopyFiles Library/Bee/PlayerScriptAssemblies/Unity.XR.OpenXR.Features.ConformanceAutomation.dll
[292/322    0s] CopyFiles Library/Bee/PlayerScriptAssemblies/Unity.XR.OpenXR.Features.OculusQuestSupport.dll
[293/322    0s] CopyFiles Library/Bee/PlayerScriptAssemblies/Unity.XR.Interaction.Toolkit.dll
[294/322    0s] CopyFiles Library/Bee/PlayerScriptAssemblies/PICO.Platform.dll
[295/322    0s] CopyFiles Library/Bee/PlayerScriptAssemblies/Unity.XR.OpenXRPico.dll
[296/322    0s] CopyFiles Library/Bee/PlayerScriptAssemblies/Unity.XR.Interaction.Toolkit.Samples.StarterAssets.dll
[297/322    0s] CopyFiles Library/Bee/PlayerScriptAssemblies/Unity.VisualScripting.Core.dll
[298/322    0s] CopyFiles Library/Bee/PlayerScriptAssemblies/PICO.TobSupport.dll
[299/322    0s] CopyFiles Library/Bee/PlayerScriptAssemblies/Unity.XR.OpenXR.Features.MetaQuestSupport.dll
[300/322    0s] CopyFiles Library/Bee/PlayerScriptAssemblies/Unity.XR.OpenXR.Features.PICOSupport.dll
[301/322    0s] CopyFiles Library/Bee/PlayerScriptAssemblies/Unity.VisualScripting.Flow.dll
[302/322    0s] CopyFiles Library/Bee/PlayerScriptAssemblies/Assembly-CSharp.pdb
[303/322    0s] CopyFiles Library/Bee/PlayerScriptAssemblies/Unity.VisualScripting.State.pdb
[304/322    0s] CopyFiles Library/Bee/PlayerScriptAssemblies/Unity.VisualScripting.State.dll
[305/322    0s] CopyFiles Library/Bee/PlayerScriptAssemblies/Assembly-CSharp.dll
[306/322    0s] CopyFiles Library/Bee/PlayerScriptAssemblies/PICO.Platform.pdb
[307/322    0s] CopyFiles Library/Bee/PlayerScriptAssemblies/PICO.TobSupport.pdb
[308/322    0s] CopyFiles Library/Bee/PlayerScriptAssemblies/Unity.VisualScripting.Flow.pdb
[309/322    0s] CopyFiles Library/Bee/PlayerScriptAssemblies/Unity.XR.OpenXR.Features.PICOSupport.pdb
[310/322    0s] CopyFiles Library/Bee/PlayerScriptAssemblies/Unity.XR.OpenXR.Features.ConformanceAutomation.pdb
[311/322    0s] CopyFiles Library/Bee/PlayerScriptAssemblies/Unity.XR.OpenXR.Features.MockRuntime.pdb
[312/322    0s] CopyFiles Library/Bee/PlayerScriptAssemblies/Unity.XR.Interaction.Toolkit.pdb
[313/322    0s] CopyFiles Library/Bee/PlayerScriptAssemblies/Unity.XR.Interaction.Toolkit.Samples.StarterAssets.pdb
[314/322    0s] CopyFiles Library/Bee/PlayerScriptAssemblies/Unity.XR.OpenXR.Features.MetaQuestSupport.pdb
[315/322    0s] CopyFiles Library/Bee/PlayerScriptAssemblies/Unity.XR.OpenXR.Features.RuntimeDebugger.pdb
[316/322    0s] CopyFiles Library/Bee/PlayerScriptAssemblies/Unity.XR.OpenXRPico.pdb
[317/322    0s] CopyFiles Library/Bee/PlayerScriptAssemblies/ControllerSample.pdb
[318/322    0s] CopyFiles Library/Bee/PlayerScriptAssemblies/Unity.XR.OpenXR.Features.OculusQuestSupport.pdb
[319/322    0s] CopyFiles Library/Bee/PlayerScriptAssemblies/Unity.VisualScripting.Core.pdb
Rebuilding DAG because FileSignature timestamp changed: Library/Bee/1300b0aP-inputdata.json
*** Tundra requires additional run (2.77 seconds), 58 items updated, 320 evaluated
ExitCode: 0 Duration: 0s289ms
Starting: C:\Program Files\Unity\Hub\Editor\2022.3.62f3\Editor\Data\bee_backend.exe --ipc --defer-dag-verification --dagfile="Library/Bee/1300b0aP.dag" --continue-on-failure --dagfilejson="Library\Bee\1300b0aP.dag.json" --profile="Library/Bee/backend2.traceevents" ScriptAssembliesAndTypeDB
WorkingDir: C:/Users/User/Documents/QuestCraft v26/QCXR-XR-Wrapper
ExitCode: 0 Duration: 0s836ms
Finished compiling graph: 323 nodes, 3141 flattened edges (2791 ToBuild, 58 ToUse), maximum node priority 198
[ 77/322    0s] WriteText Library/Bee/artifacts/1300b0aP.dag/UnityEngine.UI.UnityAdditionalFile.txt
[ 78/322    0s] WriteText Library/Bee/artifacts/1300b0aP.dag/UnityEngine.UI.rsp2
[ 80/322    0s] WriteText Library/Bee/artifacts/1300b0aP.dag/Unity.Mathematics.UnityAdditionalFile.txt
[ 81/322    0s] WriteText Library/Bee/artifacts/1300b0aP.dag/Unity.InputSystem.UnityAdditionalFile.txt
[ 88/322    0s] WriteText Library/Bee/artifacts/1300b0aP.dag/UnityEngine.XR.LegacyInputHelpers.rsp2
[ 89/322    0s] WriteText Library/Bee/artifacts/1300b0aP.dag/UnityEngine.XR.LegacyInputHelpers.UnityAdditionalFile.txt
[ 93/322    0s] WriteText Library/Bee/artifacts/1300b0aP.dag/Unity.XR.OpenXRPico.UnityAdditionalFile.txt
[ 94/322    0s] WriteText Library/Bee/artifacts/1300b0aP.dag/Unity.XR.OpenXRPico.rsp2
[ 95/322    0s] WriteText Library/Bee/artifacts/1300b0aP.dag/Unity.XR.OpenXR.Features.MetaQuestSupport.UnityAdditionalFile.txt
[ 96/322    0s] WriteText Library/Bee/artifacts/1300b0aP.dag/Unity.XR.Interaction.Toolkit.UnityAdditionalFile.txt
[ 97/322    0s] WriteText Library/Bee/artifacts/1300b0aP.dag/Unity.XR.OpenXR.Features.MetaQuestSupport.rsp2
[ 98/322    0s] WriteText Library/Bee/artifacts/1300b0aP.dag/Unity.VisualScripting.Flow.rsp2
[100/322    0s] WriteText Library/Bee/artifacts/1300b0aP.dag/Unity.VisualScripting.Flow.UnityAdditionalFile.txt
[102/322    0s] WriteText Library/Bee/artifacts/1300b0aP.dag/Unity.XR.Interaction.Toolkit.rsp2
[109/322    0s] WriteText Library/Bee/artifacts/1300b0aP.dag/Unity.XR.OpenXR.Features.PICOSupport.UnityAdditionalFile.txt
[110/322    0s] WriteText Library/Bee/artifacts/1300b0aP.dag/Unity.XR.OpenXR.Features.PICOSupport.rsp2
[111/322    0s] WriteText Library/Bee/artifacts/1300b0aP.dag/Unity.InputSystem.ForUI.UnityAdditionalFile.txt
[112/322    0s] WriteText Library/Bee/artifacts/1300b0aP.dag/Unity.XR.OpenXR.Features.OculusQuestSupport.rsp2
[113/322    0s] WriteText Library/Bee/artifacts/1300b0aP.dag/Unity.InputSystem.ForUI.rsp2
[114/322    0s] WriteText Library/Bee/artifacts/1300b0aP.dag/Unity.VisualScripting.State.UnityAdditionalFile.txt
[115/322    0s] WriteText Library/Bee/artifacts/1300b0aP.dag/Unity.XR.OpenXR.Features.OculusQuestSupport.UnityAdditionalFile.txt
[123/322    0s] WriteText Library/Bee/artifacts/1300b0aP.dag/UnityGifDecoder.UnityAdditionalFile.txt
[124/322    0s] WriteText Library/Bee/artifacts/1300b0aP.dag/Unity.InputSystem.rsp2
[125/322    0s] WriteText Library/Bee/artifacts/1300b0aP.dag/Unity.XR.OpenXR.Features.ConformanceAutomation.UnityAdditionalFile.txt
[126/322    0s] WriteText Library/Bee/artifacts/1300b0aP.dag/Unity.XR.Interaction.Toolkit.Samples.StarterAssets.UnityAdditionalFile.txt
[127/322    0s] WriteText Library/Bee/artifacts/1300b0aP.dag/Unity.Timeline.rsp2
[128/322    0s] WriteText Library/Bee/artifacts/1300b0aP.dag/Unity.XR.Management.UnityAdditionalFile.txt
[129/322    0s] WriteText Library/Bee/artifacts/1300b0aP.dag/Unity.Timeline.UnityAdditionalFile.txt
[132/322    0s] WriteText Library/Bee/artifacts/1300b0aP.dag/Unity.VisualScripting.State.rsp2
[145/322    0s] WriteText Library/Bee/artifacts/1300b0aP.dag/Unity.TextMeshPro.UnityAdditionalFile.txt
[152/322    0s] WriteText Library/Bee/artifacts/1300b0aP.dag/Unity.XR.OpenXR.Features.ConformanceAutomation.rsp2
[154/322    0s] WriteText Library/Bee/artifacts/1300b0aP.dag/Unity.TextMeshPro.rsp2
[155/322    0s] WriteText Library/Bee/artifacts/1300b0aP.dag/ControllerSample.UnityAdditionalFile.txt
[156/322    0s] WriteText Library/Bee/artifacts/1300b0aP.dag/PICO.Platform.UnityAdditionalFile.txt
[158/322    0s] WriteText Library/Bee/artifacts/1300b0aP.dag/PICO.Platform.rsp2
[159/322    0s] WriteText Library/Bee/artifacts/1300b0aP.dag/PICO.TobSupport.UnityAdditionalFile.txt
[160/322    0s] WriteText Library/Bee/artifacts/1300b0aP.dag/PICO.TobSupport.rsp2
[163/322    0s] WriteText Library/Bee/artifacts/1300b0aP.dag/unity.webp.UnityAdditionalFile.txt
[178/322    0s] WriteText Library/Bee/artifacts/1300b0aP.dag/unity.webp.rsp2
[179/322    0s] WriteText Library/Bee/artifacts/1300b0aP.dag/Unity.XR.OpenXR.Features.MockRuntime.rsp2
[182/322    0s] WriteText Library/Bee/artifacts/1300b0aP.dag/Unity.XR.OpenXR.Features.RuntimeDebugger.UnityAdditionalFile.txt
[183/322    0s] WriteText Library/Bee/artifacts/1300b0aP.dag/Assembly-CSharp.UnityAdditionalFile.txt
[190/322    0s] WriteText Library/Bee/artifacts/1300b0aP.dag/Unity.XR.Management.rsp2
[193/322    0s] WriteText Library/Bee/artifacts/1300b0aP.dag/Unity.XR.OpenXR.Features.RuntimeDebugger.rsp2
[197/322    0s] WriteText Library/Bee/artifacts/1300b0aP.dag/Unity.XR.OpenXR.Features.MockRuntime.UnityAdditionalFile.txt
[205/322    0s] WriteText Library/Bee/artifacts/1300b0aP.dag/Unity.XR.OpenXR.UnityAdditionalFile.txt
[206/322    0s] WriteText Library/Bee/artifacts/1300b0aP.dag/Unity.XR.OpenXR.rsp2
[207/322    0s] WriteText Library/Bee/artifacts/1300b0aP.dag/UnityEngine.SpatialTracking.rsp2
[251/322    0s] WriteText Library/Bee/artifacts/1300b0aP.dag/UnityEngine.SpatialTracking.UnityAdditionalFile.txt
[256/322    0s] WriteText Library/Bee/artifacts/1300b0aP.dag/Unity.XR.CoreUtils.rsp2
[267/322    0s] WriteText Library/Bee/artifacts/1300b0aP.dag/Unity.XR.CoreUtils.UnityAdditionalFile.txt
[268/322    0s] WriteText Library/Bee/artifacts/1300b0aP.dag/Unity.VisualScripting.Core.UnityAdditionalFile.txt
[286/322    0s] WriteText Library/Bee/artifacts/1300b0aP.dag/Unity.VisualScripting.Core.rsp2
[287/322    0s] WriteText Library/Bee/artifacts/1300b0aP.dag/Unity.Mathematics.rsp2
[321/322    0s] BuildPlayerDataGenerator Library/BuildPlayerData/Player/RuntimeInitializeOnLoads.json (+1 other)
*** Tundra build success (0.79 seconds), 55 items updated, 322 evaluated
Total cache size 78247351
Total cache size after purge 78247351
Not rebuilding Data files -- no changes
Asset Pipeline Refresh (id=76e962b6fe52d56438ca0d476804e4b7): Total: 0.051 seconds - Initiated by RefreshV2(NoUpdateAssetOptions)
Warning! Using more than 1 pixel lights on a mobile device may decrease performance severely. You can change the mobile quality settings in 'Project Settings -> Quality Settings'.


Mono dependencies included in the build
Dependency assembly - System.ServiceModel.Security.dll
Dependency assembly - System.IdentityModel.dll
Dependency assembly - System.Threading.Thread.dll
Dependency assembly - System.IO.Compression.dll
Dependency assembly - System.Reflection.Context.dll
Dependency assembly - Microsoft.Win32.Registry.dll
Dependency assembly - System.Reflection.Extensions.dll
Dependency assembly - System.Configuration.dll
Dependency assembly - System.Security.SecureString.dll
Dependency assembly - System.Runtime.Serialization.Json.dll
Dependency assembly - System.Data.Entity.dll
Dependency assembly - System.Web.RegularExpressions.dll
Dependency assembly - System.Console.dll
Dependency assembly - Newtonsoft.Json.dll
Dependency assembly - System.IO.FileSystem.Watcher.dll
Dependency assembly - System.Text.Encoding.CodePages.dll
Dependency assembly - System.Diagnostics.Contracts.dll
Dependency assembly - Unity.Timeline.dll
Dependency assembly - System.Diagnostics.TextWriterTraceListener.dll
Dependency assembly - System.IO.FileSystem.AccessControl.dll
Dependency assembly - System.Net.NameResolution.dll
Dependency assembly - System.DirectoryServices.Protocols.dll
Dependency assembly - System.Linq.Expressions.dll
Dependency assembly - System.Net.NetworkInformation.dll
Dependency assembly - Microsoft.Win32.Primitives.dll
Dependency assembly - System.IO.Pipes.dll
Dependency assembly - System.Xml.ReaderWriter.dll
Dependency assembly - System.Net.Cache.dll
Dependency assembly - System.Runtime.Loader.dll
Dependency assembly - System.Threading.Timer.dll
Dependency assembly - System.Threading.Overlapped.dll
Dependency assembly - PICO.TobSupport.dll
Dependency assembly - System.Globalization.Calendars.dll
Dependency assembly - System.Collections.Specialized.dll
Dependency assembly - System.ServiceModel.NetTcp.dll
Dependency assembly - System.Security.Cryptography.OpenSsl.dll
Dependency assembly - Unity.XR.Interaction.Toolkit.dll
Dependency assembly - Microsoft.CSharp.dll
Dependency assembly - System.Configuration.Install.dll
Dependency assembly - System.Net.WebSockets.Client.dll
Dependency assembly - System.Dynamic.Runtime.dll
Dependency assembly - System.Linq.Parallel.dll
Dependency assembly - System.Memory.dll
Dependency assembly - System.Web.Services.dll
Dependency assembly - System.Linq.dll
Dependency assembly - System.Security.Cryptography.Algorithms.dll
Dependency assembly - Mono.Data.Tds.dll
Dependency assembly - System.Threading.dll
Dependency assembly - Mono.Data.Sqlite.dll
Dependency assembly - System.Data.SqlClient.dll
Dependency assembly - System.Drawing.Primitives.dll
Dependency assembly - System.Net.dll
Dependency assembly - System.Resources.ResourceManager.dll
Dependency assembly - UnityEngine.UI.dll
Dependency assembly - System.Reflection.dll
Dependency assembly - System.Runtime.Serialization.Formatters.dll
Dependency assembly - System.IO.MemoryMappedFiles.dll
Dependency assembly - System.ServiceModel.Web.dll
Dependency assembly - System.Runtime.Numerics.dll
Dependency assembly - System.ServiceProcess.dll
Dependency assembly - System.Web.ApplicationServices.dll
Dependency assembly - System.Net.Requests.dll
Dependency assembly - PICO.Platform.dll
Dependency assembly - System.Net.HttpListener.dll
Dependency assembly - System.Runtime.Serialization.Xml.dll
Dependency assembly - System.Net.Mail.dll
Dependency assembly - Assembly-CSharp.dll
Dependency assembly - System.DirectoryServices.dll
Dependency assembly - unity.webp.dll
Dependency assembly - System.AppContext.dll
Dependency assembly - Unity.VisualScripting.State.dll
Dependency assembly - System.Net.Http.WebRequest.dll
Dependency assembly - System.Buffers.dll
Dependency assembly - System.Resources.Reader.dll
Dependency assembly - System.ComponentModel.Composition.dll
Dependency assembly - System.Diagnostics.Tools.dll
Dependency assembly - System.Core.dll
Dependency assembly - System.Messaging.dll
Dependency assembly - System.ServiceModel.Activation.dll
Dependency assembly - System.Runtime.Serialization.Formatters.Soap.dll
Dependency assembly - System.Threading.AccessControl.dll
Dependency assembly - System.Security.Cryptography.Csp.dll
Dependency assembly - Unity.XR.OpenXR.dll
Dependency assembly - System.Xml.XPath.XmlDocument.dll
Dependency assembly - System.ComponentModel.DataAnnotations.dll
Dependency assembly - System.Security.Cryptography.Cng.dll
Dependency assembly - System.Reflection.Primitives.dll
Dependency assembly - System.Collections.NonGeneric.dll
Dependency assembly - Accessibility.dll
Dependency assembly - System.Net.Ping.dll
Dependency assembly - System.Web.Extensions.dll
Dependency assembly - System.Security.Cryptography.Encryption.dll
Dependency assembly - Unity.TextMeshPro.dll
Dependency assembly - System.ServiceModel.Duplex.dll
Dependency assembly - System.Security.Cryptography.Encryption.ECDsa.dll
Dependency assembly - System.Xaml.dll
Dependency assembly - System.Data.Services.Client.dll
Dependency assembly - System.Linq.Queryable.dll
Dependency assembly - System.ServiceModel.Routing.dll
Dependency assembly - System.IO.UnmanagedMemoryStream.dll
Dependency assembly - System.Text.Encoding.Extensions.dll
Dependency assembly - System.Security.AccessControl.dll
Dependency assembly - System.Windows.Forms.DataVisualization.dll
Dependency assembly - System.Net.WebHeaderCollection.dll
Dependency assembly - ControllerSample.dll
Dependency assembly - System.Security.Principal.dll
Dependency assembly - System.Numerics.dll
Dependency assembly - System.Reflection.Emit.ILGeneration.dll
Dependency assembly - Unity.InputSystem.ForUI.dll
Dependency assembly - System.Net.WebSockets.dll
Dependency assembly - Unity.XR.OpenXR.Features.OculusQuestSupport.dll
Dependency assembly - System.Runtime.Extensions.dll
Dependency assembly - System.Runtime.CompilerServices.VisualC.dll
Dependency assembly - System.Security.Cryptography.Encoding.dll
Dependency assembly - System.ServiceModel.Discovery.dll
Dependency assembly - System.Management.dll
Dependency assembly - System.Transactions.dll
Dependency assembly - System.Security.Cryptography.ProtectedData.dll
Dependency assembly - System.Resources.Writer.dll
Dependency assembly - System.Xml.XDocument.dll
Dependency assembly - Microsoft.Win32.Registry.AccessControl.dll
Dependency assembly - System.Drawing.dll
Dependency assembly - Unity.VisualScripting.Flow.dll
Dependency assembly - System.ServiceModel.Primitives.dll
Dependency assembly - System.ValueTuple.dll
Dependency assembly - Unity.XR.OpenXR.Features.RuntimeDebugger.dll
Dependency assembly - System.Runtime.Serialization.dll
Dependency assembly - System.Data.DataSetExtensions.dll
Dependency assembly - System.Runtime.Serialization.Primitives.dll
Dependency assembly - System.Security.Cryptography.Hashing.dll
Dependency assembly - System.EnterpriseServices.dll
Dependency assembly - System.Runtime.InteropServices.WindowsRuntime.dll
Dependency assembly - mscorlib.dll
Dependency assembly - System.Resources.ReaderWriter.dll
Dependency assembly - System.Diagnostics.TraceSource.dll
Dependency assembly - System.Runtime.Remoting.dll
Dependency assembly - System.Data.dll
Dependency assembly - System.Net.Sockets.dll
Dependency assembly - System.ComponentModel.dll
Dependency assembly - System.Data.Services.dll
Dependency assembly - Unity.XR.CoreUtils.dll
Dependency assembly - System.Collections.Concurrent.dll
Dependency assembly - System.Diagnostics.Process.dll
Dependency assembly - UnityEngine.SpatialTracking.dll
Dependency assembly - Unity.XR.Interaction.Toolkit.Samples.StarterAssets.dll
Dependency assembly - System.Web.DynamicData.dll
Dependency assembly - System.Xml.dll
Dependency assembly - System.Runtime.InteropServices.RuntimeInformation.dll
Dependency assembly - Unity.XR.Management.dll
Dependency assembly - System.Threading.Tasks.dll
Dependency assembly - System.IO.FileSystem.Primitives.dll
Dependency assembly - Unity.VisualScripting.Core.dll
Dependency assembly - System.Runtime.Handles.dll
Dependency assembly - System.Security.Cryptography.X509Certificates.dll
Dependency assembly - netstandard.dll
Dependency assembly - System.IO.Compression.FileSystem.dll
Dependency assembly - Unity.XR.OpenXR.Features.MockRuntime.dll
Dependency assembly - System.Security.Principal.Windows.dll
Dependency assembly - UnityGifDecoder.dll
Dependency assembly - System.Reflection.DispatchProxy.dll
Dependency assembly - System.Xml.Xsl.Primitives.dll
Dependency assembly - System.Security.Cryptography.Encryption.ECDiffieHellman.dll
Dependency assembly - System.Text.Encoding.dll
Dependency assembly - System.Net.Primitives.dll
Dependency assembly - System.ServiceModel.Internals.dll
Dependency assembly - System.Diagnostics.StackTrace.dll
Dependency assembly - System.Web.Extensions.Design.dll
Dependency assembly - System.IO.IsolatedStorage.dll
Dependency assembly - System.Diagnostics.TraceEvent.dll
Dependency assembly - System.Threading.Tasks.Extensions.dll
Dependency assembly - System.Xml.XPath.dll
Dependency assembly - System.IO.dll
Dependency assembly - System.Security.Cryptography.Encryption.Aes.dll
Dependency assembly - System.Diagnostics.Debug.dll
Dependency assembly - System.Net.Utilities.dll
Dependency assembly - System.Runtime.dll
Dependency assembly - System.ObjectModel.dll
Dependency assembly - System.Security.Cryptography.RandomNumberGenerator.dll
Dependency assembly - System.Data.Linq.dll
Dependency assembly - System.Runtime.Caching.dll
Dependency assembly - System.Diagnostics.Tracing.dll
Dependency assembly - System.Runtime.InteropServices.dll
Dependency assembly - System.Security.Claims.dll
Dependency assembly - System.Design.dll
Dependency assembly - System.Runtime.DurableInstancing.dll
Dependency assembly - System.Numerics.Vectors.dll
Dependency assembly - System.Security.dll
Dependency assembly - System.ComponentModel.TypeConverter.dll
Dependency assembly - Unity.XR.OpenXR.Features.MetaQuestSupport.dll
Dependency assembly - System.Security.Cryptography.Primitives.dll
Dependency assembly - System.Net.Http.dll
Dependency assembly - System.ServiceModel.Http.dll
Dependency assembly - System.Windows.dll
Dependency assembly - System.ComponentModel.Primitives.dll
Dependency assembly - Unity.Mathematics.dll
Dependency assembly - System.Threading.Tasks.Parallel.dll
Dependency assembly - System.IdentityModel.Selectors.dll
Dependency assembly - System.Runtime.CompilerServices.Unsafe.dll
Dependency assembly - UnityEngine.XR.LegacyInputHelpers.dll
Dependency assembly - System.Xml.XmlDocument.dll
Dependency assembly - Unity.XR.OpenXR.Features.ConformanceAutomation.dll
Dependency assembly - Unity.XR.OpenXR.Features.PICOSupport.dll
Dependency assembly - Unity.XR.OpenXRPico.dll
Dependency assembly - System.Security.Cryptography.Pkcs.dll
Dependency assembly - System.IO.FileSystem.DriveInfo.dll
Dependency assembly - System.Diagnostics.FileVersionInfo.dll
Dependency assembly - System.ServiceModel.dll
Dependency assembly - System.Reflection.Emit.dll
Dependency assembly - System.Drawing.Design.dll
Dependency assembly - System.Windows.Forms.dll
Dependency assembly - System.Reflection.Emit.Lightweight.dll
Dependency assembly - System.Xml.Linq.dll
Dependency assembly - System.Security.Cryptography.DeriveBytes.dll
Dependency assembly - System.Text.RegularExpressions.dll
Dependency assembly - System.Web.dll
Dependency assembly - System.IO.Compression.ZipFile.dll
Dependency assembly - System.Globalization.Extensions.dll
Dependency assembly - System.dll
Dependency assembly - System.Xml.Serialization.dll
Dependency assembly - System.Globalization.dll
Dependency assembly - System.ComponentModel.Annotations.dll
Dependency assembly - System.Xml.XPath.XDocument.dll
Dependency assembly - System.Net.Security.dll
Dependency assembly - System.Net.ServicePoint.dll
Dependency assembly - System.Threading.ThreadPool.dll
Dependency assembly - System.IO.FileSystem.dll
Dependency assembly - System.ServiceProcess.ServiceController.dll
Dependency assembly - System.Reflection.TypeExtensions.dll
Dependency assembly - System.Json.dll
Dependency assembly - Mono.Security.dll
Dependency assembly - System.Data.Common.dll
Dependency assembly - System.Security.Cryptography.RSA.dll
Dependency assembly - System.Collections.dll
Dependency assembly - Unity.VisualScripting.Antlr3.Runtime.dll
Dependency assembly - System.Xml.XmlSerializer.dll
Dependency assembly - Unity.InputSystem.dll
Dependency assembly - System.Data.OracleClient.dll
Dependency assembly - System.Net.AuthenticationManager.dll
Dependency assembly - System.ComponentModel.EventBasedAsync.dll
Dependency assembly - System.Security.Cryptography.Hashing.Algorithms.dll

Compressed texture export202201252311597020 is used as icon. This might compromise visual quality of the final image. Uncompressed format might be considered as better import option.
UnityEngine.StackTraceUtility:ExtractStackTrace ()
UnityEditor.BuildPipeline:BuildPlayerInternal (string[],string,string,UnityEditor.BuildTargetGroup,UnityEditor.BuildTarget,int,UnityEditor.BuildOptions,string[])
UnityEditor.BuildPipeline:BuildPlayer (string[],string,string,UnityEditor.BuildTargetGroup,UnityEditor.BuildTarget,int,UnityEditor.BuildOptions,string[])
UnityEditor.BuildPipeline:BuildPlayer (UnityEditor.BuildPlayerOptions)
QuestCraftCliBuild:BuildAndroid () (at Q:/QCXR-XR-Wrapper/Assets/Editor/QuestCraftCliBuild.cs:86)

[Q:/QCXR-XR-Wrapper/Assets/Editor/QuestCraftCliBuild.cs line 86]

Compressed texture export202201252311597020 is used as icon. This might compromise visual quality of the final image. Uncompressed format might be considered as better import option.
UnityEngine.StackTraceUtility:ExtractStackTrace ()
UnityEditor.BuildPipeline:BuildPlayerInternal (string[],string,string,UnityEditor.BuildTargetGroup,UnityEditor.BuildTarget,int,UnityEditor.BuildOptions,string[])
UnityEditor.BuildPipeline:BuildPlayer (string[],string,string,UnityEditor.BuildTargetGroup,UnityEditor.BuildTarget,int,UnityEditor.BuildOptions,string[])
UnityEditor.BuildPipeline:BuildPlayer (UnityEditor.BuildPlayerOptions)
QuestCraftCliBuild:BuildAndroid () (at Q:/QCXR-XR-Wrapper/Assets/Editor/QuestCraftCliBuild.cs:86)

[Q:/QCXR-XR-Wrapper/Assets/Editor/QuestCraftCliBuild.cs line 86]

Compressed texture export202201252311597020 is used as icon. This might compromise visual quality of the final image. Uncompressed format might be considered as better import option.
UnityEngine.StackTraceUtility:ExtractStackTrace ()
UnityEditor.BuildPipeline:BuildPlayerInternal (string[],string,string,UnityEditor.BuildTargetGroup,UnityEditor.BuildTarget,int,UnityEditor.BuildOptions,string[])
UnityEditor.BuildPipeline:BuildPlayer (string[],string,string,UnityEditor.BuildTargetGroup,UnityEditor.BuildTarget,int,UnityEditor.BuildOptions,string[])
UnityEditor.BuildPipeline:BuildPlayer (UnityEditor.BuildPlayerOptions)
QuestCraftCliBuild:BuildAndroid () (at Q:/QCXR-XR-Wrapper/Assets/Editor/QuestCraftCliBuild.cs:86)

[Q:/QCXR-XR-Wrapper/Assets/Editor/QuestCraftCliBuild.cs line 86]

Compressed texture export202201252311597020 is used as icon. This might compromise visual quality of the final image. Uncompressed format might be considered as better import option.
UnityEngine.StackTraceUtility:ExtractStackTrace ()
UnityEditor.BuildPipeline:BuildPlayerInternal (string[],string,string,UnityEditor.BuildTargetGroup,UnityEditor.BuildTarget,int,UnityEditor.BuildOptions,string[])
UnityEditor.BuildPipeline:BuildPlayer (string[],string,string,UnityEditor.BuildTargetGroup,UnityEditor.BuildTarget,int,UnityEditor.BuildOptions,string[])
UnityEditor.BuildPipeline:BuildPlayer (UnityEditor.BuildPlayerOptions)
QuestCraftCliBuild:BuildAndroid () (at Q:/QCXR-XR-Wrapper/Assets/Editor/QuestCraftCliBuild.cs:86)

[Q:/QCXR-XR-Wrapper/Assets/Editor/QuestCraftCliBuild.cs line 86]

Compressed texture export202201252311597020 is used as icon. This might compromise visual quality of the final image. Uncompressed format might be considered as better import option.
UnityEngine.StackTraceUtility:ExtractStackTrace ()
UnityEditor.BuildPipeline:BuildPlayerInternal (string[],string,string,UnityEditor.BuildTargetGroup,UnityEditor.BuildTarget,int,UnityEditor.BuildOptions,string[])
UnityEditor.BuildPipeline:BuildPlayer (string[],string,string,UnityEditor.BuildTargetGroup,UnityEditor.BuildTarget,int,UnityEditor.BuildOptions,string[])
UnityEditor.BuildPipeline:BuildPlayer (UnityEditor.BuildPlayerOptions)
QuestCraftCliBuild:BuildAndroid () (at Q:/QCXR-XR-Wrapper/Assets/Editor/QuestCraftCliBuild.cs:86)

[Q:/QCXR-XR-Wrapper/Assets/Editor/QuestCraftCliBuild.cs line 86]

Compressed texture export202201252311597020 is used as icon. This might compromise visual quality of the final image. Uncompressed format might be considered as better import option.
UnityEngine.StackTraceUtility:ExtractStackTrace ()
UnityEditor.BuildPipeline:BuildPlayerInternal (string[],string,string,UnityEditor.BuildTargetGroup,UnityEditor.BuildTarget,int,UnityEditor.BuildOptions,string[])
UnityEditor.BuildPipeline:BuildPlayer (string[],string,string,UnityEditor.BuildTargetGroup,UnityEditor.BuildTarget,int,UnityEditor.BuildOptions,string[])
UnityEditor.BuildPipeline:BuildPlayer (UnityEditor.BuildPlayerOptions)
QuestCraftCliBuild:BuildAndroid () (at Q:/QCXR-XR-Wrapper/Assets/Editor/QuestCraftCliBuild.cs:86)

[Q:/QCXR-XR-Wrapper/Assets/Editor/QuestCraftCliBuild.cs line 86]

Compressed texture export202201252311597020 is used as icon. This might compromise visual quality of the final image. Uncompressed format might be considered as better import option.
UnityEngine.StackTraceUtility:ExtractStackTrace ()
UnityEditor.BuildPipeline:BuildPlayerInternal (string[],string,string,UnityEditor.BuildTargetGroup,UnityEditor.BuildTarget,int,UnityEditor.BuildOptions,string[])
UnityEditor.BuildPipeline:BuildPlayer (string[],string,string,UnityEditor.BuildTargetGroup,UnityEditor.BuildTarget,int,UnityEditor.BuildOptions,string[])
UnityEditor.BuildPipeline:BuildPlayer (UnityEditor.BuildPlayerOptions)
QuestCraftCliBuild:BuildAndroid () (at Q:/QCXR-XR-Wrapper/Assets/Editor/QuestCraftCliBuild.cs:86)

[Q:/QCXR-XR-Wrapper/Assets/Editor/QuestCraftCliBuild.cs line 86]

Compressed texture export202201252311597020 is used as icon. This might compromise visual quality of the final image. Uncompressed format might be considered as better import option.
UnityEngine.StackTraceUtility:ExtractStackTrace ()
UnityEditor.BuildPipeline:BuildPlayerInternal (string[],string,string,UnityEditor.BuildTargetGroup,UnityEditor.BuildTarget,int,UnityEditor.BuildOptions,string[])
UnityEditor.BuildPipeline:BuildPlayer (string[],string,string,UnityEditor.BuildTargetGroup,UnityEditor.BuildTarget,int,UnityEditor.BuildOptions,string[])
UnityEditor.BuildPipeline:BuildPlayer (UnityEditor.BuildPlayerOptions)
QuestCraftCliBuild:BuildAndroid () (at Q:/QCXR-XR-Wrapper/Assets/Editor/QuestCraftCliBuild.cs:86)

[Q:/QCXR-XR-Wrapper/Assets/Editor/QuestCraftCliBuild.cs line 86]

Compressed texture export202201252311597020 is used as icon. This might compromise visual quality of the final image. Uncompressed format might be considered as better import option.
UnityEngine.StackTraceUtility:ExtractStackTrace ()
UnityEditor.BuildPipeline:BuildPlayerInternal (string[],string,string,UnityEditor.BuildTargetGroup,UnityEditor.BuildTarget,int,UnityEditor.BuildOptions,string[])
UnityEditor.BuildPipeline:BuildPlayer (string[],string,string,UnityEditor.BuildTargetGroup,UnityEditor.BuildTarget,int,UnityEditor.BuildOptions,string[])
UnityEditor.BuildPipeline:BuildPlayer (UnityEditor.BuildPlayerOptions)
QuestCraftCliBuild:BuildAndroid () (at Q:/QCXR-XR-Wrapper/Assets/Editor/QuestCraftCliBuild.cs:86)

[Q:/QCXR-XR-Wrapper/Assets/Editor/QuestCraftCliBuild.cs line 86]

Compressed texture export202201252311597020 is used as icon. This might compromise visual quality of the final image. Uncompressed format might be considered as better import option.
UnityEngine.StackTraceUtility:ExtractStackTrace ()
UnityEditor.BuildPipeline:BuildPlayerInternal (string[],string,string,UnityEditor.BuildTargetGroup,UnityEditor.BuildTarget,int,UnityEditor.BuildOptions,string[])
UnityEditor.BuildPipeline:BuildPlayer (string[],string,string,UnityEditor.BuildTargetGroup,UnityEditor.BuildTarget,int,UnityEditor.BuildOptions,string[])
UnityEditor.BuildPipeline:BuildPlayer (UnityEditor.BuildPlayerOptions)
QuestCraftCliBuild:BuildAndroid () (at Q:/QCXR-XR-Wrapper/Assets/Editor/QuestCraftCliBuild.cs:86)

[Q:/QCXR-XR-Wrapper/Assets/Editor/QuestCraftCliBuild.cs line 86]

Compressed texture export202201252311597020 is used as icon. This might compromise visual quality of the final image. Uncompressed format might be considered as better import option.
UnityEngine.StackTraceUtility:ExtractStackTrace ()
UnityEditor.BuildPipeline:BuildPlayerInternal (string[],string,string,UnityEditor.BuildTargetGroup,UnityEditor.BuildTarget,int,UnityEditor.BuildOptions,string[])
UnityEditor.BuildPipeline:BuildPlayer (string[],string,string,UnityEditor.BuildTargetGroup,UnityEditor.BuildTarget,int,UnityEditor.BuildOptions,string[])
UnityEditor.BuildPipeline:BuildPlayer (UnityEditor.BuildPlayerOptions)
QuestCraftCliBuild:BuildAndroid () (at Q:/QCXR-XR-Wrapper/Assets/Editor/QuestCraftCliBuild.cs:86)

[Q:/QCXR-XR-Wrapper/Assets/Editor/QuestCraftCliBuild.cs line 86]

Compressed texture export202201252311597020 is used as icon. This might compromise visual quality of the final image. Uncompressed format might be considered as better import option.
UnityEngine.StackTraceUtility:ExtractStackTrace ()
UnityEditor.BuildPipeline:BuildPlayerInternal (string[],string,string,UnityEditor.BuildTargetGroup,UnityEditor.BuildTarget,int,UnityEditor.BuildOptions,string[])
UnityEditor.BuildPipeline:BuildPlayer (string[],string,string,UnityEditor.BuildTargetGroup,UnityEditor.BuildTarget,int,UnityEditor.BuildOptions,string[])
UnityEditor.BuildPipeline:BuildPlayer (UnityEditor.BuildPlayerOptions)
QuestCraftCliBuild:BuildAndroid () (at Q:/QCXR-XR-Wrapper/Assets/Editor/QuestCraftCliBuild.cs:86)

[Q:/QCXR-XR-Wrapper/Assets/Editor/QuestCraftCliBuild.cs line 86]

Compressed texture export202201252311597020 is used as icon. This might compromise visual quality of the final image. Uncompressed format might be considered as better import option.
UnityEngine.StackTraceUtility:ExtractStackTrace ()
UnityEditor.BuildPipeline:BuildPlayerInternal (string[],string,string,UnityEditor.BuildTargetGroup,UnityEditor.BuildTarget,int,UnityEditor.BuildOptions,string[])
UnityEditor.BuildPipeline:BuildPlayer (string[],string,string,UnityEditor.BuildTargetGroup,UnityEditor.BuildTarget,int,UnityEditor.BuildOptions,string[])
UnityEditor.BuildPipeline:BuildPlayer (UnityEditor.BuildPlayerOptions)
QuestCraftCliBuild:BuildAndroid () (at Q:/QCXR-XR-Wrapper/Assets/Editor/QuestCraftCliBuild.cs:86)

[Q:/QCXR-XR-Wrapper/Assets/Editor/QuestCraftCliBuild.cs line 86]

Compressed texture export202201252311597020 is used as icon. This might compromise visual quality of the final image. Uncompressed format might be considered as better import option.
UnityEngine.StackTraceUtility:ExtractStackTrace ()
UnityEditor.BuildPipeline:BuildPlayerInternal (string[],string,string,UnityEditor.BuildTargetGroup,UnityEditor.BuildTarget,int,UnityEditor.BuildOptions,string[])
UnityEditor.BuildPipeline:BuildPlayer (string[],string,string,UnityEditor.BuildTargetGroup,UnityEditor.BuildTarget,int,UnityEditor.BuildOptions,string[])
UnityEditor.BuildPipeline:BuildPlayer (UnityEditor.BuildPlayerOptions)
QuestCraftCliBuild:BuildAndroid () (at Q:/QCXR-XR-Wrapper/Assets/Editor/QuestCraftCliBuild.cs:86)

[Q:/QCXR-XR-Wrapper/Assets/Editor/QuestCraftCliBuild.cs line 86]

Compressed texture export202201252311597020 is used as icon. This might compromise visual quality of the final image. Uncompressed format might be considered as better import option.
UnityEngine.StackTraceUtility:ExtractStackTrace ()
UnityEditor.BuildPipeline:BuildPlayerInternal (string[],string,string,UnityEditor.BuildTargetGroup,UnityEditor.BuildTarget,int,UnityEditor.BuildOptions,string[])
UnityEditor.BuildPipeline:BuildPlayer (string[],string,string,UnityEditor.BuildTargetGroup,UnityEditor.BuildTarget,int,UnityEditor.BuildOptions,string[])
UnityEditor.BuildPipeline:BuildPlayer (UnityEditor.BuildPlayerOptions)
QuestCraftCliBuild:BuildAndroid () (at Q:/QCXR-XR-Wrapper/Assets/Editor/QuestCraftCliBuild.cs:86)

[Q:/QCXR-XR-Wrapper/Assets/Editor/QuestCraftCliBuild.cs line 86]

Compressed texture export202201252311597020 is used as icon. This might compromise visual quality of the final image. Uncompressed format might be considered as better import option.
UnityEngine.StackTraceUtility:ExtractStackTrace ()
UnityEditor.BuildPipeline:BuildPlayerInternal (string[],string,string,UnityEditor.BuildTargetGroup,UnityEditor.BuildTarget,int,UnityEditor.BuildOptions,string[])
UnityEditor.BuildPipeline:BuildPlayer (string[],string,string,UnityEditor.BuildTargetGroup,UnityEditor.BuildTarget,int,UnityEditor.BuildOptions,string[])
UnityEditor.BuildPipeline:BuildPlayer (UnityEditor.BuildPlayerOptions)
QuestCraftCliBuild:BuildAndroid () (at Q:/QCXR-XR-Wrapper/Assets/Editor/QuestCraftCliBuild.cs:86)

[Q:/QCXR-XR-Wrapper/Assets/Editor/QuestCraftCliBuild.cs line 86]

Compressed texture export202201252311597020 is used as icon. This might compromise visual quality of the final image. Uncompressed format might be considered as better import option.
UnityEngine.StackTraceUtility:ExtractStackTrace ()
UnityEditor.BuildPipeline:BuildPlayerInternal (string[],string,string,UnityEditor.BuildTargetGroup,UnityEditor.BuildTarget,int,UnityEditor.BuildOptions,string[])
UnityEditor.BuildPipeline:BuildPlayer (string[],string,string,UnityEditor.BuildTargetGroup,UnityEditor.BuildTarget,int,UnityEditor.BuildOptions,string[])
UnityEditor.BuildPipeline:BuildPlayer (UnityEditor.BuildPlayerOptions)
QuestCraftCliBuild:BuildAndroid () (at Q:/QCXR-XR-Wrapper/Assets/Editor/QuestCraftCliBuild.cs:86)

[Q:/QCXR-XR-Wrapper/Assets/Editor/QuestCraftCliBuild.cs line 86]

Compressed texture export202201252311597020 is used as icon. This might compromise visual quality of the final image. Uncompressed format might be considered as better import option.
UnityEngine.StackTraceUtility:ExtractStackTrace ()
UnityEditor.BuildPipeline:BuildPlayerInternal (string[],string,string,UnityEditor.BuildTargetGroup,UnityEditor.BuildTarget,int,UnityEditor.BuildOptions,string[])
UnityEditor.BuildPipeline:BuildPlayer (string[],string,string,UnityEditor.BuildTargetGroup,UnityEditor.BuildTarget,int,UnityEditor.BuildOptions,string[])
UnityEditor.BuildPipeline:BuildPlayer (UnityEditor.BuildPlayerOptions)
QuestCraftCliBuild:BuildAndroid () (at Q:/QCXR-XR-Wrapper/Assets/Editor/QuestCraftCliBuild.cs:86)

[Q:/QCXR-XR-Wrapper/Assets/Editor/QuestCraftCliBuild.cs line 86]

DisplayProgressbar: Initializing
Android PostProcess task "Initializing" took 0.4674 ms
DisplayProgressbar: Check gradle project collisions
Android PostProcess task "Check gradle project collisions" took 0.2434 ms
DisplayProgressbar: Preparing banner
Android PostProcess task "Preparing banner" took 0.418 ms
info: Microsoft.AspNetCore.Hosting.Diagnostics[1]
      Request starting HTTP/2 POST http://ilpp/UnityILPP.PostProcessing/Ping application/grpc -
info: Microsoft.AspNetCore.Routing.EndpointMiddleware[0]
      Executing endpoint 'gRPC - /UnityILPP.PostProcessing/Ping'
info: Microsoft.AspNetCore.Routing.EndpointMiddleware[1]
      Executed endpoint 'gRPC - /UnityILPP.PostProcessing/Ping'
info: Microsoft.AspNetCore.Hosting.Diagnostics[2]
      Request finished HTTP/2 POST http://ilpp/UnityILPP.PostProcessing/Ping application/grpc - - 200 - application/grpc 0.4585ms
Plugin 'Packages/com.netpyoung.webp/Plugins/Android/libs/arm64-v8a/libwebpmux.so' is not 16KB-aligned. This may cause issues on ARM64 devices running Android 15+.
More info: <a href="https://developer.android.com/guide/practices/page-sizes">https://developer.android.com/guide/practices/page-sizes</a>.
UnityEngine.StackTraceUtility:ExtractStackTrace ()
UnityEngine.DebugLogHandler:LogFormat (UnityEngine.LogType,UnityEngine.Object,string,object[])
UnityEngine.Logger:Log (UnityEngine.LogType,object)
UnityEngine.Debug:LogWarning (object)
UnityEditor.Android.AndroidBuildPostprocessor:CollectPlugin (string,Unity.Android.Types.AndroidArchitecture,System.Collections.Generic.Dictionary`2<string, UnityEditor.Android.AndroidBuildPostprocessor/AndroidSourcePlugin>,bool) (at /home/bokken/build/output/unity/unity/PlatformDependent/AndroidPlayer/Editor/Managed/ExtensionModule.cs:407)
UnityEditor.Android.AndroidBuildPostprocessor:PluginsDataFor (UnityEditor.Modules.BuildPostProcessArgs) (at /home/bokken/build/output/unity/unity/PlatformDependent/AndroidPlayer/Editor/Managed/ExtensionModule.cs:470)
UnityEditor.Modules.BeeBuildPostprocessor/<GetDataForBuildProgramFor>d__49:MoveNext ()
UnityEditor.Android.AndroidBuildPostprocessor/<GetDataForBuildProgramFor>d__29:MoveNext () (at /home/bokken/build/output/unity/unity/PlatformDependent/AndroidPlayer/Editor/Managed/ExtensionModule.cs:730)
System.Linq.Enumerable/WhereEnumerableIterator`1<object>:MoveNext ()
Bee.BeeDriver.BeeDriver:WriteDataForBuildProgram (Bee.BeeDriver.InternalState,System.Threading.Tasks.TaskCompletionSource`1<int>)
Bee.BeeDriver.BeeDriver/<>c__DisplayClass0_0:<BuildAsync>g__WriteData|0 ()
Bee.BeeDriver.BeeDriver:BuildAsync (Bee.BeeDriver.BuildRequest,System.Threading.CancellationToken)
UnityEditor.Modules.BeeBuildPostprocessor:PostProcess (UnityEditor.Modules.BuildPostProcessArgs)
UnityEditor.Modules.DefaultBuildPostprocessor:PostProcess (UnityEditor.Modules.BuildPostProcessArgs,UnityEditor.BuildProperties&)
UnityEditor.Android.AndroidBuildPostprocessor:PostProcess (UnityEditor.Modules.BuildPostProcessArgs,UnityEditor.BuildProperties&) (at /home/bokken/build/output/unity/unity/PlatformDependent/AndroidPlayer/Editor/Managed/ExtensionModule.cs:228)
UnityEditor.PostprocessBuildPlayer:Postprocess (UnityEditor.BuildTargetGroup,UnityEditor.BuildTarget,int,string,string,string,int,int,UnityEditor.BuildOptions,UnityEditor.RuntimeClassRegistry,UnityEditor.Build.Reporting.BuildReport)
UnityEditor.BuildPipeline:BuildPlayerInternal (string[],string,string,UnityEditor.BuildTargetGroup,UnityEditor.BuildTarget,int,UnityEditor.BuildOptions,string[])
UnityEditor.BuildPipeline:BuildPlayer (string[],string,string,UnityEditor.BuildTargetGroup,UnityEditor.BuildTarget,int,UnityEditor.BuildOptions,string[])
UnityEditor.BuildPipeline:BuildPlayer (UnityEditor.BuildPlayerOptions)
QuestCraftCliBuild:BuildAndroid () (at Q:/QCXR-XR-Wrapper/Assets/Editor/QuestCraftCliBuild.cs:86)

(Filename: /home/bokken/build/output/unity/unity/PlatformDependent/AndroidPlayer/Editor/Managed/ExtensionModule.cs Line: 407)

Plugin 'Packages/com.netpyoung.webp/Plugins/Android/libs/arm64-v8a/libwebpdemux.so' is not 16KB-aligned. This may cause issues on ARM64 devices running Android 15+.
More info: <a href="https://developer.android.com/guide/practices/page-sizes">https://developer.android.com/guide/practices/page-sizes</a>.
UnityEngine.StackTraceUtility:ExtractStackTrace ()
UnityEngine.DebugLogHandler:LogFormat (UnityEngine.LogType,UnityEngine.Object,string,object[])
UnityEngine.Logger:Log (UnityEngine.LogType,object)
UnityEngine.Debug:LogWarning (object)
UnityEditor.Android.AndroidBuildPostprocessor:CollectPlugin (string,Unity.Android.Types.AndroidArchitecture,System.Collections.Generic.Dictionary`2<string, UnityEditor.Android.AndroidBuildPostprocessor/AndroidSourcePlugin>,bool) (at /home/bokken/build/output/unity/unity/PlatformDependent/AndroidPlayer/Editor/Managed/ExtensionModule.cs:407)
UnityEditor.Android.AndroidBuildPostprocessor:PluginsDataFor (UnityEditor.Modules.BuildPostProcessArgs) (at /home/bokken/build/output/unity/unity/PlatformDependent/AndroidPlayer/Editor/Managed/ExtensionModule.cs:470)
UnityEditor.Modules.BeeBuildPostprocessor/<GetDataForBuildProgramFor>d__49:MoveNext ()
UnityEditor.Android.AndroidBuildPostprocessor/<GetDataForBuildProgramFor>d__29:MoveNext () (at /home/bokken/build/output/unity/unity/PlatformDependent/AndroidPlayer/Editor/Managed/ExtensionModule.cs:730)
System.Linq.Enumerable/WhereEnumerableIterator`1<object>:MoveNext ()
Bee.BeeDriver.BeeDriver:WriteDataForBuildProgram (Bee.BeeDriver.InternalState,System.Threading.Tasks.TaskCompletionSource`1<int>)
Bee.BeeDriver.BeeDriver/<>c__DisplayClass0_0:<BuildAsync>g__WriteData|0 ()
Bee.BeeDriver.BeeDriver:BuildAsync (Bee.BeeDriver.BuildRequest,System.Threading.CancellationToken)
UnityEditor.Modules.BeeBuildPostprocessor:PostProcess (UnityEditor.Modules.BuildPostProcessArgs)
UnityEditor.Modules.DefaultBuildPostprocessor:PostProcess (UnityEditor.Modules.BuildPostProcessArgs,UnityEditor.BuildProperties&)
UnityEditor.Android.AndroidBuildPostprocessor:PostProcess (UnityEditor.Modules.BuildPostProcessArgs,UnityEditor.BuildProperties&) (at /home/bokken/build/output/unity/unity/PlatformDependent/AndroidPlayer/Editor/Managed/ExtensionModule.cs:228)
UnityEditor.PostprocessBuildPlayer:Postprocess (UnityEditor.BuildTargetGroup,UnityEditor.BuildTarget,int,string,string,string,int,int,UnityEditor.BuildOptions,UnityEditor.RuntimeClassRegistry,UnityEditor.Build.Reporting.BuildReport)
UnityEditor.BuildPipeline:BuildPlayerInternal (string[],string,string,UnityEditor.BuildTargetGroup,UnityEditor.BuildTarget,int,UnityEditor.BuildOptions,string[])
UnityEditor.BuildPipeline:BuildPlayer (string[],string,string,UnityEditor.BuildTargetGroup,UnityEditor.BuildTarget,int,UnityEditor.BuildOptions,string[])
UnityEditor.BuildPipeline:BuildPlayer (UnityEditor.BuildPlayerOptions)
QuestCraftCliBuild:BuildAndroid () (at Q:/QCXR-XR-Wrapper/Assets/Editor/QuestCraftCliBuild.cs:86)

(Filename: /home/bokken/build/output/unity/unity/PlatformDependent/AndroidPlayer/Editor/Managed/ExtensionModule.cs Line: 407)

Plugin 'Packages/com.unity.xr.openxr/Runtime/android/arm64/libUnityOpenXR.so' is not 16KB-aligned. This may cause issues on ARM64 devices running Android 15+.
More info: <a href="https://developer.android.com/guide/practices/page-sizes">https://developer.android.com/guide/practices/page-sizes</a>.
UnityEngine.StackTraceUtility:ExtractStackTrace ()
UnityEngine.DebugLogHandler:LogFormat (UnityEngine.LogType,UnityEngine.Object,string,object[])
UnityEngine.Logger:Log (UnityEngine.LogType,object)
UnityEngine.Debug:LogWarning (object)
UnityEditor.Android.AndroidBuildPostprocessor:CollectPlugin (string,Unity.Android.Types.AndroidArchitecture,System.Collections.Generic.Dictionary`2<string, UnityEditor.Android.AndroidBuildPostprocessor/AndroidSourcePlugin>,bool) (at /home/bokken/build/output/unity/unity/PlatformDependent/AndroidPlayer/Editor/Managed/ExtensionModule.cs:407)
UnityEditor.Android.AndroidBuildPostprocessor:PluginsDataFor (UnityEditor.Modules.BuildPostProcessArgs) (at /home/bokken/build/output/unity/unity/PlatformDependent/AndroidPlayer/Editor/Managed/ExtensionModule.cs:470)
UnityEditor.Modules.BeeBuildPostprocessor/<GetDataForBuildProgramFor>d__49:MoveNext ()
UnityEditor.Android.AndroidBuildPostprocessor/<GetDataForBuildProgramFor>d__29:MoveNext () (at /home/bokken/build/output/unity/unity/PlatformDependent/AndroidPlayer/Editor/Managed/ExtensionModule.cs:730)
System.Linq.Enumerable/WhereEnumerableIterator`1<object>:MoveNext ()
Bee.BeeDriver.BeeDriver:WriteDataForBuildProgram (Bee.BeeDriver.InternalState,System.Threading.Tasks.TaskCompletionSource`1<int>)
Bee.BeeDriver.BeeDriver/<>c__DisplayClass0_0:<BuildAsync>g__WriteData|0 ()
Bee.BeeDriver.BeeDriver:BuildAsync (Bee.BeeDriver.BuildRequest,System.Threading.CancellationToken)
UnityEditor.Modules.BeeBuildPostprocessor:PostProcess (UnityEditor.Modules.BuildPostProcessArgs)
UnityEditor.Modules.DefaultBuildPostprocessor:PostProcess (UnityEditor.Modules.BuildPostProcessArgs,UnityEditor.BuildProperties&)
UnityEditor.Android.AndroidBuildPostprocessor:PostProcess (UnityEditor.Modules.BuildPostProcessArgs,UnityEditor.BuildProperties&) (at /home/bokken/build/output/unity/unity/PlatformDependent/AndroidPlayer/Editor/Managed/ExtensionModule.cs:228)
UnityEditor.PostprocessBuildPlayer:Postprocess (UnityEditor.BuildTargetGroup,UnityEditor.BuildTarget,int,string,string,string,int,int,UnityEditor.BuildOptions,UnityEditor.RuntimeClassRegistry,UnityEditor.Build.Reporting.BuildReport)
UnityEditor.BuildPipeline:BuildPlayerInternal (string[],string,string,UnityEditor.BuildTargetGroup,UnityEditor.BuildTarget,int,UnityEditor.BuildOptions,string[])
UnityEditor.BuildPipeline:BuildPlayer (string[],string,string,UnityEditor.BuildTargetGroup,UnityEditor.BuildTarget,int,UnityEditor.BuildOptions,string[])
UnityEditor.BuildPipeline:BuildPlayer (UnityEditor.BuildPlayerOptions)
QuestCraftCliBuild:BuildAndroid () (at Q:/QCXR-XR-Wrapper/Assets/Editor/QuestCraftCliBuild.cs:86)

(Filename: /home/bokken/build/output/unity/unity/PlatformDependent/AndroidPlayer/Editor/Managed/ExtensionModule.cs Line: 407)

Plugin 'Packages/com.netpyoung.webp/Plugins/Android/libs/arm64-v8a/libwebp.so' is not 16KB-aligned. This may cause issues on ARM64 devices running Android 15+.
More info: <a href="https://developer.android.com/guide/practices/page-sizes">https://developer.android.com/guide/practices/page-sizes</a>.
UnityEngine.StackTraceUtility:ExtractStackTrace ()
UnityEngine.DebugLogHandler:LogFormat (UnityEngine.LogType,UnityEngine.Object,string,object[])
UnityEngine.Logger:Log (UnityEngine.LogType,object)
UnityEngine.Debug:LogWarning (object)
UnityEditor.Android.AndroidBuildPostprocessor:CollectPlugin (string,Unity.Android.Types.AndroidArchitecture,System.Collections.Generic.Dictionary`2<string, UnityEditor.Android.AndroidBuildPostprocessor/AndroidSourcePlugin>,bool) (at /home/bokken/build/output/unity/unity/PlatformDependent/AndroidPlayer/Editor/Managed/ExtensionModule.cs:407)
UnityEditor.Android.AndroidBuildPostprocessor:PluginsDataFor (UnityEditor.Modules.BuildPostProcessArgs) (at /home/bokken/build/output/unity/unity/PlatformDependent/AndroidPlayer/Editor/Managed/ExtensionModule.cs:470)
UnityEditor.Modules.BeeBuildPostprocessor/<GetDataForBuildProgramFor>d__49:MoveNext ()
UnityEditor.Android.AndroidBuildPostprocessor/<GetDataForBuildProgramFor>d__29:MoveNext () (at /home/bokken/build/output/unity/unity/PlatformDependent/AndroidPlayer/Editor/Managed/ExtensionModule.cs:730)
System.Linq.Enumerable/WhereEnumerableIterator`1<object>:MoveNext ()
Bee.BeeDriver.BeeDriver:WriteDataForBuildProgram (Bee.BeeDriver.InternalState,System.Threading.Tasks.TaskCompletionSource`1<int>)
Bee.BeeDriver.BeeDriver/<>c__DisplayClass0_0:<BuildAsync>g__WriteData|0 ()
Bee.BeeDriver.BeeDriver:BuildAsync (Bee.BeeDriver.BuildRequest,System.Threading.CancellationToken)
UnityEditor.Modules.BeeBuildPostprocessor:PostProcess (UnityEditor.Modules.BuildPostProcessArgs)
UnityEditor.Modules.DefaultBuildPostprocessor:PostProcess (UnityEditor.Modules.BuildPostProcessArgs,UnityEditor.BuildProperties&)
UnityEditor.Android.AndroidBuildPostprocessor:PostProcess (UnityEditor.Modules.BuildPostProcessArgs,UnityEditor.BuildProperties&) (at /home/bokken/build/output/unity/unity/PlatformDependent/AndroidPlayer/Editor/Managed/ExtensionModule.cs:228)
UnityEditor.PostprocessBuildPlayer:Postprocess (UnityEditor.BuildTargetGroup,UnityEditor.BuildTarget,int,string,string,string,int,int,UnityEditor.BuildOptions,UnityEditor.RuntimeClassRegistry,UnityEditor.Build.Reporting.BuildReport)
UnityEditor.BuildPipeline:BuildPlayerInternal (string[],string,string,UnityEditor.BuildTargetGroup,UnityEditor.BuildTarget,int,UnityEditor.BuildOptions,string[])
UnityEditor.BuildPipeline:BuildPlayer (string[],string,string,UnityEditor.BuildTargetGroup,UnityEditor.BuildTarget,int,UnityEditor.BuildOptions,string[])
UnityEditor.BuildPipeline:BuildPlayer (UnityEditor.BuildPlayerOptions)
QuestCraftCliBuild:BuildAndroid () (at Q:/QCXR-XR-Wrapper/Assets/Editor/QuestCraftCliBuild.cs:86)

(Filename: /home/bokken/build/output/unity/unity/PlatformDependent/AndroidPlayer/Editor/Managed/ExtensionModule.cs Line: 407)

Plugin 'Packages/com.unity.xr.openxr.picoxr/Platform/Plugins/Android64/libpxrplatformloader.so' is not 16KB-aligned. This may cause issues on ARM64 devices running Android 15+.
More info: <a href="https://developer.android.com/guide/practices/page-sizes">https://developer.android.com/guide/practices/page-sizes</a>.
UnityEngine.StackTraceUtility:ExtractStackTrace ()
UnityEngine.DebugLogHandler:LogFormat (UnityEngine.LogType,UnityEngine.Object,string,object[])
UnityEngine.Logger:Log (UnityEngine.LogType,object)
UnityEngine.Debug:LogWarning (object)
UnityEditor.Android.AndroidBuildPostprocessor:CollectPlugin (string,Unity.Android.Types.AndroidArchitecture,System.Collections.Generic.Dictionary`2<string, UnityEditor.Android.AndroidBuildPostprocessor/AndroidSourcePlugin>,bool) (at /home/bokken/build/output/unity/unity/PlatformDependent/AndroidPlayer/Editor/Managed/ExtensionModule.cs:407)
UnityEditor.Android.AndroidBuildPostprocessor:PluginsDataFor (UnityEditor.Modules.BuildPostProcessArgs) (at /home/bokken/build/output/unity/unity/PlatformDependent/AndroidPlayer/Editor/Managed/ExtensionModule.cs:470)
UnityEditor.Modules.BeeBuildPostprocessor/<GetDataForBuildProgramFor>d__49:MoveNext ()
UnityEditor.Android.AndroidBuildPostprocessor/<GetDataForBuildProgramFor>d__29:MoveNext () (at /home/bokken/build/output/unity/unity/PlatformDependent/AndroidPlayer/Editor/Managed/ExtensionModule.cs:730)
System.Linq.Enumerable/WhereEnumerableIterator`1<object>:MoveNext ()
Bee.BeeDriver.BeeDriver:WriteDataForBuildProgram (Bee.BeeDriver.InternalState,System.Threading.Tasks.TaskCompletionSource`1<int>)
Bee.BeeDriver.BeeDriver/<>c__DisplayClass0_0:<BuildAsync>g__WriteData|0 ()
Bee.BeeDriver.BeeDriver:BuildAsync (Bee.BeeDriver.BuildRequest,System.Threading.CancellationToken)
UnityEditor.Modules.BeeBuildPostprocessor:PostProcess (UnityEditor.Modules.BuildPostProcessArgs)
UnityEditor.Modules.DefaultBuildPostprocessor:PostProcess (UnityEditor.Modules.BuildPostProcessArgs,UnityEditor.BuildProperties&)
UnityEditor.Android.AndroidBuildPostprocessor:PostProcess (UnityEditor.Modules.BuildPostProcessArgs,UnityEditor.BuildProperties&) (at /home/bokken/build/output/unity/unity/PlatformDependent/AndroidPlayer/Editor/Managed/ExtensionModule.cs:228)
UnityEditor.PostprocessBuildPlayer:Postprocess (UnityEditor.BuildTargetGroup,UnityEditor.BuildTarget,int,string,string,string,int,int,UnityEditor.BuildOptions,UnityEditor.RuntimeClassRegistry,UnityEditor.Build.Reporting.BuildReport)
UnityEditor.BuildPipeline:BuildPlayerInternal (string[],string,string,UnityEditor.BuildTargetGroup,UnityEditor.BuildTarget,int,UnityEditor.BuildOptions,string[])
UnityEditor.BuildPipeline:BuildPlayer (string[],string,string,UnityEditor.BuildTargetGroup,UnityEditor.BuildTarget,int,UnityEditor.BuildOptions,string[])
UnityEditor.BuildPipeline:BuildPlayer (UnityEditor.BuildPlayerOptions)
QuestCraftCliBuild:BuildAndroid () (at Q:/QCXR-XR-Wrapper/Assets/Editor/QuestCraftCliBuild.cs:86)

(Filename: /home/bokken/build/output/unity/unity/PlatformDependent/AndroidPlayer/Editor/Managed/ExtensionModule.cs Line: 407)

Plugin 'Packages/com.netpyoung.webp/Plugins/Android/libs/arm64-v8a/libwebpdecoder.so' is not 16KB-aligned. This may cause issues on ARM64 devices running Android 15+.
More info: <a href="https://developer.android.com/guide/practices/page-sizes">https://developer.android.com/guide/practices/page-sizes</a>.
UnityEngine.StackTraceUtility:ExtractStackTrace ()
UnityEngine.DebugLogHandler:LogFormat (UnityEngine.LogType,UnityEngine.Object,string,object[])
UnityEngine.Logger:Log (UnityEngine.LogType,object)
UnityEngine.Debug:LogWarning (object)
UnityEditor.Android.AndroidBuildPostprocessor:CollectPlugin (string,Unity.Android.Types.AndroidArchitecture,System.Collections.Generic.Dictionary`2<string, UnityEditor.Android.AndroidBuildPostprocessor/AndroidSourcePlugin>,bool) (at /home/bokken/build/output/unity/unity/PlatformDependent/AndroidPlayer/Editor/Managed/ExtensionModule.cs:407)
UnityEditor.Android.AndroidBuildPostprocessor:PluginsDataFor (UnityEditor.Modules.BuildPostProcessArgs) (at /home/bokken/build/output/unity/unity/PlatformDependent/AndroidPlayer/Editor/Managed/ExtensionModule.cs:470)
UnityEditor.Modules.BeeBuildPostprocessor/<GetDataForBuildProgramFor>d__49:MoveNext ()
UnityEditor.Android.AndroidBuildPostprocessor/<GetDataForBuildProgramFor>d__29:MoveNext () (at /home/bokken/build/output/unity/unity/PlatformDependent/AndroidPlayer/Editor/Managed/ExtensionModule.cs:730)
System.Linq.Enumerable/WhereEnumerableIterator`1<object>:MoveNext ()
Bee.BeeDriver.BeeDriver:WriteDataForBuildProgram (Bee.BeeDriver.InternalState,System.Threading.Tasks.TaskCompletionSource`1<int>)
Bee.BeeDriver.BeeDriver/<>c__DisplayClass0_0:<BuildAsync>g__WriteData|0 ()
Bee.BeeDriver.BeeDriver:BuildAsync (Bee.BeeDriver.BuildRequest,System.Threading.CancellationToken)
UnityEditor.Modules.BeeBuildPostprocessor:PostProcess (UnityEditor.Modules.BuildPostProcessArgs)
UnityEditor.Modules.DefaultBuildPostprocessor:PostProcess (UnityEditor.Modules.BuildPostProcessArgs,UnityEditor.BuildProperties&)
UnityEditor.Android.AndroidBuildPostprocessor:PostProcess (UnityEditor.Modules.BuildPostProcessArgs,UnityEditor.BuildProperties&) (at /home/bokken/build/output/unity/unity/PlatformDependent/AndroidPlayer/Editor/Managed/ExtensionModule.cs:228)
UnityEditor.PostprocessBuildPlayer:Postprocess (UnityEditor.BuildTargetGroup,UnityEditor.BuildTarget,int,string,string,string,int,int,UnityEditor.BuildOptions,UnityEditor.RuntimeClassRegistry,UnityEditor.Build.Reporting.BuildReport)
UnityEditor.BuildPipeline:BuildPlayerInternal (string[],string,string,UnityEditor.BuildTargetGroup,UnityEditor.BuildTarget,int,UnityEditor.BuildOptions,string[])
UnityEditor.BuildPipeline:BuildPlayer (string[],string,string,UnityEditor.BuildTargetGroup,UnityEditor.BuildTarget,int,UnityEditor.BuildOptions,string[])
UnityEditor.BuildPipeline:BuildPlayer (UnityEditor.BuildPlayerOptions)
QuestCraftCliBuild:BuildAndroid () (at Q:/QCXR-XR-Wrapper/Assets/Editor/QuestCraftCliBuild.cs:86)

(Filename: /home/bokken/build/output/unity/unity/PlatformDependent/AndroidPlayer/Editor/Managed/ExtensionModule.cs Line: 407)

Starting: C:\Program Files\Unity\Hub\Editor\2022.3.62f3\Editor\Data\bee_backend.exe --ipc --dagfile="Library/Bee/Player5c7f526e.dag" --profile="Library/Bee/backend1.traceevents" Player
WorkingDir: C:/Users/User/Documents/QuestCraft v26/QCXR-XR-Wrapper
[             ] Require frontend run.  Library/Bee/Player5c7f526e.dag couldn't be loaded
Starting: C:\Program Files\Unity\Hub\Editor\2022.3.62f3\Editor\Data\Tools\netcorerun\netcorerun.exe "C:\Program Files\Unity\Hub\Editor\2022.3.62f3\Editor\Data\PlaybackEngines\AndroidPlayer\AndroidPlayerBuildProgram.exe" "C:/Program Files/Unity/Hub/Editor/2022.3.62f3/Editor/Data/PlaybackEngines/AndroidPlayer/Bee;C:/Program Files/Unity/Hub/Editor/2022.3.62f3/Editor/Data/Tools/BuildPipeline" "Library/Bee/Player5c7f526e.dag.json" "Library/Bee/Player5c7f526e-inputdata.json" "Library\Bee\buildprogram0.traceevents"
WorkingDir: C:/Users/User/Documents/QuestCraft v26/QCXR-XR-Wrapper
ExitCode: 4 Duration: 0s28ms
DisplayProgressbar: Incremental Player Build
ExitCode: 0 Duration: 3s304ms
Starting: C:\Program Files\Unity\Hub\Editor\2022.3.62f3\Editor\Data\bee_backend.exe --ipc --dagfile="Library/Bee/Player5c7f526e.dag" --dagfilejson="Library\Bee\Player5c7f526e.dag.json" --profile="Library/Bee/backend2.traceevents" Player
WorkingDir: C:/Users/User/Documents/QuestCraft v26/QCXR-XR-Wrapper
Finished compiling graph: 1298 nodes, 3469 flattened edges (3463 ToBuild, 10 ToUse), maximum node priority 786
[   4/1293  0s] WriteResponseFile Library/Bee/artifacts/rsp/5354355955528615000.rsp
[  78/1293  0s] WriteResponseFile Library/Bee/artifacts/rsp/12438370367218343051.rsp
[ 264/1293  0s] WriteText Library/Bee/artifacts/csharpactions/UnityClassRegistration.cpp_9i0h.info
[ 265/1293  0s] WriteText Library/Bee/artifacts/csharpactions/build.gradle_7fam.info
[ 266/1293  0s] WriteText Library/Bee/artifacts/csharpactions/boot.config_x4e9.info
[ 267/1293  0s] WriteText Library/Bee/artifacts/csharpactions/LauncherManifestDiag.txt_zvqu.info
[ 268/1293  0s] WriteText Library/Bee/artifacts/csharpactions/unity_app_guid_gxsu.info
[ 270/1293  0s] CopyFiles C:/Users/User/Documents/QuestCraft v26/QCXR-XR-Wrapper/Library/Bee/Android/Prj/IL2CPP/Gradle/unityLibrary/src/main/jniLibs/arm64-v8a/libmain.so
[ 271/1293  0s] CopyFiles C:/Users/User/Documents/QuestCraft v26/QCXR-XR-Wrapper/Library/Bee/Android/Prj/IL2CPP/Gradle/unityLibrary/src/main/assets/bin/Data/sharedassets0.assets.split36
[ 272/1293  0s] CopyFiles C:/Users/User/Documents/QuestCraft v26/QCXR-XR-Wrapper/Library/Bee/Android/Prj/IL2CPP/Gradle/unityLibrary/src/main/assets/bin/Data/level0
[ 273/1293  0s] CopyFiles C:/Users/User/Documents/QuestCraft v26/QCXR-XR-Wrapper/Library/Bee/Android/Prj/IL2CPP/Gradle/unityLibrary/src/main/assets/bin/Data/sharedassets0.assets.split12
[ 274/1293  0s] CopyFiles C:/Users/User/Documents/QuestCraft v26/QCXR-XR-Wrapper/Library/Bee/Android/Prj/IL2CPP/Gradle/unityLibrary/src/main/assets/bin/Data/sharedassets0.assets.split31
[ 275/1293  0s] CopyFiles C:/Users/User/Documents/QuestCraft v26/QCXR-XR-Wrapper/Library/Bee/Android/Prj/IL2CPP/Gradle/unityLibrary/src/main/assets/bin/Data/globalgamemanagers.assets.split1
[ 276/1293  0s] CopyFiles C:/Users/User/Documents/QuestCraft v26/QCXR-XR-Wrapper/Library/Bee/Android/Prj/IL2CPP/Gradle/unityLibrary/src/main/assets/bin/Data/sharedassets0.assets.split25
[ 277/1293  0s] CopyFiles C:/Users/User/Documents/QuestCraft v26/QCXR-XR-Wrapper/Library/Bee/Android/Prj/IL2CPP/Gradle/unityLibrary/src/main/assets/bin/Data/sharedassets0.assets.split38
[ 278/1293  0s] CopyFiles C:/Users/User/Documents/QuestCraft v26/QCXR-XR-Wrapper/Library/Bee/Android/Prj/IL2CPP/Gradle/unityLibrary/src/main/assets/bin/Data/sharedassets0.assets.split37
[ 279/1293  0s] CopyFiles C:/Users/User/Documents/QuestCraft v26/QCXR-XR-Wrapper/Library/Bee/Android/Prj/IL2CPP/Gradle/unityLibrary/src/main/assets/bin/Data/sharedassets0.assets.split16
[ 280/1293  0s] CopyFiles C:/Users/User/Documents/QuestCraft v26/QCXR-XR-Wrapper/Library/Bee/Android/Prj/IL2CPP/Gradle/unityLibrary/src/main/assets/bin/Data/sharedassets0.assets.split33
[ 281/1293  0s] CopyFiles C:/Users/User/Documents/QuestCraft v26/QCXR-XR-Wrapper/Library/Bee/Android/Prj/IL2CPP/Gradle/unityLibrary/src/main/assets/bin/Data/sharedassets0.assets.split22
[ 282/1293  0s] CopyFiles C:/Users/User/Documents/QuestCraft v26/QCXR-XR-Wrapper/Library/Bee/Android/Prj/IL2CPP/Gradle/unityLibrary/src/main/assets/bin/Data/sharedassets0.assets.split39
[ 283/1293  0s] CopyFiles C:/Users/User/Documents/QuestCraft v26/QCXR-XR-Wrapper/Library/Bee/Android/Prj/IL2CPP/Gradle/unityLibrary/src/main/assets/bin/Data/sharedassets0.assets.split17
[ 284/1293  0s] CopyFiles C:/Users/User/Documents/QuestCraft v26/QCXR-XR-Wrapper/Library/Bee/Android/Prj/IL2CPP/Gradle/unityLibrary/src/main/assets/bin/Data/sharedassets0.assets.split11
[ 285/1293  0s] CopyFiles C:/Users/User/Documents/QuestCraft v26/QCXR-XR-Wrapper/Library/Bee/Android/Prj/IL2CPP/Gradle/unityLibrary/src/main/assets/bin/Data/globalgamemanagers.assets.split0
[ 286/1293  0s] CopyFiles C:/Users/User/Documents/QuestCraft v26/QCXR-XR-Wrapper/Library/Bee/Android/Prj/IL2CPP/Gradle/unityLibrary/src/main/assets/bin/Data/sharedassets0.assets.split3
[ 287/1293  0s] CopyFiles C:/Users/User/Documents/QuestCraft v26/QCXR-XR-Wrapper/Library/Bee/Android/Prj/IL2CPP/Gradle/unityLibrary/src/main/assets/bin/Data/sharedassets0.assets.split34
[ 288/1293  0s] CopyFiles C:/Users/User/Documents/QuestCraft v26/QCXR-XR-Wrapper/Library/Bee/Android/Prj/IL2CPP/Gradle/unityLibrary/src/main/assets/bin/Data/sharedassets0.assets.split4
[ 289/1293  0s] CopyFiles C:/Users/User/Documents/QuestCraft v26/QCXR-XR-Wrapper/Library/Bee/Android/Prj/IL2CPP/Gradle/unityLibrary/src/main/assets/bin/Data/sharedassets0.assets.split10
[ 290/1293  0s] CopyFiles C:/Users/User/Documents/QuestCraft v26/QCXR-XR-Wrapper/Library/Bee/Android/Prj/IL2CPP/Gradle/unityLibrary/src/main/assets/bin/Data/sharedassets0.assets.split19
[ 291/1293  0s] CopyFiles C:/Users/User/Documents/QuestCraft v26/QCXR-XR-Wrapper/Library/Bee/Android/Prj/IL2CPP/Gradle/unityLibrary/src/main/assets/bin/Data/sharedassets0.assets.split32
[ 292/1293  0s] CopyFiles C:/Users/User/Documents/QuestCraft v26/QCXR-XR-Wrapper/Library/Bee/Android/Prj/IL2CPP/Gradle/unityLibrary/src/main/assets/bin/Data/sharedassets0.assets.split2
[ 293/1293  0s] CopyFiles C:/Users/User/Documents/QuestCraft v26/QCXR-XR-Wrapper/Library/Bee/Android/Prj/IL2CPP/Gradle/unityLibrary/src/main/assets/bin/Data/sharedassets0.assets.split24
[ 294/1293  0s] CopyFiles C:/Users/User/Documents/QuestCraft v26/QCXR-XR-Wrapper/Library/Bee/Android/Prj/IL2CPP/Gradle/unityLibrary/src/main/assets/bin/Data/sharedassets0.assets.split18
[ 295/1293  0s] CopyFiles C:/Users/User/Documents/QuestCraft v26/QCXR-XR-Wrapper/Library/Bee/Android/Prj/IL2CPP/Gradle/unityLibrary/src/main/assets/bin/Data/sharedassets0.assets.split13
[ 296/1293  0s] CopyFiles C:/Users/User/Documents/QuestCraft v26/QCXR-XR-Wrapper/Library/Bee/Android/Prj/IL2CPP/Gradle/unityLibrary/src/main/assets/bin/Data/sharedassets0.assets.split30
[ 297/1293  0s] CopyFiles C:/Users/User/Documents/QuestCraft v26/QCXR-XR-Wrapper/Library/Bee/Android/Prj/IL2CPP/Gradle/unityLibrary/src/main/assets/bin/Data/sharedassets0.assets.split9
[ 298/1293  0s] CopyFiles C:/Users/User/Documents/QuestCraft v26/QCXR-XR-Wrapper/Library/Bee/Android/Prj/IL2CPP/Gradle/unityLibrary/src/main/assets/bin/Data/sharedassets0.assets.split6
[ 299/1293  0s] CopyFiles C:/Users/User/Documents/QuestCraft v26/QCXR-XR-Wrapper/Library/Bee/Android/Prj/IL2CPP/Gradle/unityLibrary/src/main/assets/bin/Data/sharedassets0.assets.split23
[ 300/1293  0s] CopyFiles C:/Users/User/Documents/QuestCraft v26/QCXR-XR-Wrapper/Library/Bee/Android/Prj/IL2CPP/Gradle/unityLibrary/src/main/assets/bin/Data/sharedassets0.assets.split29
[ 301/1293  0s] CopyFiles C:/Users/User/Documents/QuestCraft v26/QCXR-XR-Wrapper/Library/Bee/Android/Prj/IL2CPP/Gradle/unityLibrary/src/main/assets/bin/Data/sharedassets0.assets.split35
[ 302/1293  0s] CopyFiles C:/Users/User/Documents/QuestCraft v26/QCXR-XR-Wrapper/Library/Bee/Android/Prj/IL2CPP/Gradle/unityLibrary/src/main/assets/bin/Data/sharedassets0.assets.split8
[ 303/1293  0s] CopyFiles C:/Users/User/Documents/QuestCraft v26/QCXR-XR-Wrapper/Library/Bee/Android/Prj/IL2CPP/Gradle/unityLibrary/src/main/assets/bin/Data/sharedassets0.assets.split15
[ 304/1293  0s] CopyFiles C:/Users/User/Documents/QuestCraft v26/QCXR-XR-Wrapper/Library/Bee/Android/Prj/IL2CPP/Gradle/unityLibrary/src/main/assets/bin/Data/sharedassets0.assets.split1
[ 305/1293  0s] CopyFiles C:/Users/User/Documents/QuestCraft v26/QCXR-XR-Wrapper/Library/Bee/Android/Prj/IL2CPP/Gradle/unityLibrary/src/main/assets/bin/Data/sharedassets0.assets.split0
[ 306/1293  0s] CopyFiles C:/Users/User/Documents/QuestCraft v26/QCXR-XR-Wrapper/Library/Bee/Android/Prj/IL2CPP/Gradle/unityLibrary/src/main/assets/bin/Data/sharedassets0.assets.split26
[ 307/1293  0s] CopyFiles C:/Users/User/Documents/QuestCraft v26/QCXR-XR-Wrapper/Library/Bee/Android/Prj/IL2CPP/Gradle/unityLibrary/src/main/assets/bin/Data/sharedassets0.assets.split28
[ 308/1293  0s] CopyFiles C:/Users/User/Documents/QuestCraft v26/QCXR-XR-Wrapper/Library/Bee/Android/Prj/IL2CPP/Gradle/unityLibrary/src/main/assets/bin/Data/sharedassets0.assets.split27
[ 309/1293  0s] CopyFiles C:/Users/User/Documents/QuestCraft v26/QCXR-XR-Wrapper/Library/Bee/Android/Prj/IL2CPP/Gradle/unityLibrary/src/main/assets/bin/Data/sharedassets0.assets.split5
[ 310/1293  0s] CopyFiles C:/Users/User/Documents/QuestCraft v26/QCXR-XR-Wrapper/Library/Bee/Android/Prj/IL2CPP/Gradle/unityLibrary/src/main/assets/bin/Data/sharedassets0.assets.split7
[ 311/1293  0s] CopyFiles C:/Users/User/Documents/QuestCraft v26/QCXR-XR-Wrapper/Library/Bee/Android/Prj/IL2CPP/Gradle/launcher/src/main/res/mipmap-xxxhdpi/ic_launcher_foreground.png
[ 312/1293  0s] CopyFiles C:/Users/User/Documents/QuestCraft v26/QCXR-XR-Wrapper/Library/Bee/Android/Prj/IL2CPP/Gradle/unityLibrary/src/main/assets/bin/Data/sharedassets0.assets.split14
[ 313/1293  0s] CopyFiles C:/Users/User/Documents/QuestCraft v26/QCXR-XR-Wrapper/Library/Bee/Android/Prj/IL2CPP/Gradle/launcher/src/main/res/mipmap-xxxhdpi/app_icon_round.png
[ 314/1293  0s] CopyFiles C:/Users/User/Documents/QuestCraft v26/QCXR-XR-Wrapper/Library/Bee/Android/Prj/IL2CPP/Gradle/unityLibrary/src/main/assets/bin/Data/sharedassets0.assets.split20
[ 315/1293  0s] CopyFiles C:/Users/User/Documents/QuestCraft v26/QCXR-XR-Wrapper/Library/Bee/Android/Prj/IL2CPP/Gradle/unityLibrary/src/main/assets/bin/Data/sharedassets0.assets.split21
[ 316/1293  0s] CopyFiles C:/Users/User/Documents/QuestCraft v26/QCXR-XR-Wrapper/Library/Bee/Android/Prj/IL2CPP/Gradle/launcher/src/main/res/mipmap-xhdpi/ic_launcher_foreground.png
[ 317/1293  0s] CopyFiles C:/Users/User/Documents/QuestCraft v26/QCXR-XR-Wrapper/Library/Bee/Android/Prj/IL2CPP/Gradle/launcher/src/main/res/mipmap-xhdpi/app_icon_round.png
[ 318/1293  0s] CopyFiles C:/Users/User/Documents/QuestCraft v26/QCXR-XR-Wrapper/Library/Bee/Android/Prj/IL2CPP/Gradle/launcher/src/main/res/mipmap-ldpi/ic_launcher_foreground.png
[ 319/1293  0s] CopyFiles C:/Users/User/Documents/QuestCraft v26/QCXR-XR-Wrapper/Library/Bee/Android/Prj/IL2CPP/Gradle/launcher/src/main/res/mipmap-hdpi/ic_launcher_foreground.png
[ 320/1293  0s] CopyFiles C:/Users/User/Documents/QuestCraft v26/QCXR-XR-Wrapper/Library/Bee/Android/Prj/IL2CPP/Gradle/launcher/src/main/res/mipmap-xhdpi/app_icon.png
[ 321/1293  0s] CopyFiles C:/Users/User/Documents/QuestCraft v26/QCXR-XR-Wrapper/Library/Bee/Android/Prj/IL2CPP/Gradle/launcher/src/main/res/mipmap-mdpi/app_icon_round.png
[ 322/1293  0s] CopyFiles C:/Users/User/Documents/QuestCraft v26/QCXR-XR-Wrapper/Library/Bee/Android/Prj/IL2CPP/Gradle/launcher/src/main/res/mipmap-xxxhdpi/app_icon.png
[ 323/1293  0s] CopyFiles C:/Users/User/Documents/QuestCraft v26/QCXR-XR-Wrapper/Library/Bee/Android/Prj/IL2CPP/Gradle/launcher/src/main/res/mipmap-hdpi/app_icon_round.png
[ 324/1293  0s] CopyFiles C:/Users/User/Documents/QuestCraft v26/QCXR-XR-Wrapper/Library/Bee/Android/Prj/IL2CPP/Gradle/launcher/src/main/res/mipmap-mdpi/ic_launcher_foreground.png
[ 325/1293  0s] CopyFiles C:/Users/User/Documents/QuestCraft v26/QCXR-XR-Wrapper/Library/Bee/Android/Prj/IL2CPP/Gradle/launcher/src/main/res/mipmap-xxhdpi/ic_launcher_foreground.png
[ 326/1293  0s] CopyFiles C:/Users/User/Documents/QuestCraft v26/QCXR-XR-Wrapper/Library/Bee/Android/Prj/IL2CPP/Gradle/launcher/src/main/res/mipmap-hdpi/app_icon.png
[ 327/1293  0s] CopyFiles C:/Users/User/Documents/QuestCraft v26/QCXR-XR-Wrapper/Library/Bee/Android/Prj/IL2CPP/Gradle/launcher/src/main/res/mipmap-ldpi/app_icon.png
[ 328/1293  0s] CopyFiles C:/Users/User/Documents/QuestCraft v26/QCXR-XR-Wrapper/Library/Bee/Android/Prj/IL2CPP/Gradle/launcher/src/main/res/mipmap-mdpi/ic_launcher_background.png
[ 329/1293  0s] CopyFiles C:/Users/User/Documents/QuestCraft v26/QCXR-XR-Wrapper/Library/Bee/Android/Prj/IL2CPP/Gradle/launcher/src/main/res/mipmap-mdpi/app_icon.png
[ 330/1293  0s] WriteText C:/Users/User/Documents/QuestCraft v26/QCXR-XR-Wrapper/Library/Bee/Android/Prj/IL2CPP/Gradle/launcher/src/main/res/values/strings.xml
[ 331/1293  0s] CopyFiles C:/Users/User/Documents/QuestCraft v26/QCXR-XR-Wrapper/Library/Bee/Android/Prj/IL2CPP/Gradle/launcher/src/main/res/mipmap-xxhdpi/app_icon_round.png
[ 332/1293  0s] CopyFiles C:/Users/User/Documents/QuestCraft v26/QCXR-XR-Wrapper/Library/Bee/Android/Prj/IL2CPP/Gradle/launcher/src/main/res/mipmap-ldpi/app_icon_round.png
[ 333/1293  0s] CopyFiles C:/Users/User/Documents/QuestCraft v26/QCXR-XR-Wrapper/Library/Bee/Android/Prj/IL2CPP/Gradle/unityLibrary/src/main/res/values-v30/freeformwindow.xml
[ 334/1293  0s] CopyFiles C:/Users/User/Documents/QuestCraft v26/QCXR-XR-Wrapper/Library/Bee/Android/Prj/IL2CPP/Gradle/launcher/src/main/res/mipmap-xxhdpi/app_icon.png
[ 335/1293  0s] CopyFiles C:/Users/User/Documents/QuestCraft v26/QCXR-XR-Wrapper/Library/Bee/Android/Prj/IL2CPP/Gradle/launcher/src/main/res/mipmap-anydpi-v26/app_icon_round.xml
[ 336/1293  0s] CopyFiles C:/Users/User/Documents/QuestCraft v26/QCXR-XR-Wrapper/Library/Bee/Android/Prj/IL2CPP/Gradle/unityLibrary/src/main/res/values/freeformwindow.xml
[ 337/1293  0s] CopyFiles C:/Users/User/Documents/QuestCraft v26/QCXR-XR-Wrapper/Library/Bee/Android/Prj/IL2CPP/Gradle/launcher/src/main/res/mipmap-anydpi-v26/app_icon.xml
[ 338/1293  0s] WriteText C:/Users/User/Documents/QuestCraft v26/QCXR-XR-Wrapper/Library/Bee/Android/Prj/IL2CPP/Gradle/unityLibrary/src/main/res/values/colors.xml
[ 339/1293  0s] CopyFiles C:/Users/User/Documents/QuestCraft v26/QCXR-XR-Wrapper/Library/Bee/Android/Prj/IL2CPP/Gradle/unityLibrary/src/main/jniLibs/arm64-v8a/libwebpdecoder.so
[ 340/1293  0s] CopyFiles C:/Users/User/Documents/QuestCraft v26/QCXR-XR-Wrapper/Library/Bee/Android/Prj/IL2CPP/Gradle/unityLibrary/src/main/assets/bin/Data/unity default resources
[ 341/1293  0s] CopyFiles C:/Users/User/Documents/QuestCraft v26/QCXR-XR-Wrapper/Library/Bee/Android/Prj/IL2CPP/Gradle/unityLibrary/src/main/res/values-v31/styles.xml
[ 342/1293  0s] WriteText C:/Users/User/Documents/QuestCraft v26/QCXR-XR-Wrapper/Library/Bee/Android/Prj/IL2CPP/Gradle/unityLibrary/src/main/resources/META-INF/com.android.games.engine.build_fingerprint
[ 343/1293  0s] CopyFiles C:/Users/User/Documents/QuestCraft v26/QCXR-XR-Wrapper/Library/Bee/Android/Prj/IL2CPP/Gradle/unityLibrary/src/main/res/values-v21/styles.xml
[ 344/1293  0s] CopyFiles C:/Users/User/Documents/QuestCraft v26/QCXR-XR-Wrapper/Library/Bee/Android/Prj/IL2CPP/Gradle/unityLibrary/src/main/jniLibs/arm64-v8a/libpxrplatformloader.so
[ 345/1293  0s] CopyFiles C:/Users/User/Documents/QuestCraft v26/QCXR-XR-Wrapper/Library/Bee/Android/Prj/IL2CPP/Gradle/unityLibrary/src/main/res/values/styles.xml
[ 346/1293  0s] CopyFiles C:/Users/User/Documents/QuestCraft v26/QCXR-XR-Wrapper/Library/Bee/Android/Prj/IL2CPP/Gradle/unityLibrary/src/main/res/values/ids.xml
[ 347/1293  0s] CopyFiles C:/Users/User/Documents/QuestCraft v26/QCXR-XR-Wrapper/Library/Bee/Android/Prj/IL2CPP/Gradle/unityLibrary/src/main/java/com/unity3d/player/UnityPlayerActivity.java
[ 348/1293  0s] CopyFiles C:/Users/User/Documents/QuestCraft v26/QCXR-XR-Wrapper/Library/Bee/Android/Prj/IL2CPP/Gradle/unityLibrary/src/main/jniLibs/arm64-v8a/libwebp.so
[ 349/1293  0s] CopyFiles C:/Users/User/Documents/QuestCraft v26/QCXR-XR-Wrapper/Library/Bee/Android/Prj/IL2CPP/Gradle/unityLibrary/libs/unity-classes.jar
[ 350/1293  0s] CopyFiles C:/Users/User/Documents/QuestCraft v26/QCXR-XR-Wrapper/Library/Bee/Android/Prj/IL2CPP/Gradle/unityLibrary/xrmanifest.androidlib/AndroidManifest.xml
[ 351/1293  0s] CopyFiles C:/Users/User/Documents/QuestCraft v26/QCXR-XR-Wrapper/Library/Bee/Android/Prj/IL2CPP/Gradle/unityLibrary/src/main/jniLibs/arm64-v8a/libwebpdemux.so
[ 352/1293  0s] CopyFiles C:/Users/User/Documents/QuestCraft v26/QCXR-XR-Wrapper/Library/Bee/Android/Prj/IL2CPP/Gradle/unityLibrary/libs/openxr_loader.aar
[ 353/1293  0s] CopyFiles C:/Users/User/Documents/QuestCraft v26/QCXR-XR-Wrapper/Library/Bee/Android/Prj/IL2CPP/Gradle/unityLibrary/libs/BAuthLib-1.0.0.aar
[ 354/1293  0s] CopyFiles C:/Users/User/Documents/QuestCraft v26/QCXR-XR-Wrapper/Library/Bee/Android/Prj/IL2CPP/Gradle/unityLibrary/src/main/jniLibs/arm64-v8a/libwebpmux.so
[ 355/1293  0s] CopyFiles C:/Users/User/Documents/QuestCraft v26/QCXR-XR-Wrapper/Library/Bee/Android/Prj/IL2CPP/Gradle/unityLibrary/src/main/jniLibs/arm64-v8a/libUnityOpenXR.so
[ 356/1293  0s] CopyFiles C:/Users/User/Documents/QuestCraft v26/QCXR-XR-Wrapper/Library/Bee/Android/Prj/IL2CPP/Gradle/unityLibrary/libs/tob_api-release.aar
[ 357/1293  0s] CopyFiles C:/Users/User/Documents/QuestCraft v26/QCXR-XR-Wrapper/Library/Bee/Android/Prj/IL2CPP/Gradle/unityLibrary/src/main/assets/bin/Data/sharedassets0.resource
[ 358/1293  0s] CopyFiles C:/Users/User/Documents/QuestCraft v26/QCXR-XR-Wrapper/Library/Bee/Android/Prj/IL2CPP/Gradle/unityLibrary/src/main/assets/bin/Data/ScriptingAssemblies.json
[ 359/1293  0s] CopyFiles C:/Users/User/Documents/QuestCraft v26/QCXR-XR-Wrapper/Library/Bee/Android/Prj/IL2CPP/Gradle/unityLibrary/src/main/assets/bin/Data/UnitySubsystems/UnityOpenXR/UnitySubsystemsManifest.json
[ 360/1293  0s] CopyFiles C:/Users/User/Documents/QuestCraft v26/QCXR-XR-Wrapper/Library/Bee/Android/Prj/IL2CPP/Gradle/unityLibrary/src/main/assets/bin/Data/UnitySubsystems/openxr_pico/UnitySubsystemsManifest.json
[ 361/1293  0s] CopyFiles C:/Users/User/Documents/QuestCraft v26/QCXR-XR-Wrapper/Library/Bee/Android/Prj/IL2CPP/Gradle/unityLibrary/libs/gson-2.10.1.jar
[ 362/1293  0s] CopyFiles C:/Users/User/Documents/QuestCraft v26/QCXR-XR-Wrapper/Library/Bee/Android/Prj/IL2CPP/Gradle/unityLibrary/libs/tobservicelib-release.aar
[ 363/1293  0s] CopyFiles C:/Users/User/Documents/QuestCraft v26/QCXR-XR-Wrapper/Library/Bee/Android/Prj/IL2CPP/Gradle/unityLibrary/src/main/assets/bin/Data/Resources/unity_builtin_extra
[ 364/1293  0s] CopyFiles C:/Users/User/Documents/QuestCraft v26/QCXR-XR-Wrapper/Library/Bee/Android/Prj/IL2CPP/Gradle/unityLibrary/src/main/assets/bin/Data/fee06248b02544214841be57f5bdcff9
[ 365/1293  0s] CopyFiles C:/Users/User/Documents/QuestCraft v26/QCXR-XR-Wrapper/Library/Bee/Android/Prj/IL2CPP/Gradle/unityLibrary/src/main/assets/bin/Data/RuntimeInitializeOnLoads.json
[ 366/1293  0s] CopyFiles C:/Users/User/Documents/QuestCraft v26/QCXR-XR-Wrapper/Library/Bee/Android/Prj/IL2CPP/Gradle/unityLibrary/src/main/assets/bin/Data/globalgamemanagers
[ 367/1293  0s] CopyFiles C:/Users/User/Documents/QuestCraft v26/QCXR-XR-Wrapper/Library/Bee/Android/Prj/IL2CPP/Gradle/unityLibrary/src/main/assets/bin/Data/fad354696ecfc24448e5c8aa5980c951
[ 368/1293  0s] CopyFiles C:/Users/User/Documents/QuestCraft v26/QCXR-XR-Wrapper/Library/Bee/Android/Prj/IL2CPP/Gradle/unityLibrary/src/main/assets/bin/Data/fe8d9fd131b04ed4a8be3355cb9d4aa9
[ 369/1293  0s] CopyFiles C:/Users/User/Documents/QuestCraft v26/QCXR-XR-Wrapper/Library/Bee/Android/Prj/IL2CPP/Gradle/unityLibrary/src/main/assets/bin/Data/fa81cec4ef495964295e19ee18428ddf
[ 370/1293  0s] CopyFiles C:/Users/User/Documents/QuestCraft v26/QCXR-XR-Wrapper/Library/Bee/Android/Prj/IL2CPP/Gradle/unityLibrary/src/main/assets/bin/Data/fe8f7cd36e24d495c91d49ab5dcedc71
[ 371/1293  0s] CopyFiles C:/Users/User/Documents/QuestCraft v26/QCXR-XR-Wrapper/Library/Bee/Android/Prj/IL2CPP/Gradle/unityLibrary/src/main/assets/bin/Data/fade42e8bc714b018fac513c043d323b
[ 372/1293  0s] CopyFiles C:/Users/User/Documents/QuestCraft v26/QCXR-XR-Wrapper/Library/Bee/Android/Prj/IL2CPP/Gradle/unityLibrary/src/main/assets/bin/Data/faf88df9fae0748438ea9807963c3787
[ 373/1293  0s] CopyFiles C:/Users/User/Documents/QuestCraft v26/QCXR-XR-Wrapper/Library/Bee/Android/Prj/IL2CPP/Gradle/unityLibrary/src/main/assets/bin/Data/f952c082cb03451daed3ee968ac6c63e
[ 374/1293  0s] CopyFiles C:/Users/User/Documents/QuestCraft v26/QCXR-XR-Wrapper/Library/Bee/Android/Prj/IL2CPP/Gradle/unityLibrary/src/main/assets/bin/Data/f8ac02e5e051a384ea4184a3dc488e7b
[ 375/1293  0s] CopyFiles C:/Users/User/Documents/QuestCraft v26/QCXR-XR-Wrapper/Library/Bee/Android/Prj/IL2CPP/Gradle/unityLibrary/src/main/assets/bin/Data/eec19781926cd2248b7c9abfde8db555
[ 376/1293  0s] CopyFiles C:/Users/User/Documents/QuestCraft v26/QCXR-XR-Wrapper/Library/Bee/Android/Prj/IL2CPP/Gradle/unityLibrary/src/main/assets/bin/Data/f29a0ab70d309499c9c2d61a919d5020
[ 377/1293  0s] CopyFiles C:/Users/User/Documents/QuestCraft v26/QCXR-XR-Wrapper/Library/Bee/Android/Prj/IL2CPP/Gradle/unityLibrary/src/main/assets/bin/Data/f4927dbbc78847e4f841f186f5b768ec
[ 378/1293  0s] CopyFiles C:/Users/User/Documents/QuestCraft v26/QCXR-XR-Wrapper/Library/Bee/Android/Prj/IL2CPP/Gradle/unityLibrary/src/main/assets/bin/Data/e90f120db72d0e44dafced5e697f04ca
[ 379/1293  0s] CopyFiles C:/Users/User/Documents/QuestCraft v26/QCXR-XR-Wrapper/Library/Bee/Android/Prj/IL2CPP/Gradle/unityLibrary/src/main/assets/bin/Data/ec194f0bc3d9ae14082c5e7cff8fb17c
[ 380/1293  0s] CopyFiles C:/Users/User/Documents/QuestCraft v26/QCXR-XR-Wrapper/Library/Bee/Android/Prj/IL2CPP/Gradle/unityLibrary/src/main/assets/bin/Data/ece90fd5291c52a45a802cc656ff7b36
[ 381/1293  0s] CopyFiles C:/Users/User/Documents/QuestCraft v26/QCXR-XR-Wrapper/Library/Bee/Android/Prj/IL2CPP/Gradle/unityLibrary/src/main/assets/bin/Data/e2e56f25585aba74f8b763341de4bd95
[ 382/1293  0s] CopyFiles C:/Users/User/Documents/QuestCraft v26/QCXR-XR-Wrapper/Library/Bee/Android/Prj/IL2CPP/Gradle/unityLibrary/src/main/assets/bin/Data/e5d23cb97e44b93469029f476f8ebd37
[ 383/1293  0s] CopyFiles C:/Users/User/Documents/QuestCraft v26/QCXR-XR-Wrapper/Library/Bee/Android/Prj/IL2CPP/Gradle/unityLibrary/src/main/assets/bin/Data/e73a58f6e2794ae7b1b7e50b7fb811b0
[ 384/1293  0s] CopyFiles C:/Users/User/Documents/QuestCraft v26/QCXR-XR-Wrapper/Library/Bee/Android/Prj/IL2CPP/Gradle/unityLibrary/src/main/assets/bin/Data/e1721d77f8f68c941899d270ca2b57f5
[ 385/1293  0s] CopyFiles C:/Users/User/Documents/QuestCraft v26/QCXR-XR-Wrapper/Library/Bee/Android/Prj/IL2CPP/Gradle/unityLibrary/src/main/assets/bin/Data/e5b6164e7d4f7e94fa1b1e7ac41fd5e9
[ 386/1293  0s] CopyFiles C:/Users/User/Documents/QuestCraft v26/QCXR-XR-Wrapper/Library/Bee/Android/Prj/IL2CPP/Gradle/unityLibrary/src/main/assets/bin/Data/d82c1b31c7e74239bff1220585707d2b
[ 387/1293  0s] CopyFiles C:/Users/User/Documents/QuestCraft v26/QCXR-XR-Wrapper/Library/Bee/Android/Prj/IL2CPP/Gradle/unityLibrary/src/main/assets/bin/Data/d8ac97d549ca7354c9183e745cb8d4ae
[ 388/1293  0s] CopyFiles C:/Users/User/Documents/QuestCraft v26/QCXR-XR-Wrapper/Library/Bee/Android/Prj/IL2CPP/Gradle/unityLibrary/src/main/assets/bin/Data/dba11ee6c324e46f8bd36ffa00d5b6a2
[ 389/1293  0s] CopyFiles C:/Users/User/Documents/QuestCraft v26/QCXR-XR-Wrapper/Library/Bee/Android/Prj/IL2CPP/Gradle/unityLibrary/src/main/assets/bin/Data/dffef66376be4fa480fb02b19edbe903
[ 390/1293  0s] CopyFiles C:/Users/User/Documents/QuestCraft v26/QCXR-XR-Wrapper/Library/Bee/Android/Prj/IL2CPP/Gradle/unityLibrary/src/main/assets/bin/Data/d77ad19165d84b844ac6b715a2ef6998
[ 391/1293  0s] CopyFiles C:/Users/User/Documents/QuestCraft v26/QCXR-XR-Wrapper/Library/Bee/Android/Prj/IL2CPP/Gradle/unityLibrary/src/main/assets/bin/Data/d600af752179d4343b26d6d3eab89e8d
[ 392/1293  0s] CopyFiles C:/Users/User/Documents/QuestCraft v26/QCXR-XR-Wrapper/Library/Bee/Android/Prj/IL2CPP/Gradle/unityLibrary/src/main/assets/bin/Data/d22bd72bebc3950409d2de288cdcabd2
[ 393/1293  0s] CopyFiles C:/Users/User/Documents/QuestCraft v26/QCXR-XR-Wrapper/Library/Bee/Android/Prj/IL2CPP/Gradle/unityLibrary/src/main/assets/bin/Data/da2bf9c72e4199340af64e2d379620d3
[ 394/1293  0s] CopyFiles C:/Users/User/Documents/QuestCraft v26/QCXR-XR-Wrapper/Library/Bee/Android/Prj/IL2CPP/Gradle/unityLibrary/src/main/assets/bin/Data/cfd242c98ab12cc40b8b74aedee1ba0c
[ 395/1293  0s] CopyFiles C:/Users/User/Documents/QuestCraft v26/QCXR-XR-Wrapper/Library/Bee/Android/Prj/IL2CPP/Gradle/unityLibrary/src/main/assets/bin/Data/d103d152776d96a448730ac45c026750
[ 396/1293  0s] CopyFiles C:/Users/User/Documents/QuestCraft v26/QCXR-XR-Wrapper/Library/Bee/Android/Prj/IL2CPP/Gradle/unityLibrary/src/main/assets/bin/Data/d149f1a7a38285e4f9ec7968546e12af
[ 397/1293  0s] CopyFiles C:/Users/User/Documents/QuestCraft v26/QCXR-XR-Wrapper/Library/Bee/Android/Prj/IL2CPP/Gradle/unityLibrary/src/main/assets/bin/Data/c8f6a9fe365b9dd40a3886228ff5b74c
[ 398/1293  0s] CopyFiles C:/Users/User/Documents/QuestCraft v26/QCXR-XR-Wrapper/Library/Bee/Android/Prj/IL2CPP/Gradle/unityLibrary/src/main/assets/bin/Data/d289188f9ab85254ea4d42d8af878f5a
[ 399/1293  0s] CopyFiles C:/Users/User/Documents/QuestCraft v26/QCXR-XR-Wrapper/Library/Bee/Android/Prj/IL2CPP/Gradle/unityLibrary/src/main/assets/bin/Data/cf81c85f95fe47e1a27f6ae460cf182c
[ 400/1293  0s] CopyFiles C:/Users/User/Documents/QuestCraft v26/QCXR-XR-Wrapper/Library/Bee/Android/Prj/IL2CPP/Gradle/unityLibrary/src/main/assets/bin/Data/c874b39fd1d35274cb34a60847385eb5
[ 401/1293  0s] CopyFiles C:/Users/User/Documents/QuestCraft v26/QCXR-XR-Wrapper/Library/Bee/Android/Prj/IL2CPP/Gradle/unityLibrary/src/main/assets/bin/Data/d7540181fc229e8448f8276f14347b1b
[ 402/1293  0s] CopyFiles C:/Users/User/Documents/QuestCraft v26/QCXR-XR-Wrapper/Library/Bee/Android/Prj/IL2CPP/Gradle/unityLibrary/src/main/assets/bin/Data/c4959a0adbe7a874cb1b2b7641284ede
[ 403/1293  0s] CopyFiles C:/Users/User/Documents/QuestCraft v26/QCXR-XR-Wrapper/Library/Bee/Android/Prj/IL2CPP/Gradle/unityLibrary/src/main/assets/bin/Data/c5365c6b6f861ed4ebbf709f331de625
[ 404/1293  0s] CopyFiles C:/Users/User/Documents/QuestCraft v26/QCXR-XR-Wrapper/Library/Bee/Android/Prj/IL2CPP/Gradle/unityLibrary/src/main/assets/bin/Data/c41005c129ba4d66911b75229fd70b45
[ 405/1293  0s] CopyFiles C:/Users/User/Documents/QuestCraft v26/QCXR-XR-Wrapper/Library/Bee/Android/Prj/IL2CPP/Gradle/unityLibrary/src/main/assets/bin/Data/c26f3085d9135a54a94a9b180e4e3b03
[ 406/1293  0s] CopyFiles C:/Users/User/Documents/QuestCraft v26/QCXR-XR-Wrapper/Library/Bee/Android/Prj/IL2CPP/Gradle/unityLibrary/src/main/assets/bin/Data/c29eabddf8367d4429e891ca7fe078a2
[ 407/1293  0s] CopyFiles C:/Users/User/Documents/QuestCraft v26/QCXR-XR-Wrapper/Library/Bee/Android/Prj/IL2CPP/Gradle/unityLibrary/src/main/assets/bin/Data/bd452ee420c4d4945abec2c258c1f3b0
[ 408/1293  0s] CopyFiles C:/Users/User/Documents/QuestCraft v26/QCXR-XR-Wrapper/Library/Bee/Android/Prj/IL2CPP/Gradle/unityLibrary/src/main/assets/bin/Data/be856c9e1a47247068ebfc44ad402df6
[ 409/1293  0s] CopyFiles C:/Users/User/Documents/QuestCraft v26/QCXR-XR-Wrapper/Library/Bee/Android/Prj/IL2CPP/Gradle/unityLibrary/src/main/assets/bin/Data/c097f47a26972414d93241c55296c220
[ 410/1293  0s] CopyFiles C:/Users/User/Documents/QuestCraft v26/QCXR-XR-Wrapper/Library/Bee/Android/Prj/IL2CPP/Gradle/unityLibrary/src/main/assets/bin/Data/b6c810b4f6d1f624a876a93a6bc6191e
[ 411/1293  0s] CopyFiles C:/Users/User/Documents/QuestCraft v26/QCXR-XR-Wrapper/Library/Bee/Android/Prj/IL2CPP/Gradle/unityLibrary/src/main/assets/bin/Data/bbb43fe65b38f4083bc5e644fe958f95
[ 412/1293  0s] CopyFiles C:/Users/User/Documents/QuestCraft v26/QCXR-XR-Wrapper/Library/Bee/Android/Prj/IL2CPP/Gradle/unityLibrary/src/main/assets/bin/Data/b357b560d85dd4660a59d2c642820a26
[ 413/1293  0s] CopyFiles C:/Users/User/Documents/QuestCraft v26/QCXR-XR-Wrapper/Library/Bee/Android/Prj/IL2CPP/Gradle/unityLibrary/src/main/assets/bin/Data/b2ed526b6f738434ea2447633f60b7bc
[ 414/1293  0s] CopyFiles C:/Users/User/Documents/QuestCraft v26/QCXR-XR-Wrapper/Library/Bee/Android/Prj/IL2CPP/Gradle/unityLibrary/src/main/assets/bin/Data/b164e7767f1088a458acb6f692c01d83
[ 415/1293  0s] CopyFiles C:/Users/User/Documents/QuestCraft v26/QCXR-XR-Wrapper/Library/Bee/Android/Prj/IL2CPP/Gradle/unityLibrary/src/main/assets/bin/Data/af135a35702834f20bb1e953c31f88ab
[ 416/1293  0s] CopyFiles C:/Users/User/Documents/QuestCraft v26/QCXR-XR-Wrapper/Library/Bee/Android/Prj/IL2CPP/Gradle/unityLibrary/src/main/assets/bin/Data/b12bcf1b2bfdc440999b5f1bc7dde1a2
[ 417/1293  0s] CopyFiles C:/Users/User/Documents/QuestCraft v26/QCXR-XR-Wrapper/Library/Bee/Android/Prj/IL2CPP/Gradle/unityLibrary/src/main/assets/bin/Data/add26d782c2f14487a27bc09c2d6f4a6
[ 418/1293  0s] CopyFiles C:/Users/User/Documents/QuestCraft v26/QCXR-XR-Wrapper/Library/Bee/Android/Prj/IL2CPP/Gradle/unityLibrary/src/main/assets/bin/Data/ad8827df856b77c48911d03893186baa
[ 419/1293  0s] CopyFiles C:/Users/User/Documents/QuestCraft v26/QCXR-XR-Wrapper/Library/Bee/Android/Prj/IL2CPP/Gradle/unityLibrary/src/main/assets/bin/Data/ad20dacf4b9790246baf957cfb1caf6b
[ 420/1293  0s] CopyFiles C:/Users/User/Documents/QuestCraft v26/QCXR-XR-Wrapper/Library/Bee/Android/Prj/IL2CPP/Gradle/unityLibrary/src/main/assets/bin/Data/ac8818945755185409a09289d09dda7a
[ 421/1293  0s] CopyFiles C:/Users/User/Documents/QuestCraft v26/QCXR-XR-Wrapper/Library/Bee/Android/Prj/IL2CPP/Gradle/unityLibrary/src/main/assets/bin/Data/ac86ed84e9834a34aa40df8299a6dc7c
[ 422/1293  0s] CopyFiles C:/Users/User/Documents/QuestCraft v26/QCXR-XR-Wrapper/Library/Bee/Android/Prj/IL2CPP/Gradle/unityLibrary/src/main/assets/bin/Data/a993dd2c437a2b3409060ffcdd23b83f
[ 423/1293  0s] CopyFiles C:/Users/User/Documents/QuestCraft v26/QCXR-XR-Wrapper/Library/Bee/Android/Prj/IL2CPP/Gradle/unityLibrary/src/main/assets/bin/Data/a6cb34d0ab58a45b99e72f6e91ab2f6a
[ 424/1293  0s] CopyFiles C:/Users/User/Documents/QuestCraft v26/QCXR-XR-Wrapper/Library/Bee/Android/Prj/IL2CPP/Gradle/unityLibrary/src/main/assets/bin/Data/a9229f83992ae6c439fd8eb7c677e0e8
[ 425/1293  0s] CopyFiles C:/Users/User/Documents/QuestCraft v26/QCXR-XR-Wrapper/Library/Bee/Android/Prj/IL2CPP/Gradle/unityLibrary/src/main/assets/bin/Data/ab854e81d8fcde04eb1603f397457afc
[ 426/1293  0s] CopyFiles C:/Users/User/Documents/QuestCraft v26/QCXR-XR-Wrapper/Library/Bee/Android/Prj/IL2CPP/Gradle/unityLibrary/libs/Pojlib-release.aar
[ 427/1293  0s] CopyFiles C:/Users/User/Documents/QuestCraft v26/QCXR-XR-Wrapper/Library/Bee/Android/Prj/IL2CPP/Gradle/unityLibrary/src/main/assets/bin/Data/a4ffbc1ca8af1b9438ce9e5df01a5f18
[ 428/1293  0s] CopyFiles C:/Users/User/Documents/QuestCraft v26/QCXR-XR-Wrapper/Library/Bee/Android/Prj/IL2CPP/Gradle/unityLibrary/src/main/assets/bin/Data/a46f059c710f4d4448336f95461ea483
[ 429/1293  0s] CopyFiles C:/Users/User/Documents/QuestCraft v26/QCXR-XR-Wrapper/Library/Bee/Android/Prj/IL2CPP/Gradle/unityLibrary/src/main/assets/bin/Data/a1b3dee6f3915d041b67ebcd32db75de
[ 430/1293  0s] CopyFiles C:/Users/User/Documents/QuestCraft v26/QCXR-XR-Wrapper/Library/Bee/Android/Prj/IL2CPP/Gradle/unityLibrary/src/main/assets/bin/Data/a12a0e3ab0496e54688b85ba2e1d4ea7
[ 431/1293  0s] CopyFiles C:/Users/User/Documents/QuestCraft v26/QCXR-XR-Wrapper/Library/Bee/Android/Prj/IL2CPP/Gradle/unityLibrary/src/main/assets/bin/Data/a0967be76a24d48428a3f5bff9c73fed
[ 432/1293  0s] CopyFiles C:/Users/User/Documents/QuestCraft v26/QCXR-XR-Wrapper/Library/Bee/Android/Prj/IL2CPP/Gradle/unityLibrary/src/main/assets/bin/Data/a09616eaf656f3b4aaee64dd679858f8
[ 433/1293  0s] CopyFiles C:/Users/User/Documents/QuestCraft v26/QCXR-XR-Wrapper/Library/Bee/Android/Prj/IL2CPP/Gradle/unityLibrary/src/main/assets/bin/Data/9a993e003cd304ee9b10e2c8a65fbdb1
[ 434/1293  0s] CopyFiles C:/Users/User/Documents/QuestCraft v26/QCXR-XR-Wrapper/Library/Bee/Android/Prj/IL2CPP/Gradle/unityLibrary/src/main/assets/bin/Data/a0d171ecb61251f499e61977161e37fe
[ 435/1293  0s] CopyFiles C:/Users/User/Documents/QuestCraft v26/QCXR-XR-Wrapper/Library/Bee/Android/Prj/IL2CPP/Gradle/unityLibrary/src/main/assets/bin/Data/9d3720e74aa770c4ab771954af51c36b
[ 436/1293  0s] CopyFiles C:/Users/User/Documents/QuestCraft v26/QCXR-XR-Wrapper/Library/Bee/Android/Prj/IL2CPP/Gradle/unityLibrary/src/main/assets/bin/Data/95a295b738724764ba17fd881649b96e
[ 437/1293  0s] CopyFiles C:/Users/User/Documents/QuestCraft v26/QCXR-XR-Wrapper/Library/Bee/Android/Prj/IL2CPP/Gradle/unityLibrary/src/main/assets/bin/Data/96071472ed1b841ddb13555bb3a2e3b3
[ 438/1293  0s] CopyFiles C:/Users/User/Documents/QuestCraft v26/QCXR-XR-Wrapper/Library/Bee/Android/Prj/IL2CPP/Gradle/unityLibrary/src/main/assets/bin/Data/8d99b31c7444c73479bb9169420ddad9
[ 439/1293  0s] CopyFiles C:/Users/User/Documents/QuestCraft v26/QCXR-XR-Wrapper/Library/Bee/Android/Prj/IL2CPP/Gradle/unityLibrary/src/main/assets/bin/Data/8bc837c9cb3f760448bfd88ed47169ff
[ 440/1293  0s] CopyFiles C:/Users/User/Documents/QuestCraft v26/QCXR-XR-Wrapper/Library/Bee/Android/Prj/IL2CPP/Gradle/unityLibrary/src/main/assets/bin/Data/98595991fd68c5e419d1d37fed8658ff
[ 441/1293  0s] CopyFiles C:/Users/User/Documents/QuestCraft v26/QCXR-XR-Wrapper/Library/Bee/Android/Prj/IL2CPP/Gradle/unityLibrary/src/main/assets/bin/Data/89969b2a6b51f5e4a90da8a71cec1861
[ 442/1293  0s] CopyFiles C:/Users/User/Documents/QuestCraft v26/QCXR-XR-Wrapper/Library/Bee/Android/Prj/IL2CPP/Gradle/unityLibrary/src/main/assets/bin/Data/957309af6ba10104288fdd5edd3372bf
[ 443/1293  0s] CopyFiles C:/Users/User/Documents/QuestCraft v26/QCXR-XR-Wrapper/Library/Bee/Android/Prj/IL2CPP/Gradle/unityLibrary/src/main/assets/bin/Data/964f6c596d90fce419911a05881292e3
[ 444/1293  0s] CopyFiles C:/Users/User/Documents/QuestCraft v26/QCXR-XR-Wrapper/Library/Bee/Android/Prj/IL2CPP/Gradle/unityLibrary/src/main/assets/bin/Data/88d8ac3ceef6b33439f56e9ca1e2fccd
[ 445/1293  0s] CopyFiles C:/Users/User/Documents/QuestCraft v26/QCXR-XR-Wrapper/Library/Bee/Android/Prj/IL2CPP/Gradle/unityLibrary/src/main/assets/bin/Data/89939a917a9c35648a30ca15048f9e01
[ 446/1293  0s] CopyFiles C:/Users/User/Documents/QuestCraft v26/QCXR-XR-Wrapper/Library/Bee/Android/Prj/IL2CPP/Gradle/unityLibrary/src/main/assets/bin/Data/853840c5196b2486a97e1785f3a68575
[ 447/1293  0s] CopyFiles C:/Users/User/Documents/QuestCraft v26/QCXR-XR-Wrapper/Library/Bee/Android/Prj/IL2CPP/Gradle/unityLibrary/src/main/assets/bin/Data/85013fab55cf932458682912756a4fcb
[ 448/1293  0s] CopyFiles C:/Users/User/Documents/QuestCraft v26/QCXR-XR-Wrapper/Library/Bee/Android/Prj/IL2CPP/Gradle/unityLibrary/src/main/assets/bin/Data/7dceaed51abddf64eb52ba3f767eb4dd
[ 449/1293  0s] CopyFiles C:/Users/User/Documents/QuestCraft v26/QCXR-XR-Wrapper/Library/Bee/Android/Prj/IL2CPP/Gradle/unityLibrary/src/main/assets/bin/Data/850f34a4baa4b4545af156ceeb07a90d
[ 450/1293  0s] CopyFiles C:/Users/User/Documents/QuestCraft v26/QCXR-XR-Wrapper/Library/Bee/Android/Prj/IL2CPP/Gradle/unityLibrary/src/main/assets/bin/Data/85601fedf8a9794499989ae0ccb88a86
[ 451/1293  0s] CopyFiles C:/Users/User/Documents/QuestCraft v26/QCXR-XR-Wrapper/Library/Bee/Android/Prj/IL2CPP/Gradle/unityLibrary/src/main/assets/bin/Data/839b852ee4fcea3409f7f8e239536537
[ 452/1293  0s] CopyFiles C:/Users/User/Documents/QuestCraft v26/QCXR-XR-Wrapper/Library/Bee/Android/Prj/IL2CPP/Gradle/unityLibrary/src/main/assets/bin/Data/7eff928b71cfd46f298284c8e67429ed
[ 453/1293  0s] CopyFiles C:/Users/User/Documents/QuestCraft v26/QCXR-XR-Wrapper/Library/Bee/Android/Prj/IL2CPP/Gradle/unityLibrary/src/main/assets/bin/Data/869aeced2b97a3748ba8e16656097962
[ 454/1293  0s] CopyFiles C:/Users/User/Documents/QuestCraft v26/QCXR-XR-Wrapper/Library/Bee/Android/Prj/IL2CPP/Gradle/unityLibrary/src/main/assets/bin/Data/7dfa52c3c61f61542881145b740c7635
[ 455/1293  0s] CopyFiles C:/Users/User/Documents/QuestCraft v26/QCXR-XR-Wrapper/Library/Bee/Android/Prj/IL2CPP/Gradle/unityLibrary/src/main/assets/bin/Data/7a424ef8cd6e9456fa0284c70460ce38
[ 456/1293  0s] CopyFiles C:/Users/User/Documents/QuestCraft v26/QCXR-XR-Wrapper/Library/Bee/Android/Prj/IL2CPP/Gradle/unityLibrary/src/main/assets/bin/Data/7997404fcf56df5479269bd51a28fe49
[ 457/1293  0s] CopyFiles C:/Users/User/Documents/QuestCraft v26/QCXR-XR-Wrapper/Library/Bee/Android/Prj/IL2CPP/Gradle/unityLibrary/src/main/assets/bin/Data/79459efec17a4d00a321bdcc27bbc385
[ 458/1293  0s] CopyFiles C:/Users/User/Documents/QuestCraft v26/QCXR-XR-Wrapper/Library/Bee/Android/Prj/IL2CPP/Gradle/unityLibrary/src/main/assets/bin/Data/77c7eb2aadfa27c40bbae105b90de610
[ 459/1293  0s] CopyFiles C:/Users/User/Documents/QuestCraft v26/QCXR-XR-Wrapper/Library/Bee/Android/Prj/IL2CPP/Gradle/unityLibrary/src/main/assets/bin/Data/730b35d2a61a0402999fef7755ab7266
[ 460/1293  0s] CopyFiles C:/Users/User/Documents/QuestCraft v26/QCXR-XR-Wrapper/Library/Bee/Android/Prj/IL2CPP/Gradle/unityLibrary/src/main/assets/bin/Data/6a8f8e966738570459db901ed84ef9b6
[ 461/1293  0s] CopyFiles C:/Users/User/Documents/QuestCraft v26/QCXR-XR-Wrapper/Library/Bee/Android/Prj/IL2CPP/Gradle/unityLibrary/src/main/assets/bin/Data/768b1dc8c63b0c44d91c84b5cf367592
[ 462/1293  0s] CopyFiles C:/Users/User/Documents/QuestCraft v26/QCXR-XR-Wrapper/Library/Bee/Android/Prj/IL2CPP/Gradle/unityLibrary/src/main/assets/bin/Data/60580f3955898e04bb2f7401cd521e89
[ 463/1293  0s] CopyFiles C:/Users/User/Documents/QuestCraft v26/QCXR-XR-Wrapper/Library/Bee/Android/Prj/IL2CPP/Gradle/unityLibrary/src/main/assets/bin/Data/6837ed7aa7a8c8d4597569922ffcbca5
[ 464/1293  0s] CopyFiles C:/Users/User/Documents/QuestCraft v26/QCXR-XR-Wrapper/Library/Bee/Android/Prj/IL2CPP/Gradle/unityLibrary/src/main/assets/bin/Data/64029f435f4d71f4999ea9c75b80c91a
[ 465/1293  0s] CopyFiles C:/Users/User/Documents/QuestCraft v26/QCXR-XR-Wrapper/Library/Bee/Android/Prj/IL2CPP/Gradle/unityLibrary/src/main/assets/bin/Data/60021030f78b18b42aecfc83af47bf2b
[ 466/1293  0s] CopyFiles C:/Users/User/Documents/QuestCraft v26/QCXR-XR-Wrapper/Library/Bee/Android/Prj/IL2CPP/Gradle/unityLibrary/src/main/assets/bin/Data/618e026a94e14184ca67698c5e8fa58a
[ 467/1293  0s] CopyFiles C:/Users/User/Documents/QuestCraft v26/QCXR-XR-Wrapper/Library/Bee/Android/Prj/IL2CPP/Gradle/unityLibrary/src/main/assets/bin/Data/5b670b470d1b64368901166ffb20d7ed
[ 468/1293  0s] CopyFiles C:/Users/User/Documents/QuestCraft v26/QCXR-XR-Wrapper/Library/Bee/Android/Prj/IL2CPP/Gradle/unityLibrary/src/main/assets/bin/Data/5a8e32ac3af576ad4ae5ae8404f14e71
[ 469/1293  0s] CopyFiles C:/Users/User/Documents/QuestCraft v26/QCXR-XR-Wrapper/Library/Bee/Android/Prj/IL2CPP/Gradle/unityLibrary/src/main/assets/bin/Data/574ae8e957555df43b4cd9257e834e36
[ 470/1293  0s] CopyFiles C:/Users/User/Documents/QuestCraft v26/QCXR-XR-Wrapper/Library/Bee/Android/Prj/IL2CPP/Gradle/unityLibrary/src/main/assets/bin/Data/5496c96b97fb7ee469f4ca36671c32d0
[ 471/1293  0s] CopyFiles C:/Users/User/Documents/QuestCraft v26/QCXR-XR-Wrapper/Library/Bee/Android/Prj/IL2CPP/Gradle/unityLibrary/src/main/assets/bin/Data/4ff92632f801a7444958bb72ef6aee53
[ 472/1293  0s] CopyFiles C:/Users/User/Documents/QuestCraft v26/QCXR-XR-Wrapper/Library/Bee/Android/Prj/IL2CPP/Gradle/unityLibrary/src/main/assets/bin/Data/4ef37ef333c3dc149b842dd2a3534ca1
[ 473/1293  0s] CopyFiles C:/Users/User/Documents/QuestCraft v26/QCXR-XR-Wrapper/Library/Bee/Android/Prj/IL2CPP/Gradle/unityLibrary/src/main/assets/bin/Data/4bfadd3e60167a44fa27c370bfe2ae26
[ 474/1293  0s] CopyFiles C:/Users/User/Documents/QuestCraft v26/QCXR-XR-Wrapper/Library/Bee/Android/Prj/IL2CPP/Gradle/unityLibrary/src/main/assets/bin/Data/4a887bf25b2d04a1bae1669ae6747419
[ 475/1293  0s] CopyFiles C:/Users/User/Documents/QuestCraft v26/QCXR-XR-Wrapper/Library/Bee/Android/Prj/IL2CPP/Gradle/unityLibrary/src/main/assets/bin/Data/46eff69f4f8c8e64ca295ba7356521f1
[ 476/1293  0s] CopyFiles C:/Users/User/Documents/QuestCraft v26/QCXR-XR-Wrapper/Library/Bee/Android/Prj/IL2CPP/Gradle/unityLibrary/src/main/assets/bin/Data/559b0277d5f635545a7b034007f4f42c
[ 477/1293  0s] CopyFiles C:/Users/User/Documents/QuestCraft v26/QCXR-XR-Wrapper/Library/Bee/Android/Prj/IL2CPP/Gradle/unityLibrary/src/main/assets/bin/Data/4632f3d33fc5ea94e8a7673306cbb3e2
[ 478/1293  0s] CopyFiles C:/Users/User/Documents/QuestCraft v26/QCXR-XR-Wrapper/Library/Bee/Android/Prj/IL2CPP/Gradle/unityLibrary/src/main/assets/bin/Data/44423fbc73cf1334c8ab8ec0d0d79aa0
[ 479/1293  0s] CopyFiles C:/Users/User/Documents/QuestCraft v26/QCXR-XR-Wrapper/Library/Bee/Android/Prj/IL2CPP/Gradle/unityLibrary/src/main/assets/bin/Data/4f3c1260c5bd8c64985946fc6af20f00
[ 480/1293  0s] CopyFiles C:/Users/User/Documents/QuestCraft v26/QCXR-XR-Wrapper/Library/Bee/Android/Prj/IL2CPP/Gradle/unityLibrary/src/main/assets/bin/Data/4a1294d789b914d428541b480a16682c
[ 481/1293  0s] CopyFiles C:/Users/User/Documents/QuestCraft v26/QCXR-XR-Wrapper/Library/Bee/Android/Prj/IL2CPP/Gradle/unityLibrary/src/main/assets/bin/Data/4212f1d23993b2640922b428f2748e20
[ 482/1293  0s] CopyFiles C:/Users/User/Documents/QuestCraft v26/QCXR-XR-Wrapper/Library/Bee/Android/Prj/IL2CPP/Gradle/unityLibrary/src/main/assets/bin/Data/4ae4d410c1995fa4e8fea1ab6359ea37
[ 483/1293  0s] CopyFiles C:/Users/User/Documents/QuestCraft v26/QCXR-XR-Wrapper/Library/Bee/Android/Prj/IL2CPP/Gradle/unityLibrary/src/main/assets/bin/Data/41938f04a6f4d884f82644a294f64a74
[ 484/1293  0s] CopyFiles C:/Users/User/Documents/QuestCraft v26/QCXR-XR-Wrapper/Library/Bee/Android/Prj/IL2CPP/Gradle/unityLibrary/src/main/assets/bin/Data/3f5b5dff67a942289a9defa416b206f3
[ 485/1293  0s] CopyFiles C:/Users/User/Documents/QuestCraft v26/QCXR-XR-Wrapper/Library/Bee/Android/Prj/IL2CPP/Gradle/unityLibrary/src/main/assets/bin/Data/431bec021ead0ba4fa0f0d65d715ee81
[ 486/1293  0s] CopyFiles C:/Users/User/Documents/QuestCraft v26/QCXR-XR-Wrapper/Library/Bee/Android/Prj/IL2CPP/Gradle/unityLibrary/src/main/assets/bin/Data/3f34e3c811e618ba98e9cfcf12f5c696
[ 487/1293  0s] CopyFiles C:/Users/User/Documents/QuestCraft v26/QCXR-XR-Wrapper/Library/Bee/Android/Prj/IL2CPP/Gradle/unityLibrary/src/main/assets/bin/Data/32e4299f223a5e74ba6c96aa836018a1
[ 488/1293  0s] CopyFiles C:/Users/User/Documents/QuestCraft v26/QCXR-XR-Wrapper/Library/Bee/Android/Prj/IL2CPP/Gradle/unityLibrary/src/main/assets/bin/Data/3e6da93ce58c14438a129fc637235b7d
[ 489/1293  0s] CopyFiles C:/Users/User/Documents/QuestCraft v26/QCXR-XR-Wrapper/Library/Bee/Android/Prj/IL2CPP/Gradle/unityLibrary/src/main/assets/bin/Data/3a5f20f82a5224d7d969e99da633fc69
[ 490/1293  0s] CopyFiles C:/Users/User/Documents/QuestCraft v26/QCXR-XR-Wrapper/Library/Bee/Android/Prj/IL2CPP/Gradle/unityLibrary/src/main/assets/bin/Data/2f872c920e7224f889cde9b63d7311cc
[ 491/1293  0s] CopyFiles C:/Users/User/Documents/QuestCraft v26/QCXR-XR-Wrapper/Library/Bee/Android/Prj/IL2CPP/Gradle/unityLibrary/src/main/assets/bin/Data/2feddea28647636409e9100780016736
[ 492/1293  0s] CopyFiles C:/Users/User/Documents/QuestCraft v26/QCXR-XR-Wrapper/Library/Bee/Android/Prj/IL2CPP/Gradle/unityLibrary/src/main/assets/bin/Data/39b162b3758bf435f97c925ab0a320a3
[ 493/1293  0s] CopyFiles C:/Users/User/Documents/QuestCraft v26/QCXR-XR-Wrapper/Library/Bee/Android/Prj/IL2CPP/Gradle/unityLibrary/src/main/assets/bin/Data/2fc108a4d4e9d5d41bf34f493b563d76
[ 494/1293  0s] CopyFiles C:/Users/User/Documents/QuestCraft v26/QCXR-XR-Wrapper/Library/Bee/Android/Prj/IL2CPP/Gradle/unityLibrary/src/main/assets/bin/Data/1c81befc13eaf814bbcd841238c11cd4
[ 495/1293  0s] CopyFiles C:/Users/User/Documents/QuestCraft v26/QCXR-XR-Wrapper/Library/Bee/Android/Prj/IL2CPP/Gradle/unityLibrary/src/main/assets/bin/Data/296b2106775d132469d4ddadfa937fc4
[ 496/1293  0s] CopyFiles C:/Users/User/Documents/QuestCraft v26/QCXR-XR-Wrapper/Library/Bee/Android/Prj/IL2CPP/Gradle/unityLibrary/src/main/assets/bin/Data/1fc5f47805e00457ca97da2351c04180
[ 497/1293  0s] CopyFiles C:/Users/User/Documents/QuestCraft v26/QCXR-XR-Wrapper/Library/Bee/Android/Prj/IL2CPP/Gradle/unityLibrary/src/main/assets/bin/Data/2761596a60d95484b962b79fb927057c
[ 498/1293  0s] CopyFiles C:/Users/User/Documents/QuestCraft v26/QCXR-XR-Wrapper/Library/Bee/Android/Prj/IL2CPP/Gradle/unityLibrary/src/main/assets/bin/Data/1eed3cbdadbd3b14cbc97b9efdc5d9c0
[ 499/1293  0s] CopyFiles C:/Users/User/Documents/QuestCraft v26/QCXR-XR-Wrapper/Library/Bee/Android/Prj/IL2CPP/Gradle/unityLibrary/src/main/assets/bin/Data/174623c88ad55a443bca29e8e126b1e0
[ 500/1293  0s] CopyFiles C:/Users/User/Documents/QuestCraft v26/QCXR-XR-Wrapper/Library/Bee/Android/Prj/IL2CPP/Gradle/unityLibrary/src/main/assets/bin/Data/19363699162b3b842a8355f3f58473a7
[ 501/1293  0s] CopyFiles C:/Users/User/Documents/QuestCraft v26/QCXR-XR-Wrapper/Library/Bee/Android/Prj/IL2CPP/Gradle/unityLibrary/src/main/assets/bin/Data/1a1333616d23d473a9564f02435a3d0b
[ 502/1293  0s] CopyFiles C:/Users/User/Documents/QuestCraft v26/QCXR-XR-Wrapper/Library/Bee/Android/Prj/IL2CPP/Gradle/unityLibrary/src/main/assets/bin/Data/19109cae5d3dd4a21ab383ac58d3eb7d
[ 503/1293  0s] CopyFiles C:/Users/User/Documents/QuestCraft v26/QCXR-XR-Wrapper/Library/Bee/Android/Prj/IL2CPP/Gradle/unityLibrary/src/main/assets/bin/Data/166b3d4f510e047ab9e97a27b546eca5
[ 504/1293  0s] CopyFiles C:/Users/User/Documents/QuestCraft v26/QCXR-XR-Wrapper/Library/Bee/Android/Prj/IL2CPP/Gradle/unityLibrary/src/main/assets/bin/Data/173621e98c19c493a8f0288d8a933bed
[ 505/1293  0s] CopyFiles C:/Users/User/Documents/QuestCraft v26/QCXR-XR-Wrapper/Library/Bee/Android/Prj/IL2CPP/Gradle/unityLibrary/src/main/assets/bin/Data/0f24feff59dd4034b9bc964c815fb0f4
[ 506/1293  0s] CopyFiles C:/Users/User/Documents/QuestCraft v26/QCXR-XR-Wrapper/Library/Bee/Android/Prj/IL2CPP/Gradle/unityLibrary/src/main/assets/bin/Data/081528f6308b1134db2b9871766dd820
[ 507/1293  0s] CopyFiles C:/Users/User/Documents/QuestCraft v26/QCXR-XR-Wrapper/Library/Bee/Android/Prj/IL2CPP/Gradle/unityLibrary/src/main/assets/bin/Data/0f37039b4a5cd3f48bff00c92911c80c
[ 508/1293  0s] CopyFiles C:/Users/User/Documents/QuestCraft v26/QCXR-XR-Wrapper/Library/Bee/Android/Prj/IL2CPP/Gradle/unityLibrary/src/main/assets/bin/Data/1367dfadc71c7d2188c386a36878725b
[ 509/1293  0s] CopyFiles C:/Users/User/Documents/QuestCraft v26/QCXR-XR-Wrapper/Library/Bee/Android/Prj/IL2CPP/Gradle/unityLibrary/src/main/assets/bin/Data/00b918d38c21608499365dcf824b50ac
[ 510/1293  0s] CopyFiles C:/Users/User/Documents/QuestCraft v26/QCXR-XR-Wrapper/Library/Bee/Android/Prj/IL2CPP/Gradle/unityLibrary/src/main/assets/bin/Data/12a19b71643cd314291e0f6c3e9a2ac9
[ 511/1293  0s] CopyFiles C:/Users/User/Documents/QuestCraft v26/QCXR-XR-Wrapper/Library/Bee/Android/Prj/IL2CPP/Gradle/unityLibrary/src/main/assets/bin/Data/0000000000000000f000000000000000
[ 512/1293  0s] CopyFiles C:/Users/User/Documents/QuestCraft v26/QCXR-XR-Wrapper/Library/Bee/Android/Prj/IL2CPP/Gradle/unityLibrary/src/main/assets/bin/Data/0e8851bbd4d7b2b4787a54d6d1f11f80
[ 513/1293  0s] AddBootConfigGUID Library/Bee/artifacts/Android/boot.config
[ 514/1293  0s] CopyFiles C:/Users/User/Documents/QuestCraft v26/QCXR-XR-Wrapper/Library/Bee/Android/Prj/IL2CPP/Gradle/unityLibrary/src/main/assets/bin/Data/boot.config
[ 515/1293  0s] ActionGenerateProjectFiles C:/Users/User/Documents/QuestCraft v26/QCXR-XR-Wrapper/Library/Bee/Android/Prj/IL2CPP/Gradle/build.gradle (+8 others)
[BUSY       6s] UnityLinker C:/Users/User/Documents/QuestCraft v26/QCXR-XR-Wrapper/Library/Bee/artifacts/unitylinker_xy1a.traceevents
[ 516/1293 16s] UnityLinker C:/Users/User/Documents/QuestCraft v26/QCXR-XR-Wrapper/Library/Bee/artifacts/unitylinker_xy1a.traceevents
C:\Program Files\Unity\Hub\Editor\2022.3.62f3\Editor\Data\il2cpp\build\deploy\UnityLinker.exe @Library\Bee\artifacts\rsp\5354355955528615000.rsp
*** Tundra requires additional run (16.35 seconds), 254 items updated, 1293 evaluated
*** Additional run caused by: contents change of Library/Bee/artifacts/Android/ManagedStripped
Starting: C:\Program Files\Unity\Hub\Editor\2022.3.62f3\Editor\Data\Tools\netcorerun\netcorerun.exe "C:\Program Files\Unity\Hub\Editor\2022.3.62f3\Editor\Data\PlaybackEngines\AndroidPlayer\AndroidPlayerBuildProgram.exe" "C:/Program Files/Unity/Hub/Editor/2022.3.62f3/Editor/Data/PlaybackEngines/AndroidPlayer/Bee;C:/Program Files/Unity/Hub/Editor/2022.3.62f3/Editor/Data/Tools/BuildPipeline" "Library/Bee/Player5c7f526e.dag.json" "Library/Bee/Player5c7f526e-inputdata.json" "Library\Bee\buildprogram1.traceevents"
WorkingDir: C:/Users/User/Documents/QuestCraft v26/QCXR-XR-Wrapper
ExitCode: 4 Duration: 16s
ExitCode: 0 Duration: 0s731ms
Starting: C:\Program Files\Unity\Hub\Editor\2022.3.62f3\Editor\Data\bee_backend.exe --ipc --dagfile="Library/Bee/Player5c7f526e.dag" --dagfilejson="Library\Bee\Player5c7f526e.dag.json" --profile="Library/Bee/backend3.traceevents" Player
WorkingDir: C:/Users/User/Documents/QuestCraft v26/QCXR-XR-Wrapper
Finished compiling graph: 1297 nodes, 3466 flattened edges (3460 ToBuild, 10 ToUse), maximum node priority 785
[ 580/1292  0s] CopyFiles C:/Users/User/Documents/QuestCraft v26/QCXR-XR-Wrapper/Library/Bee/Android/Prj/IL2CPP/Il2CppBackup/Managed/UnityEngine.TextCoreTextEngineModule.dll
[ 581/1292  0s] CopyFiles C:/Users/User/Documents/QuestCraft v26/QCXR-XR-Wrapper/Library/Bee/Android/Prj/IL2CPP/Il2CppBackup/Managed/UnityEngine.pdb
[ 582/1292  0s] CopyFiles C:/Users/User/Documents/QuestCraft v26/QCXR-XR-Wrapper/Library/Bee/Android/Prj/IL2CPP/Il2CppBackup/Managed/Unity.XR.OpenXR.Features.PICOSupport.dll
[ 583/1292  0s] CopyFiles C:/Users/User/Documents/QuestCraft v26/QCXR-XR-Wrapper/Library/Bee/Android/Prj/IL2CPP/Il2CppBackup/Managed/UnityEngine.TextCoreFontEngineModule.dll
[ 584/1292  0s] CopyFiles C:/Users/User/Documents/QuestCraft v26/QCXR-XR-Wrapper/Library/Bee/Android/Prj/IL2CPP/Il2CppBackup/Managed/System.Data.dll
[ 585/1292  0s] CopyFiles C:/Users/User/Documents/QuestCraft v26/QCXR-XR-Wrapper/Library/Bee/Android/Prj/IL2CPP/Il2CppBackup/Managed/UnityEngine.UnityWebRequestTextureModule.pdb
[ 586/1292  0s] CopyFiles C:/Users/User/Documents/QuestCraft v26/QCXR-XR-Wrapper/Library/Bee/Android/Prj/IL2CPP/Il2CppBackup/Managed/Unity.XR.OpenXR.Features.MockRuntime.dll
[ 587/1292  0s] CopyFiles C:/Users/User/Documents/QuestCraft v26/QCXR-XR-Wrapper/Library/Bee/Android/Prj/IL2CPP/Il2CppBackup/Managed/System.dll
[ 588/1292  0s] CopyFiles C:/Users/User/Documents/QuestCraft v26/QCXR-XR-Wrapper/Library/Bee/Android/Prj/IL2CPP/Il2CppBackup/Managed/Unity.XR.OpenXR.Features.ConformanceAutomation.dll
[ 589/1292  0s] CopyFiles C:/Users/User/Documents/QuestCraft v26/QCXR-XR-Wrapper/Library/Bee/Android/Prj/IL2CPP/Il2CppBackup/Managed/System.Core.dll
[ 590/1292  0s] CopyFiles C:/Users/User/Documents/QuestCraft v26/QCXR-XR-Wrapper/Library/Bee/Android/Prj/IL2CPP/Il2CppBackup/Managed/UnityEngine.dll
[ 591/1292  0s] CopyFiles C:/Users/User/Documents/QuestCraft v26/QCXR-XR-Wrapper/Library/Bee/Android/Prj/IL2CPP/Il2CppBackup/Managed/System.Xml.dll
[ 592/1292  0s] CopyFiles C:/Users/User/Documents/QuestCraft v26/QCXR-XR-Wrapper/Library/Bee/Android/Prj/IL2CPP/Il2CppBackup/Managed/System.Drawing.dll
[ 593/1292  0s] CopyFiles C:/Users/User/Documents/QuestCraft v26/QCXR-XR-Wrapper/Library/Bee/Android/Prj/IL2CPP/Il2CppBackup/Managed/unity.webp.pdb
[ 594/1292  0s] CopyFiles C:/Users/User/Documents/QuestCraft v26/QCXR-XR-Wrapper/Library/Bee/Android/Prj/IL2CPP/Il2CppBackup/Managed/unity.webp.dll
[ 595/1292  0s] CopyFiles C:/Users/User/Documents/QuestCraft v26/QCXR-XR-Wrapper/Library/Bee/Android/Prj/IL2CPP/Il2CppBackup/Managed/UnityEngine.UI.dll
[ 596/1292  0s] CopyFiles C:/Users/User/Documents/QuestCraft v26/QCXR-XR-Wrapper/Library/Bee/Android/Prj/IL2CPP/Il2CppBackup/Managed/ControllerSample.pdb
[ 597/1292  0s] CopyFiles C:/Users/User/Documents/QuestCraft v26/QCXR-XR-Wrapper/Library/Bee/Android/Prj/IL2CPP/Il2CppBackup/Managed/UnityEngine.UI.pdb
[ 598/1292  0s] CopyFiles C:/Users/User/Documents/QuestCraft v26/QCXR-XR-Wrapper/Library/Bee/Android/Prj/IL2CPP/Il2CppBackup/Managed/analytics.json
[ 599/1292  0s] CopyFiles C:/Users/User/Documents/QuestCraft v26/QCXR-XR-Wrapper/Library/Bee/Android/Prj/IL2CPP/Il2CppBackup/Managed/ControllerSample.dll
[ 600/1292  0s] CopyFiles C:/Users/User/Documents/QuestCraft v26/QCXR-XR-Wrapper/Library/Bee/Android/Prj/IL2CPP/Il2CppBackup/Managed/Mono.Security.dll
[ 601/1292  0s] CopyFiles C:/Users/User/Documents/QuestCraft v26/QCXR-XR-Wrapper/Library/Bee/Android/Prj/IL2CPP/Il2CppBackup/Managed/PICO.Platform.pdb
[ 602/1292  0s] CopyFiles C:/Users/User/Documents/QuestCraft v26/QCXR-XR-Wrapper/Library/Bee/Android/Prj/IL2CPP/Il2CppBackup/Managed/mscorlib.dll
[ 603/1292  0s] CopyFiles C:/Users/User/Documents/QuestCraft v26/QCXR-XR-Wrapper/Library/Bee/Android/Prj/IL2CPP/Il2CppBackup/Managed/System.Numerics.dll
[ 604/1292  0s] CopyFiles C:/Users/User/Documents/QuestCraft v26/QCXR-XR-Wrapper/Library/Bee/Android/Prj/IL2CPP/Il2CppBackup/Managed/PICO.Platform.dll
[ 605/1292  0s] CopyFiles C:/Users/User/Documents/QuestCraft v26/QCXR-XR-Wrapper/Library/Bee/Android/Prj/IL2CPP/Il2CppBackup/Managed/Assembly-CSharp.pdb
[ 606/1292  0s] CopyFiles C:/Users/User/Documents/QuestCraft v26/QCXR-XR-Wrapper/Library/Bee/Android/Prj/IL2CPP/Il2CppBackup/Managed/UnityGifDecoder.dll
[ 607/1292  0s] CopyFiles C:/Users/User/Documents/QuestCraft v26/QCXR-XR-Wrapper/Library/Bee/Android/Prj/IL2CPP/Il2CppBackup/Managed/System.Xml.Linq.dll
[ 608/1292  0s] CopyFiles C:/Users/User/Documents/QuestCraft v26/QCXR-XR-Wrapper/Library/Bee/Android/Prj/IL2CPP/Il2CppBackup/Managed/UnityGifDecoder.pdb
[ 609/1292  0s] CopyFiles C:/Users/User/Documents/QuestCraft v26/QCXR-XR-Wrapper/Library/Bee/Android/Prj/IL2CPP/Il2CppBackup/Managed/Unity.XR.OpenXR.pdb
[ 610/1292  0s] CopyFiles C:/Users/User/Documents/QuestCraft v26/QCXR-XR-Wrapper/Library/Bee/Android/Prj/IL2CPP/Il2CppBackup/Managed/Newtonsoft.Json.dll
[ 611/1292  0s] CopyFiles C:/Users/User/Documents/QuestCraft v26/QCXR-XR-Wrapper/Library/Bee/Android/Prj/IL2CPP/Il2CppBackup/Managed/Unity.XR.OpenXR.dll
[ 612/1292  0s] CopyFiles C:/Users/User/Documents/QuestCraft v26/QCXR-XR-Wrapper/Library/Bee/Android/Prj/IL2CPP/Il2CppBackup/Managed/Assembly-CSharp.dll
[ 613/1292  0s] CopyFiles C:/Users/User/Documents/QuestCraft v26/QCXR-XR-Wrapper/Library/Bee/Android/Prj/IL2CPP/Il2CppBackup/Managed/UnityEngine.TilemapModule.pdb
[ 614/1292  0s] CopyFiles C:/Users/User/Documents/QuestCraft v26/QCXR-XR-Wrapper/Library/Bee/Android/Prj/IL2CPP/Il2CppBackup/Managed/UnityEngine.PhysicsModule.dll
[ 615/1292  0s] CopyFiles C:/Users/User/Documents/QuestCraft v26/QCXR-XR-Wrapper/Library/Bee/Android/Prj/IL2CPP/Il2CppBackup/Managed/UnityEngine.UnityWebRequestModule.dll
[ 616/1292  0s] CopyFiles C:/Users/User/Documents/QuestCraft v26/QCXR-XR-Wrapper/Library/Bee/Android/Prj/IL2CPP/Il2CppBackup/Managed/Unity.XR.Interaction.Toolkit.Samples.StarterAssets.pdb
[ 617/1292  0s] CopyFiles C:/Users/User/Documents/QuestCraft v26/QCXR-XR-Wrapper/Library/Bee/Android/Prj/IL2CPP/Il2CppBackup/Managed/UnityEngine.TilemapModule.dll
[ 618/1292  0s] CopyFiles C:/Users/User/Documents/QuestCraft v26/QCXR-XR-Wrapper/Library/Bee/Android/Prj/IL2CPP/Il2CppBackup/Managed/UnityEngine.SharedInternalsModule.dll
[ 619/1292  0s] CopyFiles C:/Users/User/Documents/QuestCraft v26/QCXR-XR-Wrapper/Library/Bee/Android/Prj/IL2CPP/Il2CppBackup/Managed/UnityEngine.SharedInternalsModule.pdb
[ 620/1292  0s] CopyFiles C:/Users/User/Documents/QuestCraft v26/QCXR-XR-Wrapper/Library/Bee/Android/Prj/IL2CPP/Il2CppBackup/Managed/UnityEngine.UnityWebRequestModule.pdb
[ 621/1292  0s] CopyFiles C:/Users/User/Documents/QuestCraft v26/QCXR-XR-Wrapper/Library/Bee/Android/Prj/IL2CPP/Il2CppBackup/Managed/UnityEngine.XRModule.dll
[ 622/1292  0s] CopyFiles C:/Users/User/Documents/QuestCraft v26/QCXR-XR-Wrapper/Library/Bee/Android/Prj/IL2CPP/Il2CppBackup/Managed/UnityEngine.VRModule.dll
[ 623/1292  0s] CopyFiles C:/Users/User/Documents/QuestCraft v26/QCXR-XR-Wrapper/Library/Bee/Android/Prj/IL2CPP/Il2CppBackup/Managed/Unity.XR.OpenXR.Features.RuntimeDebugger.pdb
[ 624/1292  0s] CopyFiles C:/Users/User/Documents/QuestCraft v26/QCXR-XR-Wrapper/Library/Bee/Android/Prj/IL2CPP/Il2CppBackup/Managed/UnityEngine.UIModule.dll
[ 625/1292  0s] CopyFiles C:/Users/User/Documents/QuestCraft v26/QCXR-XR-Wrapper/Library/Bee/Android/Prj/IL2CPP/Il2CppBackup/Managed/UnityEngine.UIElementsModule.pdb
[ 626/1292  0s] CopyFiles C:/Users/User/Documents/QuestCraft v26/QCXR-XR-Wrapper/Library/Bee/Android/Prj/IL2CPP/Il2CppBackup/Managed/UnityEngine.SubsystemsModule.pdb
[ 627/1292  0s] CopyFiles C:/Users/User/Documents/QuestCraft v26/QCXR-XR-Wrapper/Library/Bee/Android/Prj/IL2CPP/Il2CppBackup/Managed/UnityEngine.VRModule.pdb
[ 628/1292  0s] CopyFiles C:/Users/User/Documents/QuestCraft v26/QCXR-XR-Wrapper/Library/Bee/Android/Prj/IL2CPP/Il2CppBackup/Managed/Unity.Mathematics.dll
[ 629/1292  0s] CopyFiles C:/Users/User/Documents/QuestCraft v26/QCXR-XR-Wrapper/Library/Bee/Android/Prj/IL2CPP/Il2CppBackup/Managed/UnityEngine.AndroidJNIModule.pdb
[ 630/1292  0s] CopyFiles C:/Users/User/Documents/QuestCraft v26/QCXR-XR-Wrapper/Library/Bee/Android/Prj/IL2CPP/Il2CppBackup/Managed/UnityEngine.PropertiesModule.pdb
[ 631/1292  0s] CopyFiles C:/Users/User/Documents/QuestCraft v26/QCXR-XR-Wrapper/Library/Bee/Android/Prj/IL2CPP/Il2CppBackup/Managed/UnityEngine.SubsystemsModule.dll
[ 632/1292  0s] CopyFiles C:/Users/User/Documents/QuestCraft v26/QCXR-XR-Wrapper/Library/Bee/Android/Prj/IL2CPP/Il2CppBackup/Managed/UnityEngine.UIElementsModule.dll
[ 633/1292  0s] CopyFiles C:/Users/User/Documents/QuestCraft v26/QCXR-XR-Wrapper/Library/Bee/Android/Prj/IL2CPP/Il2CppBackup/Managed/System.Configuration.dll
[ 634/1292  0s] CopyFiles C:/Users/User/Documents/QuestCraft v26/QCXR-XR-Wrapper/Library/Bee/Android/Prj/IL2CPP/Il2CppBackup/Managed/Unity.XR.Interaction.Toolkit.pdb
[ 635/1292  0s] CopyFiles C:/Users/User/Documents/QuestCraft v26/QCXR-XR-Wrapper/Library/Bee/Android/Prj/IL2CPP/Il2CppBackup/Managed/System.Runtime.Serialization.dll
[ 636/1292  0s] CopyFiles C:/Users/User/Documents/QuestCraft v26/QCXR-XR-Wrapper/Library/Bee/Android/Prj/IL2CPP/Il2CppBackup/Managed/Unity.XR.Interaction.Toolkit.dll
[ 637/1292  0s] CopyFiles C:/Users/User/Documents/QuestCraft v26/QCXR-XR-Wrapper/Library/Bee/Android/Prj/IL2CPP/Il2CppBackup/Managed/UnityEngine.AndroidJNIModule.dll
[ 638/1292  0s] CopyFiles C:/Users/User/Documents/QuestCraft v26/QCXR-XR-Wrapper/Library/Bee/Android/Prj/IL2CPP/Il2CppBackup/Managed/UnityEngine.PropertiesModule.dll
[ 639/1292  0s] CopyFiles C:/Users/User/Documents/QuestCraft v26/QCXR-XR-Wrapper/Library/Bee/Android/Prj/IL2CPP/Il2CppBackup/Managed/UnityEngine.XRModule.pdb
[ 640/1292  0s] CopyFiles C:/Users/User/Documents/QuestCraft v26/QCXR-XR-Wrapper/Library/Bee/Android/Prj/IL2CPP/Il2CppBackup/Managed/Unity.XR.OpenXR.Features.MetaQuestSupport.dll
[ 641/1292  0s] CopyFiles C:/Users/User/Documents/QuestCraft v26/QCXR-XR-Wrapper/Library/Bee/Android/Prj/IL2CPP/Il2CppBackup/Managed/UnityEngine.UIModule.pdb
[ 642/1292  0s] CopyFiles C:/Users/User/Documents/QuestCraft v26/QCXR-XR-Wrapper/Library/Bee/Android/Prj/IL2CPP/Il2CppBackup/Managed/Unity.XR.CoreUtils.dll
[ 643/1292  0s] CopyFiles C:/Users/User/Documents/QuestCraft v26/QCXR-XR-Wrapper/Library/Bee/Android/Prj/IL2CPP/Il2CppBackup/Managed/Unity.InputSystem.pdb
[ 644/1292  0s] CopyFiles C:/Users/User/Documents/QuestCraft v26/QCXR-XR-Wrapper/Library/Bee/Android/Prj/IL2CPP/Il2CppBackup/Managed/Unity.Mathematics.pdb
[ 645/1292  0s] CopyFiles C:/Users/User/Documents/QuestCraft v26/QCXR-XR-Wrapper/Library/Bee/Android/Prj/IL2CPP/Il2CppBackup/Managed/Unity.TextMeshPro.pdb
[ 646/1292  0s] CopyFiles C:/Users/User/Documents/QuestCraft v26/QCXR-XR-Wrapper/Library/Bee/Android/Prj/IL2CPP/Il2CppBackup/Managed/UnityEngine.UnityAnalyticsModule.dll
[ 647/1292  0s] CopyFiles C:/Users/User/Documents/QuestCraft v26/QCXR-XR-Wrapper/Library/Bee/Android/Prj/IL2CPP/Il2CppBackup/Managed/UnityEngine.CrashReportingModule.pdb
[ 648/1292  0s] CopyFiles C:/Users/User/Documents/QuestCraft v26/QCXR-XR-Wrapper/Library/Bee/Android/Prj/IL2CPP/Il2CppBackup/Managed/UnityEngine.PhysicsModule.pdb
[ 649/1292  0s] CopyFiles C:/Users/User/Documents/QuestCraft v26/QCXR-XR-Wrapper/Library/Bee/Android/Prj/IL2CPP/Il2CppBackup/Managed/UnityLinkerToEditorData.json
[ 650/1292  0s] CopyFiles C:/Users/User/Documents/QuestCraft v26/QCXR-XR-Wrapper/Library/Bee/Android/Prj/IL2CPP/Il2CppBackup/Managed/Unity.VisualScripting.Core.pdb
[ 651/1292  0s] CopyFiles C:/Users/User/Documents/QuestCraft v26/QCXR-XR-Wrapper/Library/Bee/Android/Prj/IL2CPP/Il2CppBackup/Managed/Unity.XR.CoreUtils.pdb
[ 652/1292  0s] CopyFiles C:/Users/User/Documents/QuestCraft v26/QCXR-XR-Wrapper/Library/Bee/Android/Prj/IL2CPP/Il2CppBackup/Managed/UnityEngine.CrashReportingModule.dll
[ 653/1292  0s] CopyFiles C:/Users/User/Documents/QuestCraft v26/QCXR-XR-Wrapper/Library/Bee/Android/Prj/IL2CPP/Il2CppBackup/Managed/Unity.VisualScripting.Core.dll
[ 654/1292  0s] CopyFiles C:/Users/User/Documents/QuestCraft v26/QCXR-XR-Wrapper/Library/Bee/Android/Prj/IL2CPP/Il2CppBackup/Managed/UnityEngine.UnityWebRequestTextureModule.dll
[ 655/1292  0s] CopyFiles C:/Users/User/Documents/QuestCraft v26/QCXR-XR-Wrapper/Library/Bee/Android/Prj/IL2CPP/Il2CppBackup/Managed/Unity.XR.OpenXR.Features.OculusQuestSupport.pdb
[ 656/1292  0s] CopyFiles C:/Users/User/Documents/QuestCraft v26/QCXR-XR-Wrapper/Library/Bee/Android/Prj/IL2CPP/Il2CppBackup/Managed/UnityEngine.UnityAnalyticsModule.pdb
[ 657/1292  0s] CopyFiles C:/Users/User/Documents/QuestCraft v26/QCXR-XR-Wrapper/Library/Bee/Android/Prj/IL2CPP/Il2CppBackup/Managed/Unity.XR.Management.pdb
[ 658/1292  0s] CopyFiles C:/Users/User/Documents/QuestCraft v26/QCXR-XR-Wrapper/Library/Bee/Android/Prj/IL2CPP/Il2CppBackup/Managed/Unity.XR.OpenXR.Features.MetaQuestSupport.pdb
[ 659/1292  0s] CopyFiles C:/Users/User/Documents/QuestCraft v26/QCXR-XR-Wrapper/Library/Bee/Android/Prj/IL2CPP/Il2CppBackup/Managed/Unity.InputSystem.dll
[ 660/1292  0s] CopyFiles C:/Users/User/Documents/QuestCraft v26/QCXR-XR-Wrapper/Library/Bee/Android/Prj/IL2CPP/Il2CppBackup/Managed/Unity.XR.OpenXRPico.dll
[ 661/1292  0s] CopyFiles C:/Users/User/Documents/QuestCraft v26/QCXR-XR-Wrapper/Library/Bee/Android/Prj/IL2CPP/Il2CppBackup/Managed/Unity.XR.Interaction.Toolkit.Samples.StarterAssets.dll
[ 662/1292  0s] CopyFiles C:/Users/User/Documents/QuestCraft v26/QCXR-XR-Wrapper/Library/Bee/Android/Prj/IL2CPP/Il2CppBackup/Managed/UnityEngine.SpriteShapeModule.pdb
[ 663/1292  0s] CopyFiles C:/Users/User/Documents/QuestCraft v26/QCXR-XR-Wrapper/Library/Bee/Android/Prj/IL2CPP/Il2CppBackup/Managed/UnityEngine.InputLegacyModule.dll
[ 664/1292  0s] CopyFiles C:/Users/User/Documents/QuestCraft v26/QCXR-XR-Wrapper/Library/Bee/Android/Prj/IL2CPP/Il2CppBackup/Managed/Unity.XR.OpenXRPico.pdb
[ 665/1292  0s] CopyFiles C:/Users/User/Documents/QuestCraft v26/QCXR-XR-Wrapper/Library/Bee/Android/Prj/IL2CPP/Il2CppBackup/Managed/UnityEngine.SpriteShapeModule.dll
[ 666/1292  0s] CopyFiles C:/Users/User/Documents/QuestCraft v26/QCXR-XR-Wrapper/Library/Bee/Android/Prj/IL2CPP/Il2CppBackup/Managed/UnityEngine.Physics2DModule.pdb
[ 667/1292  0s] CopyFiles C:/Users/User/Documents/QuestCraft v26/QCXR-XR-Wrapper/Library/Bee/Android/Prj/IL2CPP/Il2CppBackup/Managed/UnityEngine.AnimationModule.pdb
[ 668/1292  0s] CopyFiles C:/Users/User/Documents/QuestCraft v26/QCXR-XR-Wrapper/Library/Bee/Android/Prj/IL2CPP/Il2CppBackup/Managed/Unity.XR.OpenXR.Features.ConformanceAutomation.pdb
[ 669/1292  0s] CopyFiles C:/Users/User/Documents/QuestCraft v26/QCXR-XR-Wrapper/Library/Bee/Android/Prj/IL2CPP/Il2CppBackup/Managed/UnityEngine.Physics2DModule.dll
[ 670/1292  0s] CopyFiles C:/Users/User/Documents/QuestCraft v26/QCXR-XR-Wrapper/Library/Bee/Android/Prj/IL2CPP/Il2CppBackup/Managed/Unity.XR.Management.dll
[ 671/1292  0s] CopyFiles C:/Users/User/Documents/QuestCraft v26/QCXR-XR-Wrapper/Library/Bee/Android/Prj/IL2CPP/Il2CppBackup/Managed/UnityEngine.InputLegacyModule.pdb
[ 672/1292  0s] CopyFiles C:/Users/User/Documents/QuestCraft v26/QCXR-XR-Wrapper/Library/Bee/Android/Prj/IL2CPP/Il2CppBackup/Managed/UnityEngine.SpatialTracking.pdb
[ 673/1292  0s] CopyFiles C:/Users/User/Documents/QuestCraft v26/QCXR-XR-Wrapper/Library/Bee/Android/Prj/IL2CPP/Il2CppBackup/Managed/UnityEngine.GridModule.pdb
[ 674/1292  0s] CopyFiles C:/Users/User/Documents/QuestCraft v26/QCXR-XR-Wrapper/Library/Bee/Android/Prj/IL2CPP/Il2CppBackup/Managed/UnityEngine.InputModule.pdb
[ 675/1292  0s] CopyFiles C:/Users/User/Documents/QuestCraft v26/QCXR-XR-Wrapper/Library/Bee/Android/Prj/IL2CPP/Il2CppBackup/Managed/UnityEngine.AudioModule.dll
[ 676/1292  0s] CopyFiles C:/Users/User/Documents/QuestCraft v26/QCXR-XR-Wrapper/Library/Bee/Android/Prj/IL2CPP/Il2CppBackup/Managed/UnityEngine.AudioModule.pdb
[ 677/1292  0s] CopyFiles C:/Users/User/Documents/QuestCraft v26/QCXR-XR-Wrapper/Library/Bee/Android/Prj/IL2CPP/Il2CppBackup/Managed/UnityEngine.SpatialTracking.dll
[ 678/1292  0s] CopyFiles C:/Users/User/Documents/QuestCraft v26/QCXR-XR-Wrapper/Library/Bee/Android/Prj/IL2CPP/Il2CppBackup/Managed/Unity.XR.OpenXR.Features.MockRuntime.pdb
[ 679/1292  0s] CopyFiles C:/Users/User/Documents/QuestCraft v26/QCXR-XR-Wrapper/Library/Bee/Android/Prj/IL2CPP/Il2CppBackup/Managed/UnityEngine.TextCoreTextEngineModule.pdb
[ 680/1292  0s] CopyFiles C:/Users/User/Documents/QuestCraft v26/QCXR-XR-Wrapper/Library/Bee/Android/Prj/IL2CPP/Il2CppBackup/Managed/UnityEngine.TextCoreFontEngineModule.pdb
[ 681/1292  0s] CopyFiles C:/Users/User/Documents/QuestCraft v26/QCXR-XR-Wrapper/Library/Bee/Android/Prj/IL2CPP/Il2CppBackup/Managed/UnityEngine.JSONSerializeModule.dll
[ 682/1292  0s] CopyFiles C:/Users/User/Documents/QuestCraft v26/QCXR-XR-Wrapper/Library/Bee/Android/Prj/IL2CPP/Il2CppBackup/Managed/UnityEngine.AnimationModule.dll
[ 683/1292  0s] CopyFiles C:/Users/User/Documents/QuestCraft v26/QCXR-XR-Wrapper/Library/Bee/Android/Prj/IL2CPP/Il2CppBackup/Managed/UnityEngine.IMGUIModule.pdb
[ 684/1292  0s] CopyFiles C:/Users/User/Documents/QuestCraft v26/QCXR-XR-Wrapper/Library/Bee/Android/Prj/IL2CPP/Il2CppBackup/Managed/UnityEngine.TextRenderingModule.pdb
[ 685/1292  0s] CopyFiles C:/Users/User/Documents/QuestCraft v26/QCXR-XR-Wrapper/Library/Bee/Android/Prj/IL2CPP/Il2CppBackup/Managed/UnityEngine.JSONSerializeModule.pdb
[ 686/1292  0s] CopyFiles C:/Users/User/Documents/QuestCraft v26/QCXR-XR-Wrapper/Library/Bee/Android/Prj/IL2CPP/Il2CppBackup/Managed/UnityEngine.TextRenderingModule.dll
[ 687/1292  0s] CopyFiles C:/Users/User/Documents/QuestCraft v26/QCXR-XR-Wrapper/Library/Bee/Android/Prj/IL2CPP/Il2CppBackup/Managed/Unity.XR.OpenXR.Features.RuntimeDebugger.dll
[ 688/1292  0s] CopyFiles C:/Users/User/Documents/QuestCraft v26/QCXR-XR-Wrapper/Library/Bee/Android/Prj/IL2CPP/Il2CppBackup/Managed/UnityEngine.IMGUIModule.dll
[ 689/1292  0s] CopyFiles C:/Users/User/Documents/QuestCraft v26/QCXR-XR-Wrapper/Library/Bee/Android/Prj/IL2CPP/Il2CppBackup/Managed/UnityEngine.CoreModule.pdb
[ 690/1292  0s] CopyFiles C:/Users/User/Documents/QuestCraft v26/QCXR-XR-Wrapper/Library/Bee/Android/Prj/IL2CPP/Il2CppBackup/Managed/Unity.XR.OpenXR.Features.PICOSupport.pdb
[ 691/1292  0s] CopyFiles C:/Users/User/Documents/QuestCraft v26/QCXR-XR-Wrapper/Library/Bee/Android/Prj/IL2CPP/Il2CppBackup/Managed/Unity.TextMeshPro.dll
[ 692/1292  0s] CopyFiles C:/Users/User/Documents/QuestCraft v26/QCXR-XR-Wrapper/Library/Bee/Android/Prj/IL2CPP/Il2CppBackup/Managed/UnityEngine.InputModule.dll
[ 693/1292  0s] CopyFiles C:/Users/User/Documents/QuestCraft v26/QCXR-XR-Wrapper/Library/Bee/Android/Prj/IL2CPP/Il2CppBackup/Managed/UnityEngine.CoreModule.dll
[ 694/1292  0s] CopyFiles C:/Users/User/Documents/QuestCraft v26/QCXR-XR-Wrapper/Library/Bee/Android/Prj/IL2CPP/Il2CppBackup/Managed/Unity.XR.OpenXR.Features.OculusQuestSupport.dll
[ 695/1292  0s] CopyFiles C:/Users/User/Documents/QuestCraft v26/QCXR-XR-Wrapper/Library/Bee/Android/Prj/IL2CPP/Il2CppBackup/Managed/UnityEngine.GridModule.dll
[ 696/1292  0s] Generate Manifests Library/Bee/artifacts/Android/Manifest/LauncherManifestDiag.txt (+3 others)
warning: Unable to find Unity activity in manifest. Some attributes may not be set properly and need to be set manually.
warning: Unity is trying to add element uses-permission#android.permission.INTERNET but it is already declared by the user in Assets/Plugins/Android\AndroidManifest.xml.
warning: Unity is trying to add element uses-permission#android.permission.RECORD_AUDIO but it is already declared by the user in Assets/Plugins/Android\AndroidManifest.xml.
[ 697/1292  1s] ClassRegistrationGenerator C:/Users/User/Documents/QuestCraft v26/QCXR-XR-Wrapper/Library/Bee/artifacts/Android/il2cppOutput/UnityClassRegistration.cpp
[ 698/1292  0s] Compile UnityClassRegistration Library/Bee/artifacts/Android/libunity/arm64-v8a/UnityClassRegistration.o
[ 699/1292  1s] ICallRegistrationGenerator C:/Users/User/Documents/QuestCraft v26/QCXR-XR-Wrapper/Library/Bee/artifacts/Android/il2cppOutput/UnityICallRegistration.cpp
[ 700/1292  0s] Compile UnityICallRegistration Library/Bee/artifacts/Android/libunity/arm64-v8a/UnityICallRegistration.o
[ 701/1292  1s] Link libunity Library/Bee/artifacts/Android/libunity/arm64-v8a/unstripped/libunity.so
[ 702/1292  0s] Stripping Library/Bee/artifacts/Android/libunity/arm64-v8a/unstripped/libunity.so -> Library/Bee/artifacts/Android/libunity/arm64-v8a/stripped/libunity.so Library/Bee/artifacts/Android/libunity/arm64-v8a/str[W] FindFirstFile() failed: C:\Users\User\Documents\QuestCraft v26\QCXR-XR-Wrapper\Library\Bee\artifacts\Android\il2cppOutput\cpp\Symbols
ipped/libunity.so
[ 703/1292  0s] Generate Library/Bee/artifacts/Android/libunity/arm64-v8a/libunity.dbg.so from Library/Bee/artifacts/Android/libunity/arm64-v8a/unstripped/libunity.so Library/Bee/artifacts/Android/libunity/arm64-v8a/libunity.dbg.so
[ 704/1292  0s] Generate Library/Bee/artifacts/Android/libunity/arm64-v8a/libunity.sym.so from Library/Bee/artifacts/Android/libunity/arm64-v8a/libunity.dbg.so Library/Bee/artifacts/Android/libunity/arm64-v8a/libunity.sym.so
[ 705/1292  0s] Adding note Library/Bee/artifacts/Android/libunity/arm64-v8a/stripped/libunity.so -> C:/Users/User/Documents/QuestCraft v26/QCXR-XR-Wrapper/Library/Bee/Android/Prj/IL2CPP/Gradle/unityLibrary/src/main/jniLibs/arm64-v8a/libunity.so C:/Users/User/Documents/QuestCraft v26/QCXR-XR-Wrapper/Library/Bee/Android/Prj/IL2CPP/Gradle/unityLibrary/src/main/jniLibs/arm64-v8a/libunity.so
[ 706/1292  8s] IL2CPP_CodeGen C:/Users/User/Documents/QuestCraft v26/QCXR-XR-Wrapper/Library/Bee/artifacts/il2cpp_conv_3v9p.traceevents
C:\Program Files\Unity\Hub\Editor\2022.3.62f3\Editor\Data\il2cpp\build\deploy\il2cpp.exe --convert-to-cpp --assembly=Library/Bee/artifacts/Android/ManagedStripped/Assembly-CSharp.dll --assembly=Library/Bee/artifacts/Android/ManagedStripped/ControllerSample.dll --assembly=Library/Bee/artifacts/Android/ManagedStripped/Mono.Security.dll --assembly=Library/Bee/artifacts/Android/ManagedStripped/mscorlib.dll --assembly=Library/Bee/artifacts/Android/ManagedStripped/Newtonsoft.Json.dll --assembly=Library/Bee/artifacts/Android/ManagedStripped/PICO.Platform.dll --assembly=Library/Bee/artifacts/Android/ManagedStripped/System.Configuration.dll --assembly=Library/Bee/artifacts/Android/ManagedStripped/System.Core.dll --assembly=Library/Bee/artifacts/Android/ManagedStripped/System.Data.dll --assembly=Library/Bee/artifacts/Android/ManagedStripped/System.dll --assembly=Library/Bee/artifacts/Android/ManagedStripped/System.Drawing.dll --assembly=Library/Bee/artifacts/Android/ManagedStripped/System.Numerics.dll --assembly=Library/Bee/artifacts/Android/ManagedStripped/System.Runtime.Serialization.dll --assembly=Library/Bee/artifacts/Android/ManagedStripped/System.Xml.dll --assembly=Library/Bee/artifacts/Android/ManagedStripped/System.Xml.Linq.dll --assembly=Library/Bee/artifacts/Android/ManagedStripped/Unity.InputSystem.dll --assembly=Library/Bee/artifacts/Android/ManagedStripped/Unity.Mathematics.dll --assembly=Library/Bee/artifacts/Android/ManagedStripped/Unity.TextMeshPro.dll --assembly=Library/Bee/artifacts/Android/ManagedStripped/Unity.VisualScripting.Core.dll --assembly=Library/Bee/artifacts/Android/ManagedStripped/unity.webp.dll --assembly=Library/Bee/artifacts/Android/ManagedStripped/Unity.XR.CoreUtils.dll --assembly=Library/Bee/artifacts/Android/ManagedStripped/Unity.XR.Interaction.Toolkit.dll --assembly=Library/Bee/artifacts/Android/ManagedStripped/Unity.XR.Interaction.Toolkit.Samples.StarterAssets.dll --assembly=Library/Bee/artifacts/Android/ManagedStripped/Unity.XR.Management.dll --assembly=Library/Bee/artifacts/Android/ManagedStripped/Unity.XR.OpenXR.dll --assembly=Library/Bee/artifacts/Android/ManagedStripped/Unity.XR.OpenXR.Features.ConformanceAutomation.dll --assembly=Library/Bee/artifacts/Android/ManagedStripped/Unity.XR.OpenXR.Features.MetaQuestSupport.dll --assembly=Library/Bee/artifacts/Android/ManagedStripped/Unity.XR.OpenXR.Features.MockRuntime.dll --assembly=Library/Bee/artifacts/Android/ManagedStripped/Unity.XR.OpenXR.Features.OculusQuestSupport.dll --assembly=Library/Bee/artifacts/Android/ManagedStripped/Unity.XR.OpenXR.Features.PICOSupport.dll --assembly=Library/Bee/artifacts/Android/ManagedStripped/Unity.XR.OpenXR.Features.RuntimeDebugger.dll --assembly=Library/Bee/artifacts/Android/ManagedStripped/Unity.XR.OpenXRPico.dll --assembly=Library/Bee/artifacts/Android/ManagedStripped/UnityEngine.AndroidJNIModule.dll --assembly=Library/Bee/artifacts/Android/ManagedStripped/UnityEngine.AnimationModule.dll --assembly=Library/Bee/artifacts/Android/ManagedStripped/UnityEngine.AudioModule.dll --assembly=Library/Bee/artifacts/Android/ManagedStripped/UnityEngine.CoreModule.dll --assembly=Library/Bee/artifacts/Android/ManagedStripped/UnityEngine.CrashReportingModule.dll --assembly=Library/Bee/artifacts/Android/ManagedStripped/UnityEngine.dll --assembly=Library/Bee/artifacts/Android/ManagedStripped/UnityEngine.GridModule.dll --assembly=Library/Bee/artifacts/Android/ManagedStripped/UnityEngine.IMGUIModule.dll --assembly=Library/Bee/artifacts/Android/ManagedStripped/UnityEngine.InputLegacyModule.dll --assembly=Library/Bee/artifacts/Android/ManagedStripped/UnityEngine.InputModule.dll --assembly=Library/Bee/artifacts/Android/ManagedStripped/UnityEngine.JSONSerializeModule.dll --assembly=Library/Bee/artifacts/Android/ManagedStripped/UnityEngine.Physics2DModule.dll --assembly=Library/Bee/artifacts/Android/ManagedStripped/UnityEngine.PhysicsModule.dll --assembly=Library/Bee/artifacts/Android/ManagedStripped/UnityEngine.PropertiesModule.dll --assembly=Library/Bee/artifacts/Android/ManagedStripped/UnityEngine.SharedInternalsModule.dll --assembly=Library/Bee/artifacts/Android/ManagedStripped/UnityEngine.SpatialTracking.dll --assembly=Library/Bee/artifacts/Android/ManagedStripped/UnityEngine.SpriteShapeModule.dll --assembly=Library/Bee/artifacts/Android/ManagedStripped/UnityEngine.SubsystemsModule.dll --assembly=Library/Bee/artifacts/Android/ManagedStripped/UnityEngine.TextCoreFontEngineModule.dll --assembly=Library/Bee/artifacts/Android/ManagedStripped/UnityEngine.TextCoreTextEngineModule.dll --assembly=Library/Bee/artifacts/Android/ManagedStripped/UnityEngine.TextRenderingModule.dll --assembly=Library/Bee/artifacts/Android/ManagedStripped/UnityEngine.TilemapModule.dll --assembly=Library/Bee/artifacts/Android/ManagedStripped/UnityEngine.UI.dll --assembly=Library/Bee/artifacts/Android/ManagedStripped/UnityEngine.UIElementsModule.dll --assembly=Library/Bee/artifacts/Android/ManagedStripped/UnityEngine.UIModule.dll --assembly=Library/Bee/artifacts/Android/ManagedStripped/UnityEngine.UnityAnalyticsModule.dll --assembly=Library/Bee/artifacts/Android/ManagedStripped/UnityEngine.UnityWebRequestModule.dll --assembly=Library/Bee/artifacts/Android/ManagedStripped/UnityEngine.UnityWebRequestTextureModule.dll --assembly=Library/Bee/artifacts/Android/ManagedStripped/UnityEngine.VRModule.dll --assembly=Library/Bee/artifacts/Android/ManagedStripped/UnityEngine.XRModule.dll --assembly=Library/Bee/artifacts/Android/ManagedStripped/UnityGifDecoder.dll --generatedcppdir=C:/Users/User/Documents/QuestCraft v26/QCXR-XR-Wrapper/Library/Bee/artifacts/Android/il2cppOutput/cpp --symbols-folder=C:/Users/User/Documents/QuestCraft v26/QCXR-XR-Wrapper/Library/Bee/artifacts/Android/il2cppOutput/cpp/Symbols --enable-analytics --emit-null-checks --enable-array-bounds-check --generics-option=None,EnableFullSharing --dotnetprofile=unityaot-linux --profiler-report --profiler-output-file=C:/Users/User/Documents/QuestCraft v26/QCXR-XR-Wrapper/Library/Bee/artifacts/il2cpp_conv_3v9p.traceevents --print-command-line --data-folder=C:/Users/User/Documents/QuestCraft v26/QCXR-XR-Wrapper/Library/Bee/artifacts/Android/il2cppOutput/data
[ 707/1292  0s] C_Android_arm64 Library/Bee/artifacts/Android/d8kzr/aefxu1mwn5te.o
[ 708/1292  0s] C_Android_arm64 Library/Bee/artifacts/Android/d8kzr/49jieq6o6mz5.o
[ 709/1292  0s] C_Android_arm64 Library/Bee/artifacts/Android/d8kzr/mo827utlnutk.o
[ 710/1292  2s] C_Android_arm64 Library/Bee/artifacts/Android/d8kzr/cdqj3yklzsau.o
[ 711/1292  2s] C_Android_arm64 Library/Bee/artifacts/Android/d8kzr/5xbyob71lds5.o
[ 712/1292  2s] C_Android_arm64 Library/Bee/artifacts/Android/d8kzr/8kah8cg6gp37.o
[ 713/1292  2s] C_Android_arm64 Library/Bee/artifacts/Android/d8kzr/vo9ei7zd0oyc.o
[ 714/1292  3s] C_Android_arm64 Library/Bee/artifacts/Android/d8kzr/7gyo551arzhb.o
[ 715/1292  1s] C_Android_arm64 Library/Bee/artifacts/Android/d8kzr/gzrrkspyilam.o
[ 716/1292  0s] C_Android_arm64 Library/Bee/artifacts/Android/d8kzr/dprnlgpr96ti.o
[ 717/1292  2s] C_Android_arm64 Library/Bee/artifacts/Android/d8kzr/y7dkr7g3kigi.o
[ 718/1292  2s] C_Android_arm64 Library/Bee/artifacts/Android/d8kzr/pgsj6r64egjm.o
[ 719/1292  6s] C_Android_arm64 Library/Bee/artifacts/Android/d8kzr/6ibuldygj89r.o
[ 720/1292  6s] C_Android_arm64 Library/Bee/artifacts/Android/d8kzr/0rsz5cv8vjgx.o
[ 721/1292  6s] C_Android_arm64 Library/Bee/artifacts/Android/d8kzr/gab2knv19ai1.o
[ 722/1292  6s] C_Android_arm64 Library/Bee/artifacts/Android/d8kzr/qw4wnfsbg5q6.o
[ 723/1292  6s] C_Android_arm64 Library/Bee/artifacts/Android/d8kzr/8gbas5xz0rsi.o
[ 724/1292  0s] C_Android_arm64 Library/Bee/artifacts/Android/d8kzr/y4afnhxpbonr.o
[ 725/1292  7s] C_Android_arm64 Library/Bee/artifacts/Android/d8kzr/02iq7rtt2qhq.o
[ 726/1292  7s] C_Android_arm64 Library/Bee/artifacts/Android/d8kzr/zv35z8sc7wmf.o
[ 727/1292  7s] C_Android_arm64 Library/Bee/artifacts/Android/d8kzr/dw8fab09ap89.o
[ 728/1292  3s] C_Android_arm64 Library/Bee/artifacts/Android/d8kzr/folllxmzgyui.o
[ 729/1292  1s] C_Android_arm64 Library/Bee/artifacts/Android/d8kzr/8hl826hz7nsy.o
[ 730/1292  1s] C_Android_arm64 Library/Bee/artifacts/Android/d8kzr/gkdgy3wajadp.o
[ 731/1292  0s] C_Android_arm64 Library/Bee/artifacts/Android/d8kzr/8t75hp9v201t.o
[ 732/1292  8s] C_Android_arm64 Library/Bee/artifacts/Android/d8kzr/t0wt4p0h1kzc.o
[ 733/1292  1s] C_Android_arm64 Library/Bee/artifacts/Android/d8kzr/4timcl8q810d.o
[ 734/1292  0s] C_Android_arm64 Library/Bee/artifacts/Android/d8kzr/7susc5t4fnjr.o
[ 735/1292  8s] C_Android_arm64 Library/Bee/artifacts/Android/d8kzr/xzvp3d14pjvo.o
[ 736/1292  0s] C_Android_arm64 Library/Bee/artifacts/Android/d8kzr/c1b1fayhxtfl.o
[ 737/1292  0s] C_Android_arm64 Library/Bee/artifacts/Android/d8kzr/oea13k2g9bxy.o
[ 738/1292  7s] C_Android_arm64 Library/Bee/artifacts/Android/d8kzr/plkypbvp28km.o
[ 739/1292  5s] C_Android_arm64 Library/Bee/artifacts/Android/d8kzr/n9q17tbpqruh.o
[ 740/1292  1s] C_Android_arm64 Library/Bee/artifacts/Android/d8kzr/9fd3kfac42ap.o
[ 741/1292  1s] C_Android_arm64 Library/Bee/artifacts/Android/d8kzr/56u3hgr96gra.o
[ 742/1292  6s] C_Android_arm64 Library/Bee/artifacts/Android/d8kzr/h2lidrh1y16v.o
[ 743/1292  0s] C_Android_arm64 Library/Bee/artifacts/Android/d8kzr/lvxg7lp68bt0.o
[ 744/1292  5s] C_Android_arm64 Library/Bee/artifacts/Android/d8kzr/a3j63c1t6sl3.o
[ 745/1292  2s] C_Android_arm64 Library/Bee/artifacts/Android/d8kzr/d5kg1tvo2vx3.o
[ 746/1292  5s] C_Android_arm64 Library/Bee/artifacts/Android/d8kzr/l7vnlm95y7rg.o
[ 747/1292  0s] C_Android_arm64 Library/Bee/artifacts/Android/d8kzr/me1tcbv6w6qc.o
[ 748/1292  1s] C_Android_arm64 Library/Bee/artifacts/Android/d8kzr/8nys7fmeqs4m.o
[ 749/1292  6s] C_Android_arm64 Library/Bee/artifacts/Android/d8kzr/ovkqgqt5avq2.o
[ 750/1292  0s] C_Android_arm64 Library/Bee/artifacts/Android/d8kzr/ytuizdauyp1e.o
[ 751/1292  0s] C_Android_arm64 Library/Bee/artifacts/Android/d8kzr/i7cske1h22um.o
[ 752/1292 13s] C_Android_arm64 Library/Bee/artifacts/Android/d8kzr/76ozselvqagw.o
[ 753/1292  7s] C_Android_arm64 Library/Bee/artifacts/Android/d8kzr/8duz75ilg72n.o
[ 754/1292  6s] C_Android_arm64 Library/Bee/artifacts/Android/d8kzr/k5tiunwkukbt.o
[ 755/1292 10s] C_Android_arm64 Library/Bee/artifacts/Android/d8kzr/dennculedz0i.o
[ 756/1292  1s] C_Android_arm64 Library/Bee/artifacts/Android/d8kzr/14wrw4dw5vo6.o
[ 757/1292  1s] C_Android_arm64 Library/Bee/artifacts/Android/d8kzr/kks1wyx0lvmv.o
[ 758/1292  6s] C_Android_arm64 Library/Bee/artifacts/Android/d8kzr/xmiha32vd8nd.o
[ 759/1292  0s] C_Android_arm64 Library/Bee/artifacts/Android/d8kzr/q85u6dvckxgm.o
[ 760/1292  7s] C_Android_arm64 Library/Bee/artifacts/Android/d8kzr/dsww5pur23cb.o
[ 761/1292  0s] C_Android_arm64 Library/Bee/artifacts/Android/d8kzr/nh1xt3ceh6vv.o
[ 762/1292  2s] C_Android_arm64 Library/Bee/artifacts/Android/d8kzr/aplkzvggqgmq.o
[ 763/1292  6s] C_Android_arm64 Library/Bee/artifacts/Android/d8kzr/n3f8t8tmsk6m.o
[ 764/1292  1s] C_Android_arm64 Library/Bee/artifacts/Android/d8kzr/k25q1d7ln839.o
[ 765/1292  1s] C_Android_arm64 Library/Bee/artifacts/Android/d8kzr/lrjxnrxhy7x6.o
[ 766/1292  4s] C_Android_arm64 Library/Bee/artifacts/Android/d8kzr/pf0ffsoah135.o
[ 767/1292  0s] C_Android_arm64 Library/Bee/artifacts/Android/d8kzr/rj8wpzu53x7f.o
[ 768/1292  0s] C_Android_arm64 Library/Bee/artifacts/Android/d8kzr/82tv6ugz88b6.o
[ 769/1292  5s] C_Android_arm64 Library/Bee/artifacts/Android/d8kzr/mq6u7gop9gap.o
[ 770/1292  0s] C_Android_arm64 Library/Bee/artifacts/Android/d8kzr/t6wnwglbaza2.o
[ 771/1292  1s] C_Android_arm64 Library/Bee/artifacts/Android/d8kzr/jpo1ocnak2f2.o
[ 772/1292  7s] C_Android_arm64 Library/Bee/artifacts/Android/d8kzr/pcub9cwordwc.o
[ 773/1292  6s] C_Android_arm64 Library/Bee/artifacts/Android/d8kzr/fhlsn4reql75.o
[ 774/1292  1s] C_Android_arm64 Library/Bee/artifacts/Android/d8kzr/jj3o8n059eav.o
[ 775/1292  7s] C_Android_arm64 Library/Bee/artifacts/Android/d8kzr/i92itenvhzru.o
[ 776/1292  0s] C_Android_arm64 Library/Bee/artifacts/Android/d8kzr/rijk630jpyy8.o
[ 777/1292  1s] C_Android_arm64 Library/Bee/artifacts/Android/d8kzr/yu06vmepehr6.o
[ 778/1292  7s] C_Android_arm64 Library/Bee/artifacts/Android/d8kzr/nyqbsw4ndjr4.o
[ 779/1292  4s] C_Android_arm64 Library/Bee/artifacts/Android/d8kzr/5t9old6vbepb.o
[ 780/1292  4s] C_Android_arm64 Library/Bee/artifacts/Android/d8kzr/3zsdoes0wehl.o
[ 781/1292  0s] C_Android_arm64 Library/Bee/artifacts/Android/d8kzr/nmg65a5sy685.o
[ 782/1292  3s] C_Android_arm64 Library/Bee/artifacts/Android/d8kzr/ir53kbxuue4e.o
[ 783/1292  0s] C_Android_arm64 Library/Bee/artifacts/Android/d8kzr/e2roujy6gt9a.o
[ 784/1292  5s] C_Android_arm64 Library/Bee/artifacts/Android/d8kzr/spha6hhqm6yp.o
[ 785/1292  6s] C_Android_arm64 Library/Bee/artifacts/Android/d8kzr/kv3aoicz0b52.o
[ 786/1292  6s] C_Android_arm64 Library/Bee/artifacts/Android/d8kzr/ia6yx6xz23nb.o
[ 787/1292  7s] C_Android_arm64 Library/Bee/artifacts/Android/d8kzr/ldeze3cjyms8.o
[ 788/1292  1s] C_Android_arm64 Library/Bee/artifacts/Android/d8kzr/0669lpzci4w5.o
[ 789/1292  6s] C_Android_arm64 Library/Bee/artifacts/Android/d8kzr/h4efljigfb1n.o
[ 790/1292  0s] C_Android_arm64 Library/Bee/artifacts/Android/d8kzr/rsldumtbygz1.o
[ 791/1292  6s] C_Android_arm64 Library/Bee/artifacts/Android/d8kzr/kk88r96jcx6d.o
[ 792/1292  0s] C_Android_arm64 Library/Bee/artifacts/Android/d8kzr/9xpsgjy38xjp.o
[ 793/1292  6s] C_Android_arm64 Library/Bee/artifacts/Android/d8kzr/qkestscnvfds.o
[ 794/1292  0s] C_Android_arm64 Library/Bee/artifacts/Android/d8kzr/ltvipbo4opaj.o
[ 795/1292  2s] C_Android_arm64 Library/Bee/artifacts/Android/d8kzr/hivi52b0ddzg.o
[ 796/1292  0s] C_Android_arm64 Library/Bee/artifacts/Android/d8kzr/afeo76twnhct.o
[ 797/1292  6s] C_Android_arm64 Library/Bee/artifacts/Android/d8kzr/ic9mztfh7mzn.o
[ 798/1292  1s] C_Android_arm64 Library/Bee/artifacts/Android/d8kzr/138onzqvw83y.o
[ 799/1292  0s] C_Android_arm64 Library/Bee/artifacts/Android/d8kzr/3784n0e5xk3f.o
[ 800/1292  7s] C_Android_arm64 Library/Bee/artifacts/Android/d8kzr/rhxtl20ri4ha.o
[ 801/1292  4s] C_Android_arm64 Library/Bee/artifacts/Android/d8kzr/1a36r79r6sy5.o
[ 802/1292  0s] C_Android_arm64 Library/Bee/artifacts/Android/d8kzr/0pguxggnvb40.o
[ 803/1292  6s] C_Android_arm64 Library/Bee/artifacts/Android/d8kzr/vtb6lnugpler.o
[ 804/1292  1s] C_Android_arm64 Library/Bee/artifacts/Android/d8kzr/x303dqden53p.o
[ 805/1292  7s] C_Android_arm64 Library/Bee/artifacts/Android/d8kzr/fet82cwj2fn4.o
[ 806/1292  2s] C_Android_arm64 Library/Bee/artifacts/Android/d8kzr/jds19jeiwttu.o
[ 807/1292  6s] C_Android_arm64 Library/Bee/artifacts/Android/d8kzr/bzucae8z6hve.o
[ 808/1292  6s] C_Android_arm64 Library/Bee/artifacts/Android/d8kzr/w6i3uqvxb65s.o
[ 809/1292  6s] C_Android_arm64 Library/Bee/artifacts/Android/d8kzr/ke6053ry8pds.o
[ 810/1292  2s] C_Android_arm64 Library/Bee/artifacts/Android/d8kzr/glwa0c7jdp5c.o
[ 811/1292  7s] C_Android_arm64 Library/Bee/artifacts/Android/d8kzr/o7570hr9op55.o
[ 812/1292 11s] C_Android_arm64 Library/Bee/artifacts/Android/d8kzr/ega2crh695if.o
[ 813/1292  1s] C_Android_arm64 Library/Bee/artifacts/Android/d8kzr/33u9ximr0cnw.o
[ 814/1292  1s] C_Android_arm64 Library/Bee/artifacts/Android/d8kzr/7e71ngsd5xq5.o
[ 815/1292  3s] C_Android_arm64 Library/Bee/artifacts/Android/d8kzr/3p9mdgcx5rzu.o
[ 816/1292  8s] C_Android_arm64 Library/Bee/artifacts/Android/d8kzr/1binxvs0kyst.o
[ 817/1292  6s] C_Android_arm64 Library/Bee/artifacts/Android/d8kzr/iczv5yyejdi3.o
[ 818/1292  7s] C_Android_arm64 Library/Bee/artifacts/Android/d8kzr/cks1n4m7mvj5.o
[ 819/1292  0s] C_Android_arm64 Library/Bee/artifacts/Android/d8kzr/4gu3prmmsorg.o
[ 820/1292  7s] C_Android_arm64 Library/Bee/artifacts/Android/d8kzr/c89y140wr640.o
[ 821/1292  0s] C_Android_arm64 Library/Bee/artifacts/Android/d8kzr/zw0jmo762e2n.o
[ 822/1292  4s] C_Android_arm64 Library/Bee/artifacts/Android/d8kzr/03nmko9abz3u.o
[ 823/1292  1s] C_Android_arm64 Library/Bee/artifacts/Android/d8kzr/fuicq339oeev.o
[ 824/1292  0s] C_Android_arm64 Library/Bee/artifacts/Android/d8kzr/ho437wqqmyzh.o
[ 825/1292  0s] C_Android_arm64 Library/Bee/artifacts/Android/d8kzr/c3i2j3us5wwf.o
[ 826/1292  6s] C_Android_arm64 Library/Bee/artifacts/Android/d8kzr/h6azjbang7pl.o
[ 827/1292  0s] C_Android_arm64 Library/Bee/artifacts/Android/d8kzr/hal245akj1t5.o
[ 828/1292  5s] C_Android_arm64 Library/Bee/artifacts/Android/d8kzr/ofw13n6xz2s4.o
[ 829/1292  2s] C_Android_arm64 Library/Bee/artifacts/Android/d8kzr/d5kylrvnpua9.o
[ 830/1292  6s] C_Android_arm64 Library/Bee/artifacts/Android/d8kzr/4v3jufz6w3qw.o
[ 831/1292  6s] C_Android_arm64 Library/Bee/artifacts/Android/d8kzr/g42tb82jmtl2.o
[ 832/1292  0s] C_Android_arm64 Library/Bee/artifacts/Android/d8kzr/zp531xld6zyx.o
[ 833/1292  0s] C_Android_arm64 Library/Bee/artifacts/Android/d8kzr/sp0y817ok82r.o
[ 834/1292  6s] C_Android_arm64 Library/Bee/artifacts/Android/d8kzr/aercj0fakll4.o
[ 835/1292  4s] C_Android_arm64 Library/Bee/artifacts/Android/d8kzr/cj1rgt3ufmei.o
[ 836/1292  0s] C_Android_arm64 Library/Bee/artifacts/Android/d8kzr/26sng0sn4ihq.o
[ 837/1292 10s] C_Android_arm64 Library/Bee/artifacts/Android/d8kzr/fouix6x4d8zu.o
[ 838/1292  6s] C_Android_arm64 Library/Bee/artifacts/Android/d8kzr/6shnucrg1a4r.o
[ 839/1292  1s] C_Android_arm64 Library/Bee/artifacts/Android/d8kzr/jdjaptpb9vla.o
[ 840/1292  2s] C_Android_arm64 Library/Bee/artifacts/Android/d8kzr/h5uwcsd0obcd.o
[ 841/1292  6s] C_Android_arm64 Library/Bee/artifacts/Android/d8kzr/wq7a41vpdje2.o
[ 842/1292  5s] C_Android_arm64 Library/Bee/artifacts/Android/d8kzr/zfk15epn9t59.o
[ 843/1292  6s] C_Android_arm64 Library/Bee/artifacts/Android/d8kzr/ttxnnfxijve7.o
[ 844/1292  9s] C_Android_arm64 Library/Bee/artifacts/Android/d8kzr/wobr593icnp4.o
[ 845/1292  3s] C_Android_arm64 Library/Bee/artifacts/Android/d8kzr/ebijy4yhiwwx.o
[ 846/1292  0s] C_Android_arm64 Library/Bee/artifacts/Android/d8kzr/6mc1qp90p4wz.o
[ 847/1292  6s] C_Android_arm64 Library/Bee/artifacts/Android/d8kzr/gae804v6qgcm.o
[ 848/1292  6s] C_Android_arm64 Library/Bee/artifacts/Android/d8kzr/9ovqcley4t9x.o
[ 849/1292  7s] C_Android_arm64 Library/Bee/artifacts/Android/d8kzr/8e9fdu1tucxb.o
[ 850/1292  1s] C_Android_arm64 Library/Bee/artifacts/Android/d8kzr/0iggfbmdtxeq.o
[ 851/1292  6s] C_Android_arm64 Library/Bee/artifacts/Android/d8kzr/b0hg91qky3ob.o
[ 852/1292  6s] C_Android_arm64 Library/Bee/artifacts/Android/d8kzr/av33u127jpfp.o
[ 853/1292  7s] C_Android_arm64 Library/Bee/artifacts/Android/d8kzr/jg0ve6k9tffd.o
[ 854/1292  6s] C_Android_arm64 Library/Bee/artifacts/Android/d8kzr/dglc747gewd3.o
[ 855/1292  2s] C_Android_arm64 Library/Bee/artifacts/Android/d8kzr/2jvey5jfol9q.o
[ 856/1292  0s] C_Android_arm64 Library/Bee/artifacts/Android/d8kzr/3ibwg58wtd60.o
[ 857/1292  0s] C_Android_arm64 Library/Bee/artifacts/Android/d8kzr/8bgcqg2jazc7.o
[ 858/1292  0s] C_Android_arm64 Library/Bee/artifacts/Android/d8kzr/qq4wi7n6m97j.o
[ 859/1292  1s] C_Android_arm64 Library/Bee/artifacts/Android/d8kzr/k59u5i9cdcen.o
[ 860/1292  0s] C_Android_arm64 Library/Bee/artifacts/Android/d8kzr/zh6f2tvyjeld.o
[ 861/1292  0s] C_Android_arm64 Library/Bee/artifacts/Android/d8kzr/o0wlrwjbx124.o
[ 862/1292  6s] C_Android_arm64 Library/Bee/artifacts/Android/d8kzr/gkbireakwf79.o
[ 863/1292  0s] C_Android_arm64 Library/Bee/artifacts/Android/d8kzr/5ck2b8972aud.o
[ 864/1292  2s] C_Android_arm64 Library/Bee/artifacts/Android/d8kzr/fzj8b5qhs3yo.o
[ 865/1292  0s] C_Android_arm64 Library/Bee/artifacts/Android/d8kzr/ozuwpnc1zuya.o
[ 866/1292  0s] C_Android_arm64 Library/Bee/artifacts/Android/d8kzr/z2oi9wx1ajlj.o
[ 867/1292  5s] C_Android_arm64 Library/Bee/artifacts/Android/d8kzr/zj8ilxeashzh.o
[ 868/1292  0s] C_Android_arm64 Library/Bee/artifacts/Android/d8kzr/qp5bu0a97xw0.o
[ 869/1292 10s] C_Android_arm64 Library/Bee/artifacts/Android/d8kzr/xcv17ypiij7l.o
[ 870/1292  4s] C_Android_arm64 Library/Bee/artifacts/Android/d8kzr/r4od8u89j77l.o
[ 871/1292  1s] C_Android_arm64 Library/Bee/artifacts/Android/d8kzr/bxaoph56mmiy.o
[ 872/1292  4s] C_Android_arm64 Library/Bee/artifacts/Android/d8kzr/h7a3k1v1s8s6.o
[ 873/1292  0s] C_Android_arm64 Library/Bee/artifacts/Android/d8kzr/6ip4gxr00poy.o
[ 874/1292  6s] C_Android_arm64 Library/Bee/artifacts/Android/d8kzr/l37553jjgky8.o
[ 875/1292  1s] C_Android_arm64 Library/Bee/artifacts/Android/d8kzr/axn2c27whczk.o
[ 876/1292  6s] C_Android_arm64 Library/Bee/artifacts/Android/d8kzr/nvdc8hwkomiy.o
[ 877/1292  0s] C_Android_arm64 Library/Bee/artifacts/Android/d8kzr/vt044f379ybt.o
[ 878/1292  1s] C_Android_arm64 Library/Bee/artifacts/Android/d8kzr/ekdlxa13jhtv.o
[ 879/1292  6s] C_Android_arm64 Library/Bee/artifacts/Android/d8kzr/8ah0nrairauh.o
[ 880/1292  0s] C_Android_arm64 Library/Bee/artifacts/Android/d8kzr/1f0o356aed7v.o
[ 881/1292  6s] C_Android_arm64 Library/Bee/artifacts/Android/d8kzr/c7etutoyakcu.o
[ 882/1292  1s] C_Android_arm64 Library/Bee/artifacts/Android/d8kzr/2ksn11kktyuu.o
[ 883/1292  5s] C_Android_arm64 Library/Bee/artifacts/Android/d8kzr/rg67chylhpts.o
[ 884/1292  0s] C_Android_arm64 Library/Bee/artifacts/Android/d8kzr/4p2ux8srnk3o.o
[ 885/1292  2s] C_Android_arm64 Library/Bee/artifacts/Android/d8kzr/b7uvg7hxj92d.o
[ 886/1292  0s] C_Android_arm64 Library/Bee/artifacts/Android/d8kzr/yozj9h4sf7jw.o
[ 887/1292  0s] C_Android_arm64 Library/Bee/artifacts/Android/d8kzr/1r0hhck1lpw2.o
[ 888/1292  0s] C_Android_arm64 Library/Bee/artifacts/Android/d8kzr/hu9go1jn8ueg.o
[ 889/1292  5s] C_Android_arm64 Library/Bee/artifacts/Android/d8kzr/kyhrvqxyxn0a.o
[ 890/1292  0s] C_Android_arm64 Library/Bee/artifacts/Android/d8kzr/rxtznxid4ikr.o
[ 891/1292  1s] C_Android_arm64 Library/Bee/artifacts/Android/d8kzr/71v5zhe6tjfh.o
[ 892/1292  5s] C_Android_arm64 Library/Bee/artifacts/Android/d8kzr/qoy7c7lqpeud.o
[ 893/1292  5s] C_Android_arm64 Library/Bee/artifacts/Android/d8kzr/6m1jqt8az5s3.o
[ 894/1292  0s] C_Android_arm64 Library/Bee/artifacts/Android/d8kzr/4uq4xj4hzbq7.o
[ 895/1292  1s] C_Android_arm64 Library/Bee/artifacts/Android/d8kzr/qkk9s97qjeh8.o
[ 896/1292  1s] C_Android_arm64 Library/Bee/artifacts/Android/d8kzr/adwpm3kz7gt5.o
[ 897/1292  5s] C_Android_arm64 Library/Bee/artifacts/Android/d8kzr/2faos8hnly6e.o
[ 898/1292  0s] C_Android_arm64 Library/Bee/artifacts/Android/d8kzr/5tjm3mjxjmnh.o
[ 899/1292  6s] C_Android_arm64 Library/Bee/artifacts/Android/d8kzr/c80vmpriauwn.o
[ 900/1292  5s] C_Android_arm64 Library/Bee/artifacts/Android/d8kzr/hlqfd14hl15x.o
[ 901/1292  0s] C_Android_arm64 Library/Bee/artifacts/Android/d8kzr/p95hf7tklsu1.o
[ 902/1292  5s] C_Android_arm64 Library/Bee/artifacts/Android/d8kzr/72hdmah6bipg.o
[ 903/1292  4s] C_Android_arm64 Library/Bee/artifacts/Android/d8kzr/5g1875dedhfn.o
[ 904/1292  6s] C_Android_arm64 Library/Bee/artifacts/Android/d8kzr/5a7y3rqw3zgm.o
[ 905/1292  2s] C_Android_arm64 Library/Bee/artifacts/Android/d8kzr/cfcu4p2df7q1.o
[ 906/1292  8s] C_Android_arm64 Library/Bee/artifacts/Android/d8kzr/03x6cgc2gwbe.o
[ 907/1292  5s] C_Android_arm64 Library/Bee/artifacts/Android/d8kzr/40ovqis7bs72.o
[ 908/1292  6s] C_Android_arm64 Library/Bee/artifacts/Android/d8kzr/qqanj14t6ns5.o
[ 909/1292  7s] C_Android_arm64 Library/Bee/artifacts/Android/d8kzr/17p77s1ohwpz.o
[ 910/1292  1s] C_Android_arm64 Library/Bee/artifacts/Android/d8kzr/d4ykrry69fmv.o
[ 911/1292  5s] C_Android_arm64 Library/Bee/artifacts/Android/d8kzr/vinujmfr9gxm.o
[ 912/1292  8s] C_Android_arm64 Library/Bee/artifacts/Android/d8kzr/g013biqobe3f.o
[ 913/1292  7s] C_Android_arm64 Library/Bee/artifacts/Android/d8kzr/e0gdq5aq65tq.o
[ 914/1292  2s] C_Android_arm64 Library/Bee/artifacts/Android/d8kzr/vtu0y9t7m9wn.o
[ 915/1292  3s] C_Android_arm64 Library/Bee/artifacts/Android/d8kzr/fnf2rifwz256.o
[ 916/1292  0s] C_Android_arm64 Library/Bee/artifacts/Android/d8kzr/pzj1kkup689m.o
[ 917/1292  6s] C_Android_arm64 Library/Bee/artifacts/Android/d8kzr/c81wth7i255q.o
[ 918/1292  0s] C_Android_arm64 Library/Bee/artifacts/Android/d8kzr/b0gwknatln0s.o
[ 919/1292  6s] C_Android_arm64 Library/Bee/artifacts/Android/d8kzr/a1nm5k9m5ww5.o
[ 920/1292  1s] C_Android_arm64 Library/Bee/artifacts/Android/d8kzr/3lep4fskkywr.o
[ 921/1292  6s] C_Android_arm64 Library/Bee/artifacts/Android/d8kzr/zpqueeinrwz9.o
[ 922/1292  0s] C_Android_arm64 Library/Bee/artifacts/Android/d8kzr/10qddgzfdfjw.o
[ 923/1292  1s] C_Android_arm64 Library/Bee/artifacts/Android/d8kzr/vzb2q9aqolon.o
[ 924/1292  6s] C_Android_arm64 Library/Bee/artifacts/Android/d8kzr/y7f6nth3tlc4.o
[ 925/1292  6s] C_Android_arm64 Library/Bee/artifacts/Android/d8kzr/dka4eubcssdn.o
[ 926/1292  1s] C_Android_arm64 Library/Bee/artifacts/Android/d8kzr/0kh2zajt4za3.o
[ 927/1292  8s] C_Android_arm64 Library/Bee/artifacts/Android/d8kzr/jh0ddxpoukqe.o
[ 928/1292  6s] C_Android_arm64 Library/Bee/artifacts/Android/d8kzr/ean6y43po8nq.o
[ 929/1292  0s] C_Android_arm64 Library/Bee/artifacts/Android/d8kzr/4vkuar0u8x7d.o
[ 930/1292  7s] C_Android_arm64 Library/Bee/artifacts/Android/d8kzr/53n0evf5057b.o
[ 931/1292  3s] C_Android_arm64 Library/Bee/artifacts/Android/d8kzr/bvx918z87ga7.o
[ 932/1292  0s] C_Android_arm64 Library/Bee/artifacts/Android/d8kzr/oskbvn53ymum.o
[ 933/1292  0s] C_Android_arm64 Library/Bee/artifacts/Android/d8kzr/56p16maic3sd.o
[ 934/1292  5s] C_Android_arm64 Library/Bee/artifacts/Android/d8kzr/mimoawys6x1c.o
[ 935/1292  1s] C_Android_arm64 Library/Bee/artifacts/Android/d8kzr/66ml30bf1v9p.o
[ 936/1292  3s] C_Android_arm64 Library/Bee/artifacts/Android/d8kzr/jmskwrcop0i0.o
[ 937/1292  4s] C_Android_arm64 Library/Bee/artifacts/Android/d8kzr/yvo0memehkpm.o
[ 938/1292  6s] C_Android_arm64 Library/Bee/artifacts/Android/d8kzr/xn5k9qlg5tha.o
[ 939/1292  6s] C_Android_arm64 Library/Bee/artifacts/Android/d8kzr/vcjvca9tbk2w.o
[ 940/1292  6s] C_Android_arm64 Library/Bee/artifacts/Android/d8kzr/wmiuxh33vdvc.o
[ 941/1292  5s] C_Android_arm64 Library/Bee/artifacts/Android/d8kzr/o7fzuc8bdzmq.o
[ 942/1292  7s] C_Android_arm64 Library/Bee/artifacts/Android/d8kzr/r8kbam5d4yfb.o
[ 943/1292  6s] C_Android_arm64 Library/Bee/artifacts/Android/d8kzr/jhnzdu3tl189.o
[ 944/1292  7s] C_Android_arm64 Library/Bee/artifacts/Android/d8kzr/3r2jl8ccm1tm.o
[ 945/1292  2s] C_Android_arm64 Library/Bee/artifacts/Android/d8kzr/t8x5gbvnbqxj.o
[ 946/1292  2s] C_Android_arm64 Library/Bee/artifacts/Android/d8kzr/5zyqhtb2h34s.o
[ 947/1292  5s] C_Android_arm64 Library/Bee/artifacts/Android/d8kzr/1phwgea4t4n5.o
[ 948/1292  4s] C_Android_arm64 Library/Bee/artifacts/Android/d8kzr/vfjrd5dp570k.o
[ 949/1292  6s] C_Android_arm64 Library/Bee/artifacts/Android/d8kzr/7mraisrqkvfc.o
[ 950/1292  1s] C_Android_arm64 Library/Bee/artifacts/Android/d8kzr/efcx5x38w0aa.o
[ 951/1292  3s] C_Android_arm64 Library/Bee/artifacts/Android/d8kzr/b3nkfhj6nrw4.o
[ 952/1292  6s] C_Android_arm64 Library/Bee/artifacts/Android/d8kzr/sct8pgguzf1r.o
[ 953/1292  0s] C_Android_arm64 Library/Bee/artifacts/Android/d8kzr/4me164hp5cp3.o
[ 954/1292  7s] C_Android_arm64 Library/Bee/artifacts/Android/d8kzr/u1h47udhnxvm.o
[ 955/1292  6s] C_Android_arm64 Library/Bee/artifacts/Android/d8kzr/2lenzkokjv14.o
[ 956/1292  5s] C_Android_arm64 Library/Bee/artifacts/Android/d8kzr/sg5ru1lc80wq.o
[ 957/1292  0s] C_Android_arm64 Library/Bee/artifacts/Android/d8kzr/k7rtwp4os8wv.o
[ 958/1292  6s] C_Android_arm64 Library/Bee/artifacts/Android/d8kzr/trymus92xnxy.o
[ 959/1292  1s] C_Android_arm64 Library/Bee/artifacts/Android/d8kzr/m9es9wqu9a3f.o
[ 960/1292  6s] C_Android_arm64 Library/Bee/artifacts/Android/d8kzr/xtzud58xebgb.o
[ 961/1292  0s] C_Android_arm64 Library/Bee/artifacts/Android/d8kzr/jbqrwe411i1r.o
[ 962/1292  0s] C_Android_arm64 Library/Bee/artifacts/Android/d8kzr/a80p1j487lsv.o
[ 963/1292  5s] C_Android_arm64 Library/Bee/artifacts/Android/d8kzr/drl808jtjovx.o
[ 964/1292  6s] C_Android_arm64 Library/Bee/artifacts/Android/d8kzr/e4swuqg8erpp.o
[ 965/1292  6s] C_Android_arm64 Library/Bee/artifacts/Android/d8kzr/vgralunk8k8o.o
[ 966/1292  1s] C_Android_arm64 Library/Bee/artifacts/Android/d8kzr/bz75p3oee4rj.o
[ 967/1292  4s] C_Android_arm64 Library/Bee/artifacts/Android/d8kzr/y6owgiyqmc7g.o
[ 968/1292  0s] C_Android_arm64 Library/Bee/artifacts/Android/d8kzr/41xmce3n8ke6.o
[ 969/1292  1s] C_Android_arm64 Library/Bee/artifacts/Android/d8kzr/dlms4yu8gbwv.o
[ 970/1292  7s] C_Android_arm64 Library/Bee/artifacts/Android/d8kzr/0n4hqu5ldwmp.o
[ 971/1292  9s] C_Android_arm64 Library/Bee/artifacts/Android/d8kzr/mrlbd56xnm4c.o
[ 972/1292  7s] C_Android_arm64 Library/Bee/artifacts/Android/d8kzr/6qupcynbi6kt.o
[ 973/1292  7s] C_Android_arm64 Library/Bee/artifacts/Android/d8kzr/eg0hkzef48aw.o
[ 974/1292  6s] C_Android_arm64 Library/Bee/artifacts/Android/d8kzr/u4yesusv7hlh.o
[ 975/1292  0s] CopyFiles C:/Users/User/Documents/QuestCraft v26/QCXR-XR-Wrapper/Library/Bee/artifacts/Android/il2cppOutput/build/arm64-v8a/Data/Resources/System.Drawing.dll-resources.dat
[ 976/1292  0s] CopyFiles C:/Users/User/Documents/QuestCraft v26/QCXR-XR-Wrapper/Library/Bee/artifacts/Android/il2cppOutput/build/arm64-v8a/Data/Resources/System.Data.dll-resources.dat
[ 977/1292  0s] CopyFiles C:/Users/User/Documents/QuestCraft v26/QCXR-XR-Wrapper/Library/Bee/artifacts/Android/il2cppOutput/build/arm64-v8a/Data/Resources/mscorlib.dll-resources.dat
[ 978/1292  0s] CopyFiles C:/Users/User/Documents/QuestCraft v26/QCXR-XR-Wrapper/Library/Bee/artifacts/Android/il2cppOutput/build/arm64-v8a/Data/Metadata/global-metadata.dat
[ 979/1292  0s] CopyFiles C:/Users/User/Documents/QuestCraft v26/QCXR-XR-Wrapper/Library/Bee/Android/Prj/IL2CPP/Il2CppBackup/il2cppOutput/UnityEngine.CoreModule__2.cpp
[ 980/1292  0s] CopyFiles C:/Users/User/Documents/QuestCraft v26/QCXR-XR-Wrapper/Library/Bee/Android/Prj/IL2CPP/Il2CppBackup/il2cppOutput/Unity.InputSystem__5.cpp
[ 981/1292  0s] CopyFiles C:/Users/User/Documents/QuestCraft v26/QCXR-XR-Wrapper/Library/Bee/Android/Prj/IL2CPP/Il2CppBackup/il2cppOutput/Unity.InputSystem__6.cpp
[ 982/1292  0s] CopyFiles C:/Users/User/Documents/QuestCraft v26/QCXR-XR-Wrapper/Library/Bee/Android/Prj/IL2CPP/Il2CppBackup/il2cppOutput/Unity.InputSystem__2.cpp
[ 983/1292  0s] CopyFiles C:/Users/User/Documents/QuestCraft v26/QCXR-XR-Wrapper/Library/Bee/Android/Prj/IL2CPP/Il2CppBackup/il2cppOutput/Unity.InputSystem__8.cpp
[ 984/1292  0s] CopyFiles C:/Users/User/Documents/QuestCraft v26/QCXR-XR-Wrapper/Library/Bee/Android/Prj/IL2CPP/Il2CppBackup/il2cppOutput/UnityEngine.VRModule.cpp
[ 985/1292  0s] CopyFiles C:/Users/User/Documents/QuestCraft v26/QCXR-XR-Wrapper/Library/Bee/Android/Prj/IL2CPP/Il2CppBackup/il2cppOutput/UnityEngine.XRModule.cpp
[ 986/1292  0s] CopyFiles C:/Users/User/Documents/QuestCraft v26/QCXR-XR-Wrapper/Library/Bee/Android/Prj/IL2CPP/Il2CppBackup/il2cppOutput/UnityEngine.UIModule.cpp
[ 987/1292  0s] CopyFiles C:/Users/User/Documents/QuestCraft v26/QCXR-XR-Wrapper/Library/Bee/Android/Prj/IL2CPP/Il2CppBackup/il2cppOutput/Unity.TextMeshPro__6.cpp
[ 988/1292  0s] CopyFiles C:/Users/User/Documents/QuestCraft v26/QCXR-XR-Wrapper/Library/Bee/Android/Prj/IL2CPP/Il2CppBackup/il2cppOutput/Unity.TextMeshPro__2.cpp
[ 989/1292  0s] CopyFiles C:/Users/User/Documents/QuestCraft v26/QCXR-XR-Wrapper/Library/Bee/Android/Prj/IL2CPP/Il2CppBackup/il2cppOutput/System.Configuration.cpp
[ 990/1292  0s] CopyFiles C:/Users/User/Documents/QuestCraft v26/QCXR-XR-Wrapper/Library/Bee/Android/Prj/IL2CPP/Il2CppBackup/il2cppOutput/Unity.InputSystem__9.cpp
[ 991/1292  0s] CopyFiles C:/Users/User/Documents/QuestCraft v26/QCXR-XR-Wrapper/Library/Bee/Android/Prj/IL2CPP/Il2CppBackup/il2cppOutput/Unity.TextMeshPro__3.cpp
[ 992/1292  0s] CopyFiles C:/Users/User/Documents/QuestCraft v26/QCXR-XR-Wrapper/Library/Bee/Android/Prj/IL2CPP/Il2CppBackup/il2cppOutput/Unity.TextMeshPro__4.cpp
[ 993/1292  0s] CopyFiles C:/Users/User/Documents/QuestCraft v26/QCXR-XR-Wrapper/Library/Bee/Android/Prj/IL2CPP/Il2CppBackup/il2cppOutput/Unity.InputSystem__7.cpp
[ 994/1292  0s] CopyFiles C:/Users/User/Documents/QuestCraft v26/QCXR-XR-Wrapper/Library/Bee/Android/Prj/IL2CPP/Il2CppBackup/il2cppOutput/Unity.InputSystem__4.cpp
[ 995/1292  0s] CopyFiles C:/Users/User/Documents/QuestCraft v26/QCXR-XR-Wrapper/Library/Bee/Android/Prj/IL2CPP/Il2CppBackup/il2cppOutput/Unity.InputSystem__1.cpp
[ 996/1292  0s] CopyFiles C:/Users/User/Documents/QuestCraft v26/QCXR-XR-Wrapper/Library/Bee/Android/Prj/IL2CPP/Il2CppBackup/il2cppOutput/Unity.TextMeshPro__1.cpp
[ 997/1292  0s] CopyFiles C:/Users/User/Documents/QuestCraft v26/QCXR-XR-Wrapper/Library/Bee/Android/Prj/IL2CPP/Il2CppBackup/il2cppOutput/Unity.TextMeshPro__5.cpp
[ 998/1292  0s] CopyFiles C:/Users/User/Documents/QuestCraft v26/QCXR-XR-Wrapper/Library/Bee/Android/Prj/IL2CPP/Il2CppBackup/il2cppOutput/Unity.InputSystem__3.cpp
[ 999/1292  0s] CopyFiles C:/Users/User/Documents/QuestCraft v26/QCXR-XR-Wrapper/Library/Bee/Android/Prj/IL2CPP/Il2CppBackup/il2cppOutput/UnityEngine.UI_CodeGen.c
[1000/1292  0s] CopyFiles C:/Users/User/Documents/QuestCraft v26/QCXR-XR-Wrapper/Library/Bee/Android/Prj/IL2CPP/Il2CppBackup/il2cppOutput/System.Drawing_CodeGen.c
[1001/1292  0s] CopyFiles C:/Users/User/Documents/QuestCraft v26/QCXR-XR-Wrapper/Library/Bee/Android/Prj/IL2CPP/Il2CppBackup/il2cppOutput/Il2CppUnresolvedIndirectCallStubs.cpp
[1002/1292  0s] CopyFiles C:/Users/User/Documents/QuestCraft v26/QCXR-XR-Wrapper/Library/Bee/Android/Prj/IL2CPP/Il2CppBackup/il2cppOutput/UnityEngine.TextCoreTextEngineModule.cpp
[1003/1292  0s] CopyFiles C:/Users/User/Documents/QuestCraft v26/QCXR-XR-Wrapper/Library/Bee/Android/Prj/IL2CPP/Il2CppBackup/il2cppOutput/UnityEngine.TextCoreFontEngineModule.cpp
[1004/1292  0s] CopyFiles C:/Users/User/Documents/QuestCraft v26/QCXR-XR-Wrapper/Library/Bee/Android/Prj/IL2CPP/Il2CppBackup/il2cppOutput/Unity.XR.OpenXR.Features.OculusQuestSupport.cpp
[1005/1292  0s] CopyFiles C:/Users/User/Documents/QuestCraft v26/QCXR-XR-Wrapper/Library/Bee/Android/Prj/IL2CPP/Il2CppBackup/il2cppOutput/UnityEngine.SharedInternalsModule_CodeGen.c
[1006/1292  0s] CopyFiles C:/Users/User/Documents/QuestCraft v26/QCXR-XR-Wrapper/Library/Bee/Android/Prj/IL2CPP/Il2CppBackup/il2cppOutput/UnityEngine.UnityWebRequestModule_CodeGen.c
[1007/1292  0s] CopyFiles C:/Users/User/Documents/QuestCraft v26/QCXR-XR-Wrapper/Library/Bee/Android/Prj/IL2CPP/Il2CppBackup/il2cppOutput/Il2CppGenericMethodDefinitions.c
[1008/1292  0s] CopyFiles C:/Users/User/Documents/QuestCraft v26/QCXR-XR-Wrapper/Library/Bee/Android/Prj/IL2CPP/Il2CppBackup/il2cppOutput/UnityEngine.PropertiesModule.cpp
[1009/1292  0s] CopyFiles C:/Users/User/Documents/QuestCraft v26/QCXR-XR-Wrapper/Library/Bee/Android/Prj/IL2CPP/Il2CppBackup/il2cppOutput/Il2CppCCalculateFieldValues3.cpp
[1010/1292  0s] CopyFiles C:/Users/User/Documents/QuestCraft v26/QCXR-XR-Wrapper/Library/Bee/Android/Prj/IL2CPP/Il2CppBackup/il2cppOutput/UnityEngine.GridModule_CodeGen.c
[1011/1292  0s] CopyFiles C:/Users/User/Documents/QuestCraft v26/QCXR-XR-Wrapper/Library/Bee/Android/Prj/IL2CPP/Il2CppBackup/il2cppOutput/UnityEngine.CoreModule_CodeGen.c
[1012/1292  0s] CopyFiles C:/Users/User/Documents/QuestCraft v26/QCXR-XR-Wrapper/Library/Bee/Android/Prj/IL2CPP/Il2CppBackup/il2cppOutput/Il2CppCCalculateFieldValues2.cpp
[1013/1292  0s] CopyFiles C:/Users/User/Documents/QuestCraft v26/QCXR-XR-Wrapper/Library/Bee/Android/Prj/IL2CPP/Il2CppBackup/il2cppOutput/UnityEngine.SubsystemsModule.cpp
[1014/1292  0s] CopyFiles C:/Users/User/Documents/QuestCraft v26/QCXR-XR-Wrapper/Library/Bee/Android/Prj/IL2CPP/Il2CppBackup/il2cppOutput/Unity.XR.Interaction.Toolkit.cpp
[1015/1292  0s] CopyFiles C:/Users/User/Documents/QuestCraft v26/QCXR-XR-Wrapper/Library/Bee/Android/Prj/IL2CPP/Il2CppBackup/il2cppOutput/UnityEngine.UIElementsModule.cpp
[1016/1292  0s] CopyFiles C:/Users/User/Documents/QuestCraft v26/QCXR-XR-Wrapper/Library/Bee/Android/Prj/IL2CPP/Il2CppBackup/il2cppOutput/System.Runtime.Serialization.cpp
[1017/1292  0s] CopyFiles C:/Users/User/Documents/QuestCraft v26/QCXR-XR-Wrapper/Library/Bee/Android/Prj/IL2CPP/Il2CppBackup/il2cppOutput/UnityEngine.AndroidJNIModule.cpp
[1018/1292  0s] CopyFiles C:/Users/User/Documents/QuestCraft v26/QCXR-XR-Wrapper/Library/Bee/Android/Prj/IL2CPP/Il2CppBackup/il2cppOutput/Il2CppCCalculateFieldValues1.cpp
[1019/1292  0s] CopyFiles C:/Users/User/Documents/QuestCraft v26/QCXR-XR-Wrapper/Library/Bee/Android/Prj/IL2CPP/Il2CppBackup/il2cppOutput/Unity.XR.OpenXR.Features.MetaQuestSupport_CodeGen.c
[1020/1292  0s] CopyFiles C:/Users/User/Documents/QuestCraft v26/QCXR-XR-Wrapper/Library/Bee/Android/Prj/IL2CPP/Il2CppBackup/il2cppOutput/unity.webp_CodeGen.c
[1021/1292  0s] CopyFiles C:/Users/User/Documents/QuestCraft v26/QCXR-XR-Wrapper/Library/Bee/Android/Prj/IL2CPP/Il2CppBackup/il2cppOutput/System.Xml_CodeGen.c
[1022/1292  0s] CopyFiles C:/Users/User/Documents/QuestCraft v26/QCXR-XR-Wrapper/Library/Bee/Android/Prj/IL2CPP/Il2CppBackup/il2cppOutput/PICO.Platform__1.cpp
[1023/1292  0s] CopyFiles C:/Users/User/Documents/QuestCraft v26/QCXR-XR-Wrapper/Library/Bee/Android/Prj/IL2CPP/Il2CppBackup/il2cppOutput/ControllerSample.cpp
[1024/1292  0s] CopyFiles C:/Users/User/Documents/QuestCraft v26/QCXR-XR-Wrapper/Library/Bee/Android/Prj/IL2CPP/Il2CppBackup/il2cppOutput/Mono.Security__1.cpp
[1025/1292  0s] CopyFiles C:/Users/User/Documents/QuestCraft v26/QCXR-XR-Wrapper/Library/Bee/Android/Prj/IL2CPP/Il2CppBackup/il2cppOutput/mscorlib__10.cpp
[1026/1292  0s] CopyFiles C:/Users/User/Documents/QuestCraft v26/QCXR-XR-Wrapper/Library/Bee/Android/Prj/IL2CPP/Il2CppBackup/il2cppOutput/System_CodeGen.c
[1027/1292  0s] CopyFiles C:/Users/User/Documents/QuestCraft v26/QCXR-XR-Wrapper/Library/Bee/Android/Prj/IL2CPP/Il2CppBackup/il2cppOutput/mscorlib__15.cpp
[1028/1292  0s] CopyFiles C:/Users/User/Documents/QuestCraft v26/QCXR-XR-Wrapper/Library/Bee/Android/Prj/IL2CPP/Il2CppBackup/il2cppOutput/mscorlib__22.cpp
[1029/1292  0s] CopyFiles C:/Users/User/Documents/QuestCraft v26/QCXR-XR-Wrapper/Library/Bee/Android/Prj/IL2CPP/Il2CppBackup/il2cppOutput/mscorlib__20.cpp
[1030/1292  0s] CopyFiles C:/Users/User/Documents/QuestCraft v26/QCXR-XR-Wrapper/Library/Bee/Android/Prj/IL2CPP/Il2CppBackup/il2cppOutput/mscorlib__23.cpp
[1031/1292  0s] CopyFiles C:/Users/User/Documents/QuestCraft v26/QCXR-XR-Wrapper/Library/Bee/Android/Prj/IL2CPP/Il2CppBackup/il2cppOutput/mscorlib__16.cpp
[1032/1292  0s] CopyFiles C:/Users/User/Documents/QuestCraft v26/QCXR-XR-Wrapper/Library/Bee/Android/Prj/IL2CPP/Il2CppBackup/il2cppOutput/mscorlib__14.cpp
[1033/1292  0s] CopyFiles C:/Users/User/Documents/QuestCraft v26/QCXR-XR-Wrapper/Library/Bee/Android/Prj/IL2CPP/Il2CppBackup/il2cppOutput/mscorlib__19.cpp
[1034/1292  0s] CopyFiles C:/Users/User/Documents/QuestCraft v26/QCXR-XR-Wrapper/Library/Bee/Android/Prj/IL2CPP/Il2CppBackup/il2cppOutput/mscorlib__12.cpp
[1035/1292  0s] CopyFiles C:/Users/User/Documents/QuestCraft v26/QCXR-XR-Wrapper/Library/Bee/Android/Prj/IL2CPP/Il2CppBackup/il2cppOutput/mscorlib__21.cpp
[1036/1292  0s] CopyFiles C:/Users/User/Documents/QuestCraft v26/QCXR-XR-Wrapper/Library/Bee/Android/Prj/IL2CPP/Il2CppBackup/il2cppOutput/mscorlib__18.cpp
[1037/1292  0s] CopyFiles C:/Users/User/Documents/QuestCraft v26/QCXR-XR-Wrapper/Library/Bee/Android/Prj/IL2CPP/Il2CppBackup/il2cppOutput/mscorlib__13.cpp
[1038/1292  0s] CopyFiles C:/Users/User/Documents/QuestCraft v26/QCXR-XR-Wrapper/Library/Bee/Android/Prj/IL2CPP/Il2CppBackup/il2cppOutput/mscorlib__11.cpp
[1039/1292  0s] CopyFiles C:/Users/User/Documents/QuestCraft v26/QCXR-XR-Wrapper/Library/Bee/Android/Prj/IL2CPP/Il2CppBackup/il2cppOutput/mscorlib__17.cpp
[1040/1292  0s] CopyFiles C:/Users/User/Documents/QuestCraft v26/QCXR-XR-Wrapper/Library/Bee/Android/Prj/IL2CPP/Il2CppBackup/il2cppOutput/Unity.XR.OpenXR.Features.MockRuntime.cpp
[1041/1292  0s] CopyFiles C:/Users/User/Documents/QuestCraft v26/QCXR-XR-Wrapper/Library/Bee/Android/Prj/IL2CPP/Il2CppBackup/il2cppOutput/UnityEngine.SpatialTracking.cpp
[1042/1292  0s] CopyFiles C:/Users/User/Documents/QuestCraft v26/QCXR-XR-Wrapper/Library/Bee/Android/Prj/IL2CPP/Il2CppBackup/il2cppOutput/Il2CppCCalculateFieldValues.cpp
[1043/1292  0s] CopyFiles C:/Users/User/Documents/QuestCraft v26/QCXR-XR-Wrapper/Library/Bee/Android/Prj/IL2CPP/Il2CppBackup/il2cppOutput/UnityEngine.Physics2DModule.cpp
[1044/1292  0s] CopyFiles C:/Users/User/Documents/QuestCraft v26/QCXR-XR-Wrapper/Library/Bee/Android/Prj/IL2CPP/Il2CppBackup/il2cppOutput/UnityEngine.AnimationModule.cpp
[1045/1292  0s] CopyFiles C:/Users/User/Documents/QuestCraft v26/QCXR-XR-Wrapper/Library/Bee/Android/Prj/IL2CPP/Il2CppBackup/il2cppOutput/Il2CppCCalculateTypeValues1.cpp
[1046/1292  0s] CopyFiles C:/Users/User/Documents/QuestCraft v26/QCXR-XR-Wrapper/Library/Bee/Android/Prj/IL2CPP/Il2CppBackup/il2cppOutput/UnityEngine.TilemapModule.cpp
[1047/1292  0s] CopyFiles C:/Users/User/Documents/QuestCraft v26/QCXR-XR-Wrapper/Library/Bee/Android/Prj/IL2CPP/Il2CppBackup/il2cppOutput/UnityEngine.PhysicsModule.cpp
[1048/1292  0s] CopyFiles C:/Users/User/Documents/QuestCraft v26/QCXR-XR-Wrapper/Library/Bee/Android/Prj/IL2CPP/Il2CppBackup/il2cppOutput/Unity.XR.OpenXRPico_CodeGen.c
[1049/1292  0s] CopyFiles C:/Users/User/Documents/QuestCraft v26/QCXR-XR-Wrapper/Library/Bee/Android/Prj/IL2CPP/Il2CppBackup/il2cppOutput/Unity.XR.Management_CodeGen.c
[1050/1292  0s] CopyFiles C:/Users/User/Documents/QuestCraft v26/QCXR-XR-Wrapper/Library/Bee/Android/Prj/IL2CPP/Il2CppBackup/il2cppOutput/UnityEngine.CoreModule__1.cpp
[1051/1292  0s] CopyFiles C:/Users/User/Documents/QuestCraft v26/QCXR-XR-Wrapper/Library/Bee/Android/Prj/IL2CPP/Il2CppBackup/il2cppOutput/UnityEngine.CrashReportingModule.cpp
[1052/1292  0s] CopyFiles C:/Users/User/Documents/QuestCraft v26/QCXR-XR-Wrapper/Library/Bee/Android/Prj/IL2CPP/Il2CppBackup/il2cppOutput/UnityEngine.UIElementsModule__10.cpp
[1053/1292  0s] CopyFiles C:/Users/User/Documents/QuestCraft v26/QCXR-XR-Wrapper/Library/Bee/Android/Prj/IL2CPP/Il2CppBackup/il2cppOutput/UnityEngine.UIElementsModule__12.cpp
[1054/1292  0s] CopyFiles C:/Users/User/Documents/QuestCraft v26/QCXR-XR-Wrapper/Library/Bee/Android/Prj/IL2CPP/Il2CppBackup/il2cppOutput/UnityEngine.UIElementsModule__11.cpp
[1055/1292  0s] CopyFiles C:/Users/User/Documents/QuestCraft v26/QCXR-XR-Wrapper/Library/Bee/Android/Prj/IL2CPP/Il2CppBackup/il2cppOutput/UnityEngine.UIElementsModule__13.cpp
[1056/1292  0s] CopyFiles C:/Users/User/Documents/QuestCraft v26/QCXR-XR-Wrapper/Library/Bee/Android/Prj/IL2CPP/Il2CppBackup/il2cppOutput/UnityEngine.UIElementsModule__14.cpp
[1057/1292  0s] CopyFiles C:/Users/User/Documents/QuestCraft v26/QCXR-XR-Wrapper/Library/Bee/Android/Prj/IL2CPP/Il2CppBackup/il2cppOutput/UnityEngine.UnityAnalyticsModule.cpp
[1058/1292  0s] CopyFiles C:/Users/User/Documents/QuestCraft v26/QCXR-XR-Wrapper/Library/Bee/Android/Prj/IL2CPP/Il2CppBackup/il2cppOutput/Il2CppReversePInvokeWrapperTable.cpp
[1059/1292  0s] CopyFiles C:/Users/User/Documents/QuestCraft v26/QCXR-XR-Wrapper/Library/Bee/Android/Prj/IL2CPP/Il2CppBackup/il2cppOutput/UnityEngine.UIElementsModule__15.cpp
[1060/1292  0s] CopyFiles C:/Users/User/Documents/QuestCraft v26/QCXR-XR-Wrapper/Library/Bee/Android/Prj/IL2CPP/Il2CppBackup/il2cppOutput/UnityEngine.PropertiesModule_CodeGen.c
[1061/1292  0s] CopyFiles C:/Users/User/Documents/QuestCraft v26/QCXR-XR-Wrapper/Library/Bee/Android/Prj/IL2CPP/Il2CppBackup/il2cppOutput/UnityEngine.AndroidJNIModule_CodeGen.c
[1062/1292  0s] CopyFiles C:/Users/User/Documents/QuestCraft v26/QCXR-XR-Wrapper/Library/Bee/Android/Prj/IL2CPP/Il2CppBackup/il2cppOutput/UnityEngine.SubsystemsModule_CodeGen.c
[1063/1292  0s] CopyFiles C:/Users/User/Documents/QuestCraft v26/QCXR-XR-Wrapper/Library/Bee/Android/Prj/IL2CPP/Il2CppBackup/il2cppOutput/System.Runtime.Serialization_CodeGen.c
[1064/1292  0s] CopyFiles C:/Users/User/Documents/QuestCraft v26/QCXR-XR-Wrapper/Library/Bee/Android/Prj/IL2CPP/Il2CppBackup/il2cppOutput/Unity.XR.Interaction.Toolkit_CodeGen.c
[1065/1292  0s] CopyFiles C:/Users/User/Documents/QuestCraft v26/QCXR-XR-Wrapper/Library/Bee/Android/Prj/IL2CPP/Il2CppBackup/il2cppOutput/UnityEngine.UIElementsModule_CodeGen.c
[1066/1292  0s] CopyFiles C:/Users/User/Documents/QuestCraft v26/QCXR-XR-Wrapper/Library/Bee/Android/Prj/IL2CPP/Il2CppBackup/il2cppOutput/Unity.XR.OpenXR.Features.RuntimeDebugger.cpp
[1067/1292  1s] C_Android_arm64 Library/Bee/artifacts/Android/d8kzr/6aksv99a85kl.o
[1068/1292  0s] CopyFiles C:/Users/User/Documents/QuestCraft v26/QCXR-XR-Wrapper/Library/Bee/Android/Prj/IL2CPP/Il2CppBackup/il2cppOutput/Unity.XR.OpenXR.Features.OculusQuestSupport_CodeGen.c
[1069/1292  0s] CopyFiles C:/Users/User/Documents/QuestCraft v26/QCXR-XR-Wrapper/Library/Bee/Android/Prj/IL2CPP/Il2CppBackup/il2cppOutput/UnityEngine.TextCoreTextEngineModule_CodeGen.c
[1070/1292  0s] CopyFiles C:/Users/User/Documents/QuestCraft v26/QCXR-XR-Wrapper/Library/Bee/Android/Prj/IL2CPP/Il2CppBackup/il2cppOutput/Unity.XR.OpenXR.Features.RuntimeDebugger_CodeGen.c
[1071/1292  0s] CopyFiles C:/Users/User/Documents/QuestCraft v26/QCXR-XR-Wrapper/Library/Bee/Android/Prj/IL2CPP/Il2CppBackup/il2cppOutput/UnityEngine.TextCoreFontEngineModule_CodeGen.c
[1072/1292  0s] CopyFiles C:/Users/User/Documents/QuestCraft v26/QCXR-XR-Wrapper/Library/Bee/Android/Prj/IL2CPP/Il2CppBackup/il2cppOutput/Unity.XR.OpenXR.Features.PICOSupport.cpp
[1073/1292  0s] CopyFiles C:/Users/User/Documents/QuestCraft v26/QCXR-XR-Wrapper/Library/Bee/Android/Prj/IL2CPP/Il2CppBackup/il2cppOutput/UnityEngine.UnityWebRequestTextureModule_CodeGen.c
[1074/1292  0s] CopyFiles C:/Users/User/Documents/QuestCraft v26/QCXR-XR-Wrapper/Library/Bee/Android/Prj/IL2CPP/Il2CppBackup/il2cppOutput/Unity.XR.OpenXR.Features.MetaQuestSupport.cpp
[1075/1292  0s] CopyFiles C:/Users/User/Documents/QuestCraft v26/QCXR-XR-Wrapper/Library/Bee/Android/Prj/IL2CPP/Gradle/unityLibrary/src/main/assets/bin/Data/Managed/Resources/System.Data.dll-resources.dat
[1076/1292  0s] CopyFiles C:/Users/User/Documents/QuestCraft v26/QCXR-XR-Wrapper/Library/Bee/Android/Prj/IL2CPP/Il2CppBackup/il2cppOutput/Unity.XR.Interaction.Toolkit.Samples.StarterAssets_CodeGen.c
[1077/1292  0s] CopyFiles C:/Users/User/Documents/QuestCraft v26/QCXR-XR-Wrapper/Library/Bee/Android/Prj/IL2CPP/Il2CppBackup/il2cppOutput/UnityEngine.InputLegacyModule_CodeGen.c
[1078/1292  0s] CopyFiles C:/Users/User/Documents/QuestCraft v26/QCXR-XR-Wrapper/Library/Bee/Android/Prj/IL2CPP/Il2CppBackup/il2cppOutput/UnityEngine.SpriteShapeModule_CodeGen.c
[1079/1292  0s] CopyFiles C:/Users/User/Documents/QuestCraft v26/QCXR-XR-Wrapper/Library/Bee/Android/Prj/IL2CPP/Il2CppBackup/il2cppOutput/UnityEngine.TextCoreTextEngineModule__1.cpp
[1080/1292  0s] CopyFiles C:/Users/User/Documents/QuestCraft v26/QCXR-XR-Wrapper/Library/Bee/Android/Prj/IL2CPP/Il2CppBackup/il2cppOutput/System.cpp
[1081/1292  0s] CopyFiles C:/Users/User/Documents/QuestCraft v26/QCXR-XR-Wrapper/Library/Bee/Android/Prj/IL2CPP/Il2CppBackup/il2cppOutput/System__6.cpp
[1082/1292  0s] CopyFiles C:/Users/User/Documents/QuestCraft v26/QCXR-XR-Wrapper/Library/Bee/Android/Prj/IL2CPP/Il2CppBackup/il2cppOutput/System__8.cpp
[1083/1292  0s] CopyFiles C:/Users/User/Documents/QuestCraft v26/QCXR-XR-Wrapper/Library/Bee/Android/Prj/IL2CPP/Il2CppBackup/il2cppOutput/System__4.cpp
[1084/1292  0s] CopyFiles C:/Users/User/Documents/QuestCraft v26/QCXR-XR-Wrapper/Library/Bee/Android/Prj/IL2CPP/Il2CppBackup/il2cppOutput/System__7.cpp
[1085/1292  0s] CopyFiles C:/Users/User/Documents/QuestCraft v26/QCXR-XR-Wrapper/Library/Bee/Android/Prj/IL2CPP/Il2CppBackup/il2cppOutput/System__9.cpp
[1086/1292  0s] CopyFiles C:/Users/User/Documents/QuestCraft v26/QCXR-XR-Wrapper/Library/Bee/Android/Prj/IL2CPP/Il2CppBackup/il2cppOutput/System__5.cpp
[1087/1292  0s] CopyFiles C:/Users/User/Documents/QuestCraft v26/QCXR-XR-Wrapper/Library/Bee/Android/Prj/IL2CPP/Il2CppBackup/il2cppOutput/System__3.cpp
[1088/1292  0s] CopyFiles C:/Users/User/Documents/QuestCraft v26/QCXR-XR-Wrapper/Library/Bee/Android/Prj/IL2CPP/Il2CppBackup/il2cppOutput/System__2.cpp
[1089/1292  0s] CopyFiles C:/Users/User/Documents/QuestCraft v26/QCXR-XR-Wrapper/Library/Bee/Android/Prj/IL2CPP/Il2CppBackup/il2cppOutput/System__1.cpp
[1090/1292  0s] CopyFiles C:/Users/User/Documents/QuestCraft v26/QCXR-XR-Wrapper/Library/Bee/Android/Prj/IL2CPP/Il2CppBackup/il2cppOutput/System.Core.cpp
[1091/1292  0s] CopyFiles C:/Users/User/Documents/QuestCraft v26/QCXR-XR-Wrapper/Library/Bee/Android/Prj/IL2CPP/Il2CppBackup/il2cppOutput/mscorlib__7.cpp
[1092/1292  0s] CopyFiles C:/Users/User/Documents/QuestCraft v26/QCXR-XR-Wrapper/Library/Bee/Android/Prj/IL2CPP/Il2CppBackup/il2cppOutput/Generics__6.cpp
[1093/1292  0s] CopyFiles C:/Users/User/Documents/QuestCraft v26/QCXR-XR-Wrapper/Library/Bee/Android/Prj/IL2CPP/Il2CppBackup/il2cppOutput/Generics__7.cpp
[1094/1292  0s] CopyFiles C:/Users/User/Documents/QuestCraft v26/QCXR-XR-Wrapper/Library/Bee/Android/Prj/IL2CPP/Il2CppBackup/il2cppOutput/Generics__1.cpp
[1095/1292  0s] CopyFiles C:/Users/User/Documents/QuestCraft v26/QCXR-XR-Wrapper/Library/Bee/Android/Prj/IL2CPP/Il2CppBackup/il2cppOutput/mscorlib__1.cpp
[1096/1292  0s] CopyFiles C:/Users/User/Documents/QuestCraft v26/QCXR-XR-Wrapper/Library/Bee/Android/Prj/IL2CPP/Il2CppBackup/il2cppOutput/__Generated.cpp
[1097/1292  0s] CopyFiles C:/Users/User/Documents/QuestCraft v26/QCXR-XR-Wrapper/Library/Bee/Android/Prj/IL2CPP/Il2CppBackup/il2cppOutput/Generics__3.cpp
[1098/1292  0s] CopyFiles C:/Users/User/Documents/QuestCraft v26/QCXR-XR-Wrapper/Library/Bee/Android/Prj/IL2CPP/Il2CppBackup/il2cppOutput/System.Data.cpp
[1099/1292  0s] CopyFiles C:/Users/User/Documents/QuestCraft v26/QCXR-XR-Wrapper/Library/Bee/Android/Prj/IL2CPP/Il2CppBackup/il2cppOutput/UnityEngine.cpp
[1100/1292  0s] CopyFiles C:/Users/User/Documents/QuestCraft v26/QCXR-XR-Wrapper/Library/Bee/Android/Prj/IL2CPP/Il2CppBackup/il2cppOutput/mscorlib__5.cpp
[1101/1292  0s] CopyFiles C:/Users/User/Documents/QuestCraft v26/QCXR-XR-Wrapper/Library/Bee/Android/Prj/IL2CPP/Il2CppBackup/il2cppOutput/Generics__5.cpp
[1102/1292  0s] CopyFiles C:/Users/User/Documents/QuestCraft v26/QCXR-XR-Wrapper/Library/Bee/Android/Prj/IL2CPP/Il2CppBackup/il2cppOutput/mscorlib__3.cpp
[1103/1292  0s] CopyFiles C:/Users/User/Documents/QuestCraft v26/QCXR-XR-Wrapper/Library/Bee/Android/Prj/IL2CPP/Il2CppBackup/il2cppOutput/Generics__2.cpp
[1104/1292  0s] CopyFiles C:/Users/User/Documents/QuestCraft v26/QCXR-XR-Wrapper/Library/Bee/Android/Prj/IL2CPP/Il2CppBackup/il2cppOutput/mscorlib__9.cpp
[1105/1292  0s] CopyFiles C:/Users/User/Documents/QuestCraft v26/QCXR-XR-Wrapper/Library/Bee/Android/Prj/IL2CPP/Il2CppBackup/il2cppOutput/mscorlib__2.cpp
[1106/1292  0s] CopyFiles C:/Users/User/Documents/QuestCraft v26/QCXR-XR-Wrapper/Library/Bee/Android/Prj/IL2CPP/Il2CppBackup/il2cppOutput/mscorlib__6.cpp
[1107/1292  0s] CopyFiles C:/Users/User/Documents/QuestCraft v26/QCXR-XR-Wrapper/Library/Bee/Android/Prj/IL2CPP/Il2CppBackup/il2cppOutput/mscorlib__8.cpp
[1108/1292  0s] CopyFiles C:/Users/User/Documents/QuestCraft v26/QCXR-XR-Wrapper/Library/Bee/Android/Prj/IL2CPP/Il2CppBackup/il2cppOutput/Generics__4.cpp
[1109/1292  0s] CopyFiles C:/Users/User/Documents/QuestCraft v26/QCXR-XR-Wrapper/Library/Bee/Android/Prj/IL2CPP/Il2CppBackup/il2cppOutput/mscorlib__4.cpp
[1110/1292  0s] CopyFiles C:/Users/User/Documents/QuestCraft v26/QCXR-XR-Wrapper/Library/Bee/Android/Prj/IL2CPP/Il2CppBackup/il2cppOutput/Generics.cpp
[1111/1292  0s] CopyFiles C:/Users/User/Documents/QuestCraft v26/QCXR-XR-Wrapper/Library/Bee/Android/Prj/IL2CPP/Il2CppBackup/il2cppOutput/mscorlib.cpp
[1112/1292  0s] CopyFiles C:/Users/User/Documents/QuestCraft v26/QCXR-XR-Wrapper/Library/Bee/Android/Prj/IL2CPP/Il2CppBackup/il2cppOutput/System.Xml.cpp
[1113/1292  0s] CopyFiles C:/Users/User/Documents/QuestCraft v26/QCXR-XR-Wrapper/Library/Bee/Android/Prj/IL2CPP/Il2CppBackup/il2cppOutput/analytics.json
[1114/1292  0s] CopyFiles C:/Users/User/Documents/QuestCraft v26/QCXR-XR-Wrapper/Library/Bee/Android/Prj/IL2CPP/Il2CppBackup/il2cppOutput/unity.webp.cpp
[1115/1292  0s] CopyFiles C:/Users/User/Documents/QuestCraft v26/QCXR-XR-Wrapper/Library/Bee/Android/Prj/IL2CPP/Il2CppBackup/il2cppOutput/System__10.cpp
[1116/1292  0s] CopyFiles C:/Users/User/Documents/QuestCraft v26/QCXR-XR-Wrapper/Library/Bee/Android/Prj/IL2CPP/Il2CppBackup/il2cppOutput/UnityEngine.UnityWebRequestTextureModule.cpp
[1117/1292  0s] CopyFiles C:/Users/User/Documents/QuestCraft v26/QCXR-XR-Wrapper/Library/Bee/Android/Prj/IL2CPP/Il2CppBackup/il2cppOutput/Unity.XR.OpenXR.Features.PICOSupport__1.cpp
[1118/1292  0s] CopyFiles C:/Users/User/Documents/QuestCraft v26/QCXR-XR-Wrapper/Library/Bee/Android/Prj/IL2CPP/Gradle/unityLibrary/src/main/assets/bin/Data/Managed/Resources/mscorlib.dll-resources.dat
[1119/1292  0s] CopyFiles C:/Users/User/Documents/QuestCraft v26/QCXR-XR-Wrapper/Library/Bee/Android/Prj/IL2CPP/Il2CppBackup/il2cppOutput/UnityEngine.JSONSerializeModule_CodeGen.c
[1120/1292  0s] CopyFiles C:/Users/User/Documents/QuestCraft v26/QCXR-XR-Wrapper/Library/Bee/Android/Prj/IL2CPP/Il2CppBackup/il2cppOutput/UnityEngine.TextRenderingModule_CodeGen.c
[1121/1292  0s] CopyFiles C:/Users/User/Documents/QuestCraft v26/QCXR-XR-Wrapper/Library/Bee/Android/Prj/IL2CPP/Il2CppBackup/il2cppOutput/Assembly-CSharp.cpp
[1122/1292  0s] CopyFiles C:/Users/User/Documents/QuestCraft v26/QCXR-XR-Wrapper/Library/Bee/Android/Prj/IL2CPP/Il2CppBackup/il2cppOutput/Unity.XR.OpenXR.cpp
[1123/1292  0s] CopyFiles C:/Users/User/Documents/QuestCraft v26/QCXR-XR-Wrapper/Library/Bee/Android/Prj/IL2CPP/Il2CppBackup/il2cppOutput/Newtonsoft.Json.cpp
[1124/1292  0s] CopyFiles C:/Users/User/Documents/QuestCraft v26/QCXR-XR-Wrapper/Library/Bee/Android/Prj/IL2CPP/Il2CppBackup/il2cppOutput/System.Xml.Linq.cpp
[1125/1292  0s] CopyFiles C:/Users/User/Documents/QuestCraft v26/QCXR-XR-Wrapper/Library/Bee/Android/Prj/IL2CPP/Il2CppBackup/il2cppOutput/System.Numerics.cpp
[1126/1292  0s] CopyFiles C:/Users/User/Documents/QuestCraft v26/QCXR-XR-Wrapper/Library/Bee/Android/Prj/IL2CPP/Il2CppBackup/il2cppOutput/UnityGifDecoder.cpp
[1127/1292  0s] CopyFiles C:/Users/User/Documents/QuestCraft v26/QCXR-XR-Wrapper/Library/Bee/Android/Prj/IL2CPP/Il2CppBackup/il2cppOutput/Unity.TextMeshPro_CodeGen.c
[1128/1292  0s] CopyFiles C:/Users/User/Documents/QuestCraft v26/QCXR-XR-Wrapper/Library/Bee/Android/Prj/IL2CPP/Il2CppBackup/il2cppOutput/Unity.Mathematics_CodeGen.c
[1129/1292  0s] CopyFiles C:/Users/User/Documents/QuestCraft v26/QCXR-XR-Wrapper/Library/Bee/Android/Prj/IL2CPP/Il2CppBackup/il2cppOutput/UnityEngine.IMGUIModule.cpp
[1130/1292  0s] CopyFiles C:/Users/User/Documents/QuestCraft v26/QCXR-XR-Wrapper/Library/Bee/Android/Prj/IL2CPP/Il2CppBackup/il2cppOutput/UnityEngine.AudioModule.cpp
[1131/1292  0s] CopyFiles C:/Users/User/Documents/QuestCraft v26/QCXR-XR-Wrapper/Library/Bee/Android/Prj/IL2CPP/Il2CppBackup/il2cppOutput/Unity.InputSystem_CodeGen.c
[1132/1292  0s] CopyFiles C:/Users/User/Documents/QuestCraft v26/QCXR-XR-Wrapper/Library/Bee/Android/Prj/IL2CPP/Il2CppBackup/il2cppOutput/Il2CppCCTypeValuesTable.cpp
[1133/1292  0s] CopyFiles C:/Users/User/Documents/QuestCraft v26/QCXR-XR-Wrapper/Library/Bee/Android/Prj/IL2CPP/Il2CppBackup/il2cppOutput/UnityEngine.InputModule.cpp
[1134/1292  0s] CopyFiles C:/Users/User/Documents/QuestCraft v26/QCXR-XR-Wrapper/Library/Bee/Android/Prj/IL2CPP/Il2CppBackup/il2cppOutput/System.Xml__6.cpp
[1135/1292  0s] CopyFiles C:/Users/User/Documents/QuestCraft v26/QCXR-XR-Wrapper/Library/Bee/Android/Prj/IL2CPP/Il2CppBackup/il2cppOutput/System.Xml__1.cpp
[1136/1292  0s] CopyFiles C:/Users/User/Documents/QuestCraft v26/QCXR-XR-Wrapper/Library/Bee/Android/Prj/IL2CPP/Il2CppBackup/il2cppOutput/System.Xml__2.cpp
[1137/1292  0s] CopyFiles C:/Users/User/Documents/QuestCraft v26/QCXR-XR-Wrapper/Library/Bee/Android/Prj/IL2CPP/Il2CppBackup/il2cppOutput/System.Xml__3.cpp
[1138/1292  0s] CopyFiles C:/Users/User/Documents/QuestCraft v26/QCXR-XR-Wrapper/Library/Bee/Android/Prj/IL2CPP/Il2CppBackup/il2cppOutput/System.Xml__4.cpp
[1139/1292  0s] CopyFiles C:/Users/User/Documents/QuestCraft v26/QCXR-XR-Wrapper/Library/Bee/Android/Prj/IL2CPP/Il2CppBackup/il2cppOutput/System.Xml__9.cpp
[1140/1292  0s] CopyFiles C:/Users/User/Documents/QuestCraft v26/QCXR-XR-Wrapper/Library/Bee/Android/Prj/IL2CPP/Il2CppBackup/il2cppOutput/Mono.Security.cpp
[1141/1292  0s] CopyFiles C:/Users/User/Documents/QuestCraft v26/QCXR-XR-Wrapper/Library/Bee/Android/Prj/IL2CPP/Il2CppBackup/il2cppOutput/PICO.Platform.cpp
[1142/1292  0s] CopyFiles C:/Users/User/Documents/QuestCraft v26/QCXR-XR-Wrapper/Library/Bee/Android/Prj/IL2CPP/Il2CppBackup/il2cppOutput/System.Xml__8.cpp
[1143/1292  0s] CopyFiles C:/Users/User/Documents/QuestCraft v26/QCXR-XR-Wrapper/Library/Bee/Android/Prj/IL2CPP/Il2CppBackup/il2cppOutput/System.Xml__5.cpp
[1144/1292  0s] CopyFiles C:/Users/User/Documents/QuestCraft v26/QCXR-XR-Wrapper/Library/Bee/Android/Prj/IL2CPP/Il2CppBackup/il2cppOutput/System.Xml__7.cpp
[1145/1292  0s] CopyFiles C:/Users/User/Documents/QuestCraft v26/QCXR-XR-Wrapper/Library/Bee/Android/Prj/IL2CPP/Il2CppBackup/il2cppOutput/Unity.XR.OpenXR.Features.ConformanceAutomation.cpp
[1146/1292  0s] CopyFiles C:/Users/User/Documents/QuestCraft v26/QCXR-XR-Wrapper/Library/Bee/Android/Prj/IL2CPP/Il2CppBackup/il2cppOutput/Unity.XR.Interaction.Toolkit.Samples.StarterAssets.cpp
[1147/1292  0s] CopyFiles C:/Users/User/Documents/QuestCraft v26/QCXR-XR-Wrapper/Library/Bee/Android/Prj/IL2CPP/Il2CppBackup/il2cppOutput/Unity.XR.OpenXR.Features.ConformanceAutomation_CodeGen.c
[1148/1292  0s] CopyFiles C:/Users/User/Documents/QuestCraft v26/QCXR-XR-Wrapper/Library/Bee/Android/Prj/IL2CPP/Il2CppBackup/il2cppOutput/Unity.XR.OpenXR.Features.PICOSupport__2.cpp
[1149/1292  0s] CopyFiles C:/Users/User/Documents/QuestCraft v26/QCXR-XR-Wrapper/Library/Bee/Android/Prj/IL2CPP/Il2CppBackup/il2cppOutput/Unity.XR.Management.cpp
[1150/1292  0s] CopyFiles C:/Users/User/Documents/QuestCraft v26/QCXR-XR-Wrapper/Library/Bee/Android/Prj/IL2CPP/Il2CppBackup/il2cppOutput/PICO.Platform_CodeGen.c
[1151/1292  0s] CopyFiles C:/Users/User/Documents/QuestCraft v26/QCXR-XR-Wrapper/Library/Bee/Android/Prj/IL2CPP/Il2CppBackup/il2cppOutput/Mono.Security_CodeGen.c
[1152/1292  0s] CopyFiles C:/Users/User/Documents/QuestCraft v26/QCXR-XR-Wrapper/Library/Bee/Android/Prj/IL2CPP/Il2CppBackup/il2cppOutput/Il2CppTypeDefinitions.c
[1153/1292  0s] CopyFiles C:/Users/User/Documents/QuestCraft v26/QCXR-XR-Wrapper/Library/Bee/Android/Prj/IL2CPP/Il2CppBackup/il2cppOutput/Unity.XR.OpenXRPico.cpp
[1154/1292  0s] CopyFiles C:/Users/User/Documents/QuestCraft v26/QCXR-XR-Wrapper/Library/Bee/Android/Prj/IL2CPP/Il2CppBackup/il2cppOutput/UnityEngine.SharedInternalsModule.cpp
[1155/1292  0s] CopyFiles C:/Users/User/Documents/QuestCraft v26/QCXR-XR-Wrapper/Library/Bee/Android/Prj/IL2CPP/Il2CppBackup/il2cppOutput/UnityEngine.UnityWebRequestModule.cpp
[1156/1292  0s] CopyFiles C:/Users/User/Documents/QuestCraft v26/QCXR-XR-Wrapper/Library/Bee/Android/Prj/IL2CPP/Il2CppBackup/il2cppOutput/UnityEngine.InputLegacyModule.cpp
[1157/1292  0s] CopyFiles C:/Users/User/Documents/QuestCraft v26/QCXR-XR-Wrapper/Library/Bee/Android/Prj/IL2CPP/Il2CppBackup/il2cppOutput/Unity.VisualScripting.Core__1.cpp
[1158/1292  0s] CopyFiles C:/Users/User/Documents/QuestCraft v26/QCXR-XR-Wrapper/Library/Bee/Android/Prj/IL2CPP/Il2CppBackup/il2cppOutput/UnityEngine.SpriteShapeModule.cpp
[1159/1292  3s] C_Android_arm64 Library/Bee/artifacts/Android/d8kzr/tgu53ixjbe2o.o
[1160/1292  0s] CopyFiles C:/Users/User/Documents/QuestCraft v26/QCXR-XR-Wrapper/Library/Bee/Android/Prj/IL2CPP/Il2CppBackup/il2cppOutput/UnityEngine.PhysicsModule_CodeGen.c
[1161/1292  0s] CopyFiles C:/Users/User/Documents/QuestCraft v26/QCXR-XR-Wrapper/Library/Bee/Android/Prj/IL2CPP/Il2CppBackup/il2cppOutput/UnityEngine.TilemapModule_CodeGen.c
[1162/1292  0s] CopyFiles C:/Users/User/Documents/QuestCraft v26/QCXR-XR-Wrapper/Library/Bee/Android/Prj/IL2CPP/Il2CppBackup/il2cppOutput/Il2CppGenericClassTable.c
[1163/1292  0s] CopyFiles C:/Users/User/Documents/QuestCraft v26/QCXR-XR-Wrapper/Library/Bee/Android/Prj/IL2CPP/Il2CppBackup/il2cppOutput/Unity.InputSystem__10.cpp
[1164/1292  0s] CopyFiles C:/Users/User/Documents/QuestCraft v26/QCXR-XR-Wrapper/Library/Bee/Android/Prj/IL2CPP/Il2CppBackup/il2cppOutput/System.Numerics_CodeGen.c
[1165/1292  0s] CopyFiles C:/Users/User/Documents/QuestCraft v26/QCXR-XR-Wrapper/Library/Bee/Android/Prj/IL2CPP/Il2CppBackup/il2cppOutput/Unity.XR.OpenXR_CodeGen.c
[1166/1292  0s] CopyFiles C:/Users/User/Documents/QuestCraft v26/QCXR-XR-Wrapper/Library/Bee/Android/Prj/IL2CPP/Il2CppBackup/il2cppOutput/Newtonsoft.Json_CodeGen.c
[1167/1292  0s] CopyFiles C:/Users/User/Documents/QuestCraft v26/QCXR-XR-Wrapper/Library/Bee/Android/Prj/IL2CPP/Il2CppBackup/il2cppOutput/Assembly-CSharp_CodeGen.c
[1168/1292  0s] CopyFiles C:/Users/User/Documents/QuestCraft v26/QCXR-XR-Wrapper/Library/Bee/Android/Prj/IL2CPP/Il2CppBackup/il2cppOutput/System.Xml.Linq_CodeGen.c
[1169/1292  0s] CopyFiles C:/Users/User/Documents/QuestCraft v26/QCXR-XR-Wrapper/Library/Bee/Android/Prj/IL2CPP/Il2CppBackup/il2cppOutput/UnityGifDecoder_CodeGen.c
[1170/1292  0s] CopyFiles C:/Users/User/Documents/QuestCraft v26/QCXR-XR-Wrapper/Library/Bee/Android/Prj/IL2CPP/Il2CppBackup/il2cppOutput/UnityEngine.CrashReportingModule_CodeGen.c
[1171/1292  0s] CopyFiles C:/Users/User/Documents/QuestCraft v26/QCXR-XR-Wrapper/Library/Bee/Android/Prj/IL2CPP/Il2CppBackup/il2cppOutput/Unity.InputSystem__11.cpp
[1172/1292  0s] CopyFiles C:/Users/User/Documents/QuestCraft v26/QCXR-XR-Wrapper/Library/Bee/Android/Prj/IL2CPP/Il2CppBackup/il2cppOutput/UnityEngine.UnityAnalyticsModule_CodeGen.c
[1173/1292  0s] CopyFiles C:/Users/User/Documents/QuestCraft v26/QCXR-XR-Wrapper/Library/Bee/Android/Prj/IL2CPP/Il2CppBackup/il2cppOutput/UnityEngine.TextCoreTextEngineModule__3.cpp
[1174/1292  0s] CopyFiles C:/Users/User/Documents/QuestCraft v26/QCXR-XR-Wrapper/Library/Bee/Android/Prj/IL2CPP/Il2CppBackup/il2cppOutput/UnityEngine.TextCoreTextEngineModule__2.cpp
[1175/1292  0s] CopyFiles C:/Users/User/Documents/QuestCraft v26/QCXR-XR-Wrapper/Library/Bee/Android/Prj/IL2CPP/Il2CppBackup/il2cppOutput/UnityEngine.TextRenderingModule.cpp
[1176/1292  0s] CopyFiles C:/Users/User/Documents/QuestCraft v26/QCXR-XR-Wrapper/Library/Bee/Android/Prj/IL2CPP/Il2CppBackup/il2cppOutput/UnityEngine.UIElementsModule__7.cpp
[1177/1292  0s] CopyFiles C:/Users/User/Documents/QuestCraft v26/QCXR-XR-Wrapper/Library/Bee/Android/Prj/IL2CPP/Il2CppBackup/il2cppOutput/UnityEngine.UIElementsModule__9.cpp
[1178/1292  0s] CopyFiles C:/Users/User/Documents/QuestCraft v26/QCXR-XR-Wrapper/Library/Bee/Android/Prj/IL2CPP/Il2CppBackup/il2cppOutput/UnityEngine.UIElementsModule__3.cpp
[1179/1292  0s] CopyFiles C:/Users/User/Documents/QuestCraft v26/QCXR-XR-Wrapper/Library/Bee/Android/Prj/IL2CPP/Il2CppBackup/il2cppOutput/Unity.XR.Interaction.Toolkit__5.cpp
[1180/1292  5s] C_Android_arm64 Library/Bee/artifacts/Android/d8kzr/3rcbf3teabb7.o
[1181/1292  0s] CopyFiles C:/Users/User/Documents/QuestCraft v26/QCXR-XR-Wrapper/Library/Bee/Android/Prj/IL2CPP/Il2CppBackup/il2cppOutput/Unity.XR.Interaction.Toolkit__2.cpp
[1182/1292  0s] CopyFiles C:/Users/User/Documents/QuestCraft v26/QCXR-XR-Wrapper/Library/Bee/Android/Prj/IL2CPP/Il2CppBackup/il2cppOutput/UnityEngine.UIElementsModule__6.cpp
[1183/1292  0s] CopyFiles C:/Users/User/Documents/QuestCraft v26/QCXR-XR-Wrapper/Library/Bee/Android/Prj/IL2CPP/Il2CppBackup/il2cppOutput/Unity.XR.Interaction.Toolkit__3.cpp
[1184/1292  0s] CopyFiles C:/Users/User/Documents/QuestCraft v26/QCXR-XR-Wrapper/Library/Bee/Android/Prj/IL2CPP/Il2CppBackup/il2cppOutput/UnityEngine.UIElementsModule__1.cpp
[1185/1292  0s] CopyFiles C:/Users/User/Documents/QuestCraft v26/QCXR-XR-Wrapper/Library/Bee/Android/Prj/IL2CPP/Il2CppBackup/il2cppOutput/UnityEngine.UIElementsModule__5.cpp
[1186/1292  0s] CopyFiles C:/Users/User/Documents/QuestCraft v26/QCXR-XR-Wrapper/Library/Bee/Android/Prj/IL2CPP/Il2CppBackup/il2cppOutput/Unity.XR.Interaction.Toolkit__6.cpp
[1187/1292  0s] CopyFiles C:/Users/User/Documents/QuestCraft v26/QCXR-XR-Wrapper/Library/Bee/Android/Prj/IL2CPP/Il2CppBackup/il2cppOutput/UnityEngine.UIElementsModule__8.cpp
[1188/1292  0s] CopyFiles C:/Users/User/Documents/QuestCraft v26/QCXR-XR-Wrapper/Library/Bee/Android/Prj/IL2CPP/Il2CppBackup/il2cppOutput/UnityEngine.UIElementsModule__2.cpp
[1189/1292  0s] CopyFiles C:/Users/User/Documents/QuestCraft v26/QCXR-XR-Wrapper/Library/Bee/Android/Prj/IL2CPP/Il2CppBackup/il2cppOutput/Unity.XR.Interaction.Toolkit__4.cpp
[1190/1292  0s] CopyFiles C:/Users/User/Documents/QuestCraft v26/QCXR-XR-Wrapper/Library/Bee/Android/Prj/IL2CPP/Il2CppBackup/il2cppOutput/UnityEngine.JSONSerializeModule.cpp
[1191/1292  0s] CopyFiles C:/Users/User/Documents/QuestCraft v26/QCXR-XR-Wrapper/Library/Bee/Android/Prj/IL2CPP/Il2CppBackup/il2cppOutput/UnityEngine.UIElementsModule__4.cpp
[1192/1292  0s] CopyFiles C:/Users/User/Documents/QuestCraft v26/QCXR-XR-Wrapper/Library/Bee/Android/Prj/IL2CPP/Il2CppBackup/il2cppOutput/Unity.XR.Interaction.Toolkit__1.cpp
[1193/1292  0s] CopyFiles C:/Users/User/Documents/QuestCraft v26/QCXR-XR-Wrapper/Library/Bee/Android/Prj/IL2CPP/Il2CppBackup/il2cppOutput/Unity.XR.OpenXR.Features.PICOSupport_CodeGen.c
[1194/1292  0s] CopyFiles C:/Users/User/Documents/QuestCraft v26/QCXR-XR-Wrapper/Library/Bee/Android/Prj/IL2CPP/Il2CppBackup/il2cppOutput/Unity.XR.Interaction.Toolkit__7.cpp
[1195/1292  0s] CopyFiles C:/Users/User/Documents/QuestCraft v26/QCXR-XR-Wrapper/Library/Bee/Android/Prj/IL2CPP/Il2CppBackup/il2cppOutput/Il2CppRgctxTable.c
[1196/1292  0s] CopyFiles C:/Users/User/Documents/QuestCraft v26/QCXR-XR-Wrapper/Library/Bee/Android/Prj/IL2CPP/Il2CppBackup/il2cppOutput/System.Xml__10.cpp
[1197/1292  0s] CopyFiles C:/Users/User/Documents/QuestCraft v26/QCXR-XR-Wrapper/Library/Bee/Android/Prj/IL2CPP/Il2CppBackup/il2cppOutput/mscorlib_CodeGen.c
[1198/1292  0s] CopyFiles C:/Users/User/Documents/QuestCraft v26/QCXR-XR-Wrapper/Library/Bee/Android/Prj/IL2CPP/Il2CppBackup/il2cppOutput/System.Xml__14.cpp
[1199/1292  0s] CopyFiles C:/Users/User/Documents/QuestCraft v26/QCXR-XR-Wrapper/Library/Bee/Android/Prj/IL2CPP/Il2CppBackup/il2cppOutput/System.Xml__16.cpp
[1200/1292  0s] CopyFiles C:/Users/User/Documents/QuestCraft v26/QCXR-XR-Wrapper/Library/Bee/Android/Prj/IL2CPP/Il2CppBackup/il2cppOutput/System.Data__4.cpp
[1201/1292  0s] CopyFiles C:/Users/User/Documents/QuestCraft v26/QCXR-XR-Wrapper/Library/Bee/Android/Prj/IL2CPP/Il2CppBackup/il2cppOutput/System.Xml__11.cpp
[1202/1292  0s] CopyFiles C:/Users/User/Documents/QuestCraft v26/QCXR-XR-Wrapper/Library/Bee/Android/Prj/IL2CPP/Il2CppBackup/il2cppOutput/System.Xml__13.cpp
[1203/1292  0s] CopyFiles C:/Users/User/Documents/QuestCraft v26/QCXR-XR-Wrapper/Library/Bee/Android/Prj/IL2CPP/Il2CppBackup/il2cppOutput/UnityEngine.UI.cpp
[1204/1292  0s] CopyFiles C:/Users/User/Documents/QuestCraft v26/QCXR-XR-Wrapper/Library/Bee/Android/Prj/IL2CPP/Il2CppBackup/il2cppOutput/System.Core__2.cpp
[1205/1292  0s] CopyFiles C:/Users/User/Documents/QuestCraft v26/QCXR-XR-Wrapper/Library/Bee/Android/Prj/IL2CPP/Il2CppBackup/il2cppOutput/System.Xml__15.cpp
[1206/1292  0s] CopyFiles C:/Users/User/Documents/QuestCraft v26/QCXR-XR-Wrapper/Library/Bee/Android/Prj/IL2CPP/Il2CppBackup/il2cppOutput/System.Core__1.cpp
[1207/1292  0s] CopyFiles C:/Users/User/Documents/QuestCraft v26/QCXR-XR-Wrapper/Library/Bee/Android/Prj/IL2CPP/Il2CppBackup/il2cppOutput/System.Data__6.cpp
[1208/1292  0s] CopyFiles C:/Users/User/Documents/QuestCraft v26/QCXR-XR-Wrapper/Library/Bee/Android/Prj/IL2CPP/Il2CppBackup/il2cppOutput/System.Core__3.cpp
[1209/1292  0s] CopyFiles C:/Users/User/Documents/QuestCraft v26/QCXR-XR-Wrapper/Library/Bee/Android/Prj/IL2CPP/Il2CppBackup/il2cppOutput/System.Data__5.cpp
[1210/1292  0s] CopyFiles C:/Users/User/Documents/QuestCraft v26/QCXR-XR-Wrapper/Library/Bee/Android/Prj/IL2CPP/Il2CppBackup/il2cppOutput/System.Data__2.cpp
[1211/1292  0s] CopyFiles C:/Users/User/Documents/QuestCraft v26/QCXR-XR-Wrapper/Library/Bee/Android/Prj/IL2CPP/Il2CppBackup/il2cppOutput/System.Data__3.cpp
[1212/1292  0s] CopyFiles C:/Users/User/Documents/QuestCraft v26/QCXR-XR-Wrapper/Library/Bee/Android/Prj/IL2CPP/Il2CppBackup/il2cppOutput/System.Data__1.cpp
[1213/1292  0s] CopyFiles C:/Users/User/Documents/QuestCraft v26/QCXR-XR-Wrapper/Library/Bee/Android/Prj/IL2CPP/Il2CppBackup/il2cppOutput/GenericMethods.cpp
[1214/1292  0s] CopyFiles C:/Users/User/Documents/QuestCraft v26/QCXR-XR-Wrapper/Library/Bee/Android/Prj/IL2CPP/Il2CppBackup/il2cppOutput/System.Data__7.cpp
[1215/1292  0s] CopyFiles C:/Users/User/Documents/QuestCraft v26/QCXR-XR-Wrapper/Library/Bee/Android/Prj/IL2CPP/Il2CppBackup/il2cppOutput/System.Core__4.cpp
[1216/1292  0s] CopyFiles C:/Users/User/Documents/QuestCraft v26/QCXR-XR-Wrapper/Library/Bee/Android/Prj/IL2CPP/Il2CppBackup/il2cppOutput/System.Xml__12.cpp
[1217/1292  0s] CopyFiles C:/Users/User/Documents/QuestCraft v26/QCXR-XR-Wrapper/Library/Bee/Android/Prj/IL2CPP/Il2CppBackup/il2cppOutput/Unity.XR.OpenXR.Features.MockRuntime_CodeGen.c
[1218/1292  0s] CopyFiles C:/Users/User/Documents/QuestCraft v26/QCXR-XR-Wrapper/Library/Bee/Android/Prj/IL2CPP/Il2CppBackup/il2cppOutput/System.Data__8.cpp
[1219/1292  0s] CopyFiles C:/Users/User/Documents/QuestCraft v26/QCXR-XR-Wrapper/Library/Bee/Android/Prj/IL2CPP/Il2CppBackup/il2cppOutput/Il2CppMetadataRegistration.c
[1220/1292  0s] CopyFiles C:/Users/User/Documents/QuestCraft v26/QCXR-XR-Wrapper/Library/Bee/Android/Prj/IL2CPP/Il2CppBackup/il2cppOutput/Unity.XR.CoreUtils_CodeGen.c
[1221/1292  0s] CopyFiles C:/Users/User/Documents/QuestCraft v26/QCXR-XR-Wrapper/Library/Bee/Android/Prj/IL2CPP/Il2CppBackup/il2cppOutput/System.Drawing.cpp
[1222/1292  0s] CopyFiles C:/Users/User/Documents/QuestCraft v26/QCXR-XR-Wrapper/Library/Bee/Android/Prj/IL2CPP/Il2CppBackup/il2cppOutput/Il2CppCCFieldValuesTable.cpp
[1223/1292  0s] CopyFiles C:/Users/User/Documents/QuestCraft v26/QCXR-XR-Wrapper/Library/Bee/Android/Prj/IL2CPP/Il2CppBackup/il2cppOutput/Il2CppCodeRegistration.cpp
[1224/1292  0s] CopyFiles C:/Users/User/Documents/QuestCraft v26/QCXR-XR-Wrapper/Library/Bee/Android/Prj/IL2CPP/Il2CppBackup/il2cppOutput/ControllerSample_CodeGen.c
[1225/1292  0s] CopyFiles C:/Users/User/Documents/QuestCraft v26/QCXR-XR-Wrapper/Library/Bee/Android/Prj/IL2CPP/Il2CppBackup/il2cppOutput/Il2CppInteropDataTable.cpp
[1226/1292  0s] CopyFiles C:/Users/User/Documents/QuestCraft v26/QCXR-XR-Wrapper/Library/Bee/Android/Prj/IL2CPP/Il2CppBackup/il2cppOutput/Il2CppGenericMethodTable.c
[1227/1292  0s] CopyFiles C:/Users/User/Documents/QuestCraft v26/QCXR-XR-Wrapper/Library/Bee/Android/Prj/IL2CPP/Il2CppBackup/il2cppOutput/UnityEngine.GridModule.cpp
[1228/1292  0s] CopyFiles C:/Users/User/Documents/QuestCraft v26/QCXR-XR-Wrapper/Library/Bee/Android/Prj/IL2CPP/Il2CppBackup/il2cppOutput/UnityEngine.CoreModule.cpp
[1229/1292  0s] CopyFiles C:/Users/User/Documents/QuestCraft v26/QCXR-XR-Wrapper/Library/Bee/Android/Prj/IL2CPP/Il2CppBackup/il2cppOutput/UnityEngine_CodeGen.c
[1230/1292  0s] CopyFiles C:/Users/User/Documents/QuestCraft v26/QCXR-XR-Wrapper/Library/Bee/Android/Prj/IL2CPP/Il2CppBackup/il2cppOutput/__Generated_CodeGen.c
[1231/1292  0s] CopyFiles C:/Users/User/Documents/QuestCraft v26/QCXR-XR-Wrapper/Library/Bee/Android/Prj/IL2CPP/Il2CppBackup/il2cppOutput/System.Core_CodeGen.c
[1232/1292  0s] CopyFiles C:/Users/User/Documents/QuestCraft v26/QCXR-XR-Wrapper/Library/Bee/Android/Prj/IL2CPP/Il2CppBackup/il2cppOutput/System.Data_CodeGen.c
[1233/1292  0s] CopyFiles C:/Users/User/Documents/QuestCraft v26/QCXR-XR-Wrapper/Library/Bee/Android/Prj/IL2CPP/Il2CppBackup/il2cppOutput/Unity.Mathematics.cpp
[1234/1292  0s] CopyFiles C:/Users/User/Documents/QuestCraft v26/QCXR-XR-Wrapper/Library/Bee/Android/Prj/IL2CPP/Il2CppBackup/il2cppOutput/UnityEngine.UI__1.cpp
[1235/1292  0s] CopyFiles C:/Users/User/Documents/QuestCraft v26/QCXR-XR-Wrapper/Library/Bee/Android/Prj/IL2CPP/Il2CppBackup/il2cppOutput/Unity.TextMeshPro.cpp
[1236/1292  0s] CopyFiles C:/Users/User/Documents/QuestCraft v26/QCXR-XR-Wrapper/Library/Bee/Android/Prj/IL2CPP/Il2CppBackup/il2cppOutput/GenericMethods__1.cpp
[1237/1292  0s] CopyFiles C:/Users/User/Documents/QuestCraft v26/QCXR-XR-Wrapper/Library/Bee/Android/Prj/IL2CPP/Il2CppBackup/il2cppOutput/UnityEngine.UI__3.cpp
[1238/1292  0s] CopyFiles C:/Users/User/Documents/QuestCraft v26/QCXR-XR-Wrapper/Library/Bee/Android/Prj/IL2CPP/Il2CppBackup/il2cppOutput/UnityEngine.UI__2.cpp
[1239/1292  0s] CopyFiles C:/Users/User/Documents/QuestCraft v26/QCXR-XR-Wrapper/Library/Bee/Android/Prj/IL2CPP/Il2CppBackup/il2cppOutput/Il2CppMetadataUsage.c
[1240/1292  0s] CopyFiles C:/Users/User/Documents/QuestCraft v26/QCXR-XR-Wrapper/Library/Bee/Android/Prj/IL2CPP/Il2CppBackup/il2cppOutput/Unity.InputSystem.cpp
[1241/1292  0s] CopyFiles C:/Users/User/Documents/QuestCraft v26/QCXR-XR-Wrapper/Library/Bee/Android/Prj/IL2CPP/Il2CppBackup/il2cppOutput/GenericMethods__2.cpp
[1242/1292  0s] CopyFiles C:/Users/User/Documents/QuestCraft v26/QCXR-XR-Wrapper/Library/Bee/Android/Prj/IL2CPP/Il2CppBackup/il2cppOutput/UnityEngine.SpatialTracking_CodeGen.c
[1243/1292  0s] CopyFiles C:/Users/User/Documents/QuestCraft v26/QCXR-XR-Wrapper/Library/Bee/Android/Prj/IL2CPP/Il2CppBackup/il2cppOutput/UnityEngine.AnimationModule_CodeGen.c
[1244/1292  0s] CopyFiles C:/Users/User/Documents/QuestCraft v26/QCXR-XR-Wrapper/Library/Bee/Android/Prj/IL2CPP/Il2CppBackup/il2cppOutput/UnityEngine.Physics2DModule_CodeGen.c
[1245/1292  0s] CopyFiles C:/Users/User/Documents/QuestCraft v26/QCXR-XR-Wrapper/Library/Bee/Android/Prj/IL2CPP/Gradle/unityLibrary/src/main/assets/bin/Data/Managed/Resources/System.Drawing.dll-resources.dat
[1246/1292  0s] CopyFiles C:/Users/User/Documents/QuestCraft v26/QCXR-XR-Wrapper/Library/Bee/Android/Prj/IL2CPP/Il2CppBackup/il2cppOutput/Newtonsoft.Json__2.cpp
[1247/1292  0s] CopyFiles C:/Users/User/Documents/QuestCraft v26/QCXR-XR-Wrapper/Library/Bee/Android/Prj/IL2CPP/Il2CppBackup/il2cppOutput/Newtonsoft.Json__3.cpp
[1248/1292  0s] CopyFiles C:/Users/User/Documents/QuestCraft v26/QCXR-XR-Wrapper/Library/Bee/Android/Prj/IL2CPP/Il2CppBackup/il2cppOutput/Assembly-CSharp__2.cpp
[1249/1292  0s] CopyFiles C:/Users/User/Documents/QuestCraft v26/QCXR-XR-Wrapper/Library/Bee/Android/Prj/IL2CPP/Il2CppBackup/il2cppOutput/Il2CppInvokerTable.cpp
[1250/1292  0s] CopyFiles C:/Users/User/Documents/QuestCraft v26/QCXR-XR-Wrapper/Library/Bee/Android/Prj/IL2CPP/Il2CppBackup/il2cppOutput/Unity.XR.CoreUtils.cpp
[1251/1292  0s] CopyFiles C:/Users/User/Documents/QuestCraft v26/QCXR-XR-Wrapper/Library/Bee/Android/Prj/IL2CPP/Il2CppBackup/il2cppOutput/Newtonsoft.Json__4.cpp
[1252/1292  0s] CopyFiles C:/Users/User/Documents/QuestCraft v26/QCXR-XR-Wrapper/Library/Bee/Android/Prj/IL2CPP/Il2CppBackup/il2cppOutput/Assembly-CSharp__1.cpp
[1253/1292  0s] CopyFiles C:/Users/User/Documents/QuestCraft v26/QCXR-XR-Wrapper/Library/Bee/Android/Prj/IL2CPP/Il2CppBackup/il2cppOutput/Newtonsoft.Json__1.cpp
[1254/1292  0s] CopyFiles C:/Users/User/Documents/QuestCraft v26/QCXR-XR-Wrapper/Library/Bee/Android/Prj/IL2CPP/Il2CppBackup/il2cppOutput/Unity.XR.OpenXR__1.cpp
[1255/1292  0s] CopyFiles C:/Users/User/Documents/QuestCraft v26/QCXR-XR-Wrapper/Library/Bee/Android/Prj/IL2CPP/Il2CppBackup/il2cppOutput/UnityEngine.AudioModule_CodeGen.c
[1256/1292  0s] CopyFiles C:/Users/User/Documents/QuestCraft v26/QCXR-XR-Wrapper/Library/Bee/Android/Prj/IL2CPP/Il2CppBackup/il2cppOutput/Unity.VisualScripting.Core_CodeGen.c
[1257/1292  0s] CopyFiles C:/Users/User/Documents/QuestCraft v26/QCXR-XR-Wrapper/Library/Bee/Android/Prj/IL2CPP/Gradle/unityLibrary/src/main/assets/bin/Data/Managed/Metadata/global-metadata.dat
[1258/1292  0s] CopyFiles C:/Users/User/Documents/QuestCraft v26/QCXR-XR-Wrapper/Library/Bee/Android/Prj/IL2CPP/Il2CppBackup/il2cppOutput/UnityEngine.IMGUIModule_CodeGen.c
[1259/1292  0s] CopyFiles C:/Users/User/Documents/QuestCraft v26/QCXR-XR-Wrapper/Library/Bee/Android/Prj/IL2CPP/Il2CppBackup/il2cppOutput/Il2CppGenericMethodPointerTable.c
[1260/1292  0s] CopyFiles C:/Users/User/Documents/QuestCraft v26/QCXR-XR-Wrapper/Library/Bee/Android/Prj/IL2CPP/Il2CppBackup/il2cppOutput/Il2CppGenericAdjustorThunkTable.c
[1261/1292  0s] CopyFiles C:/Users/User/Documents/QuestCraft v26/QCXR-XR-Wrapper/Library/Bee/Android/Prj/IL2CPP/Il2CppBackup/il2cppOutput/UnityEngine.InputModule_CodeGen.c
[1262/1292  0s] CopyFiles C:/Users/User/Documents/QuestCraft v26/QCXR-XR-Wrapper/Library/Bee/Android/Prj/IL2CPP/Il2CppBackup/il2cppOutput/UnityEngine.IMGUIModule__1.cpp
[1263/1292  0s] CopyFiles C:/Users/User/Documents/QuestCraft v26/QCXR-XR-Wrapper/Library/Bee/Android/Prj/IL2CPP/Il2CppBackup/il2cppOutput/System.Configuration_CodeGen.c
[1264/1292  0s] CopyFiles C:/Users/User/Documents/QuestCraft v26/QCXR-XR-Wrapper/Library/Bee/Android/Prj/IL2CPP/Il2CppBackup/il2cppOutput/Unity.VisualScripting.Core.cpp
[1265/1292  0s] CopyFiles C:/Users/User/Documents/QuestCraft v26/QCXR-XR-Wrapper/Library/Bee/Android/Prj/IL2CPP/Il2CppBackup/il2cppOutput/Il2CppCCalculateTypeValues.cpp
[1266/1292  0s] CopyFiles C:/Users/User/Documents/QuestCraft v26/QCXR-XR-Wrapper/Library/Bee/Android/Prj/IL2CPP/Il2CppBackup/il2cppOutput/UnityEngine.UIModule_CodeGen.c
[1267/1292  0s] CopyFiles C:/Users/User/Documents/QuestCraft v26/QCXR-XR-Wrapper/Library/Bee/Android/Prj/IL2CPP/Il2CppBackup/il2cppOutput/Il2CppGenericInstDefinitions.c
[1268/1292  0s] CopyFiles C:/Users/User/Documents/QuestCraft v26/QCXR-XR-Wrapper/Library/Bee/Android/Prj/IL2CPP/Il2CppBackup/il2cppOutput/UnityEngine.XRModule_CodeGen.c
[1269/1292  0s] CopyFiles C:/Users/User/Documents/QuestCraft v26/QCXR-XR-Wrapper/Library/Bee/Android/Prj/IL2CPP/Il2CppBackup/il2cppOutput/UnityEngine.VRModule_CodeGen.c
[1270/1292  0s] GuidGenerator C:/Users/User/Documents/QuestCraft v26/QCXR-XR-Wrapper/Library/Bee/Android/Prj/IL2CPP/Gradle/unityLibrary/src/main/assets/bin/Data/unity_app_guid
[1271/1292  5s] C_Android_arm64 Library/Bee/artifacts/Android/d8kzr/2r8w3yb2sc05.o
[1272/1292  5s] C_Android_arm64 Library/Bee/artifacts/Android/d8kzr/jnju32v0w9nn.o
[1273/1292  6s] C_Android_arm64 Library/Bee/artifacts/Android/d8kzr/4wqnt3hropkt.o
[1274/1292  3s] C_Android_arm64 Library/Bee/artifacts/Android/d8kzr/a7wg3kdeyzti.o
[1275/1292  8s] C_Android_arm64 Library/Bee/artifacts/Android/d8kzr/se93qbiufnq4.o
[1276/1292  6s] C_Android_arm64 Library/Bee/artifacts/Android/d8kzr/gsmjsjnre8dg.o
[1277/1292  5s] C_Android_arm64 Library/Bee/artifacts/Android/d8kzr/qjrou4t23tjv.o
[1278/1292  7s] C_Android_arm64 Library/Bee/artifacts/Android/d8kzr/61t55smufg6q.o
[1279/1292  4s] C_Android_arm64 Library/Bee/artifacts/Android/d8kzr/9uzpjxkv2q4n.o
[1280/1292  5s] C_Android_arm64 Library/Bee/artifacts/Android/d8kzr/f6sjdjtqn5q4.o
[1281/1292  6s] C_Android_arm64 Library/Bee/artifacts/Android/d8kzr/voz5vyomj59i.o
[1282/1292 13s] C_Android_arm64 Library/Bee/artifacts/Android/d8kzr/hjrxx25iy43h.o
[1283/1292  2s] Link_Android_arm64 Library/Bee/artifacts/Android/d8kzr/libil2cpp.so
[1284/1292  0s] CopyFiles Library/Bee/artifacts/objcopy_5lmi/libil2cpp.dbg.so
[1285/1292  0s] NdkObjCopy Library/Bee/artifacts/objcopy_5lmi/stripped/libil2cpp.so
[1286/1292  0s] NdkObjCopy Library/Bee/artifacts/objcopy_5lmi/libil2cpp.sym.so
[1287/1292  0s] CopyFiles C:/Users/User/Documents/QuestCraft v26/QCXR-XR-Wrapper/Library/Bee/artifacts/Android/il2cppOutput/build/arm64-v8a/libil2cpp.sym.so
[1288/1292  0s] NdkObjCopy Library/Bee/artifacts/objcopy_5lmi/libil2cpp.so
[1289/1292  0s] CopyFiles C:/Users/User/Documents/QuestCraft v26/QCXR-XR-Wrapper/Library/Bee/Android/Prj/IL2CPP/Gradle/unityLibrary/src/main/jniLibs/arm64-v8a/libil2cpp.so
[1290/1292  0s] CopyFiles C:/Users/User/Documents/QuestCraft v26/QCXR-XR-Wrapper/Library/Bee/artifacts/Android/il2cppOutput/build/arm64-v8a/libil2cpp.dbg.so
[1291/1292  0s] CopyFiles C:/Users/User/Documents/QuestCraft v26/QCXR-XR-Wrapper/Library/Bee/artifacts/Android/il2cppOutput/build/arm64-v8a/libil2cpp.so
*** Tundra build success (89.69 seconds - 0:01:29), 712 items updated, 1292 evaluated
ExitCode: 0 Duration: 1m:29s
Library\Bee\artifacts\Android\Manifest\LauncherManifestDiag.txt: Unable to find Unity activity in manifest. Some attributes may not be set properly and need to be set manually.
UnityEngine.StackTraceUtility:ExtractStackTrace ()
UnityEngine.DebugLogHandler:LogFormat (UnityEngine.LogType,UnityEngine.Object,string,object[])
UnityEngine.Logger:Log (UnityEngine.LogType,object)
UnityEngine.Debug:LogWarning (object)
UnityEditor.Modules.BeeBuildPostprocessor:DefaultResultProcessor (Bee.BinLog.NodeFinishedMessage,bool,bool)
UnityEditor.Modules.BeeBuildPostprocessor:ReportBuildResults ()
UnityEditor.Modules.BeeBuildPostprocessor:PostProcess (UnityEditor.Modules.BuildPostProcessArgs)
UnityEditor.Modules.DefaultBuildPostprocessor:PostProcess (UnityEditor.Modules.BuildPostProcessArgs,UnityEditor.BuildProperties&)
UnityEditor.Android.AndroidBuildPostprocessor:PostProcess (UnityEditor.Modules.BuildPostProcessArgs,UnityEditor.BuildProperties&) (at /home/bokken/build/output/unity/unity/PlatformDependent/AndroidPlayer/Editor/Managed/ExtensionModule.cs:228)
UnityEditor.PostprocessBuildPlayer:Postprocess (UnityEditor.BuildTargetGroup,UnityEditor.BuildTarget,int,string,string,string,int,int,UnityEditor.BuildOptions,UnityEditor.RuntimeClassRegistry,UnityEditor.Build.Reporting.BuildReport)
UnityEditor.BuildPipeline:BuildPlayerInternal (string[],string,string,UnityEditor.BuildTargetGroup,UnityEditor.BuildTarget,int,UnityEditor.BuildOptions,string[])
UnityEditor.BuildPipeline:BuildPlayer (string[],string,string,UnityEditor.BuildTargetGroup,UnityEditor.BuildTarget,int,UnityEditor.BuildOptions,string[])
UnityEditor.BuildPipeline:BuildPlayer (UnityEditor.BuildPlayerOptions)
QuestCraftCliBuild:BuildAndroid () (at Q:/QCXR-XR-Wrapper/Assets/Editor/QuestCraftCliBuild.cs:86)

(Filename: /home/bokken/build/output/unity/unity/PlatformDependent/AndroidPlayer/Editor/Managed/ExtensionModule.cs Line: 228)

Library\Bee\artifacts\Android\Manifest\LauncherManifestDiag.txt: Unity is trying to add element uses-permission#android.permission.INTERNET but it is already declared by the user in Assets/Plugins/Android\AndroidManifest.xml.
UnityEngine.StackTraceUtility:ExtractStackTrace ()
UnityEngine.DebugLogHandler:LogFormat (UnityEngine.LogType,UnityEngine.Object,string,object[])
UnityEngine.Logger:Log (UnityEngine.LogType,object)
UnityEngine.Debug:LogWarning (object)
UnityEditor.Modules.BeeBuildPostprocessor:DefaultResultProcessor (Bee.BinLog.NodeFinishedMessage,bool,bool)
UnityEditor.Modules.BeeBuildPostprocessor:ReportBuildResults ()
UnityEditor.Modules.BeeBuildPostprocessor:PostProcess (UnityEditor.Modules.BuildPostProcessArgs)
UnityEditor.Modules.DefaultBuildPostprocessor:PostProcess (UnityEditor.Modules.BuildPostProcessArgs,UnityEditor.BuildProperties&)
UnityEditor.Android.AndroidBuildPostprocessor:PostProcess (UnityEditor.Modules.BuildPostProcessArgs,UnityEditor.BuildProperties&) (at /home/bokken/build/output/unity/unity/PlatformDependent/AndroidPlayer/Editor/Managed/ExtensionModule.cs:228)
UnityEditor.PostprocessBuildPlayer:Postprocess (UnityEditor.BuildTargetGroup,UnityEditor.BuildTarget,int,string,string,string,int,int,UnityEditor.BuildOptions,UnityEditor.RuntimeClassRegistry,UnityEditor.Build.Reporting.BuildReport)
UnityEditor.BuildPipeline:BuildPlayerInternal (string[],string,string,UnityEditor.BuildTargetGroup,UnityEditor.BuildTarget,int,UnityEditor.BuildOptions,string[])
UnityEditor.BuildPipeline:BuildPlayer (string[],string,string,UnityEditor.BuildTargetGroup,UnityEditor.BuildTarget,int,UnityEditor.BuildOptions,string[])
UnityEditor.BuildPipeline:BuildPlayer (UnityEditor.BuildPlayerOptions)
QuestCraftCliBuild:BuildAndroid () (at Q:/QCXR-XR-Wrapper/Assets/Editor/QuestCraftCliBuild.cs:86)

(Filename: /home/bokken/build/output/unity/unity/PlatformDependent/AndroidPlayer/Editor/Managed/ExtensionModule.cs Line: 228)

Library\Bee\artifacts\Android\Manifest\LauncherManifestDiag.txt: Unity is trying to add element uses-permission#android.permission.RECORD_AUDIO but it is already declared by the user in Assets/Plugins/Android\AndroidManifest.xml.
UnityEngine.StackTraceUtility:ExtractStackTrace ()
UnityEngine.DebugLogHandler:LogFormat (UnityEngine.LogType,UnityEngine.Object,string,object[])
UnityEngine.Logger:Log (UnityEngine.LogType,object)
UnityEngine.Debug:LogWarning (object)
UnityEditor.Modules.BeeBuildPostprocessor:DefaultResultProcessor (Bee.BinLog.NodeFinishedMessage,bool,bool)
UnityEditor.Modules.BeeBuildPostprocessor:ReportBuildResults ()
UnityEditor.Modules.BeeBuildPostprocessor:PostProcess (UnityEditor.Modules.BuildPostProcessArgs)
UnityEditor.Modules.DefaultBuildPostprocessor:PostProcess (UnityEditor.Modules.BuildPostProcessArgs,UnityEditor.BuildProperties&)
UnityEditor.Android.AndroidBuildPostprocessor:PostProcess (UnityEditor.Modules.BuildPostProcessArgs,UnityEditor.BuildProperties&) (at /home/bokken/build/output/unity/unity/PlatformDependent/AndroidPlayer/Editor/Managed/ExtensionModule.cs:228)
UnityEditor.PostprocessBuildPlayer:Postprocess (UnityEditor.BuildTargetGroup,UnityEditor.BuildTarget,int,string,string,string,int,int,UnityEditor.BuildOptions,UnityEditor.RuntimeClassRegistry,UnityEditor.Build.Reporting.BuildReport)
UnityEditor.BuildPipeline:BuildPlayerInternal (string[],string,string,UnityEditor.BuildTargetGroup,UnityEditor.BuildTarget,int,UnityEditor.BuildOptions,string[])
UnityEditor.BuildPipeline:BuildPlayer (string[],string,string,UnityEditor.BuildTargetGroup,UnityEditor.BuildTarget,int,UnityEditor.BuildOptions,string[])
UnityEditor.BuildPipeline:BuildPlayer (UnityEditor.BuildPlayerOptions)
QuestCraftCliBuild:BuildAndroid () (at Q:/QCXR-XR-Wrapper/Assets/Editor/QuestCraftCliBuild.cs:86)

(Filename: /home/bokken/build/output/unity/unity/PlatformDependent/AndroidPlayer/Editor/Managed/ExtensionModule.cs Line: 228)

DisplayProgressbar: Calling IPostGenerateGradleAndroidProject callbacks
Calling IPostGenerateGradleAndroidProject callbacks on 'C:\Users\User\Documents\QuestCraft v26\QCXR-XR-Wrapper\Library\Bee\Android\Prj\IL2CPP\Gradle\unityLibrary':
    Call "Unity.XR.OpenXR.Features.PICOSupport.PICOModifyAndroidManifest.OnPostGenerateGradleAndroidProject" from assembly 'Unity.XR.OpenXR.Features.PICOSupport.Editor'
    Call "Unity.XR.Management.AndroidManifest.Editor.AndroidManifestBuildEventReceiver.OnPostGenerateGradleAndroidProject" from assembly 'Unity.XR.Management.Editor'
Total cache size 78247351
Total cache size after purge 78247351
    Call "UnityEditor.XR.OpenXR.Features.OculusQuestSupport.ModifyAndroidManifestOculus.OnPostGenerateGradleAndroidProject" from assembly 'Unity.XR.OpenXR.Features.OculusQuestSupport.Editor'
    Call "UnityEditor.XR.OpenXR.Features.MetaQuestSupport.ModifyAndroidManifestMeta.OnPostGenerateGradleAndroidProject" from assembly 'Unity.XR.OpenXR.Features.MetaQuestSupport.Editor'
    Call "UnityEditor.XR.OpenXR.Features.MetaQuestSupport.MetaQuestFeatureBuildHooks.OnPostGenerateGradleAndroidProject" from assembly 'Unity.XR.OpenXR.Features.MetaQuestSupport.Editor'
    Call "Pico.Platform.Editor.PlatformManifestRewrite.OnPostGenerateGradleAndroidProject" from assembly 'PICO.Platform.Editor'
Android PostProcess task "Calling IPostGenerateGradleAndroidProject callbacks" took 86.8942 ms
Android PostProcess task "Cloud Diagnostics Symbol Upload" took 0.2851 ms
DisplayProgressbar: Building Gradle project
Android PostProcess task "Building Gradle project" took 75948.4498 ms
DisplayProgressbar: Processing Mapping File
Android PostProcess task "Processing Mapping File" took 0.3959 ms
DisplayProgressbar: Moving output package(s)
Android PostProcess task "Moving output package(s)" took 17.9811 ms
Refreshing native plugins compatible for Editor in 149.61 ms, found 19 plugins.
Preloading 0 native plugins for Editor in 0.00 ms.

-------------------------------------------------------------------------------
Build Report
Information on used Assets is not available, since player data was not rebuilt.
Do a clean build to view the Asset build report information.
-------------------------------------------------------------------------------
[Licensing::Client] Successfully resolved entitlement details
Unloading 5 Unused Serialized files (Serialized files now loaded: 0)
Unloading 199 unused Assets / (1.2 MB). Loaded Objects now: 5547.
Memory consumption went from 149.2 MB to 148.1 MB.
Total: 9.530700 ms (FindLiveObjects: 1.047200 ms CreateObjectMapping: 0.398500 ms MarkObjects: 6.668800 ms  DeleteObjects: 1.414500 ms)

DisplayProgressNotification: Build Successful
Build Finished, Result: Success.
##utp:{"type":"PlayerBuildInfo","version":2,"phase":"Immediate","time":1782195591113,"processId":10460,"steps":[{"description":"Preprocess Player","duration":268},{"description":"Prepare For Build","duration":3036},{"description":"ProducePlayerScriptAssemblies","duration":6307},{"description":"Verify Build setup","duration":689},{"description":"Prepare assets for target platform","duration":59},{"description":"Prepare splash screen","duration":17},{"description":"Run script only build","duration":115},{"description":"Postprocess built player","duration":187349}],"duration":197840}
[PhysX] Initialized MultithreadedTaskDispatcher with 16 workers.
Unloading 0 Unused Serialized files (Serialized files now loaded: 0)
Loaded scene 'Temp/__Backupscenes/0.backup'
	Deserialize:            3.508 ms
	Integration:            21.047 ms
	Integration of assets:  0.002 ms
	Thread Wait Time:       0.011 ms
	Total Operation Time:   24.568 ms
Unloading 0 unused Assets / (1.4 KB). Loaded Objects now: 5547.
Memory consumption went from 135.3 MB to 135.3 MB.
Total: 4.366000 ms (FindLiveObjects: 0.415000 ms CreateObjectMapping: 0.087900 ms MarkObjects: 3.854800 ms  DeleteObjects: 0.007700 ms)

Batchmode quit successfully invoked - shutting down!
Killing ADB server in 0.0846038 seconds.
Start importing ProjectSettings/ProjectSettings.asset using Guid(00000000000000004000000000000000) Importer(-1,00000000000000000000000000000000) [PhysX] Initialized MultithreadedTaskDispatcher with 16 workers.
 -> (artifact id: 'ad36f88467732b6bdfb6ad6583bd5f95') in 0.003438 seconds
Refreshing native plugins compatible for Editor in 33.98 ms, found 19 plugins.
Preloading 0 native plugins for Editor in 0.00 ms.
Asset Pipeline Refresh (id=1c65ea1f9f82b8644a1d2e5ff12238a1): Total: 0.227 seconds - Initiated by StopAssetImportingV2(NoUpdateAssetOptions)
[PhysX] Initialized MultithreadedTaskDispatcher with 16 workers.
Input System module state changed to: ShutdownInProgress.
Input System polling thread exited.
Input System module state changed to: Shutdown.
[Licensing::IpcConnector] LicenseClient-User-notifications channel disconnected successfully.
[Licensing::IpcConnector] LicenseClient-User channel disconnected successfully.
Cleanup mono
abort_threads: Failed aborting id: 0000000000002424, mono_thread_manage will ignore it

abort_threads: Failed aborting id: 0000000000004DAC, mono_thread_manage will ignore it

debugger-agent: Unable to listen on 7120
[Performance] WinEditorMain                                                                                                                                :        1 samples, Peak.  1.14 s (1.0x), Avg.  1.14 s, Total. 1.144 s (0.5%)
[Performance] WinEditorMain.ConfigureCrashHandler                                                                                                          :        1 samples, Peak.  29.9 us (1.0x), Avg.  29.9 us, Total. 29.90 us (0.0%)
[Performance] WinEditorMain.CurlRequestInitialize                                                                                                          :        1 samples, Peak.   760 us (1.0x), Avg.   760 us, Total. 759.6 us (0.0%)
[Performance] WinEditorMain.SetupLogFile                                                                                                                   :        1 samples, Peak.   588 us (1.0x), Avg.   588 us, Total. 588.5 us (0.0%)
[Performance] WinEditorMain.RunNativeTestsIfRequiredAndExit                                                                                                :        1 samples, Peak.   200 ns (1.0x), Avg.   200 ns, Total. 200.0 ns (0.0%)
[Performance] WinEditorMain.Licensing                                                                                                                      :        1 samples, Peak.  1.11 s (1.0x), Avg.  1.11 s, Total. 1.109 s (0.4%)
[Performance] WinEditorMain.InitializeCrashHandler                                                                                                         :        1 samples, Peak.  29.2 ms (1.0x), Avg.  29.2 ms, Total. 29.21 ms (0.0%)
[Performance] WinEditorMain.CreateApplication                                                                                                              :        1 samples, Peak.   181 us (1.0x), Avg.   181 us, Total. 181.3 us (0.0%)
[Performance] Application.InitializeProject                                                                                                                :        1 samples, Peak.  46.6 s (1.0x), Avg.  46.6 s, Total. 46.59 s (18.4%)
[Performance] Application.PackageManager.StartServer                                                                                                       :        1 samples, Peak.  4.75 ms (1.0x), Avg.  4.75 ms, Total. 4.747 ms (0.0%)
[Performance] Application.AcquireProjectLock                                                                                                               :        1 samples, Peak.  4.21 ms (1.0x), Avg.  4.21 ms, Total. 4.214 ms (0.0%)
[Performance] Application.InitializeEngineNoGraphics                                                                                                       :        1 samples, Peak.  70.0 ms (1.0x), Avg.  70.0 ms, Total. 70.02 ms (0.0%)
[Performance] Application.PackageManager.Initialize                                                                                                        :        1 samples, Peak.   700 ms (1.0x), Avg.   700 ms, Total. 700.2 ms (0.3%)
[Performance] Connecting to Package Manager                                                                                                                :       71 samples, Peak.  73.5 us (24.0x), Avg.  3.06 us, Total. 217.6 us (0.0%)
[Performance] PackageManager::Api::RunRequestSynchronously                                                                                                 :       37 samples, Peak.  24.2 us (3.6x), Avg.  6.75 us, Total. 249.9 us (0.0%)
[Performance] Application.EngineGraphics.Initialize                                                                                                        :        1 samples, Peak.   431 ms (1.0x), Avg.   431 ms, Total. 431.0 ms (0.2%)
[Performance] Application.GI.Initialize                                                                                                                    :        1 samples, Peak.  7.73 ms (1.0x), Avg.  7.73 ms, Total. 7.732 ms (0.0%)
[Performance] Application.LoadAllDefaultResourcesFromEditor                                                                                                :        1 samples, Peak.  1.75 ms (1.0x), Avg.  1.75 ms, Total. 1.751 ms (0.0%)
[Performance] Application.LoadMonoAssemblies                                                                                                               :        1 samples, Peak.  9.53 s (1.0x), Avg.  9.53 s, Total. 9.529 s (3.8%)
[Performance] RestoreManagedReferences                                                                                                                     :        2 samples, Peak.  40.9 ms (2.0x), Avg.  20.4 ms, Total. 40.86 ms (0.0%)
[Performance] InitializeOnLoad DrivenRectTransformUndo                                                                                                     :        2 samples, Peak.  1.18 ms (1.3x), Avg.   894 us, Total. 1.789 ms (0.0%)
[Performance] InitializeOnLoad SceneSearch                                                                                                                 :        2 samples, Peak.   112 us (1.0x), Avg.   107 us, Total. 214.1 us (0.0%)
[Performance] InitializeOnLoad CloudBuild                                                                                                                  :        2 samples, Peak.  4.20 us (1.0x), Avg.  4.20 us, Total. 8.400 us (0.0%)
[Performance] InitializeOnLoad NativeFormatImporterUtility                                                                                                 :        2 samples, Peak.  2.88 ms (1.4x), Avg.  2.05 ms, Total. 4.096 ms (0.0%)
[Performance] InitializeOnLoad SearchService                                                                                                               :        2 samples, Peak.  94.1 us (1.0x), Avg.  90.3 us, Total. 180.5 us (0.0%)
[Performance] InitializeOnLoad SettingsService                                                                                                             :        2 samples, Peak.  9.00 us (1.2x), Avg.  7.30 us, Total. 14.60 us (0.0%)
[Performance] InitializeOnLoad WindowLayout                                                                                                                :        2 samples, Peak.   439 us (1.4x), Avg.   306 us, Total. 611.1 us (0.0%)
[Performance] InitializeOnLoad AssetStoreContext                                                                                                           :        2 samples, Peak.  16.0 ms (1.6x), Avg.  9.77 ms, Total. 19.54 ms (0.0%)
[Performance] InitializeOnLoad PoolManager                                                                                                                 :        2 samples, Peak.   468 us (1.0x), Avg.   447 us, Total. 893.3 us (0.0%)
[Performance] InitializeOnLoad MixerEffectDefinitionReloader                                                                                               :        2 samples, Peak.  6.63 ms (1.7x), Avg.  3.90 ms, Total. 7.790 ms (0.0%)
[Performance] InitializeOnLoad ProjectSearch                                                                                                               :        2 samples, Peak.  71.3 us (1.2x), Avg.  59.2 us, Total. 118.4 us (0.0%)
[Performance] InitializeOnLoad UISystemProfilerRenderService                                                                                               :        2 samples, Peak.  9.40 us (1.2x), Avg.  8.05 us, Total. 16.10 us (0.0%)
[Performance] InitializeOnLoad EditMode                                                                                                                    :        2 samples, Peak.   993 us (1.6x), Avg.   618 us, Total. 1.236 ms (0.0%)
[Performance] InitializeOnLoad UnityConnect                                                                                                                :        2 samples, Peak.  62.8 us (1.3x), Avg.  48.2 us, Total. 96.50 us (0.0%)
[Performance] InitializeOnLoad ManagedDebugger                                                                                                             :        2 samples, Peak.   472 us (1.1x), Avg.   438 us, Total. 875.9 us (0.0%)
[Performance] InitializeOnLoad ShortcutIntegration                                                                                                         :        2 samples, Peak.  47.8 us (1.1x), Avg.  43.4 us, Total. 86.70 us (0.0%)
[Performance] InitializeOnLoad AddComponentWindow                                                                                                          :        2 samples, Peak.  82.2 us (1.0x), Avg.  81.4 us, Total. 162.7 us (0.0%)
[Performance] InitializeOnLoad ManagedDebuggerWindow                                                                                                       :        2 samples, Peak.   101 us (1.0x), Avg.  98.8 us, Total. 197.6 us (0.0%)
[Performance] InitializeOnLoad CacheServerWindow                                                                                                           :        2 samples, Peak.  8.30 us (1.3x), Avg.  6.55 us, Total. 13.10 us (0.0%)
[Performance] InitializeOnLoad PlayModeDownload                                                                                                            :        2 samples, Peak.  2.04 ms (1.9x), Avg.  1.06 ms, Total. 2.125 ms (0.0%)
[Performance] InitializeOnLoad MenuItems                                                                                                                   :        2 samples, Peak.  96.7 us (1.2x), Avg.  81.8 us, Total. 163.7 us (0.0%)
[Performance] InitializeOnLoad PrefabInstanceChangedListener                                                                                               :        2 samples, Peak.   229 us (1.4x), Avg.   158 us, Total. 316.4 us (0.0%)
[Performance] InitializeOnLoad ObjectSelectorSearch                                                                                                        :        2 samples, Peak.  34.9 us (1.1x), Avg.  32.5 us, Total. 64.90 us (0.0%)
[Performance] InitializeOnLoad EditorMonitor                                                                                                               :        2 samples, Peak.   514 us (1.1x), Avg.   464 us, Total. 927.8 us (0.0%)
[Performance] InitializeOnLoad RetainedMode                                                                                                                :        2 samples, Peak.  2.46 ms (1.2x), Avg.  2.05 ms, Total. 4.096 ms (0.0%)
[Performance] InitializeOnLoad EditorShaderLoader                                                                                                          :        2 samples, Peak.  1.08 ms (1.4x), Avg.   763 us, Total. 1.526 ms (0.0%)
[Performance] InitializeOnLoad EditorDelegateRegistration                                                                                                  :        2 samples, Peak.   369 us (1.0x), Avg.   366 us, Total. 732.4 us (0.0%)
[Performance] InitializeOnLoad UIDocumentHierarchyWatcher                                                                                                  :        2 samples, Peak.  71.5 us (1.2x), Avg.  59.6 us, Total. 119.2 us (0.0%)
[Performance] InitializeOnLoad LiveReloadTrackerCreator                                                                                                    :        2 samples, Peak.   207 us (1.3x), Avg.   160 us, Total. 320.5 us (0.0%)
[Performance] InitializeOnLoad UxmlObjectEditorFactories                                                                                                   :        2 samples, Peak.   393 us (1.0x), Avg.   388 us, Total. 775.6 us (0.0%)
[Performance] InitializeOnLoad UXMLEditorFactories                                                                                                         :        2 samples, Peak.  41.8 ms (1.0x), Avg.  41.8 ms, Total. 83.50 ms (0.0%)
[Performance] InitializeOnLoad PurchasingService                                                                                                           :        2 samples, Peak.  6.44 ms (1.4x), Avg.  4.49 ms, Total. 8.984 ms (0.0%)
[Performance] InitializeOnLoad CloudBuildPoller                                                                                                            :        2 samples, Peak.   140 us (1.3x), Avg.   111 us, Total. 222.9 us (0.0%)
[Performance] InitializeOnLoad EditorGameServicesAnalytics                                                                                                 :        2 samples, Peak.  2.20 ms (1.6x), Avg.  1.36 ms, Total. 2.720 ms (0.0%)
[Performance] InitializeOnLoad AnalyticsService                                                                                                            :        2 samples, Peak.   266 us (1.4x), Avg.   191 us, Total. 382.2 us (0.0%)
[Performance] InitializeOnLoad BuildService                                                                                                                :        2 samples, Peak.   169 us (1.3x), Avg.   132 us, Total. 263.6 us (0.0%)
[Performance] InitializeOnLoad AdsService                                                                                                                  :        2 samples, Peak.   848 us (1.5x), Avg.   556 us, Total. 1.112 ms (0.0%)
[Performance] InitializeOnLoad UDPService                                                                                                                  :        2 samples, Peak.   150 us (1.2x), Avg.   125 us, Total. 250.6 us (0.0%)
[Performance] InitializeOnLoad CrashService                                                                                                                :        2 samples, Peak.   115 us (1.1x), Avg.   102 us, Total. 204.8 us (0.0%)
[Performance] InitializeOnLoad ServicesRepository                                                                                                          :        2 samples, Peak.   400 ns (1.3x), Avg.   300 ns, Total. 600.0 ns (0.0%)
[Performance] InitializeOnLoad SearchWindow                                                                                                                :        2 samples, Peak.  94.9 us (1.0x), Avg.  93.2 us, Total. 186.5 us (0.0%)
[Performance] InitializeOnLoad CustomIndexers                                                                                                              :        2 samples, Peak.  16.1 ms (1.2x), Avg.  13.0 ms, Total. 26.03 ms (0.0%)
[Performance] InitializeOnLoad SearchMonitor                                                                                                               :        2 samples, Peak.  1.72 ms (1.3x), Avg.  1.36 ms, Total. 2.720 ms (0.0%)
[Performance] InitializeOnLoad ParameterControllerEditor                                                                                                   :        2 samples, Peak.  27.9 us (1.0x), Avg.  27.8 us, Total. 55.60 us (0.0%)
[Performance] InitializeOnLoad LayerSettingsWindow                                                                                                         :        2 samples, Peak.  35.8 us (1.8x), Avg.  20.2 us, Total. 40.40 us (0.0%)
[Performance] InitializeOnLoad PackageManagerHookGUIDConverter.RegisterPackagesEventHandler                                                                :        2 samples, Peak.   677 us (1.8x), Avg.   376 us, Total. 752.2 us (0.0%)
[Performance] InitializeOnLoad EditorDragAndDrop.RegisterEditorClient                                                                                      :        2 samples, Peak.   255 us (1.2x), Avg.   209 us, Total. 417.2 us (0.0%)
[Performance] InitializeOnLoad EditorEventCallbacks.InitializeFontAssetResourceChangeCallBacks                                                             :        2 samples, Peak.  1.01 ms (1.0x), Avg.  1.00 ms, Total. 2.000 ms (0.0%)
[Performance] InitializeOnLoad SceneTemplateService.Init                                                                                                   :        2 samples, Peak.   968 us (1.1x), Avg.   906 us, Total. 1.812 ms (0.0%)
[Performance] InitializeOnLoad DiagnosticSwitchesConsoleMessage.Init                                                                                       :        2 samples, Peak.  6.31 ms (1.9x), Avg.  3.36 ms, Total. 6.720 ms (0.0%)
[Performance] InitializeOnLoad PackageManagerWindow.EditorInitializedInSafeMode                                                                            :        2 samples, Peak.  28.1 ms (2.0x), Avg.  14.1 ms, Total. 28.20 ms (0.0%)
[Performance] InitializeOnLoad ToolShortcutContext.Init                                                                                                    :        2 samples, Peak.   142 us (1.2x), Avg.   123 us, Total. 246.3 us (0.0%)
[Performance] InitializeOnLoad MemoryProfilerCompilationGuard.InjectCompileGuard                                                                           :        2 samples, Peak.   132 us (1.1x), Avg.   124 us, Total. 248.3 us (0.0%)
[Performance] InitializeOnLoad AssetPostprocessingInternal.RefreshCustomDependencies                                                                       :        2 samples, Peak.  2.80 ms (1.5x), Avg.  1.81 ms, Total. 3.619 ms (0.0%)
[Performance] InitializeOnLoad SysrootManager.Initialize                                                                                                   :        2 samples, Peak.  16.0 us (1.1x), Avg.  15.0 us, Total. 29.90 us (0.0%)
[Performance] InitializeOnLoad ScopedRegistryAddedPopup.SubscribeToRegistriesAdded                                                                         :        2 samples, Peak.  5.28 ms (2.0x), Avg.  2.69 ms, Total. 5.385 ms (0.0%)
[Performance] InitializeOnLoad SceneVisibilityManager.Initialize                                                                                           :        2 samples, Peak.  4.06 ms (1.7x), Avg.  2.36 ms, Total. 4.717 ms (0.0%)
[Performance] InitializeOnLoad EditorWindow.Initialize                                                                                                     :        2 samples, Peak.   284 us (1.2x), Avg.   236 us, Total. 472.9 us (0.0%)
[Performance] AssemblyReloadEvents.afterAssemblyReload: UnityEditor.SceneTemplate.SceneTemplateService.AfterAssemblyReload                                 :        2 samples, Peak.  3.41 ms (1.9x), Avg.  1.83 ms, Total. 3.668 ms (0.0%)
[Performance] ProcessService.EditorAfterLoadAllAssemblies                                                                                                  :        2 samples, Peak.   651 us (1.4x), Avg.   476 us, Total. 951.1 us (0.0%)
[Performance] Application.ReadLicenseInfo                                                                                                                  :        1 samples, Peak.  27.2 ms (1.0x), Avg.  27.2 ms, Total. 27.20 ms (0.0%)
[Performance] Application.InitialRefresh                                                                                                                   :        1 samples, Peak.  29.0 s (1.0x), Avg.  29.0 s, Total. 28.95 s (11.5%)
[Performance] ShaderImporter.SourceAssetModified                                                                                                           :        4 samples, Peak.  1.10 us (1.2x), Avg.   925 ns, Total. 3.700 us (0.0%)
[Performance] ShaderIncludeImporter.SourceAssetModified                                                                                                    :        4 samples, Peak.  1000 ns (1.1x), Avg.   875 ns, Total. 3.500 us (0.0%)
[Performance] Compiling Scripts                                                                                                                            :        1 samples, Peak.  2.24 s (1.0x), Avg.  2.24 s, Total. 2.239 s (0.9%)
[Performance] AssemblyReloadEvents.beforeAssemblyReload: UnityEditor.SceneTemplate.SceneTemplateService.BeforeAssemblyReload                               :        1 samples, Peak.   397 us (1.0x), Avg.   397 us, Total. 396.9 us (0.0%)
[Performance] PresetManagerPostProcessor.OnPreprocessAsset                                                                                                 :        4 samples, Peak.  1.05 ms (2.5x), Avg.   415 us, Total. 1.659 ms (0.0%)
[Performance] NugetPackageAssetPostprocessor.OnPreprocessAsset                                                                                             :        4 samples, Peak.  35.6 ms (4.0x), Avg.  8.93 ms, Total. 35.71 ms (0.0%)
[Performance] CancelSplashScreenOnAssetChange.OnPreprocessAsset                                                                                            :        4 samples, Peak.   184 us (3.8x), Avg.  48.4 us, Total. 193.5 us (0.0%)
[Performance] InitializeOnLoad TouchSimulation                                                                                                             :        1 samples, Peak.   229 us (1.0x), Avg.   229 us, Total. 228.8 us (0.0%)
[Performance] InitializeOnLoad InputSystem                                                                                                                 :        1 samples, Peak.  40.5 ms (1.0x), Avg.  40.5 ms, Total. 40.52 ms (0.0%)
[Performance] InitializeOnLoad InputSystemUIInputModuleEditor                                                                                              :        1 samples, Peak.   111 us (1.0x), Avg.   111 us, Total. 110.7 us (0.0%)
[Performance] InitializeOnLoad EnableUITKEditor                                                                                                            :        1 samples, Peak.  17.6 us (1.0x), Avg.  17.6 us, Total. 17.60 us (0.0%)
[Performance] InitializeOnLoad ScriptableSettingsInitializer                                                                                               :        1 samples, Peak.   166 us (1.0x), Avg.   166 us, Total. 166.2 us (0.0%)
[Performance] InitializeOnLoad BuildValidator                                                                                                              :        1 samples, Peak.   508 us (1.0x), Avg.   508 us, Total. 508.3 us (0.0%)
[Performance] InitializeOnLoad XRGeneralSettingsPerBuildTarget                                                                                             :        1 samples, Peak.   394 us (1.0x), Avg.   394 us, Total. 393.5 us (0.0%)
[Performance] InitializeOnLoad XRPackageMetadataStore                                                                                                      :        1 samples, Peak.   343 us (1.0x), Avg.   343 us, Total. 343.2 us (0.0%)
[Performance] InitializeOnLoad XRPackageInitializationBootstrap                                                                                            :        1 samples, Peak.  46.1 us (1.0x), Avg.  46.1 us, Total. 46.10 us (0.0%)
[Performance] InitializeOnLoad XRLegacyUninstaller                                                                                                         :        1 samples, Peak.  6.21 ms (1.0x), Avg.  6.21 ms, Total. 6.214 ms (0.0%)
[Performance] InitializeOnLoad BuildHelperUtils                                                                                                            :        1 samples, Peak.  15.0 us (1.0x), Avg.  15.0 us, Total. 15.00 us (0.0%)
[Performance] InitializeOnLoad SectorInteraction                                                                                                           :        1 samples, Peak.   473 us (1.0x), Avg.   473 us, Total. 472.8 us (0.0%)
[Performance] InitializeOnLoad QuaternionFallbackComposite                                                                                                 :        1 samples, Peak.   114 us (1.0x), Avg.   114 us, Total. 114.0 us (0.0%)
[Performance] InitializeOnLoad Vector3FallbackComposite                                                                                                    :        1 samples, Peak.  52.9 us (1.0x), Avg.  52.9 us, Total. 52.90 us (0.0%)
[Performance] InitializeOnLoad SimulatedInputLayoutLoader                                                                                                  :        1 samples, Peak.   194 us (1.0x), Avg.   194 us, Total. 193.6 us (0.0%)
[Performance] InitializeOnLoad ButtonFallbackComposite                                                                                                     :        1 samples, Peak.  63.6 us (1.0x), Avg.  63.6 us, Total. 63.60 us (0.0%)
[Performance] InitializeOnLoad IntegerFallbackComposite                                                                                                    :        1 samples, Peak.  49.8 us (1.0x), Avg.  49.8 us, Total. 49.80 us (0.0%)
[Performance] InitializeOnLoad UnityTestProtocolStarter                                                                                                    :        1 samples, Peak.   248 us (1.0x), Avg.   248 us, Total. 248.3 us (0.0%)
[Performance] InitializeOnLoad BackgroundWatcher                                                                                                           :        1 samples, Peak.  63.8 us (1.0x), Avg.  63.8 us, Total. 63.80 us (0.0%)
[Performance] InitializeOnLoad RiderScriptEditor                                                                                                           :        1 samples, Peak.  36.6 ms (1.0x), Avg.  36.6 ms, Total. 36.61 ms (0.0%)
[Performance] InitializeOnLoad CallbackInitializer                                                                                                         :        1 samples, Peak.  2.11 ms (1.0x), Avg.  2.11 ms, Total. 2.106 ms (0.0%)
[Performance] InitializeOnLoad SpriteEditorWindow                                                                                                          :        1 samples, Peak.   385 us (1.0x), Avg.   385 us, Total. 385.3 us (0.0%)
[Performance] InitializeOnLoad PXR_PlatformSetting                                                                                                         :        1 samples, Peak.  8.10 us (1.0x), Avg.  8.10 us, Total. 8.100 us (0.0%)
[Performance] InitializeOnLoad CoverageReporterStarter                                                                                                     :        1 samples, Peak.  4.34 ms (1.0x), Avg.  4.34 ms, Total. 4.341 ms (0.0%)
[Performance] InitializeOnLoad PlasticPlugin                                                                                                               :        1 samples, Peak.  54.1 ms (1.0x), Avg.  54.1 ms, Total. 54.11 ms (0.0%)
[Performance] InitializeOnLoad ToolbarBootstrap                                                                                                            :        1 samples, Peak.  36.3 ms (1.0x), Avg.  36.3 ms, Total. 36.34 ms (0.0%)
[Performance] InitializeOnLoad VSCodeScriptEditor                                                                                                          :        1 samples, Peak.  6.85 ms (1.0x), Avg.  6.85 ms, Total. 6.849 ms (0.0%)
[Performance] InitializeOnLoad VSUsageUtility                                                                                                              :        1 samples, Peak.  22.3 ms (1.0x), Avg.  22.3 ms, Total. 22.33 ms (0.0%)
[Performance] InitializeOnLoad VisualStudioEditor                                                                                                          :        1 samples, Peak.  4.77 ms (1.0x), Avg.  4.77 ms, Total. 4.767 ms (0.0%)
[Performance] InitializeOnLoad TestRunnerApiListener                                                                                                       :        1 samples, Peak.   411 us (1.0x), Avg.   411 us, Total. 411.2 us (0.0%)
[Performance] InitializeOnLoad VisualStudioIntegration                                                                                                     :        1 samples, Peak.  1.20 ms (1.0x), Avg.  1.20 ms, Total. 1.202 ms (0.0%)
[Performance] InitializeOnLoad PrefabLayoutRebuilder                                                                                                       :        1 samples, Peak.   347 us (1.0x), Avg.   347 us, Total. 347.4 us (0.0%)
[Performance] InitializeOnLoad OnLoadNuGetPackageRestorer                                                                                                  :        1 samples, Peak.  43.7 ms (1.0x), Avg.  43.7 ms, Total. 43.69 ms (0.0%)
[Performance] AssetDatabase.Refresh                                                                                                                        :        2 samples, Peak.  10.8 ms (2.0x), Avg.  5.38 ms, Total. 10.77 ms (0.0%)
[Performance] InitializeOnLoad SysrootPackage.IssueWarningIfLinuxIL2CPPNotPresent                                                                          :        1 samples, Peak.   181 us (1.0x), Avg.   181 us, Total. 181.1 us (0.0%)
[Performance] InitializeOnLoad OpenXRProjectValidationRulesSetup.OpenXRProjectValidationCheck                                                              :        1 samples, Peak.  17.0 ms (1.0x), Avg.  17.0 ms, Total. 17.00 ms (0.0%)
[Performance] InitializeOnLoad OpenXRFeatureSetManager.InitializeOnLoad                                                                                    :        1 samples, Peak.   263 us (1.0x), Avg.   263 us, Total. 262.9 us (0.0%)
[Performance] InitializeOnLoad OpenXRChooseRuntimeLibraries.InitializeOnLoad                                                                               :        1 samples, Peak.  2.58 ms (1.0x), Avg.  2.58 ms, Total. 2.582 ms (0.0%)
[Performance] InitializeOnLoad InputSystemPackageControl.SubscribePackageManagerEvent                                                                      :        1 samples, Peak.  91.2 us (1.0x), Avg.  91.2 us, Total. 91.20 us (0.0%)
[Performance] InitializeOnLoad InputSystemPluginControl.CheckForExtension                                                                                  :        1 samples, Peak.  1.20 ms (1.0x), Avg.  1.20 ms, Total. 1.199 ms (0.0%)
[Performance] InitializeOnLoad VisualStudioEditor.LegacyVisualStudioCodePackageDisabler                                                                    :        1 samples, Peak.  2.45 ms (1.0x), Avg.  2.45 ms, Total. 2.448 ms (0.0%)
[Performance] InitializeOnLoad CoreUtilsAnalytics.RegisterEvents                                                                                           :        1 samples, Peak.   388 us (1.0x), Avg.   388 us, Total. 388.1 us (0.0%)
[Performance] InitializeOnLoad XRPluginManagementProjectValidation.RegisterProjectValidationRules                                                          :        1 samples, Peak.   795 us (1.0x), Avg.   795 us, Total. 795.2 us (0.0%)
[Performance] InitializeOnLoad OpenXRInput.RegisterFeatureLayouts                                                                                          :        1 samples, Peak.   932 us (1.0x), Avg.   932 us, Total. 931.5 us (0.0%)
[Performance] InitializeOnLoad AnalyticsReporter.RegisterCallbacks                                                                                         :        1 samples, Peak.  2.86 ms (1.0x), Avg.  2.86 ms, Total. 2.859 ms (0.0%)
[Performance] InitializeOnLoad TestJobDataHolder.ResumeRunningJobs                                                                                         :        1 samples, Peak.   883 us (1.0x), Avg.   883 us, Total. 882.8 us (0.0%)
[Performance] InitializeOnLoad TestStarter.Initialize                                                                                                      :        1 samples, Peak.  1.45 ms (1.0x), Avg.  1.45 ms, Total. 1.445 ms (0.0%)
[Performance] DidReloadScriptsAdvancedDropdownWindow.OnScriptReload                                                                                        :        2 samples, Peak.   234 us (1.2x), Avg.   201 us, Total. 402.5 us (0.0%)
[Performance] DidReloadScriptsPackageVersionUtility.OnReloadScripts                                                                                        :        1 samples, Peak.  76.8 us (1.0x), Avg.  76.8 us, Total. 76.80 us (0.0%)
[Performance] DidReloadScriptsTestListCache.ScriptReloaded                                                                                                 :        1 samples, Peak.  1.56 ms (1.0x), Avg.  1.56 ms, Total. 1.562 ms (0.0%)
[Performance] DidReloadScriptsTestRunnerWindow.CompilationCallback                                                                                         :        1 samples, Peak.   813 us (1.0x), Avg.   813 us, Total. 813.2 us (0.0%)
[Performance] AssemblyReloadEvents.afterAssemblyReload: UnityEditor.XR.Management.Metadata.XRPackageMetadataStore.AssemblyReloadEvents_afterAssemblyReload :        1 samples, Peak.  2.03 ms (1.0x), Avg.  2.03 ms, Total. 2.028 ms (0.0%)
[Performance] AssetDatabase.ImportAssets                                                                                                                   :        7 samples, Peak.   227 ms (4.9x), Avg.  46.0 ms, Total. 321.8 ms (0.1%)
[Performance] VersionControl.Task.Wait                                                                                                                     :        1 samples, Peak.  20.5 us (1.0x), Avg.  20.5 us, Total. 20.50 us (0.0%)
[Performance] TMPro_TexturePostProcessor.OnPostprocessAllAssets                                                                                            :        6 samples, Peak.   500 us (2.1x), Avg.   234 us, Total. 1.401 ms (0.0%)
[Performance] AssetPostprocessor.OnPostprocessAllAssets                                                                                                    :        6 samples, Peak.   726 us (3.0x), Avg.   244 us, Total. 1.463 ms (0.0%)
[Performance] BuilderAssetPostprocessor.OnPostprocessAllAssets                                                                                             :        6 samples, Peak.  2.39 ms (2.9x), Avg.   816 us, Total. 4.897 ms (0.0%)
[Performance] ArtifactBrowserPostProcessor.OnPostprocessAllAssets                                                                                          :        6 samples, Peak.   679 us (3.0x), Avg.   228 us, Total. 1.367 ms (0.0%)
[Performance] AssetEvents.OnPostprocessAllAssets                                                                                                           :       12 samples, Peak.   190 us (4.5x), Avg.  42.2 us, Total. 506.1 us (0.0%)
[Performance] AudioMixerPostprocessor.OnPostprocessAllAssets                                                                                               :        6 samples, Peak.   320 us (3.0x), Avg.   108 us, Total. 645.7 us (0.0%)
[Performance] StyleCatalogPostProcessor.OnPostprocessAllAssets                                                                                             :        6 samples, Peak.  21.0 ms (3.0x), Avg.  7.02 ms, Total. 42.09 ms (0.0%)
[Performance] BuildCatalog                                                                                                                                 :        1 samples, Peak.  19.7 ms (1.0x), Avg.  19.7 ms, Total. 19.66 ms (0.0%)
[Performance] ModelImporterPostProcessor.OnPostprocessAllAssets                                                                                            :        6 samples, Peak.  1.08 ms (2.9x), Avg.   371 us, Total. 2.225 ms (0.0%)
[Performance] RetainedModeAssetPostprocessor.OnPostprocessAllAssets                                                                                        :        6 samples, Peak.  2.38 ms (3.0x), Avg.   801 us, Total. 4.803 ms (0.0%)
[Performance] AssetChangedListener.OnPostprocessAllAssets                                                                                                  :        6 samples, Peak.  1.51 ms (2.6x), Avg.   587 us, Total. 3.523 ms (0.0%)
[Performance] SpeedTreePostProcessor.OnPostprocessAllAssets                                                                                                :        6 samples, Peak.   185 us (2.8x), Avg.  66.0 us, Total. 396.3 us (0.0%)
[Performance] TextAssetPostProcessor.OnPostprocessAllAssets                                                                                                :        6 samples, Peak.   391 us (2.5x), Avg.   158 us, Total. 946.4 us (0.0%)
[Performance] SpriteEditorTexturePostprocessor.OnPostprocessAllAssets                                                                                      :        6 samples, Peak.   270 us (2.2x), Avg.   124 us, Total. 741.4 us (0.0%)
[Performance] AssetCallbacks.OnPostprocessAllAssets                                                                                                        :        6 samples, Peak.   172 ms (3.0x), Avg.  57.5 ms, Total. 344.9 ms (0.1%)
[Performance] InputActionAssetPostprocessor.OnPostprocessAllAssets                                                                                         :        6 samples, Peak.   429 us (2.9x), Avg.   146 us, Total. 875.0 us (0.0%)
[Performance] InputActionJsonNameModifierAssetProcessor.OnPostprocessAllAssets                                                                             :        6 samples, Peak.  73.8 us (2.7x), Avg.  27.6 us, Total. 165.4 us (0.0%)
[Performance] ProjectSettingsPostprocessor.OnPostprocessAllAssets                                                                                          :        6 samples, Peak.   180 us (2.8x), Avg.  63.9 us, Total. 383.6 us (0.0%)
[Performance] SyncVS.PostprocessSyncProject                                                                                                                :        3 samples, Peak.  13.0 ms (2.2x), Avg.  5.97 ms, Total. 17.90 ms (0.0%)
[Performance] Application.ImportPackagesAndSetTemplateWhenCreatingProject                                                                                  :        1 samples, Peak.  59.4 ms (1.0x), Avg.  59.4 ms, Total. 59.43 ms (0.0%)
[Performance] Application.SyncCurrentColorSpace                                                                                                            :        1 samples, Peak.   602 ms (1.0x), Avg.   602 ms, Total. 602.1 ms (0.2%)
[Performance] Application.OnUsbDevicesChanged                                                                                                              :        1 samples, Peak.  3.74 ms (1.0x), Avg.  3.74 ms, Total. 3.736 ms (0.0%)
[Performance] Application.AssetInstanceCacheUpdate                                                                                                         :        1 samples, Peak.   200 ns (1.0x), Avg.   200 ns, Total. 200.0 ns (0.0%)
[Performance] Application.UnityExtensions.Initialize                                                                                                       :        1 samples, Peak.  5.27 ms (1.0x), Avg.  5.27 ms, Total. 5.271 ms (0.0%)
[Performance] CodeEditorProjectSync.SyncEditorProject                                                                                                      :        1 samples, Peak.   199 ms (1.0x), Avg.   199 ms, Total. 198.5 ms (0.1%)
[Performance] Application.ExecuteStartups                                                                                                                  :        1 samples, Peak.  88.7 ms (1.0x), Avg.  88.7 ms, Total. 88.66 ms (0.0%)
[Performance] Menu.RegisterMenuInterface                                                                                                                   :       26 samples, Peak.  2.20 us (6.2x), Avg.   358 ns, Total. 9.300 us (0.0%)
[Performance] Gizmo.RebuildRenderers                                                                                                                       :        2 samples, Peak.  85.1 ms (1.6x), Avg.  52.4 ms, Total. 104.9 ms (0.0%)
[Performance] Gizmo.AddGizmoRenderers                                                                                                                      :      216 samples, Peak.  2.29 ms (129.6x), Avg.  17.6 us, Total. 3.812 ms (0.0%)
[Performance] Application.editorInitializingProject                                                                                                        :        1 samples, Peak.  92.5 ms (1.0x), Avg.  92.5 ms, Total. 92.48 ms (0.0%)
[Performance] Application.InitializeMenu                                                                                                                   :        1 samples, Peak.  4.15 s (1.0x), Avg.  4.15 s, Total. 4.149 s (1.6%)
[Performance] Menu.RebuildAll                                                                                                                              :        1 samples, Peak.  4.15 s (1.0x), Avg.  4.15 s, Total. 4.149 s (1.6%)
[Performance] Menu.BuildRegisteredMenuInterfaces                                                                                                           :        1 samples, Peak.  4.15 s (1.0x), Avg.  4.15 s, Total. 4.145 s (1.6%)
[Performance] Menu.FilterMenuItem                                                                                                                          :      797 samples, Peak.  15.1 ms (783.8x), Avg.  19.3 us, Total. 15.36 ms (0.0%)
[Performance] UpdateAllMenus                                                                                                                               :        1 samples, Peak.  1.03 ms (1.0x), Avg.  1.03 ms, Total. 1.032 ms (0.0%)
[Performance] Menu.RebuildOSMainMenu                                                                                                                       :        3 samples, Peak.  2.21 ms (1.0x), Avg.  2.16 ms, Total. 6.470 ms (0.0%)
[Performance] EditorSceneManager.sceneClosing: UnityEditor.SceneVisibilityManager.EditorSceneManagerOnSceneClosing                                         :        2 samples, Peak.   514 us (2.0x), Avg.   261 us, Total. 521.5 us (0.0%)
[Performance] GUIView.RepaintAll.PlayerLoopController                                                                                                      :        2 samples, Peak.   269 us (2.0x), Avg.   136 us, Total. 271.4 us (0.0%)
[Performance] EditorSceneManager.newSceneCreated: UnityEditor.SceneTemplate.SceneTemplateService.OnNewSceneCreated                                         :        1 samples, Peak.   356 us (1.0x), Avg.   356 us, Total. 355.5 us (0.0%)
[Performance] EditorSceneManager.newSceneCreated: UnityEditor.SceneVisibilityManager.EditorSceneManagerOnNewSceneCreated                                   :        1 samples, Peak.   338 us (1.0x), Avg.   338 us, Total. 338.2 us (0.0%)
[Performance] EditorSceneManager.newSceneCreated: UnityEditor.SceneManagement.StageNavigationManager.OnNewSceneCreated                                     :        1 samples, Peak.  78.0 us (1.0x), Avg.  78.0 us, Total. 78.00 us (0.0%)
[Performance] Application.InvokeFinishedLoadingProject                                                                                                     :        1 samples, Peak.  15.8 ms (1.0x), Avg.  15.8 ms, Total. 15.75 ms (0.0%)
[Performance] ProcessService.OnProjectLoaded                                                                                                               :        1 samples, Peak.  78.5 us (1.0x), Avg.  78.5 us, Total. 78.50 us (0.0%)
[Performance] Inspector.InitOrRebuild                                                                                                                      :        2 samples, Peak.   506 us (1.4x), Avg.   357 us, Total. 714.7 us (0.0%)
[Performance] StateMacroSavedEvent.OnWillSaveAssets                                                                                                        :        2 samples, Peak.   428 us (1.9x), Avg.   227 us, Total. 453.2 us (0.0%)
[Performance] FlowMacroSavedEvent.OnWillSaveAssets                                                                                                         :        2 samples, Peak.   193 us (2.0x), Avg.  98.7 us, Total. 197.4 us (0.0%)
[Performance] AssetModificationProcessor.OnWillSaveAssets                                                                                                  :        2 samples, Peak.   247 us (2.0x), Avg.   125 us, Total. 249.0 us (0.0%)
[Performance] UnityCloudProjectLinkMonitor.OnWillSaveAssets                                                                                                :        2 samples, Peak.   286 us (2.0x), Avg.   144 us, Total. 287.7 us (0.0%)
[Performance] BuilderAssetModificationProcessor.OnWillSaveAssets                                                                                           :        2 samples, Peak.   306 us (2.0x), Avg.   154 us, Total. 308.5 us (0.0%)
[Performance] TerrainModificationProcessor.OnWillSaveAssets                                                                                                :        2 samples, Peak.   537 us (2.0x), Avg.   269 us, Total. 538.9 us (0.0%)
[Performance] GenerateAssemblyTypeInfos                                                                                                                    :        2 samples, Peak.  44.7 ms (1.2x), Avg.  36.3 ms, Total. 72.69 ms (0.0%)
[Performance] EditorApplication.quitting: UnityEditor.SettingsManagement.FileSettingsRepository.Save                                                       :        1 samples, Peak.  2.88 ms (1.0x), Avg.  2.88 ms, Total. 2.879 ms (0.0%)
[Performance] EditorApplication.quitting: callback in UnityEditor.TextCore.Text.EditorEventCallbacks                                                       :        1 samples, Peak.  76.1 ms (1.0x), Avg.  76.1 ms, Total. 76.13 ms (0.0%)
[Performance] Killing ADB server                                                                                                                           :        1 samples, Peak.  84.4 ms (1.0x), Avg.  84.4 ms, Total. 84.44 ms (0.0%)
[Performance] Application.Shutdown.PauseProfilerSession                                                                                                    :        1 samples, Peak.  1.19 ms (1.0x), Avg.  1.19 ms, Total. 1.193 ms (0.0%)
[Performance] Application.Shutdown.PauseAssetImportWorkers                                                                                                 :        1 samples, Peak.   216 us (1.0x), Avg.   216 us, Total. 215.7 us (0.0%)
[Performance] Application.Shutdown.SaveAssets                                                                                                              :        1 samples, Peak.   258 ms (1.0x), Avg.   258 ms, Total. 258.4 ms (0.1%)
[Performance] Application.Shutdown.CleanupRenderPipeline                                                                                                   :        1 samples, Peak.  3.00 us (1.0x), Avg.  3.00 us, Total. 3.000 us (0.0%)
[Performance] Application.Shutdown.StopPreloadManager                                                                                                      :        1 samples, Peak.  9.94 ms (1.0x), Avg.  9.94 ms, Total. 9.938 ms (0.0%)
[Performance] Application.Shutdown.DestroyWorld                                                                                                            :        1 samples, Peak.   647 us (1.0x), Avg.   647 us, Total. 646.9 us (0.0%)
[Performance] Application.Shutdown.CleanupAfterLoad                                                                                                        :        1 samples, Peak.  13.8 ms (1.0x), Avg.  13.8 ms, Total. 13.75 ms (0.0%)
[Performance] Application.Shutdown.Progress                                                                                                                :        1 samples, Peak.   454 us (1.0x), Avg.   454 us, Total. 453.8 us (0.0%)
[Performance] Application.Shutdown.GICleanupManagers                                                                                                       :        1 samples, Peak.  5.91 ms (1.0x), Avg.  5.91 ms, Total. 5.912 ms (0.0%)
[Performance] Application.Shutdown.MenuCleanupClass                                                                                                        :        1 samples, Peak.   272 us (1.0x), Avg.   272 us, Total. 272.0 us (0.0%)
[Performance] Application.Shutdown.ADBSaveStateBeforeShutdown                                                                                              :        1 samples, Peak.  10.6 us (1.0x), Avg.  10.6 us, Total. 10.60 us (0.0%)
[Performance] Application.Shutdown.RemoteShutdown                                                                                                          :        1 samples, Peak.  1.20 us (1.0x), Avg.  1.20 us, Total. 1.200 us (0.0%)
[Performance] Application.Shutdown.CleanupVCProvider                                                                                                       :        1 samples, Peak.   272 us (1.0x), Avg.   272 us, Total. 271.8 us (0.0%)
[Performance] Application.Shutdown.InputShutdown                                                                                                           :        1 samples, Peak.   286 us (1.0x), Avg.   286 us, Total. 286.0 us (0.0%)
[Performance] Application.Shutdown.GizmoManagerDestroy                                                                                                     :        1 samples, Peak.   607 us (1.0x), Avg.   607 us, Total. 607.3 us (0.0%)
[Performance] Application.Shutdown.ProfilerSession                                                                                                         :        1 samples, Peak.   914 us (1.0x), Avg.   914 us, Total. 913.7 us (0.0%)
[Performance] Application.Shutdown.ReleaseGfxWindowOnAllGUIViews                                                                                           :        1 samples, Peak.   400 ns (1.0x), Avg.   400 ns, Total. 400.0 ns (0.0%)
[Performance] Application.Shutdown.CleanupEngine                                                                                                           :        1 samples, Peak.   105 ms (1.0x), Avg.   105 ms, Total. 104.9 ms (0.0%)
[Performance] Application.Shutdown.CleanupAssetDatabase                                                                                                    :        1 samples, Peak.  21.2 ms (1.0x), Avg.  21.2 ms, Total. 21.16 ms (0.0%)
[Performance] Application.Shutdown.ScriptCompilationCleanUp                                                                                                :        1 samples, Peak.  11.9 ms (1.0x), Avg.  11.9 ms, Total. 11.88 ms (0.0%)
[Performance] Application.Shutdown.DestroyJobSystem                                                                                                        :        1 samples, Peak.   275 us (1.0x), Avg.   275 us, Total. 275.0 us (0.0%)
[Performance] Application.Shutdown.CleanupPersistentManager                                                                                                :        1 samples, Peak.   686 us (1.0x), Avg.   686 us, Total. 685.9 us (0.0%)
[Performance] Application.Shutdown.CleanupAsyncReadManager                                                                                                 :        1 samples, Peak.   887 us (1.0x), Avg.   887 us, Total. 887.0 us (0.0%)
[Performance] Application.Shutdown.CleanupProgressBar                                                                                                      :        1 samples, Peak.   500 ns (1.0x), Avg.   500 ns, Total. 500.0 ns (0.0%)
[Performance] Application.Shutdown.CleanupMono                                                                                                             :        1 samples, Peak.   117 ms (1.0x), Avg.   117 ms, Total. 117.5 ms (0.0%)
[Performance] Application.Shutdown.CleanupStdConverters                                                                                                    :        1 samples, Peak.  10.7 us (1.0x), Avg.  10.7 us, Total. 10.70 us (0.0%)
[Performance] Application.Shutdown.UnloadAllPlatformSupportModuleNativeDlls                                                                                :        1 samples, Peak.  1000 ns (1.0x), Avg.  1000 ns, Total. 1000.0 ns (0.0%)
[Performance] Application.Shutdown.UnloadAllPlatformSupportNativeLibraries                                                                                 :        1 samples, Peak. 0.0 (-nan(ind)x), Avg. 0.0, Total. 0.0 (0.0%)
[Performance] Application.Shutdown.CleanupAutoDocumentation                                                                                                :        1 samples, Peak.   658 us (1.0x), Avg.   658 us, Total. 658.2 us (0.0%)
[Performance] Application.Shutdown.ShaderNameManagerDestroy                                                                                                :        1 samples, Peak.  87.1 us (1.0x), Avg.  87.1 us, Total. 87.10 us (0.0%)
[Performance] Application.Shutdown.CleanupCacheServer                                                                                                      :        1 samples, Peak. 100.0 ns (1.0x), Avg. 100.0 ns, Total. 100.00 ns (0.0%)
[Performance] Application.Shutdown.Virtualization_Shutdown                                                                                                 :        1 samples, Peak.   400 ns (1.0x), Avg.   400 ns, Total. 400.0 ns (0.0%)
[Performance] Application.Shutdown.DevConnections                                                                                                          :        1 samples, Peak.   213 us (1.0x), Avg.   213 us, Total. 212.8 us (0.0%)
Exiting batchmode successfully now!
Exiting without the bug reporter. Application will terminate with return code 0