[Licensing::Module] Trying to connect to existing licensing client channel...
[Licensing::IpcConnector] Channel LicenseClient-User doesn't exist
[Licensing::Module] Successfully launched the LicensingClient (PId: 17288)
[Licensing::IpcConnector] Successfully connected to: "LicenseClient-User" at "2026-06-23T01:19:28.0169738Z"
[Licensing::Client] Code 10 while verifying Licensing Client signature (process Id: 17288, path: "C:/Program Files/Unity/Hub/Editor/2022.3.62f3/Editor/Data/Resources/Licensing/Client/Unity.Licensing.Client.exe")
[Licensing::Module] LicensingClient has failed validation; ignoring
[Licensing::Client] Handshaking with LicensingClient:
  Version:                 1.16.2+bdef8f5
  Session Id:              537ee7505f0248d483c36290fd773a99
  Correlation Id:          2590f4dc5bf8df92f2227d8efd91b3d3
  External correlation Id: 2288162305204642071
  Machine Id:              Jq9BtygUimSA+fW3p/p42m4cWug=
[Licensing::Module] Successfully connected to LicensingClient on channel: "LicenseClient-User" (connect: 0.85s, validation: 0.06s, handshake: 0.11s)
[Licensing::IpcConnector] Successfully connected to: "LicenseClient-User-notifications" at "2026-06-23T01:19:28.188052Z"
[Licensing::Module] Connected to LicensingClient (PId: 17288, launch time: 0.01, total connection time: 1.02s)
[Licensing::Module] Error: Access token is unavailable; failed to update
[Licensing::Client] Error: Code 500 while processing request (status: Unable to update licenses. Errors: No ULF license found.,Token not found in cache)
[Licensing::Client] Error: Code 500 while updating license in client (status: Unable to update licenses. Errors: No ULF license found.,Token not found in cache)
Built from '2022.3/respin/2022.3.62f2-4af31df585-v2' branch; Version is '2022.3.62f3 (96770f904ca7) revision 9860879'; Using compiler version '192829333'; Build Type 'Release'
OS: 'Windows 11  (10.0.26200) 64bit Enterprise' Language: 'en' Physical Memory: 10961 MB
[Licensing::Client] Successfully resolved entitlement details
[Licensing::Module] Serial number assigned to: "2474517393173-UnityPersXXXX"
BatchMode: 1, IsHumanControllingUs: 0, StartBugReporterOnCrash: 0, Is64bit: 1, IsPro: 0
[Licensing::Client] Successfully resolved entitlement details

COMMAND LINE ARGUMENTS:
C:\Program Files\Unity\Hub\Editor\2022.3.62f3\Editor\Unity.exe
-batchmode
-quit
-projectPath
Q:\QCXR-XR-Wrapper
-buildTarget
Android
-executeMethod
QuestCraftCliBuild.BuildAndroid
-outputPath
Q:\QCXR-XR-Wrapper\Builds\QuestCraft-26.2-opengl-java25-questinput-release.apk
-release
-logFile
Q:\QCXR-XR-Wrapper\unity-apk-build-26.2-opengl-java25-questinput-2.log
Successfully changed project path to: Q:\QCXR-XR-Wrapper
Q:/QCXR-XR-Wrapper
[UnityMemory] Configuration Parameters - Can be set up in boot.config
    "memorysetup-bucket-allocator-granularity=16"
    "memorysetup-bucket-allocator-bucket-count=8"
    "memorysetup-bucket-allocator-block-size=33554432"
    "memorysetup-bucket-allocator-block-count=8"
    "memorysetup-main-allocator-block-size=16777216"
    "memorysetup-thread-allocator-block-size=16777216"
    "memorysetup-gfx-main-allocator-block-size=16777216"
    "memorysetup-gfx-thread-allocator-block-size=16777216"
    "memorysetup-cache-allocator-block-size=4194304"
    "memorysetup-typetree-allocator-block-size=2097152"
    "memorysetup-profiler-bucket-allocator-granularity=16"
    "memorysetup-profiler-bucket-allocator-bucket-count=8"
    "memorysetup-profiler-bucket-allocator-block-size=33554432"
    "memorysetup-profiler-bucket-allocator-block-count=8"
    "memorysetup-profiler-allocator-block-size=16777216"
    "memorysetup-profiler-editor-allocator-block-size=1048576"
    "memorysetup-temp-allocator-size-main=16777216"
    "memorysetup-job-temp-allocator-block-size=2097152"
    "memorysetup-job-temp-allocator-block-size-background=1048576"
    "memorysetup-job-temp-allocator-reduction-small-platforms=262144"
    "memorysetup-allocator-temp-initial-block-size-main=262144"
    "memorysetup-allocator-temp-initial-block-size-worker=262144"
    "memorysetup-temp-allocator-size-background-worker=32768"
    "memorysetup-temp-allocator-size-job-worker=262144"
    "memorysetup-temp-allocator-size-preload-manager=33554432"
    "memorysetup-temp-allocator-size-nav-mesh-worker=65536"
    "memorysetup-temp-allocator-size-audio-worker=65536"
    "memorysetup-temp-allocator-size-cloud-worker=32768"
    "memorysetup-temp-allocator-size-gi-baking-worker=262144"
    "memorysetup-temp-allocator-size-gfx=262144"
Player connection [16820]  Target information:

Player connection [16820]  * "[IP] 10.0.0.227 [Port] 55504 [Flags] 2 [Guid] 3317691773 [EditorId] 3317691773 [Version] 1048832 [Id] WindowsEditor(7,netcats-vibrator) [Debug] 1 [PackageName] WindowsEditor [ProjectName] Editor" 

Player connection [16820] Host joined multi-casting on [225.0.0.222:54997]...
Player connection [16820] Host joined alternative multi-casting on [225.0.0.222:34997]...
Input System module state changed to: Initialized.
[PhysX] Initialized MultithreadedTaskDispatcher with 16 workers.
[Package Manager] UpmClient::Connect -- Connected to IPC stream "Upm-19788" after 0.8 seconds.
[Package Manager] Restoring resolved packages state from cache
[Licensing::Client] Successfully resolved entitlement details
[Package Manager] Registered 61 packages:
  Packages from [https://packages.unity.com]:
    com.unity.collab-proxy@2.7.1 (location: Q:\QCXR-XR-Wrapper\Library\PackageCache\com.unity.collab-proxy@2.7.1)
    com.unity.ide.rider@3.0.36 (location: Q:\QCXR-XR-Wrapper\Library\PackageCache\com.unity.ide.rider@3.0.36)
    com.unity.ide.visualstudio@2.0.22 (location: Q:\QCXR-XR-Wrapper\Library\PackageCache\com.unity.ide.visualstudio@2.0.22)
    com.unity.test-framework@1.3.9 (location: Q:\QCXR-XR-Wrapper\Library\PackageCache\com.unity.test-framework@1.3.9)
    com.unity.textmeshpro@3.0.9 (location: Q:\QCXR-XR-Wrapper\Library\PackageCache\com.unity.textmeshpro@3.0.9)
    com.unity.timeline@1.8.6 (location: Q:\QCXR-XR-Wrapper\Library\PackageCache\com.unity.timeline@1.8.6)
    com.unity.toolchain.win-x86_64-linux-x86_64@2.0.10 (location: Q:\QCXR-XR-Wrapper\Library\PackageCache\com.unity.toolchain.win-x86_64-linux-x86_64@2.0.10)
    com.unity.visualscripting@1.9.4 (location: Q:\QCXR-XR-Wrapper\Library\PackageCache\com.unity.visualscripting@1.9.4)
    com.unity.xr.core-utils@2.5.2 (location: Q:\QCXR-XR-Wrapper\Library\PackageCache\com.unity.xr.core-utils@2.5.2)
    com.unity.xr.interaction.toolkit@3.0.5 (location: Q:\QCXR-XR-Wrapper\Library\PackageCache\com.unity.xr.interaction.toolkit@3.0.5)
    com.unity.xr.management@4.5.1 (location: Q:\QCXR-XR-Wrapper\Library\PackageCache\com.unity.xr.management@4.5.1)
    com.unity.xr.openxr@1.14.3 (location: Q:\QCXR-XR-Wrapper\Library\PackageCache\com.unity.xr.openxr@1.14.3)
    com.unity.xr.legacyinputhelpers@2.1.12 (location: Q:\QCXR-XR-Wrapper\Library\PackageCache\com.unity.xr.legacyinputhelpers@2.1.12)
    com.unity.inputsystem@1.14.0 (location: Q:\QCXR-XR-Wrapper\Library\PackageCache\com.unity.inputsystem@1.14.0)
    com.unity.mathematics@1.2.6 (location: Q:\QCXR-XR-Wrapper\Library\PackageCache\com.unity.mathematics@1.2.6)
    com.unity.sysroot@2.0.10 (location: Q:\QCXR-XR-Wrapper\Library\PackageCache\com.unity.sysroot@2.0.10)
    com.unity.sysroot.linux-x86_64@2.0.9 (location: Q:\QCXR-XR-Wrapper\Library\PackageCache\com.unity.sysroot.linux-x86_64@2.0.9)
    com.unity.ext.nunit@2.0.3 (location: Q:\QCXR-XR-Wrapper\Library\PackageCache\com.unity.ext.nunit@2.0.3)
    com.unity.ide.vscode@1.2.5 (location: Q:\QCXR-XR-Wrapper\Library\PackageCache\com.unity.ide.vscode@1.2.5)
    com.unity.editorcoroutines@1.0.0 (location: Q:\QCXR-XR-Wrapper\Library\PackageCache\com.unity.editorcoroutines@1.0.0)
    com.unity.performance.profile-analyzer@1.2.3 (location: Q:\QCXR-XR-Wrapper\Library\PackageCache\com.unity.performance.profile-analyzer@1.2.3)
    com.unity.testtools.codecoverage@1.2.6 (location: Q:\QCXR-XR-Wrapper\Library\PackageCache\com.unity.testtools.codecoverage@1.2.6)
    com.unity.settings-manager@2.1.0 (location: Q:\QCXR-XR-Wrapper\Library\PackageCache\com.unity.settings-manager@2.1.0)
  Packages from [https://unitynuget-registry.openupm.com]:
    org.nuget.system.runtime.compilerservices.unsafe@6.0.0 (location: Q:\QCXR-XR-Wrapper\Library\PackageCache\org.nuget.system.runtime.compilerservices.unsafe@6.0.0)
  Built-in packages:
    com.unity.2d.sprite@1.0.0 (location: Q:\QCXR-XR-Wrapper\Library\PackageCache\com.unity.2d.sprite@1.0.0)
    com.unity.feature.development@1.0.1 (location: Q:\QCXR-XR-Wrapper\Library\PackageCache\com.unity.feature.development@1.0.1)
    com.unity.ugui@1.0.0 (location: Q:\QCXR-XR-Wrapper\Library\PackageCache\com.unity.ugui@1.0.0)
    com.unity.modules.ai@1.0.0 (location: Q:\QCXR-XR-Wrapper\Library\PackageCache\com.unity.modules.ai@1.0.0)
    com.unity.modules.androidjni@1.0.0 (location: Q:\QCXR-XR-Wrapper\Library\PackageCache\com.unity.modules.androidjni@1.0.0)
    com.unity.modules.animation@1.0.0 (location: Q:\QCXR-XR-Wrapper\Library\PackageCache\com.unity.modules.animation@1.0.0)
    com.unity.modules.assetbundle@1.0.0 (location: Q:\QCXR-XR-Wrapper\Library\PackageCache\com.unity.modules.assetbundle@1.0.0)
    com.unity.modules.audio@1.0.0 (location: Q:\QCXR-XR-Wrapper\Library\PackageCache\com.unity.modules.audio@1.0.0)
    com.unity.modules.cloth@1.0.0 (location: Q:\QCXR-XR-Wrapper\Library\PackageCache\com.unity.modules.cloth@1.0.0)
    com.unity.modules.director@1.0.0 (location: Q:\QCXR-XR-Wrapper\Library\PackageCache\com.unity.modules.director@1.0.0)
    com.unity.modules.imageconversion@1.0.0 (location: Q:\QCXR-XR-Wrapper\Library\PackageCache\com.unity.modules.imageconversion@1.0.0)
    com.unity.modules.imgui@1.0.0 (location: Q:\QCXR-XR-Wrapper\Library\PackageCache\com.unity.modules.imgui@1.0.0)
    com.unity.modules.jsonserialize@1.0.0 (location: Q:\QCXR-XR-Wrapper\Library\PackageCache\com.unity.modules.jsonserialize@1.0.0)
    com.unity.modules.particlesystem@1.0.0 (location: Q:\QCXR-XR-Wrapper\Library\PackageCache\com.unity.modules.particlesystem@1.0.0)
    com.unity.modules.physics@1.0.0 (location: Q:\QCXR-XR-Wrapper\Library\PackageCache\com.unity.modules.physics@1.0.0)
    com.unity.modules.physics2d@1.0.0 (location: Q:\QCXR-XR-Wrapper\Library\PackageCache\com.unity.modules.physics2d@1.0.0)
    com.unity.modules.screencapture@1.0.0 (location: Q:\QCXR-XR-Wrapper\Library\PackageCache\com.unity.modules.screencapture@1.0.0)
    com.unity.modules.terrain@1.0.0 (location: Q:\QCXR-XR-Wrapper\Library\PackageCache\com.unity.modules.terrain@1.0.0)
    com.unity.modules.terrainphysics@1.0.0 (location: Q:\QCXR-XR-Wrapper\Library\PackageCache\com.unity.modules.terrainphysics@1.0.0)
    com.unity.modules.tilemap@1.0.0 (location: Q:\QCXR-XR-Wrapper\Library\PackageCache\com.unity.modules.tilemap@1.0.0)
    com.unity.modules.ui@1.0.0 (location: Q:\QCXR-XR-Wrapper\Library\PackageCache\com.unity.modules.ui@1.0.0)
    com.unity.modules.uielements@1.0.0 (location: Q:\QCXR-XR-Wrapper\Library\PackageCache\com.unity.modules.uielements@1.0.0)
    com.unity.modules.umbra@1.0.0 (location: Q:\QCXR-XR-Wrapper\Library\PackageCache\com.unity.modules.umbra@1.0.0)
    com.unity.modules.unityanalytics@1.0.0 (location: Q:\QCXR-XR-Wrapper\Library\PackageCache\com.unity.modules.unityanalytics@1.0.0)
    com.unity.modules.unitywebrequest@1.0.0 (location: Q:\QCXR-XR-Wrapper\Library\PackageCache\com.unity.modules.unitywebrequest@1.0.0)
    com.unity.modules.unitywebrequestassetbundle@1.0.0 (location: Q:\QCXR-XR-Wrapper\Library\PackageCache\com.unity.modules.unitywebrequestassetbundle@1.0.0)
    com.unity.modules.unitywebrequestaudio@1.0.0 (location: Q:\QCXR-XR-Wrapper\Library\PackageCache\com.unity.modules.unitywebrequestaudio@1.0.0)
    com.unity.modules.unitywebrequesttexture@1.0.0 (location: Q:\QCXR-XR-Wrapper\Library\PackageCache\com.unity.modules.unitywebrequesttexture@1.0.0)
    com.unity.modules.unitywebrequestwww@1.0.0 (location: Q:\QCXR-XR-Wrapper\Library\PackageCache\com.unity.modules.unitywebrequestwww@1.0.0)
    com.unity.modules.vehicles@1.0.0 (location: Q:\QCXR-XR-Wrapper\Library\PackageCache\com.unity.modules.vehicles@1.0.0)
    com.unity.modules.video@1.0.0 (location: Q:\QCXR-XR-Wrapper\Library\PackageCache\com.unity.modules.video@1.0.0)
    com.unity.modules.vr@1.0.0 (location: Q:\QCXR-XR-Wrapper\Library\PackageCache\com.unity.modules.vr@1.0.0)
    com.unity.modules.wind@1.0.0 (location: Q:\QCXR-XR-Wrapper\Library\PackageCache\com.unity.modules.wind@1.0.0)
    com.unity.modules.xr@1.0.0 (location: Q:\QCXR-XR-Wrapper\Library\PackageCache\com.unity.modules.xr@1.0.0)
    com.unity.modules.subsystems@1.0.0 (location: Q:\QCXR-XR-Wrapper\Library\PackageCache\com.unity.modules.subsystems@1.0.0)
  Local packages:
    com.netpyoung.webp@file:Q:\QCXR-XR-Wrapper\Packages\LocalPackages\unity.webp (location: Q:\QCXR-XR-Wrapper\Packages\LocalPackages\unity.webp)
    com.unity.xr.openxr.picoxr@file:Q:\QCXR-XR-Wrapper\Packages\LocalPackages\PICO Unity OpenXR Integration SDK-1.3.0 (location: Q:\QCXR-XR-Wrapper\Packages\LocalPackages\PICO Unity OpenXR Integration SDK-1.3.0)
[Subsystems] Looking for new subsystems at path Q:\QCXR-XR-Wrapper\Library\PackageCache\com.unity.xr.openxr@1.14.3
[Subsystems] Novel subsystem found at Library/PackageCache/com.unity.xr.openxr@1.14.3/Runtime/UnitySubsystemsManifest.json
[Subsystems] Discovering subsystems at path C:/Program Files/Unity/Hub/Editor/2022.3.62f3/Editor/Data/Resources/UnitySubsystems
[Subsystems] Discovering subsystems at path Q:/QCXR-XR-Wrapper/Assets
[Subsystems] Discovering subsystems at path Q:\QCXR-XR-Wrapper\Library\PackageCache\com.unity.xr.openxr@1.14.3
[Subsystems] No descriptors matched for  examples in Library/PackageCache/com.unity.xr.openxr@1.14.3/Runtime/UnitySubsystemsManifest.json.
[Subsystems] 1 'inputs' descriptors matched in Library/PackageCache/com.unity.xr.openxr@1.14.3/Runtime/UnitySubsystemsManifest.json
[Subsystems] 1 'displays' descriptors matched in Library/PackageCache/com.unity.xr.openxr@1.14.3/Runtime/UnitySubsystemsManifest.json
[Subsystems] No descriptors matched for  meshings in Library/PackageCache/com.unity.xr.openxr@1.14.3/Runtime/UnitySubsystemsManifest.json.
[Subsystems] Discovering subsystems at path Q:\QCXR-XR-Wrapper\Packages\LocalPackages\PICO Unity OpenXR Integration SDK-1.3.0
[Subsystems] No descriptors matched for  examples in Packages/LocalPackages/PICO Unity OpenXR Integration SDK-1.3.0/Runtime/UnitySubsystemsManifest.json.
[Subsystems] No descriptors matched for  inputs in Packages/LocalPackages/PICO Unity OpenXR Integration SDK-1.3.0/Runtime/UnitySubsystemsManifest.json.
[Subsystems] No descriptors matched for  displays in Packages/LocalPackages/PICO Unity OpenXR Integration SDK-1.3.0/Runtime/UnitySubsystemsManifest.json.
[Subsystems] 1 'meshings' descriptors matched in Packages/LocalPackages/PICO Unity OpenXR Integration SDK-1.3.0/Runtime/UnitySubsystemsManifest.json
Package Manager log level set to [2]
[Package Manager] Done registering packages in 0.26 seconds
[Licensing::Client] Successfully resolved entitlement details
Targeting platform: Android
Refreshing native plugins compatible for Editor in 3007.49 ms, found 19 plugins.
Preloading 0 native plugins for Editor in 0.00 ms.
Initialize engine version: 2022.3.62f3 (96770f904ca7)
[Subsystems] Discovering subsystems at path C:/Program Files/Unity/Hub/Editor/2022.3.62f3/Editor/Data/Resources/UnitySubsystems
[Subsystems] Discovering subsystems at path Q:/QCXR-XR-Wrapper/Assets
[Subsystems] Discovering subsystems at path Q:\QCXR-XR-Wrapper\Library\PackageCache\com.unity.xr.openxr@1.14.3
[Subsystems] No descriptors matched for  examples in Library/PackageCache/com.unity.xr.openxr@1.14.3/Runtime/UnitySubsystemsManifest.json.
[Subsystems] 1 'inputs' descriptors matched in Library/PackageCache/com.unity.xr.openxr@1.14.3/Runtime/UnitySubsystemsManifest.json
[Subsystems] 1 'displays' descriptors matched in Library/PackageCache/com.unity.xr.openxr@1.14.3/Runtime/UnitySubsystemsManifest.json
[Subsystems] No descriptors matched for  meshings in Library/PackageCache/com.unity.xr.openxr@1.14.3/Runtime/UnitySubsystemsManifest.json.
[Subsystems] Discovering subsystems at path Q:\QCXR-XR-Wrapper\Packages\LocalPackages\PICO Unity OpenXR Integration SDK-1.3.0
[Subsystems] No descriptors matched for  examples in Packages/LocalPackages/PICO Unity OpenXR Integration SDK-1.3.0/Runtime/UnitySubsystemsManifest.json.
[Subsystems] No descriptors matched for  inputs in Packages/LocalPackages/PICO Unity OpenXR Integration SDK-1.3.0/Runtime/UnitySubsystemsManifest.json.
[Subsystems] No descriptors matched for  displays in Packages/LocalPackages/PICO Unity OpenXR Integration SDK-1.3.0/Runtime/UnitySubsystemsManifest.json.
[Subsystems] 1 'meshings' descriptors matched in Packages/LocalPackages/PICO Unity OpenXR Integration SDK-1.3.0/Runtime/UnitySubsystemsManifest.json
GfxDevice: creating device client; threaded=0; jobified=0
Direct3D:
    Version:  Direct3D 11.0 [level 11.1]
    Renderer: AMD Radeon Graphics (ID=0x15bf)
    Vendor:   ATI
    VRAM:     5480 MB
    Driver:   32.0.23027.3001
[Licensing::Client] Successfully resolved entitlement details
Initialize mono
Mono path[0] = 'C:/Program Files/Unity/Hub/Editor/2022.3.62f3/Editor/Data/Managed'
Mono path[1] = 'C:/Program Files/Unity/Hub/Editor/2022.3.62f3/Editor/Data/MonoBleedingEdge/lib/mono/unityjit-win32'
Mono config path = 'C:/Program Files/Unity/Hub/Editor/2022.3.62f3/Editor/Data/MonoBleedingEdge/etc'
Using monoOptions --debugger-agent=transport=dt_socket,embedding=1,server=y,suspend=n,address=127.0.0.1:56788
Using cacheserver namespaces - metadata:defaultmetadata, artifacts:defaultartifacts
Using cacheserver namespaces - metadata:defaultmetadata, artifacts:defaultartifacts
ImportWorker Server TCP listen port: 0
Begin MonoManager ReloadAssembly
Registering precompiled unity dll's ...
Register platform support module: C:/Program Files/Unity/Hub/Editor/2022.3.62f3/Editor/Data/PlaybackEngines/AndroidPlayer/UnityEditor.Android.Extensions.dll
Register platform support module: C:/Program Files/Unity/Hub/Editor/2022.3.62f3/Editor/Data/PlaybackEngines/WindowsStandaloneSupport/UnityEditor.WindowsStandalone.Extensions.dll
Register platform support module: C:/Program Files/Unity/Hub/Editor/2022.3.62f3/Editor/Data/PlaybackEngines/LinuxStandaloneSupport/UnityEditor.LinuxStandalone.Extensions.dll
[Licensing::Client] Successfully resolved entitlement details
Register platform support module: C:/Program Files/Unity/Hub/Editor/2022.3.62f3/Editor/Data/PlaybackEngines/MetroSupport/UnityEditor.UWP.Extensions.dll
Registered in 0.032330 seconds.
- Loaded All Assemblies, in  8.365 seconds
Native extension for UWP target not found
Native extension for LinuxStandalone target not found
Native extension for WindowsStandalone target not found
Native extension for Android target not found
Android Extension - Scanning For ADB Devices 270 ms
Mono: successfully reloaded assembly
- Finished resetting the current domain, in  0.565 seconds
Domain Reload Profiling: 8929ms
	BeginReloadAssembly (8028ms)
		ExecutionOrderSort (0ms)
		DisableScriptedObjects (0ms)
		BackupInstance (0ms)
		ReleaseScriptingObjects (0ms)
		CreateAndSetChildDomain (1ms)
	RebuildCommonClasses (38ms)
	RebuildNativeTypeToScriptingClass (9ms)
	initialDomainReloadingComplete (94ms)
	LoadAllAssembliesAndSetupDomain (194ms)
		LoadAssemblies (8057ms)
		RebuildTransferFunctionScriptingTraits (0ms)
		AnalyzeDomain (159ms)
			TypeCache.Refresh (158ms)
				TypeCache.ScanAssembly (145ms)
			ScanForSourceGeneratedMonoScriptInfo (0ms)
			ResolveRequiredComponents (1ms)
	FinalizeReload (566ms)
		ReleaseScriptCaches (0ms)
		RebuildScriptCaches (0ms)
		SetupLoadedEditorAssemblies (529ms)
			LogAssemblyErrors (0ms)
			InitializePlatformSupportModulesInManaged (381ms)
			SetLoadedEditorAssemblies (4ms)
			RefreshPlugins (0ms)
			BeforeProcessingInitializeOnLoad (3ms)
			ProcessInitializeOnLoadAttributes (98ms)
			ProcessInitializeOnLoadMethodAttributes (42ms)
			AfterProcessingInitializeOnLoad (0ms)
			EditorAssembliesLoaded (0ms)
		ExecutionOrderSort2 (0ms)
		AwakeInstancesAfterBackupRestoration (0ms)
[Licensing::Client] Successfully resolved entitlement details
[Licensing::Client] Successfully resolved entitlement details
Application.AssetDatabase Initial Refresh Start
Starting: C:\Program Files\Unity\Hub\Editor\2022.3.62f3\Editor\Data\bee_backend.exe --ipc --defer-dag-verification --dagfile="Library/Bee/1300b0aE.dag" --continue-on-failure --profile="Library/Bee/backend1.traceevents" ScriptAssemblies
WorkingDir: Q:/QCXR-XR-Wrapper
DisplayProgressbar: Compiling Scripts
ExitCode: 0 Duration: 0s246ms
*** Tundra build success (0.21 seconds), 0 items updated, 717 evaluated
AssetDatabase: script compilation time: 0.786658s
Begin MonoManager ReloadAssembly
- Loaded All Assemblies, in 14.116 seconds
Refreshing native plugins compatible for Editor in 77.88 ms, found 19 plugins.
Refreshing native plugins compatible for Editor in 27.52 ms, found 19 plugins.
Preloading 0 native plugins for Editor in 0.00 ms.
Start importing Assets/Plugins/Android/Pojlib-release.aar using Guid(55d89ee4baf555941bcffc8ec872188a) Importer(-1,00000000000000000000000000000000) [PhysX] Initialized MultithreadedTaskDispatcher with 16 workers.
 -> (artifact id: 'fc0887d1f4a675565d591d8f9bf5684b') in 0.068211 seconds
Refreshing native plugins compatible for Editor in 87.89 ms, found 19 plugins.
Native extension for UWP target not found
Native extension for LinuxStandalone target not found
Native extension for WindowsStandalone target not found
Native extension for Android target not found
[Licensing::Client] Successfully resolved entitlement details
DisplayProgressbar: Restoring NuGet Packages
Mono: successfully reloaded assembly
- Finished resetting the current domain, in  0.843 seconds
Domain Reload Profiling: 14955ms
	BeginReloadAssembly (137ms)
		ExecutionOrderSort (0ms)
		DisableScriptedObjects (4ms)
		BackupInstance (0ms)
		ReleaseScriptingObjects (0ms)
		CreateAndSetChildDomain (30ms)
	RebuildCommonClasses (29ms)
	RebuildNativeTypeToScriptingClass (9ms)
	initialDomainReloadingComplete (29ms)
	LoadAllAssembliesAndSetupDomain (13907ms)
		LoadAssemblies (13759ms)
		RebuildTransferFunctionScriptingTraits (0ms)
		AnalyzeDomain (222ms)
			TypeCache.Refresh (196ms)
				TypeCache.ScanAssembly (176ms)
			ScanForSourceGeneratedMonoScriptInfo (19ms)
			ResolveRequiredComponents (6ms)
	FinalizeReload (844ms)
		ReleaseScriptCaches (0ms)
		RebuildScriptCaches (0ms)
		SetupLoadedEditorAssemblies (672ms)
			LogAssemblyErrors (0ms)
			InitializePlatformSupportModulesInManaged (24ms)
			SetLoadedEditorAssemblies (5ms)
			RefreshPlugins (0ms)
			BeforeProcessingInitializeOnLoad (91ms)
			ProcessInitializeOnLoadAttributes (491ms)
			ProcessInitializeOnLoadMethodAttributes (55ms)
			AfterProcessingInitializeOnLoad (6ms)
			EditorAssembliesLoaded (0ms)
		ExecutionOrderSort2 (0ms)
		AwakeInstancesAfterBackupRestoration (5ms)
Refreshing native plugins compatible for Editor in 32.71 ms, found 19 plugins.
Preloading 0 native plugins for Editor in 0.00 ms.
Asset Pipeline Refresh (id=ff524c9997fc32947844accfa87595b4): Total: 50.994 seconds - Initiated by InitialRefreshV2(ForceSynchronousImport)
	Summary:
		Imports: total=1 (actual=1, local cache=0, cache server=0)
		Asset DB Process Time: managed=45 ms, native=34481 ms
		Asset DB Callback time: managed=286 ms, native=51 ms
		Scripting: domain reloads=1, domain reload time=15288 ms, compile time=789 ms, other=51 ms
		Project Asset Count: scripts=6270, non-scripts=1668
		Asset File Changes: new=0, changed=1, moved=0, deleted=0
		Scan Filter Count: 0
	InvokeBeforeRefreshCallbacks: 1.477ms
	ApplyChangesToAssetFolders: 0.180ms
	Scan: 699.825ms
	OnSourceAssetsModified: 2.608ms
	GetAllGuidsForCategorization: 1.223ms
	CategorizeAssets: 207.947ms
	ImportOutOfDateAssets: 1232.954ms (324.370ms without children)
		ImportManagerImport: 76.442ms (4.267ms without children)
			ImportInProcess: 71.908ms
			UpdateCategorizedAssets: 0.266ms
		CompileScripts: 789.018ms
		ReloadNativeAssets: 0.020ms
		UnloadImportedAssets: 37.153ms
		ReloadImportedAssets: 0.001ms
		EnsureUptoDateAssetsAreRegisteredWithGuidPM: 3.070ms
		InitializingProgressBar: 0.362ms
		PostProcessAllAssetNotificationsAddChangedAssets: 0.001ms
		OnDemandSchedulerStart: 2.518ms
	PostProcessAllAssets: 298.583ms
	Hotreload: 34.980ms
	GatherAllCurrentPrimaryArtifactRevisions: 0.001ms
	UnloadStreamsBegin: 0.693ms
	PersistCurrentRevisions: 0.322ms
	UnloadStreamsEnd: 0.054ms
	GenerateScriptTypeHashes: 3.317ms
	Untracked: 48513.241ms
Application.AssetDatabase Initial Refresh End
Launched and connected shader compiler UnityShaderCompiler.exe after 0.06 seconds
Scanning for USB devices : 5.347ms
Initializing Unity extensions:
[Licensing::Client] Successfully resolved entitlement details
[MODES] ModeService[none].Initialize
[MODES] ModeService[none].LoadModes
[MODES] Loading mode Default (0) for mode-current-id-QuestCraft
[PhysX] Initialized MultithreadedTaskDispatcher with 16 workers.
ProgressiveSceneManager::Cancel()
Unloading 5 Unused Serialized files (Serialized files now loaded: 0)
Unloading 203 unused Assets / (0.5 MB). Loaded Objects now: 5525.
Memory consumption went from 169.1 MB to 168.5 MB.
Total: 6.850500 ms (FindLiveObjects: 0.740300 ms CreateObjectMapping: 0.264700 ms MarkObjects: 5.274600 ms  DeleteObjects: 0.569900 ms)

Start importing ProjectSettings/ProjectSettings.asset using Guid(00000000000000004000000000000000) Importer(-1,00000000000000000000000000000000) [PhysX] Initialized MultithreadedTaskDispatcher with 16 workers.
 -> (artifact id: '48c46e9a5bff0f8c4a5b953bc2719c9a') in 0.004328 seconds
Start importing Assets/XR/Settings/OpenXR Package Settings.asset using Guid(7b5da002d83fb8f42ac49c354e6f6d31) Importer(-1,00000000000000000000000000000000) [PhysX] Initialized MultithreadedTaskDispatcher with 16 workers.
 -> (artifact id: '565b4b24089409ba296007943a2c9e48') in 0.003315 seconds
Refreshing native plugins compatible for Editor in 33.45 ms, found 19 plugins.
Preloading 0 native plugins for Editor in 0.00 ms.
Asset Pipeline Refresh (id=a19467d1c2dab4a43aaf3fc46f3eaf20): Total: 0.076 seconds - Initiated by StopAssetImportingV2(NoUpdateAssetOptions)
DisplayProgressbar: Checking prerequisites
Android PostProcess task "Checking prerequisites" took 18.1551 ms
DisplayProgressbar: Detect Java Development Kit (JDK)
Android PostProcess task "Detect Java Development Kit (JDK)" took 102.8778 ms
DisplayProgressbar: Detecting Android SDK
AndroidSDKTools:

	root          : C:\Program Files\Unity\Hub\Editor\2022.3.62f3\Editor\Data\PlaybackEngines\AndroidPlayer\SDK
	cmdline-tools : C:\Program Files\Unity\Hub\Editor\2022.3.62f3\Editor\Data\PlaybackEngines\AndroidPlayer\SDK\cmdline-tools\6.0
	platform-tools: C:\Program Files\Unity\Hub\Editor\2022.3.62f3\Editor\Data\PlaybackEngines\AndroidPlayer\SDK\platform-tools
	build-tools   : C:\Program Files\Unity\Hub\Editor\2022.3.62f3\Editor\Data\PlaybackEngines\AndroidPlayer\SDK\build-tools\34.0.0

	adb           : C:\Program Files\Unity\Hub\Editor\2022.3.62f3\Editor\Data\PlaybackEngines\AndroidPlayer\SDK\platform-tools\adb.exe

Android PostProcess task "Detecting Android SDK" took 1864.696 ms
DisplayProgressbar: Detect Android NDK
Android PostProcess task "Detect Android NDK" took 6.8141 ms
Android PostProcess task "Trying to find a suitable Android device" took 0.4724 ms
DisplayProgressbar: Checking Graphics API compatibility
Android PostProcess task "Checking Graphics API compatibility" took 1.4749 ms
DisplayProgressbar: Check resources
Android PostProcess task "Check resources" took 0.3057 ms
DisplayProgressbar: Check Android Player Settings
Android PostProcess task "Check Android Player Settings" took 0.2097 ms
Starting: C:\Program Files\Unity\Hub\Editor\2022.3.62f3\Editor\Data\bee_backend.exe --ipc --defer-dag-verification --dagfile="Library/Bee/1300b0aESkipCompile.dag" --continue-on-failure --profile="Library/Bee/backend1.traceevents" ScriptAssembliesAndTypeDB
WorkingDir: Q:/QCXR-XR-Wrapper
DisplayProgressbar: Compiling Scripts
ExitCode: 0 Duration: 0s123ms
*** Tundra build success (0.08 seconds), 0 items updated, 3 evaluated
Asset Pipeline Refresh (id=76d8837d30929cb4b86989ccab7dabd4): Total: 0.010 seconds - Initiated by RefreshV2(NoUpdateAssetOptions)
[ScriptCompilation] Requested script compilation because: Recompiling scripts for player build.
BuildPlayer: start building target 13
Starting: C:\Program Files\Unity\Hub\Editor\2022.3.62f3\Editor\Data\bee_backend.exe --ipc --defer-dag-verification --dagfile="Library/Bee/1300b0aP.dag" --continue-on-failure --profile="Library/Bee/backend1.traceevents" ScriptAssembliesAndTypeDB
WorkingDir: Q:/QCXR-XR-Wrapper
ExitCode: 0 Duration: 2s545ms
[218/322    0s] CopyFiles Library/Bee/PlayerScriptAssemblies/UnityGifDecoder.pdb
[223/322    0s] CopyFiles Library/Bee/PlayerScriptAssemblies/Unity.XR.Management.dll
[224/322    0s] CopyFiles Library/Bee/PlayerScriptAssemblies/UnityEngine.UI.dll
[225/322    0s] CopyFiles Library/Bee/PlayerScriptAssemblies/UnityEngine.SpatialTracking.pdb
[226/322    0s] CopyFiles Library/Bee/PlayerScriptAssemblies/UnityEngine.UI.pdb
[232/322    0s] CopyFiles Library/Bee/PlayerScriptAssemblies/UnityGifDecoder.dll
[235/322    0s] CopyFiles Library/Bee/PlayerScriptAssemblies/UnityEngine.SpatialTracking.dll
[237/322    0s] CopyFiles Library/Bee/PlayerScriptAssemblies/Unity.Timeline.dll
[245/322    0s] CopyFiles Library/Bee/PlayerScriptAssemblies/Unity.XR.Management.pdb
[246/322    0s] CopyFiles Library/Bee/PlayerScriptAssemblies/unity.webp.dll
[247/322    0s] CopyFiles Library/Bee/PlayerScriptAssemblies/Unity.TextMeshPro.dll
[248/322    0s] CopyFiles Library/Bee/PlayerScriptAssemblies/Unity.Mathematics.dll
[255/322    0s] CopyFiles Library/Bee/PlayerScriptAssemblies/Unity.InputSystem.dll
[274/322    0s] CopyFiles Library/Bee/PlayerScriptAssemblies/Unity.XR.OpenXR.dll
[275/322    0s] CopyFiles Library/Bee/PlayerScriptAssemblies/Unity.XR.OpenXR.Features.RuntimeDebugger.dll
[277/322    0s] CopyFiles Library/Bee/PlayerScriptAssemblies/UnityEngine.XR.LegacyInputHelpers.dll
[278/322    0s] CopyFiles Library/Bee/PlayerScriptAssemblies/Unity.XR.OpenXRPico.dll
[279/322    0s] CopyFiles Library/Bee/PlayerScriptAssemblies/Unity.InputSystem.ForUI.dll
[280/322    0s] CopyFiles Library/Bee/PlayerScriptAssemblies/Unity.XR.OpenXR.Features.MockRuntime.dll
[281/322    0s] CopyFiles Library/Bee/PlayerScriptAssemblies/Unity.XR.CoreUtils.dll
[282/322    0s] CopyFiles Library/Bee/PlayerScriptAssemblies/Unity.XR.OpenXR.Features.MetaQuestSupport.dll
[283/322    0s] CopyFiles Library/Bee/PlayerScriptAssemblies/ControllerSample.dll
[284/322    0s] CopyFiles Library/Bee/PlayerScriptAssemblies/Unity.XR.Interaction.Toolkit.dll
[285/322    0s] CopyFiles Library/Bee/PlayerScriptAssemblies/Unity.VisualScripting.Core.dll
[286/322    0s] CopyFiles Library/Bee/PlayerScriptAssemblies/Unity.XR.OpenXR.Features.ConformanceAutomation.dll
[287/322    0s] CopyFiles Library/Bee/PlayerScriptAssemblies/Unity.XR.Interaction.Toolkit.Samples.StarterAssets.dll
[288/322    0s] CopyFiles Library/Bee/PlayerScriptAssemblies/PICO.TobSupport.dll
[289/322    0s] CopyFiles Library/Bee/PlayerScriptAssemblies/PICO.Platform.dll
[290/322    0s] CopyFiles Library/Bee/PlayerScriptAssemblies/Unity.XR.OpenXR.Features.PICOSupport.dll
[291/322    0s] CopyFiles Library/Bee/PlayerScriptAssemblies/Unity.VisualScripting.State.dll
[292/322    0s] CopyFiles Library/Bee/PlayerScriptAssemblies/Unity.VisualScripting.State.pdb
[293/322    0s] CopyFiles Library/Bee/PlayerScriptAssemblies/Assembly-CSharp.dll
[294/322    0s] CopyFiles Library/Bee/PlayerScriptAssemblies/Unity.XR.OpenXR.Features.OculusQuestSupport.dll
[295/322    0s] CopyFiles Library/Bee/PlayerScriptAssemblies/Unity.VisualScripting.Flow.dll
[296/322    0s] CopyFiles Library/Bee/PlayerScriptAssemblies/PICO.Platform.pdb
[297/322    0s] CopyFiles Library/Bee/PlayerScriptAssemblies/PICO.TobSupport.pdb
[298/322    0s] CopyFiles Library/Bee/PlayerScriptAssemblies/Unity.XR.OpenXR.Features.PICOSupport.pdb
[299/322    0s] CopyFiles Library/Bee/PlayerScriptAssemblies/Unity.XR.Interaction.Toolkit.Samples.StarterAssets.pdb
[300/322    0s] CopyFiles Library/Bee/PlayerScriptAssemblies/Assembly-CSharp.pdb
[301/322    0s] CopyFiles Library/Bee/PlayerScriptAssemblies/Unity.XR.OpenXR.Features.OculusQuestSupport.pdb
[302/322    0s] CopyFiles Library/Bee/PlayerScriptAssemblies/Unity.XR.OpenXR.Features.MockRuntime.pdb
[303/322    0s] CopyFiles Library/Bee/PlayerScriptAssemblies/Unity.VisualScripting.Flow.pdb
[304/322    0s] CopyFiles Library/Bee/PlayerScriptAssemblies/Unity.InputSystem.ForUI.pdb
[305/322    0s] CopyFiles Library/Bee/PlayerScriptAssemblies/Unity.XR.OpenXR.Features.RuntimeDebugger.pdb
[306/322    0s] CopyFiles Library/Bee/PlayerScriptAssemblies/ControllerSample.pdb
[307/322    0s] CopyFiles Library/Bee/PlayerScriptAssemblies/Unity.XR.OpenXR.Features.ConformanceAutomation.pdb
[308/322    0s] CopyFiles Library/Bee/PlayerScriptAssemblies/Unity.XR.OpenXR.Features.MetaQuestSupport.pdb
[309/322    0s] CopyFiles Library/Bee/PlayerScriptAssemblies/Unity.VisualScripting.Core.pdb
[310/322    0s] CopyFiles Library/Bee/PlayerScriptAssemblies/Unity.XR.CoreUtils.pdb
[311/322    0s] CopyFiles Library/Bee/PlayerScriptAssemblies/Unity.InputSystem.pdb
[312/322    0s] CopyFiles Library/Bee/PlayerScriptAssemblies/Unity.XR.Interaction.Toolkit.pdb
[313/322    0s] CopyFiles Library/Bee/PlayerScriptAssemblies/UnityEngine.XR.LegacyInputHelpers.pdb
[314/322    0s] CopyFiles Library/Bee/PlayerScriptAssemblies/Unity.XR.OpenXRPico.pdb
[315/322    0s] CopyFiles Library/Bee/PlayerScriptAssemblies/Unity.XR.OpenXR.pdb
[316/322    0s] CopyFiles Library/Bee/PlayerScriptAssemblies/unity.webp.pdb
[317/322    0s] CopyFiles Library/Bee/PlayerScriptAssemblies/Unity.Timeline.pdb
[318/322    0s] CopyFiles Library/Bee/PlayerScriptAssemblies/Unity.Mathematics.pdb
[319/322    0s] CopyFiles Library/Bee/PlayerScriptAssemblies/Unity.TextMeshPro.pdb
*** Tundra build success (2.51 seconds), 58 items updated, 322 evaluated
Not rebuilding Data files -- no changes
[Licensing::Client] Successfully resolved entitlement details
[Licensing::Client] Successfully resolved entitlement details
Asset Pipeline Refresh (id=98883a4d890b668439c2e8085b6f684c): Total: 0.053 seconds - Initiated by RefreshV2(NoUpdateAssetOptions)
Warning! Using more than 1 pixel lights on a mobile device may decrease performance severely. You can change the mobile quality settings in 'Project Settings -> Quality Settings'.


Mono dependencies included in the build
Dependency assembly - System.ServiceModel.Security.dll
Dependency assembly - System.IdentityModel.dll
Dependency assembly - System.Threading.Thread.dll
Dependency assembly - System.IO.Compression.dll
Dependency assembly - System.Reflection.Context.dll
Dependency assembly - Microsoft.Win32.Registry.dll
Dependency assembly - System.Reflection.Extensions.dll
Dependency assembly - System.Configuration.dll
Dependency assembly - System.Security.SecureString.dll
Dependency assembly - System.Runtime.Serialization.Json.dll
Dependency assembly - System.Data.Entity.dll
Dependency assembly - System.Web.RegularExpressions.dll
Dependency assembly - System.Console.dll
Dependency assembly - Newtonsoft.Json.dll
Dependency assembly - System.IO.FileSystem.Watcher.dll
Dependency assembly - System.Text.Encoding.CodePages.dll
Dependency assembly - System.Diagnostics.Contracts.dll
Dependency assembly - Unity.Timeline.dll
Dependency assembly - System.Diagnostics.TextWriterTraceListener.dll
Dependency assembly - System.IO.FileSystem.AccessControl.dll
Dependency assembly - System.Net.NameResolution.dll
Dependency assembly - System.DirectoryServices.Protocols.dll
Dependency assembly - System.Linq.Expressions.dll
Dependency assembly - System.Net.NetworkInformation.dll
Dependency assembly - Microsoft.Win32.Primitives.dll
Dependency assembly - System.IO.Pipes.dll
Dependency assembly - System.Xml.ReaderWriter.dll
Dependency assembly - System.Net.Cache.dll
Dependency assembly - System.Runtime.Loader.dll
Dependency assembly - System.Threading.Timer.dll
Dependency assembly - System.Threading.Overlapped.dll
Dependency assembly - PICO.TobSupport.dll
Dependency assembly - System.Globalization.Calendars.dll
Dependency assembly - System.Collections.Specialized.dll
Dependency assembly - System.ServiceModel.NetTcp.dll
Dependency assembly - System.Security.Cryptography.OpenSsl.dll
Dependency assembly - Unity.XR.Interaction.Toolkit.dll
Dependency assembly - Microsoft.CSharp.dll
Dependency assembly - System.Configuration.Install.dll
Dependency assembly - System.Net.WebSockets.Client.dll
Dependency assembly - System.Dynamic.Runtime.dll
Dependency assembly - System.Linq.Parallel.dll
Dependency assembly - System.Memory.dll
Dependency assembly - System.Web.Services.dll
Dependency assembly - System.Linq.dll
Dependency assembly - System.Security.Cryptography.Algorithms.dll
Dependency assembly - Mono.Data.Tds.dll
Dependency assembly - System.Threading.dll
Dependency assembly - Mono.Data.Sqlite.dll
Dependency assembly - System.Data.SqlClient.dll
Dependency assembly - System.Drawing.Primitives.dll
Dependency assembly - System.Net.dll
Dependency assembly - System.Resources.ResourceManager.dll
Dependency assembly - UnityEngine.UI.dll
Dependency assembly - System.Reflection.dll
Dependency assembly - System.Runtime.Serialization.Formatters.dll
Dependency assembly - System.IO.MemoryMappedFiles.dll
Dependency assembly - System.ServiceModel.Web.dll
Dependency assembly - System.Runtime.Numerics.dll
Dependency assembly - System.ServiceProcess.dll
Dependency assembly - System.Web.ApplicationServices.dll
Dependency assembly - System.Net.Requests.dll
Dependency assembly - PICO.Platform.dll
Dependency assembly - System.Net.HttpListener.dll
Dependency assembly - System.Runtime.Serialization.Xml.dll
Dependency assembly - System.Net.Mail.dll
Dependency assembly - Assembly-CSharp.dll
Dependency assembly - System.DirectoryServices.dll
Dependency assembly - unity.webp.dll
Dependency assembly - System.AppContext.dll
Dependency assembly - Unity.VisualScripting.State.dll
Dependency assembly - System.Net.Http.WebRequest.dll
Dependency assembly - System.Buffers.dll
Dependency assembly - System.Resources.Reader.dll
Dependency assembly - System.ComponentModel.Composition.dll
Dependency assembly - System.Diagnostics.Tools.dll
Dependency assembly - System.Core.dll
Dependency assembly - System.Messaging.dll
Dependency assembly - System.ServiceModel.Activation.dll
Dependency assembly - System.Runtime.Serialization.Formatters.Soap.dll
Dependency assembly - System.Threading.AccessControl.dll
Dependency assembly - System.Security.Cryptography.Csp.dll
Dependency assembly - Unity.XR.OpenXR.dll
Dependency assembly - System.Xml.XPath.XmlDocument.dll
Dependency assembly - System.ComponentModel.DataAnnotations.dll
Dependency assembly - System.Security.Cryptography.Cng.dll
Dependency assembly - System.Reflection.Primitives.dll
Dependency assembly - System.Collections.NonGeneric.dll
Dependency assembly - Accessibility.dll
Dependency assembly - System.Net.Ping.dll
Dependency assembly - System.Web.Extensions.dll
Dependency assembly - System.Security.Cryptography.Encryption.dll
Dependency assembly - Unity.TextMeshPro.dll
Dependency assembly - System.ServiceModel.Duplex.dll
Dependency assembly - System.Security.Cryptography.Encryption.ECDsa.dll
Dependency assembly - System.Xaml.dll
Dependency assembly - System.Data.Services.Client.dll
Dependency assembly - System.Linq.Queryable.dll
Dependency assembly - System.ServiceModel.Routing.dll
Dependency assembly - System.IO.UnmanagedMemoryStream.dll
Dependency assembly - System.Text.Encoding.Extensions.dll
Dependency assembly - System.Security.AccessControl.dll
Dependency assembly - System.Windows.Forms.DataVisualization.dll
Dependency assembly - System.Net.WebHeaderCollection.dll
Dependency assembly - ControllerSample.dll
Dependency assembly - System.Security.Principal.dll
Dependency assembly - System.Numerics.dll
Dependency assembly - System.Reflection.Emit.ILGeneration.dll
Dependency assembly - Unity.InputSystem.ForUI.dll
Dependency assembly - System.Net.WebSockets.dll
Dependency assembly - Unity.XR.OpenXR.Features.OculusQuestSupport.dll
Dependency assembly - System.Runtime.Extensions.dll
Dependency assembly - System.Runtime.CompilerServices.VisualC.dll
Dependency assembly - System.Security.Cryptography.Encoding.dll
Dependency assembly - System.ServiceModel.Discovery.dll
Dependency assembly - System.Management.dll
Dependency assembly - System.Transactions.dll
Dependency assembly - System.Security.Cryptography.ProtectedData.dll
Dependency assembly - System.Resources.Writer.dll
Dependency assembly - System.Xml.XDocument.dll
Dependency assembly - Microsoft.Win32.Registry.AccessControl.dll
Dependency assembly - System.Drawing.dll
Dependency assembly - Unity.VisualScripting.Flow.dll
Dependency assembly - System.ServiceModel.Primitives.dll
Dependency assembly - System.ValueTuple.dll
Dependency assembly - Unity.XR.OpenXR.Features.RuntimeDebugger.dll
Dependency assembly - System.Runtime.Serialization.dll
Dependency assembly - System.Data.DataSetExtensions.dll
Dependency assembly - System.Runtime.Serialization.Primitives.dll
Dependency assembly - System.Security.Cryptography.Hashing.dll
Dependency assembly - System.EnterpriseServices.dll
Dependency assembly - System.Runtime.InteropServices.WindowsRuntime.dll
Dependency assembly - mscorlib.dll
Dependency assembly - System.Resources.ReaderWriter.dll
Dependency assembly - System.Diagnostics.TraceSource.dll
Dependency assembly - System.Runtime.Remoting.dll
Dependency assembly - System.Data.dll
Dependency assembly - System.Net.Sockets.dll
Dependency assembly - System.ComponentModel.dll
Dependency assembly - System.Data.Services.dll
Dependency assembly - Unity.XR.CoreUtils.dll
Dependency assembly - System.Collections.Concurrent.dll
Dependency assembly - System.Diagnostics.Process.dll
Dependency assembly - UnityEngine.SpatialTracking.dll
Dependency assembly - Unity.XR.Interaction.Toolkit.Samples.StarterAssets.dll
Dependency assembly - System.Web.DynamicData.dll
Dependency assembly - System.Xml.dll
Dependency assembly - System.Runtime.InteropServices.RuntimeInformation.dll
Dependency assembly - Unity.XR.Management.dll
Dependency assembly - System.Threading.Tasks.dll
Dependency assembly - System.IO.FileSystem.Primitives.dll
Dependency assembly - Unity.VisualScripting.Core.dll
Dependency assembly - System.Runtime.Handles.dll
Dependency assembly - System.Security.Cryptography.X509Certificates.dll
Dependency assembly - netstandard.dll
Dependency assembly - System.IO.Compression.FileSystem.dll
Dependency assembly - Unity.XR.OpenXR.Features.MockRuntime.dll
Dependency assembly - System.Security.Principal.Windows.dll
Dependency assembly - UnityGifDecoder.dll
Dependency assembly - System.Reflection.DispatchProxy.dll
Dependency assembly - System.Xml.Xsl.Primitives.dll
Dependency assembly - System.Security.Cryptography.Encryption.ECDiffieHellman.dll
Dependency assembly - System.Text.Encoding.dll
Dependency assembly - System.Net.Primitives.dll
Dependency assembly - System.ServiceModel.Internals.dll
Dependency assembly - System.Diagnostics.StackTrace.dll
Dependency assembly - System.Web.Extensions.Design.dll
Dependency assembly - System.IO.IsolatedStorage.dll
Dependency assembly - System.Diagnostics.TraceEvent.dll
Dependency assembly - System.Threading.Tasks.Extensions.dll
Dependency assembly - System.Xml.XPath.dll
Dependency assembly - System.IO.dll
Dependency assembly - System.Security.Cryptography.Encryption.Aes.dll
Dependency assembly - System.Diagnostics.Debug.dll
Dependency assembly - System.Net.Utilities.dll
Dependency assembly - System.Runtime.dll
Dependency assembly - System.ObjectModel.dll
Dependency assembly - System.Security.Cryptography.RandomNumberGenerator.dll
Dependency assembly - System.Data.Linq.dll
Dependency assembly - System.Runtime.Caching.dll
Dependency assembly - System.Diagnostics.Tracing.dll
Dependency assembly - System.Runtime.InteropServices.dll
Dependency assembly - System.Security.Claims.dll
Dependency assembly - System.Design.dll
Dependency assembly - System.Runtime.DurableInstancing.dll
Dependency assembly - System.Numerics.Vectors.dll
Dependency assembly - System.Security.dll
Dependency assembly - System.ComponentModel.TypeConverter.dll
Dependency assembly - Unity.XR.OpenXR.Features.MetaQuestSupport.dll
Dependency assembly - System.Security.Cryptography.Primitives.dll
Dependency assembly - System.Net.Http.dll
Dependency assembly - System.ServiceModel.Http.dll
Dependency assembly - System.Windows.dll
Dependency assembly - System.ComponentModel.Primitives.dll
Dependency assembly - Unity.Mathematics.dll
Dependency assembly - System.Threading.Tasks.Parallel.dll
Dependency assembly - System.IdentityModel.Selectors.dll
Dependency assembly - System.Runtime.CompilerServices.Unsafe.dll
Dependency assembly - UnityEngine.XR.LegacyInputHelpers.dll
Dependency assembly - System.Xml.XmlDocument.dll
Dependency assembly - Unity.XR.OpenXR.Features.ConformanceAutomation.dll
Dependency assembly - Unity.XR.OpenXR.Features.PICOSupport.dll
Dependency assembly - Unity.XR.OpenXRPico.dll
Dependency assembly - System.Security.Cryptography.Pkcs.dll
Dependency assembly - System.IO.FileSystem.DriveInfo.dll
Dependency assembly - System.Diagnostics.FileVersionInfo.dll
Dependency assembly - System.ServiceModel.dll
Dependency assembly - System.Reflection.Emit.dll
Dependency assembly - System.Drawing.Design.dll
Dependency assembly - System.Windows.Forms.dll
Dependency assembly - System.Reflection.Emit.Lightweight.dll
Dependency assembly - System.Xml.Linq.dll
Dependency assembly - System.Security.Cryptography.DeriveBytes.dll
Dependency assembly - System.Text.RegularExpressions.dll
Dependency assembly - System.Web.dll
Dependency assembly - System.IO.Compression.ZipFile.dll
Dependency assembly - System.Globalization.Extensions.dll
Dependency assembly - System.dll
Dependency assembly - System.Xml.Serialization.dll
Dependency assembly - System.Globalization.dll
Dependency assembly - System.ComponentModel.Annotations.dll
Dependency assembly - System.Xml.XPath.XDocument.dll
Dependency assembly - System.Net.Security.dll
Dependency assembly - System.Net.ServicePoint.dll
Dependency assembly - System.Threading.ThreadPool.dll
Dependency assembly - System.IO.FileSystem.dll
Dependency assembly - System.ServiceProcess.ServiceController.dll
Dependency assembly - System.Reflection.TypeExtensions.dll
Dependency assembly - System.Json.dll
Dependency assembly - Mono.Security.dll
Dependency assembly - System.Data.Common.dll
Dependency assembly - System.Security.Cryptography.RSA.dll
Dependency assembly - System.Collections.dll
Dependency assembly - Unity.VisualScripting.Antlr3.Runtime.dll
Dependency assembly - System.Xml.XmlSerializer.dll
Dependency assembly - Unity.InputSystem.dll
Dependency assembly - System.Data.OracleClient.dll
Dependency assembly - System.Net.AuthenticationManager.dll
Dependency assembly - System.ComponentModel.EventBasedAsync.dll
Dependency assembly - System.Security.Cryptography.Hashing.Algorithms.dll

Compressed texture export202201252311597020 is used as icon. This might compromise visual quality of the final image. Uncompressed format might be considered as better import option.
UnityEngine.StackTraceUtility:ExtractStackTrace ()
UnityEditor.BuildPipeline:BuildPlayerInternal (string[],string,string,UnityEditor.BuildTargetGroup,UnityEditor.BuildTarget,int,UnityEditor.BuildOptions,string[])
UnityEditor.BuildPipeline:BuildPlayer (string[],string,string,UnityEditor.BuildTargetGroup,UnityEditor.BuildTarget,int,UnityEditor.BuildOptions,string[])
UnityEditor.BuildPipeline:BuildPlayer (UnityEditor.BuildPlayerOptions)
QuestCraftCliBuild:BuildAndroid () (at Assets/Editor/QuestCraftCliBuild.cs:86)

[Assets/Editor/QuestCraftCliBuild.cs line 86]

[Licensing::Client] Successfully resolved entitlement details
Compressed texture export202201252311597020 is used as icon. This might compromise visual quality of the final image. Uncompressed format might be considered as better import option.
UnityEngine.StackTraceUtility:ExtractStackTrace ()
UnityEditor.BuildPipeline:BuildPlayerInternal (string[],string,string,UnityEditor.BuildTargetGroup,UnityEditor.BuildTarget,int,UnityEditor.BuildOptions,string[])
UnityEditor.BuildPipeline:BuildPlayer (string[],string,string,UnityEditor.BuildTargetGroup,UnityEditor.BuildTarget,int,UnityEditor.BuildOptions,string[])
UnityEditor.BuildPipeline:BuildPlayer (UnityEditor.BuildPlayerOptions)
QuestCraftCliBuild:BuildAndroid () (at Assets/Editor/QuestCraftCliBuild.cs:86)

[Assets/Editor/QuestCraftCliBuild.cs line 86]

Compressed texture export202201252311597020 is used as icon. This might compromise visual quality of the final image. Uncompressed format might be considered as better import option.
UnityEngine.StackTraceUtility:ExtractStackTrace ()
UnityEditor.BuildPipeline:BuildPlayerInternal (string[],string,string,UnityEditor.BuildTargetGroup,UnityEditor.BuildTarget,int,UnityEditor.BuildOptions,string[])
UnityEditor.BuildPipeline:BuildPlayer (string[],string,string,UnityEditor.BuildTargetGroup,UnityEditor.BuildTarget,int,UnityEditor.BuildOptions,string[])
UnityEditor.BuildPipeline:BuildPlayer (UnityEditor.BuildPlayerOptions)
QuestCraftCliBuild:BuildAndroid () (at Assets/Editor/QuestCraftCliBuild.cs:86)

[Assets/Editor/QuestCraftCliBuild.cs line 86]

Compressed texture export202201252311597020 is used as icon. This might compromise visual quality of the final image. Uncompressed format might be considered as better import option.
UnityEngine.StackTraceUtility:ExtractStackTrace ()
UnityEditor.BuildPipeline:BuildPlayerInternal (string[],string,string,UnityEditor.BuildTargetGroup,UnityEditor.BuildTarget,int,UnityEditor.BuildOptions,string[])
UnityEditor.BuildPipeline:BuildPlayer (string[],string,string,UnityEditor.BuildTargetGroup,UnityEditor.BuildTarget,int,UnityEditor.BuildOptions,string[])
UnityEditor.BuildPipeline:BuildPlayer (UnityEditor.BuildPlayerOptions)
QuestCraftCliBuild:BuildAndroid () (at Assets/Editor/QuestCraftCliBuild.cs:86)

[Assets/Editor/QuestCraftCliBuild.cs line 86]

Compressed texture export202201252311597020 is used as icon. This might compromise visual quality of the final image. Uncompressed format might be considered as better import option.
UnityEngine.StackTraceUtility:ExtractStackTrace ()
UnityEditor.BuildPipeline:BuildPlayerInternal (string[],string,string,UnityEditor.BuildTargetGroup,UnityEditor.BuildTarget,int,UnityEditor.BuildOptions,string[])
UnityEditor.BuildPipeline:BuildPlayer (string[],string,string,UnityEditor.BuildTargetGroup,UnityEditor.BuildTarget,int,UnityEditor.BuildOptions,string[])
UnityEditor.BuildPipeline:BuildPlayer (UnityEditor.BuildPlayerOptions)
QuestCraftCliBuild:BuildAndroid () (at Assets/Editor/QuestCraftCliBuild.cs:86)

[Assets/Editor/QuestCraftCliBuild.cs line 86]

Compressed texture export202201252311597020 is used as icon. This might compromise visual quality of the final image. Uncompressed format might be considered as better import option.
UnityEngine.StackTraceUtility:ExtractStackTrace ()
UnityEditor.BuildPipeline:BuildPlayerInternal (string[],string,string,UnityEditor.BuildTargetGroup,UnityEditor.BuildTarget,int,UnityEditor.BuildOptions,string[])
UnityEditor.BuildPipeline:BuildPlayer (string[],string,string,UnityEditor.BuildTargetGroup,UnityEditor.BuildTarget,int,UnityEditor.BuildOptions,string[])
UnityEditor.BuildPipeline:BuildPlayer (UnityEditor.BuildPlayerOptions)
QuestCraftCliBuild:BuildAndroid () (at Assets/Editor/QuestCraftCliBuild.cs:86)

[Assets/Editor/QuestCraftCliBuild.cs line 86]

Compressed texture export202201252311597020 is used as icon. This might compromise visual quality of the final image. Uncompressed format might be considered as better import option.
UnityEngine.StackTraceUtility:ExtractStackTrace ()
UnityEditor.BuildPipeline:BuildPlayerInternal (string[],string,string,UnityEditor.BuildTargetGroup,UnityEditor.BuildTarget,int,UnityEditor.BuildOptions,string[])
UnityEditor.BuildPipeline:BuildPlayer (string[],string,string,UnityEditor.BuildTargetGroup,UnityEditor.BuildTarget,int,UnityEditor.BuildOptions,string[])
UnityEditor.BuildPipeline:BuildPlayer (UnityEditor.BuildPlayerOptions)
QuestCraftCliBuild:BuildAndroid () (at Assets/Editor/QuestCraftCliBuild.cs:86)

[Assets/Editor/QuestCraftCliBuild.cs line 86]

Compressed texture export202201252311597020 is used as icon. This might compromise visual quality of the final image. Uncompressed format might be considered as better import option.
UnityEngine.StackTraceUtility:ExtractStackTrace ()
UnityEditor.BuildPipeline:BuildPlayerInternal (string[],string,string,UnityEditor.BuildTargetGroup,UnityEditor.BuildTarget,int,UnityEditor.BuildOptions,string[])
UnityEditor.BuildPipeline:BuildPlayer (string[],string,string,UnityEditor.BuildTargetGroup,UnityEditor.BuildTarget,int,UnityEditor.BuildOptions,string[])
UnityEditor.BuildPipeline:BuildPlayer (UnityEditor.BuildPlayerOptions)
QuestCraftCliBuild:BuildAndroid () (at Assets/Editor/QuestCraftCliBuild.cs:86)

[Assets/Editor/QuestCraftCliBuild.cs line 86]

Compressed texture export202201252311597020 is used as icon. This might compromise visual quality of the final image. Uncompressed format might be considered as better import option.
UnityEngine.StackTraceUtility:ExtractStackTrace ()
UnityEditor.BuildPipeline:BuildPlayerInternal (string[],string,string,UnityEditor.BuildTargetGroup,UnityEditor.BuildTarget,int,UnityEditor.BuildOptions,string[])
UnityEditor.BuildPipeline:BuildPlayer (string[],string,string,UnityEditor.BuildTargetGroup,UnityEditor.BuildTarget,int,UnityEditor.BuildOptions,string[])
UnityEditor.BuildPipeline:BuildPlayer (UnityEditor.BuildPlayerOptions)
QuestCraftCliBuild:BuildAndroid () (at Assets/Editor/QuestCraftCliBuild.cs:86)

[Assets/Editor/QuestCraftCliBuild.cs line 86]

Compressed texture export202201252311597020 is used as icon. This might compromise visual quality of the final image. Uncompressed format might be considered as better import option.
UnityEngine.StackTraceUtility:ExtractStackTrace ()
UnityEditor.BuildPipeline:BuildPlayerInternal (string[],string,string,UnityEditor.BuildTargetGroup,UnityEditor.BuildTarget,int,UnityEditor.BuildOptions,string[])
UnityEditor.BuildPipeline:BuildPlayer (string[],string,string,UnityEditor.BuildTargetGroup,UnityEditor.BuildTarget,int,UnityEditor.BuildOptions,string[])
UnityEditor.BuildPipeline:BuildPlayer (UnityEditor.BuildPlayerOptions)
QuestCraftCliBuild:BuildAndroid () (at Assets/Editor/QuestCraftCliBuild.cs:86)

[Assets/Editor/QuestCraftCliBuild.cs line 86]

Compressed texture export202201252311597020 is used as icon. This might compromise visual quality of the final image. Uncompressed format might be considered as better import option.
UnityEngine.StackTraceUtility:ExtractStackTrace ()
UnityEditor.BuildPipeline:BuildPlayerInternal (string[],string,string,UnityEditor.BuildTargetGroup,UnityEditor.BuildTarget,int,UnityEditor.BuildOptions,string[])
UnityEditor.BuildPipeline:BuildPlayer (string[],string,string,UnityEditor.BuildTargetGroup,UnityEditor.BuildTarget,int,UnityEditor.BuildOptions,string[])
UnityEditor.BuildPipeline:BuildPlayer (UnityEditor.BuildPlayerOptions)
QuestCraftCliBuild:BuildAndroid () (at Assets/Editor/QuestCraftCliBuild.cs:86)

[Assets/Editor/QuestCraftCliBuild.cs line 86]

Compressed texture export202201252311597020 is used as icon. This might compromise visual quality of the final image. Uncompressed format might be considered as better import option.
UnityEngine.StackTraceUtility:ExtractStackTrace ()
UnityEditor.BuildPipeline:BuildPlayerInternal (string[],string,string,UnityEditor.BuildTargetGroup,UnityEditor.BuildTarget,int,UnityEditor.BuildOptions,string[])
UnityEditor.BuildPipeline:BuildPlayer (string[],string,string,UnityEditor.BuildTargetGroup,UnityEditor.BuildTarget,int,UnityEditor.BuildOptions,string[])
UnityEditor.BuildPipeline:BuildPlayer (UnityEditor.BuildPlayerOptions)
QuestCraftCliBuild:BuildAndroid () (at Assets/Editor/QuestCraftCliBuild.cs:86)

[Assets/Editor/QuestCraftCliBuild.cs line 86]

Compressed texture export202201252311597020 is used as icon. This might compromise visual quality of the final image. Uncompressed format might be considered as better import option.
UnityEngine.StackTraceUtility:ExtractStackTrace ()
UnityEditor.BuildPipeline:BuildPlayerInternal (string[],string,string,UnityEditor.BuildTargetGroup,UnityEditor.BuildTarget,int,UnityEditor.BuildOptions,string[])
UnityEditor.BuildPipeline:BuildPlayer (string[],string,string,UnityEditor.BuildTargetGroup,UnityEditor.BuildTarget,int,UnityEditor.BuildOptions,string[])
UnityEditor.BuildPipeline:BuildPlayer (UnityEditor.BuildPlayerOptions)
QuestCraftCliBuild:BuildAndroid () (at Assets/Editor/QuestCraftCliBuild.cs:86)

[Assets/Editor/QuestCraftCliBuild.cs line 86]

Compressed texture export202201252311597020 is used as icon. This might compromise visual quality of the final image. Uncompressed format might be considered as better import option.
UnityEngine.StackTraceUtility:ExtractStackTrace ()
UnityEditor.BuildPipeline:BuildPlayerInternal (string[],string,string,UnityEditor.BuildTargetGroup,UnityEditor.BuildTarget,int,UnityEditor.BuildOptions,string[])
UnityEditor.BuildPipeline:BuildPlayer (string[],string,string,UnityEditor.BuildTargetGroup,UnityEditor.BuildTarget,int,UnityEditor.BuildOptions,string[])
UnityEditor.BuildPipeline:BuildPlayer (UnityEditor.BuildPlayerOptions)
QuestCraftCliBuild:BuildAndroid () (at Assets/Editor/QuestCraftCliBuild.cs:86)

[Assets/Editor/QuestCraftCliBuild.cs line 86]

Compressed texture export202201252311597020 is used as icon. This might compromise visual quality of the final image. Uncompressed format might be considered as better import option.
UnityEngine.StackTraceUtility:ExtractStackTrace ()
UnityEditor.BuildPipeline:BuildPlayerInternal (string[],string,string,UnityEditor.BuildTargetGroup,UnityEditor.BuildTarget,int,UnityEditor.BuildOptions,string[])
UnityEditor.BuildPipeline:BuildPlayer (string[],string,string,UnityEditor.BuildTargetGroup,UnityEditor.BuildTarget,int,UnityEditor.BuildOptions,string[])
UnityEditor.BuildPipeline:BuildPlayer (UnityEditor.BuildPlayerOptions)
QuestCraftCliBuild:BuildAndroid () (at Assets/Editor/QuestCraftCliBuild.cs:86)

[Assets/Editor/QuestCraftCliBuild.cs line 86]

Compressed texture export202201252311597020 is used as icon. This might compromise visual quality of the final image. Uncompressed format might be considered as better import option.
UnityEngine.StackTraceUtility:ExtractStackTrace ()
UnityEditor.BuildPipeline:BuildPlayerInternal (string[],string,string,UnityEditor.BuildTargetGroup,UnityEditor.BuildTarget,int,UnityEditor.BuildOptions,string[])
UnityEditor.BuildPipeline:BuildPlayer (string[],string,string,UnityEditor.BuildTargetGroup,UnityEditor.BuildTarget,int,UnityEditor.BuildOptions,string[])
UnityEditor.BuildPipeline:BuildPlayer (UnityEditor.BuildPlayerOptions)
QuestCraftCliBuild:BuildAndroid () (at Assets/Editor/QuestCraftCliBuild.cs:86)

[Assets/Editor/QuestCraftCliBuild.cs line 86]

Compressed texture export202201252311597020 is used as icon. This might compromise visual quality of the final image. Uncompressed format might be considered as better import option.
UnityEngine.StackTraceUtility:ExtractStackTrace ()
UnityEditor.BuildPipeline:BuildPlayerInternal (string[],string,string,UnityEditor.BuildTargetGroup,UnityEditor.BuildTarget,int,UnityEditor.BuildOptions,string[])
UnityEditor.BuildPipeline:BuildPlayer (string[],string,string,UnityEditor.BuildTargetGroup,UnityEditor.BuildTarget,int,UnityEditor.BuildOptions,string[])
UnityEditor.BuildPipeline:BuildPlayer (UnityEditor.BuildPlayerOptions)
QuestCraftCliBuild:BuildAndroid () (at Assets/Editor/QuestCraftCliBuild.cs:86)

[Assets/Editor/QuestCraftCliBuild.cs line 86]

Compressed texture export202201252311597020 is used as icon. This might compromise visual quality of the final image. Uncompressed format might be considered as better import option.
UnityEngine.StackTraceUtility:ExtractStackTrace ()
UnityEditor.BuildPipeline:BuildPlayerInternal (string[],string,string,UnityEditor.BuildTargetGroup,UnityEditor.BuildTarget,int,UnityEditor.BuildOptions,string[])
UnityEditor.BuildPipeline:BuildPlayer (string[],string,string,UnityEditor.BuildTargetGroup,UnityEditor.BuildTarget,int,UnityEditor.BuildOptions,string[])
UnityEditor.BuildPipeline:BuildPlayer (UnityEditor.BuildPlayerOptions)
QuestCraftCliBuild:BuildAndroid () (at Assets/Editor/QuestCraftCliBuild.cs:86)

[Assets/Editor/QuestCraftCliBuild.cs line 86]

DisplayProgressbar: Initializing
Android PostProcess task "Initializing" took 0.6431 ms
DisplayProgressbar: Check gradle project collisions
Android PostProcess task "Check gradle project collisions" took 0.3658 ms
DisplayProgressbar: Preparing banner
Android PostProcess task "Preparing banner" took 0.5966 ms
Plugin 'Packages/com.netpyoung.webp/Plugins/Android/libs/arm64-v8a/libwebpmux.so' is not 16KB-aligned. This may cause issues on ARM64 devices running Android 15+.
More info: <a href="https://developer.android.com/guide/practices/page-sizes">https://developer.android.com/guide/practices/page-sizes</a>.
UnityEngine.StackTraceUtility:ExtractStackTrace ()
UnityEngine.DebugLogHandler:LogFormat (UnityEngine.LogType,UnityEngine.Object,string,object[])
UnityEngine.Logger:Log (UnityEngine.LogType,object)
UnityEngine.Debug:LogWarning (object)
UnityEditor.Android.AndroidBuildPostprocessor:CollectPlugin (string,Unity.Android.Types.AndroidArchitecture,System.Collections.Generic.Dictionary`2<string, UnityEditor.Android.AndroidBuildPostprocessor/AndroidSourcePlugin>,bool) (at /home/bokken/build/output/unity/unity/PlatformDependent/AndroidPlayer/Editor/Managed/ExtensionModule.cs:407)
UnityEditor.Android.AndroidBuildPostprocessor:PluginsDataFor (UnityEditor.Modules.BuildPostProcessArgs) (at /home/bokken/build/output/unity/unity/PlatformDependent/AndroidPlayer/Editor/Managed/ExtensionModule.cs:470)
UnityEditor.Modules.BeeBuildPostprocessor/<GetDataForBuildProgramFor>d__49:MoveNext ()
UnityEditor.Android.AndroidBuildPostprocessor/<GetDataForBuildProgramFor>d__29:MoveNext () (at /home/bokken/build/output/unity/unity/PlatformDependent/AndroidPlayer/Editor/Managed/ExtensionModule.cs:730)
System.Linq.Enumerable/WhereEnumerableIterator`1<object>:MoveNext ()
Bee.BeeDriver.BeeDriver:WriteDataForBuildProgram (Bee.BeeDriver.InternalState,System.Threading.Tasks.TaskCompletionSource`1<int>)
Bee.BeeDriver.BeeDriver/<>c__DisplayClass0_0:<BuildAsync>g__WriteData|0 ()
Bee.BeeDriver.BeeDriver:BuildAsync (Bee.BeeDriver.BuildRequest,System.Threading.CancellationToken)
UnityEditor.Modules.BeeBuildPostprocessor:PostProcess (UnityEditor.Modules.BuildPostProcessArgs)
UnityEditor.Modules.DefaultBuildPostprocessor:PostProcess (UnityEditor.Modules.BuildPostProcessArgs,UnityEditor.BuildProperties&)
UnityEditor.Android.AndroidBuildPostprocessor:PostProcess (UnityEditor.Modules.BuildPostProcessArgs,UnityEditor.BuildProperties&) (at /home/bokken/build/output/unity/unity/PlatformDependent/AndroidPlayer/Editor/Managed/ExtensionModule.cs:228)
UnityEditor.PostprocessBuildPlayer:Postprocess (UnityEditor.BuildTargetGroup,UnityEditor.BuildTarget,int,string,string,string,int,int,UnityEditor.BuildOptions,UnityEditor.RuntimeClassRegistry,UnityEditor.Build.Reporting.BuildReport)
UnityEditor.BuildPipeline:BuildPlayerInternal (string[],string,string,UnityEditor.BuildTargetGroup,UnityEditor.BuildTarget,int,UnityEditor.BuildOptions,string[])
UnityEditor.BuildPipeline:BuildPlayer (string[],string,string,UnityEditor.BuildTargetGroup,UnityEditor.BuildTarget,int,UnityEditor.BuildOptions,string[])
UnityEditor.BuildPipeline:BuildPlayer (UnityEditor.BuildPlayerOptions)
QuestCraftCliBuild:BuildAndroid () (at Assets/Editor/QuestCraftCliBuild.cs:86)

(Filename: /home/bokken/build/output/unity/unity/PlatformDependent/AndroidPlayer/Editor/Managed/ExtensionModule.cs Line: 407)

Plugin 'Packages/com.netpyoung.webp/Plugins/Android/libs/arm64-v8a/libwebpdemux.so' is not 16KB-aligned. This may cause issues on ARM64 devices running Android 15+.
More info: <a href="https://developer.android.com/guide/practices/page-sizes">https://developer.android.com/guide/practices/page-sizes</a>.
UnityEngine.StackTraceUtility:ExtractStackTrace ()
UnityEngine.DebugLogHandler:LogFormat (UnityEngine.LogType,UnityEngine.Object,string,object[])
UnityEngine.Logger:Log (UnityEngine.LogType,object)
UnityEngine.Debug:LogWarning (object)
UnityEditor.Android.AndroidBuildPostprocessor:CollectPlugin (string,Unity.Android.Types.AndroidArchitecture,System.Collections.Generic.Dictionary`2<string, UnityEditor.Android.AndroidBuildPostprocessor/AndroidSourcePlugin>,bool) (at /home/bokken/build/output/unity/unity/PlatformDependent/AndroidPlayer/Editor/Managed/ExtensionModule.cs:407)
UnityEditor.Android.AndroidBuildPostprocessor:PluginsDataFor (UnityEditor.Modules.BuildPostProcessArgs) (at /home/bokken/build/output/unity/unity/PlatformDependent/AndroidPlayer/Editor/Managed/ExtensionModule.cs:470)
UnityEditor.Modules.BeeBuildPostprocessor/<GetDataForBuildProgramFor>d__49:MoveNext ()
UnityEditor.Android.AndroidBuildPostprocessor/<GetDataForBuildProgramFor>d__29:MoveNext () (at /home/bokken/build/output/unity/unity/PlatformDependent/AndroidPlayer/Editor/Managed/ExtensionModule.cs:730)
System.Linq.Enumerable/WhereEnumerableIterator`1<object>:MoveNext ()
Bee.BeeDriver.BeeDriver:WriteDataForBuildProgram (Bee.BeeDriver.InternalState,System.Threading.Tasks.TaskCompletionSource`1<int>)
Bee.BeeDriver.BeeDriver/<>c__DisplayClass0_0:<BuildAsync>g__WriteData|0 ()
Bee.BeeDriver.BeeDriver:BuildAsync (Bee.BeeDriver.BuildRequest,System.Threading.CancellationToken)
UnityEditor.Modules.BeeBuildPostprocessor:PostProcess (UnityEditor.Modules.BuildPostProcessArgs)
UnityEditor.Modules.DefaultBuildPostprocessor:PostProcess (UnityEditor.Modules.BuildPostProcessArgs,UnityEditor.BuildProperties&)
UnityEditor.Android.AndroidBuildPostprocessor:PostProcess (UnityEditor.Modules.BuildPostProcessArgs,UnityEditor.BuildProperties&) (at /home/bokken/build/output/unity/unity/PlatformDependent/AndroidPlayer/Editor/Managed/ExtensionModule.cs:228)
UnityEditor.PostprocessBuildPlayer:Postprocess (UnityEditor.BuildTargetGroup,UnityEditor.BuildTarget,int,string,string,string,int,int,UnityEditor.BuildOptions,UnityEditor.RuntimeClassRegistry,UnityEditor.Build.Reporting.BuildReport)
UnityEditor.BuildPipeline:BuildPlayerInternal (string[],string,string,UnityEditor.BuildTargetGroup,UnityEditor.BuildTarget,int,UnityEditor.BuildOptions,string[])
UnityEditor.BuildPipeline:BuildPlayer (string[],string,string,UnityEditor.BuildTargetGroup,UnityEditor.BuildTarget,int,UnityEditor.BuildOptions,string[])
UnityEditor.BuildPipeline:BuildPlayer (UnityEditor.BuildPlayerOptions)
QuestCraftCliBuild:BuildAndroid () (at Assets/Editor/QuestCraftCliBuild.cs:86)

(Filename: /home/bokken/build/output/unity/unity/PlatformDependent/AndroidPlayer/Editor/Managed/ExtensionModule.cs Line: 407)

Plugin 'Packages/com.unity.xr.openxr/Runtime/android/arm64/libUnityOpenXR.so' is not 16KB-aligned. This may cause issues on ARM64 devices running Android 15+.
More info: <a href="https://developer.android.com/guide/practices/page-sizes">https://developer.android.com/guide/practices/page-sizes</a>.
UnityEngine.StackTraceUtility:ExtractStackTrace ()
UnityEngine.DebugLogHandler:LogFormat (UnityEngine.LogType,UnityEngine.Object,string,object[])
UnityEngine.Logger:Log (UnityEngine.LogType,object)
UnityEngine.Debug:LogWarning (object)
UnityEditor.Android.AndroidBuildPostprocessor:CollectPlugin (string,Unity.Android.Types.AndroidArchitecture,System.Collections.Generic.Dictionary`2<string, UnityEditor.Android.AndroidBuildPostprocessor/AndroidSourcePlugin>,bool) (at /home/bokken/build/output/unity/unity/PlatformDependent/AndroidPlayer/Editor/Managed/ExtensionModule.cs:407)
UnityEditor.Android.AndroidBuildPostprocessor:PluginsDataFor (UnityEditor.Modules.BuildPostProcessArgs) (at /home/bokken/build/output/unity/unity/PlatformDependent/AndroidPlayer/Editor/Managed/ExtensionModule.cs:470)
UnityEditor.Modules.BeeBuildPostprocessor/<GetDataForBuildProgramFor>d__49:MoveNext ()
UnityEditor.Android.AndroidBuildPostprocessor/<GetDataForBuildProgramFor>d__29:MoveNext () (at /home/bokken/build/output/unity/unity/PlatformDependent/AndroidPlayer/Editor/Managed/ExtensionModule.cs:730)
System.Linq.Enumerable/WhereEnumerableIterator`1<object>:MoveNext ()
Bee.BeeDriver.BeeDriver:WriteDataForBuildProgram (Bee.BeeDriver.InternalState,System.Threading.Tasks.TaskCompletionSource`1<int>)
Bee.BeeDriver.BeeDriver/<>c__DisplayClass0_0:<BuildAsync>g__WriteData|0 ()
Bee.BeeDriver.BeeDriver:BuildAsync (Bee.BeeDriver.BuildRequest,System.Threading.CancellationToken)
UnityEditor.Modules.BeeBuildPostprocessor:PostProcess (UnityEditor.Modules.BuildPostProcessArgs)
UnityEditor.Modules.DefaultBuildPostprocessor:PostProcess (UnityEditor.Modules.BuildPostProcessArgs,UnityEditor.BuildProperties&)
UnityEditor.Android.AndroidBuildPostprocessor:PostProcess (UnityEditor.Modules.BuildPostProcessArgs,UnityEditor.BuildProperties&) (at /home/bokken/build/output/unity/unity/PlatformDependent/AndroidPlayer/Editor/Managed/ExtensionModule.cs:228)
UnityEditor.PostprocessBuildPlayer:Postprocess (UnityEditor.BuildTargetGroup,UnityEditor.BuildTarget,int,string,string,string,int,int,UnityEditor.BuildOptions,UnityEditor.RuntimeClassRegistry,UnityEditor.Build.Reporting.BuildReport)
UnityEditor.BuildPipeline:BuildPlayerInternal (string[],string,string,UnityEditor.BuildTargetGroup,UnityEditor.BuildTarget,int,UnityEditor.BuildOptions,string[])
UnityEditor.BuildPipeline:BuildPlayer (string[],string,string,UnityEditor.BuildTargetGroup,UnityEditor.BuildTarget,int,UnityEditor.BuildOptions,string[])
UnityEditor.BuildPipeline:BuildPlayer (UnityEditor.BuildPlayerOptions)
QuestCraftCliBuild:BuildAndroid () (at Assets/Editor/QuestCraftCliBuild.cs:86)

(Filename: /home/bokken/build/output/unity/unity/PlatformDependent/AndroidPlayer/Editor/Managed/ExtensionModule.cs Line: 407)

Plugin 'Packages/com.netpyoung.webp/Plugins/Android/libs/arm64-v8a/libwebp.so' is not 16KB-aligned. This may cause issues on ARM64 devices running Android 15+.
More info: <a href="https://developer.android.com/guide/practices/page-sizes">https://developer.android.com/guide/practices/page-sizes</a>.
UnityEngine.StackTraceUtility:ExtractStackTrace ()
UnityEngine.DebugLogHandler:LogFormat (UnityEngine.LogType,UnityEngine.Object,string,object[])
UnityEngine.Logger:Log (UnityEngine.LogType,object)
UnityEngine.Debug:LogWarning (object)
UnityEditor.Android.AndroidBuildPostprocessor:CollectPlugin (string,Unity.Android.Types.AndroidArchitecture,System.Collections.Generic.Dictionary`2<string, UnityEditor.Android.AndroidBuildPostprocessor/AndroidSourcePlugin>,bool) (at /home/bokken/build/output/unity/unity/PlatformDependent/AndroidPlayer/Editor/Managed/ExtensionModule.cs:407)
UnityEditor.Android.AndroidBuildPostprocessor:PluginsDataFor (UnityEditor.Modules.BuildPostProcessArgs) (at /home/bokken/build/output/unity/unity/PlatformDependent/AndroidPlayer/Editor/Managed/ExtensionModule.cs:470)
UnityEditor.Modules.BeeBuildPostprocessor/<GetDataForBuildProgramFor>d__49:MoveNext ()
UnityEditor.Android.AndroidBuildPostprocessor/<GetDataForBuildProgramFor>d__29:MoveNext () (at /home/bokken/build/output/unity/unity/PlatformDependent/AndroidPlayer/Editor/Managed/ExtensionModule.cs:730)
System.Linq.Enumerable/WhereEnumerableIterator`1<object>:MoveNext ()
Bee.BeeDriver.BeeDriver:WriteDataForBuildProgram (Bee.BeeDriver.InternalState,System.Threading.Tasks.TaskCompletionSource`1<int>)
Bee.BeeDriver.BeeDriver/<>c__DisplayClass0_0:<BuildAsync>g__WriteData|0 ()
Bee.BeeDriver.BeeDriver:BuildAsync (Bee.BeeDriver.BuildRequest,System.Threading.CancellationToken)
UnityEditor.Modules.BeeBuildPostprocessor:PostProcess (UnityEditor.Modules.BuildPostProcessArgs)
UnityEditor.Modules.DefaultBuildPostprocessor:PostProcess (UnityEditor.Modules.BuildPostProcessArgs,UnityEditor.BuildProperties&)
UnityEditor.Android.AndroidBuildPostprocessor:PostProcess (UnityEditor.Modules.BuildPostProcessArgs,UnityEditor.BuildProperties&) (at /home/bokken/build/output/unity/unity/PlatformDependent/AndroidPlayer/Editor/Managed/ExtensionModule.cs:228)
UnityEditor.PostprocessBuildPlayer:Postprocess (UnityEditor.BuildTargetGroup,UnityEditor.BuildTarget,int,string,string,string,int,int,UnityEditor.BuildOptions,UnityEditor.RuntimeClassRegistry,UnityEditor.Build.Reporting.BuildReport)
UnityEditor.BuildPipeline:BuildPlayerInternal (string[],string,string,UnityEditor.BuildTargetGroup,UnityEditor.BuildTarget,int,UnityEditor.BuildOptions,string[])
UnityEditor.BuildPipeline:BuildPlayer (string[],string,string,UnityEditor.BuildTargetGroup,UnityEditor.BuildTarget,int,UnityEditor.BuildOptions,string[])
UnityEditor.BuildPipeline:BuildPlayer (UnityEditor.BuildPlayerOptions)
QuestCraftCliBuild:BuildAndroid () (at Assets/Editor/QuestCraftCliBuild.cs:86)

(Filename: /home/bokken/build/output/unity/unity/PlatformDependent/AndroidPlayer/Editor/Managed/ExtensionModule.cs Line: 407)

Plugin 'Packages/com.unity.xr.openxr.picoxr/Platform/Plugins/Android64/libpxrplatformloader.so' is not 16KB-aligned. This may cause issues on ARM64 devices running Android 15+.
More info: <a href="https://developer.android.com/guide/practices/page-sizes">https://developer.android.com/guide/practices/page-sizes</a>.
UnityEngine.StackTraceUtility:ExtractStackTrace ()
UnityEngine.DebugLogHandler:LogFormat (UnityEngine.LogType,UnityEngine.Object,string,object[])
UnityEngine.Logger:Log (UnityEngine.LogType,object)
UnityEngine.Debug:LogWarning (object)
UnityEditor.Android.AndroidBuildPostprocessor:CollectPlugin (string,Unity.Android.Types.AndroidArchitecture,System.Collections.Generic.Dictionary`2<string, UnityEditor.Android.AndroidBuildPostprocessor/AndroidSourcePlugin>,bool) (at /home/bokken/build/output/unity/unity/PlatformDependent/AndroidPlayer/Editor/Managed/ExtensionModule.cs:407)
UnityEditor.Android.AndroidBuildPostprocessor:PluginsDataFor (UnityEditor.Modules.BuildPostProcessArgs) (at /home/bokken/build/output/unity/unity/PlatformDependent/AndroidPlayer/Editor/Managed/ExtensionModule.cs:470)
UnityEditor.Modules.BeeBuildPostprocessor/<GetDataForBuildProgramFor>d__49:MoveNext ()
UnityEditor.Android.AndroidBuildPostprocessor/<GetDataForBuildProgramFor>d__29:MoveNext () (at /home/bokken/build/output/unity/unity/PlatformDependent/AndroidPlayer/Editor/Managed/ExtensionModule.cs:730)
System.Linq.Enumerable/WhereEnumerableIterator`1<object>:MoveNext ()
Bee.BeeDriver.BeeDriver:WriteDataForBuildProgram (Bee.BeeDriver.InternalState,System.Threading.Tasks.TaskCompletionSource`1<int>)
Bee.BeeDriver.BeeDriver/<>c__DisplayClass0_0:<BuildAsync>g__WriteData|0 ()
Bee.BeeDriver.BeeDriver:BuildAsync (Bee.BeeDriver.BuildRequest,System.Threading.CancellationToken)
UnityEditor.Modules.BeeBuildPostprocessor:PostProcess (UnityEditor.Modules.BuildPostProcessArgs)
UnityEditor.Modules.DefaultBuildPostprocessor:PostProcess (UnityEditor.Modules.BuildPostProcessArgs,UnityEditor.BuildProperties&)
UnityEditor.Android.AndroidBuildPostprocessor:PostProcess (UnityEditor.Modules.BuildPostProcessArgs,UnityEditor.BuildProperties&) (at /home/bokken/build/output/unity/unity/PlatformDependent/AndroidPlayer/Editor/Managed/ExtensionModule.cs:228)
UnityEditor.PostprocessBuildPlayer:Postprocess (UnityEditor.BuildTargetGroup,UnityEditor.BuildTarget,int,string,string,string,int,int,UnityEditor.BuildOptions,UnityEditor.RuntimeClassRegistry,UnityEditor.Build.Reporting.BuildReport)
UnityEditor.BuildPipeline:BuildPlayerInternal (string[],string,string,UnityEditor.BuildTargetGroup,UnityEditor.BuildTarget,int,UnityEditor.BuildOptions,string[])
UnityEditor.BuildPipeline:BuildPlayer (string[],string,string,UnityEditor.BuildTargetGroup,UnityEditor.BuildTarget,int,UnityEditor.BuildOptions,string[])
UnityEditor.BuildPipeline:BuildPlayer (UnityEditor.BuildPlayerOptions)
QuestCraftCliBuild:BuildAndroid () (at Assets/Editor/QuestCraftCliBuild.cs:86)

(Filename: /home/bokken/build/output/unity/unity/PlatformDependent/AndroidPlayer/Editor/Managed/ExtensionModule.cs Line: 407)

Plugin 'Packages/com.netpyoung.webp/Plugins/Android/libs/arm64-v8a/libwebpdecoder.so' is not 16KB-aligned. This may cause issues on ARM64 devices running Android 15+.
More info: <a href="https://developer.android.com/guide/practices/page-sizes">https://developer.android.com/guide/practices/page-sizes</a>.
UnityEngine.StackTraceUtility:ExtractStackTrace ()
UnityEngine.DebugLogHandler:LogFormat (UnityEngine.LogType,UnityEngine.Object,string,object[])
UnityEngine.Logger:Log (UnityEngine.LogType,object)
UnityEngine.Debug:LogWarning (object)
UnityEditor.Android.AndroidBuildPostprocessor:CollectPlugin (string,Unity.Android.Types.AndroidArchitecture,System.Collections.Generic.Dictionary`2<string, UnityEditor.Android.AndroidBuildPostprocessor/AndroidSourcePlugin>,bool) (at /home/bokken/build/output/unity/unity/PlatformDependent/AndroidPlayer/Editor/Managed/ExtensionModule.cs:407)
UnityEditor.Android.AndroidBuildPostprocessor:PluginsDataFor (UnityEditor.Modules.BuildPostProcessArgs) (at /home/bokken/build/output/unity/unity/PlatformDependent/AndroidPlayer/Editor/Managed/ExtensionModule.cs:470)
UnityEditor.Modules.BeeBuildPostprocessor/<GetDataForBuildProgramFor>d__49:MoveNext ()
UnityEditor.Android.AndroidBuildPostprocessor/<GetDataForBuildProgramFor>d__29:MoveNext () (at /home/bokken/build/output/unity/unity/PlatformDependent/AndroidPlayer/Editor/Managed/ExtensionModule.cs:730)
System.Linq.Enumerable/WhereEnumerableIterator`1<object>:MoveNext ()
Bee.BeeDriver.BeeDriver:WriteDataForBuildProgram (Bee.BeeDriver.InternalState,System.Threading.Tasks.TaskCompletionSource`1<int>)
Bee.BeeDriver.BeeDriver/<>c__DisplayClass0_0:<BuildAsync>g__WriteData|0 ()
Bee.BeeDriver.BeeDriver:BuildAsync (Bee.BeeDriver.BuildRequest,System.Threading.CancellationToken)
UnityEditor.Modules.BeeBuildPostprocessor:PostProcess (UnityEditor.Modules.BuildPostProcessArgs)
UnityEditor.Modules.DefaultBuildPostprocessor:PostProcess (UnityEditor.Modules.BuildPostProcessArgs,UnityEditor.BuildProperties&)
UnityEditor.Android.AndroidBuildPostprocessor:PostProcess (UnityEditor.Modules.BuildPostProcessArgs,UnityEditor.BuildProperties&) (at /home/bokken/build/output/unity/unity/PlatformDependent/AndroidPlayer/Editor/Managed/ExtensionModule.cs:228)
UnityEditor.PostprocessBuildPlayer:Postprocess (UnityEditor.BuildTargetGroup,UnityEditor.BuildTarget,int,string,string,string,int,int,UnityEditor.BuildOptions,UnityEditor.RuntimeClassRegistry,UnityEditor.Build.Reporting.BuildReport)
UnityEditor.BuildPipeline:BuildPlayerInternal (string[],string,string,UnityEditor.BuildTargetGroup,UnityEditor.BuildTarget,int,UnityEditor.BuildOptions,string[])
UnityEditor.BuildPipeline:BuildPlayer (string[],string,string,UnityEditor.BuildTargetGroup,UnityEditor.BuildTarget,int,UnityEditor.BuildOptions,string[])
UnityEditor.BuildPipeline:BuildPlayer (UnityEditor.BuildPlayerOptions)
QuestCraftCliBuild:BuildAndroid () (at Assets/Editor/QuestCraftCliBuild.cs:86)

(Filename: /home/bokken/build/output/unity/unity/PlatformDependent/AndroidPlayer/Editor/Managed/ExtensionModule.cs Line: 407)

Starting: C:\Program Files\Unity\Hub\Editor\2022.3.62f3\Editor\Data\bee_backend.exe --ipc --dagfile="Library/Bee/Player730f2ff5.dag" --profile="Library/Bee/backend1.traceevents" Player
WorkingDir: Q:/QCXR-XR-Wrapper
DisplayProgressbar: Incremental Player Build
ExitCode: 0 Duration: 0s311ms
DisplayProgressbar: Calling IPostGenerateGradleAndroidProject callbacks
Calling IPostGenerateGradleAndroidProject callbacks on 'Q:\QCXR-XR-Wrapper\Library\Bee\Android\Prj\IL2CPP\Gradle\unityLibrary':
    Call "Unity.XR.OpenXR.Features.PICOSupport.PICOModifyAndroidManifest.OnPostGenerateGradleAndroidProject" from assembly 'Unity.XR.OpenXR.Features.PICOSupport.Editor'
    Call "Unity.XR.Management.AndroidManifest.Editor.AndroidManifestBuildEventReceiver.OnPostGenerateGradleAndroidProject" from assembly 'Unity.XR.Management.Editor'
    Call "UnityEditor.XR.OpenXR.Features.OculusQuestSupport.ModifyAndroidManifestOculus.OnPostGenerateGradleAndroidProject" from assembly 'Unity.XR.OpenXR.Features.OculusQuestSupport.Editor'
    Call "UnityEditor.XR.OpenXR.Features.MetaQuestSupport.ModifyAndroidManifestMeta.OnPostGenerateGradleAndroidProject" from assembly 'Unity.XR.OpenXR.Features.MetaQuestSupport.Editor'
    Call "UnityEditor.XR.OpenXR.Features.MetaQuestSupport.MetaQuestFeatureBuildHooks.OnPostGenerateGradleAndroidProject" from assembly 'Unity.XR.OpenXR.Features.MetaQuestSupport.Editor'
    Call "Pico.Platform.Editor.PlatformManifestRewrite.OnPostGenerateGradleAndroidProject" from assembly 'PICO.Platform.Editor'
Android PostProcess task "Calling IPostGenerateGradleAndroidProject callbacks" took 60.5202 ms
Android PostProcess task "Cloud Diagnostics Symbol Upload" took 0.2744 ms
DisplayProgressbar: Building Gradle project
Android PostProcess task "Building Gradle project" took 19486.1077 ms
DisplayProgressbar: Processing Mapping File
Android PostProcess task "Processing Mapping File" took 0.2929 ms
DisplayProgressbar: Moving output package(s)
Android PostProcess task "Moving output package(s)" took 63.4444 ms
Refreshing native plugins compatible for Editor in 169.49 ms, found 19 plugins.
Preloading 0 native plugins for Editor in 0.00 ms.

-------------------------------------------------------------------------------
Build Report
Information on used Assets is not available, since player data was not rebuilt.
Do a clean build to view the Asset build report information.
-------------------------------------------------------------------------------
Unloading 5 Unused Serialized files (Serialized files now loaded: 0)
Unloading 199 unused Assets / (1.2 MB). Loaded Objects now: 5547.
Memory consumption went from 149.0 MB to 147.9 MB.
Total: 8.722200 ms (FindLiveObjects: 1.178000 ms CreateObjectMapping: 1.001000 ms MarkObjects: 5.413400 ms  DeleteObjects: 1.128100 ms)

DisplayProgressNotification: Build Successful
Build Finished, Result: Success.
##utp:{"type":"PlayerBuildInfo","version":2,"phase":"Immediate","time":1782177668130,"processId":19788,"steps":[{"description":"Preprocess Player","duration":297},{"description":"Prepare For Build","duration":2008},{"description":"ProducePlayerScriptAssemblies","duration":3168},{"description":"Verify Build setup","duration":784},{"description":"Prepare assets for target platform","duration":90},{"description":"Prepare splash screen","duration":21},{"description":"Run script only build","duration":177},{"description":"Postprocess built player","duration":21125}],"duration":27670}
[PhysX] Initialized MultithreadedTaskDispatcher with 16 workers.
Unloading 0 Unused Serialized files (Serialized files now loaded: 0)
Loaded scene 'Temp/__Backupscenes/0.backup'
	Deserialize:            2.184 ms
	Integration:            38.434 ms
	Integration of assets:  0.003 ms
	Thread Wait Time:       0.015 ms
	Total Operation Time:   40.636 ms
Unloading 0 unused Assets / (0 B). Loaded Objects now: 5547.
Memory consumption went from 135.1 MB to 135.1 MB.
Total: 4.870000 ms (FindLiveObjects: 0.433800 ms CreateObjectMapping: 0.225400 ms MarkObjects: 4.185400 ms  DeleteObjects: 0.024100 ms)

Batchmode quit successfully invoked - shutting down!
Killing ADB server in 0.1139299 seconds.
Start importing ProjectSettings/ProjectSettings.asset using Guid(00000000000000004000000000000000) Importer(-1,00000000000000000000000000000000) [PhysX] Initialized MultithreadedTaskDispatcher with 16 workers.
 -> (artifact id: 'ad36f88467732b6bdfb6ad6583bd5f95') in 0.003291 seconds
Refreshing native plugins compatible for Editor in 36.02 ms, found 19 plugins.
Preloading 0 native plugins for Editor in 0.00 ms.
Asset Pipeline Refresh (id=555d390a8499d8148bfe6cebd88338e6): Total: 0.248 seconds - Initiated by StopAssetImportingV2(NoUpdateAssetOptions)
[PhysX] Initialized MultithreadedTaskDispatcher with 16 workers.
Input System module state changed to: ShutdownInProgress.
Input System polling thread exited.
Input System module state changed to: Shutdown.
[Licensing::IpcConnector] LicenseClient-User-notifications channel disconnected successfully.
[Licensing::IpcConnector] LicenseClient-User channel disconnected successfully.
Cleanup mono
[Performance] WinEditorMain                                                                                                                                :        1 samples, Peak.  1.10 s (1.0x), Avg.  1.10 s, Total. 1.104 s (1.1%)
[Performance] WinEditorMain.ConfigureCrashHandler                                                                                                          :        1 samples, Peak.  31.7 us (1.0x), Avg.  31.7 us, Total. 31.70 us (0.0%)
[Performance] WinEditorMain.CurlRequestInitialize                                                                                                          :        1 samples, Peak.   600 us (1.0x), Avg.   600 us, Total. 600.4 us (0.0%)
[Performance] WinEditorMain.SetupLogFile                                                                                                                   :        1 samples, Peak.   717 us (1.0x), Avg.   717 us, Total. 716.5 us (0.0%)
[Performance] WinEditorMain.RunNativeTestsIfRequiredAndExit                                                                                                :        1 samples, Peak.   400 ns (1.0x), Avg.   400 ns, Total. 400.0 ns (0.0%)
[Performance] WinEditorMain.Licensing                                                                                                                      :        1 samples, Peak.  1.06 s (1.0x), Avg.  1.06 s, Total. 1.065 s (1.0%)
[Performance] WinEditorMain.InitializeCrashHandler                                                                                                         :        1 samples, Peak.  27.0 ms (1.0x), Avg.  27.0 ms, Total. 27.04 ms (0.0%)
[Performance] WinEditorMain.CreateApplication                                                                                                              :        1 samples, Peak.   218 us (1.0x), Avg.   218 us, Total. 217.9 us (0.0%)
[Performance] Application.InitializeProject                                                                                                                :        1 samples, Peak.  66.5 s (1.0x), Avg.  66.5 s, Total. 66.46 s (64.1%)
[Performance] Application.PackageManager.StartServer                                                                                                       :        1 samples, Peak.  4.32 ms (1.0x), Avg.  4.32 ms, Total. 4.315 ms (0.0%)
[Performance] Application.AcquireProjectLock                                                                                                               :        1 samples, Peak.  16.7 ms (1.0x), Avg.  16.7 ms, Total. 16.70 ms (0.0%)
[Performance] Application.InitializeEngineNoGraphics                                                                                                       :        1 samples, Peak.  73.2 ms (1.0x), Avg.  73.2 ms, Total. 73.19 ms (0.1%)
[Performance] Application.PackageManager.Initialize                                                                                                        :        1 samples, Peak.   770 ms (1.0x), Avg.   770 ms, Total. 770.2 ms (0.7%)
[Performance] Connecting to Package Manager                                                                                                                :       78 samples, Peak.   129 us (30.0x), Avg.  4.30 us, Total. 335.5 us (0.0%)
[Performance] Application.EngineGraphics.Initialize                                                                                                        :        1 samples, Peak.   376 ms (1.0x), Avg.   376 ms, Total. 375.6 ms (0.4%)
[Performance] Application.GI.Initialize                                                                                                                    :        1 samples, Peak.  4.52 ms (1.0x), Avg.  4.52 ms, Total. 4.516 ms (0.0%)
[Performance] Application.LoadAllDefaultResourcesFromEditor                                                                                                :        1 samples, Peak.  1.75 ms (1.0x), Avg.  1.75 ms, Total. 1.754 ms (0.0%)
[Performance] Application.LoadMonoAssemblies                                                                                                               :        1 samples, Peak.  8.97 s (1.0x), Avg.  8.97 s, Total. 8.974 s (8.7%)
[Performance] RestoreManagedReferences                                                                                                                     :        2 samples, Peak.  60.8 ms (2.0x), Avg.  30.4 ms, Total. 60.77 ms (0.1%)
[Performance] InitializeOnLoad DrivenRectTransformUndo                                                                                                     :        2 samples, Peak.   730 us (1.4x), Avg.   522 us, Total. 1.045 ms (0.0%)
[Performance] InitializeOnLoad SceneSearch                                                                                                                 :        2 samples, Peak.   153 us (1.1x), Avg.   134 us, Total. 268.2 us (0.0%)
[Performance] InitializeOnLoad CloudBuild                                                                                                                  :        2 samples, Peak.  5.10 us (1.1x), Avg.  4.60 us, Total. 9.200 us (0.0%)
[Performance] InitializeOnLoad NativeFormatImporterUtility                                                                                                 :        2 samples, Peak.  2.90 ms (1.3x), Avg.  2.18 ms, Total. 4.365 ms (0.0%)
[Performance] InitializeOnLoad SearchService                                                                                                               :        2 samples, Peak.   116 us (1.0x), Avg.   113 us, Total. 226.3 us (0.0%)
[Performance] InitializeOnLoad SettingsService                                                                                                             :        2 samples, Peak.  10.6 us (1.2x), Avg.  8.60 us, Total. 17.20 us (0.0%)
[Performance] InitializeOnLoad WindowLayout                                                                                                                :        2 samples, Peak.   484 us (1.4x), Avg.   335 us, Total. 670.3 us (0.0%)
[Performance] InitializeOnLoad AssetStoreContext                                                                                                           :        2 samples, Peak.  21.4 ms (1.7x), Avg.  12.6 ms, Total. 25.24 ms (0.0%)
[Performance] InitializeOnLoad PoolManager                                                                                                                 :        2 samples, Peak.   560 us (1.0x), Avg.   537 us, Total. 1.074 ms (0.0%)
[Performance] InitializeOnLoad MixerEffectDefinitionReloader                                                                                               :        2 samples, Peak.  5.64 ms (1.6x), Avg.  3.56 ms, Total. 7.130 ms (0.0%)
[Performance] InitializeOnLoad ProjectSearch                                                                                                               :        2 samples, Peak.  75.9 us (1.1x), Avg.  71.7 us, Total. 143.4 us (0.0%)
[Performance] InitializeOnLoad UISystemProfilerRenderService                                                                                               :        2 samples, Peak.  8.80 us (1.2x), Avg.  7.65 us, Total. 15.30 us (0.0%)
[Performance] InitializeOnLoad EditMode                                                                                                                    :        2 samples, Peak.   632 us (1.3x), Avg.   473 us, Total. 946.2 us (0.0%)
[Performance] InitializeOnLoad UnityConnect                                                                                                                :        2 samples, Peak.  45.5 us (1.1x), Avg.  42.1 us, Total. 84.30 us (0.0%)
[Performance] InitializeOnLoad ManagedDebugger                                                                                                             :        2 samples, Peak.   502 us (1.1x), Avg.   474 us, Total. 948.8 us (0.0%)
[Performance] InitializeOnLoad ShortcutIntegration                                                                                                         :        2 samples, Peak.  50.7 us (1.0x), Avg.  48.7 us, Total. 97.50 us (0.0%)
[Performance] InitializeOnLoad AddComponentWindow                                                                                                          :        2 samples, Peak.   100 us (1.1x), Avg.  91.9 us, Total. 183.9 us (0.0%)
[Performance] InitializeOnLoad ManagedDebuggerWindow                                                                                                       :        2 samples, Peak.   198 us (1.3x), Avg.   153 us, Total. 306.8 us (0.0%)
[Performance] InitializeOnLoad CacheServerWindow                                                                                                           :        2 samples, Peak.  9.70 us (1.2x), Avg.  8.05 us, Total. 16.10 us (0.0%)
[Performance] InitializeOnLoad PlayModeDownload                                                                                                            :        2 samples, Peak.  2.08 ms (1.9x), Avg.  1.09 ms, Total. 2.180 ms (0.0%)
[Performance] InitializeOnLoad MenuItems                                                                                                                   :        2 samples, Peak.   104 us (1.1x), Avg.  94.7 us, Total. 189.4 us (0.0%)
[Performance] InitializeOnLoad PrefabInstanceChangedListener                                                                                               :        2 samples, Peak.   113 us (1.0x), Avg.   111 us, Total. 222.2 us (0.0%)
[Performance] InitializeOnLoad ObjectSelectorSearch                                                                                                        :        2 samples, Peak.  38.9 us (1.1x), Avg.  36.7 us, Total. 73.30 us (0.0%)
[Performance] InitializeOnLoad EditorMonitor                                                                                                               :        2 samples, Peak.   671 us (1.3x), Avg.   521 us, Total. 1.042 ms (0.0%)
[Performance] InitializeOnLoad RetainedMode                                                                                                                :        2 samples, Peak.  2.16 ms (1.1x), Avg.  2.00 ms, Total. 3.999 ms (0.0%)
[Performance] InitializeOnLoad EditorShaderLoader                                                                                                          :        2 samples, Peak.   820 us (1.2x), Avg.   712 us, Total. 1.424 ms (0.0%)
[Performance] InitializeOnLoad EditorDelegateRegistration                                                                                                  :        2 samples, Peak.   514 us (1.2x), Avg.   431 us, Total. 861.5 us (0.0%)
[Performance] InitializeOnLoad UIDocumentHierarchyWatcher                                                                                                  :        2 samples, Peak.  66.6 us (1.0x), Avg.  64.4 us, Total. 128.9 us (0.0%)
[Performance] InitializeOnLoad LiveReloadTrackerCreator                                                                                                    :        2 samples, Peak.   259 us (1.4x), Avg.   186 us, Total. 371.9 us (0.0%)
[Performance] InitializeOnLoad UxmlObjectEditorFactories                                                                                                   :        2 samples, Peak.   570 us (1.2x), Avg.   468 us, Total. 935.8 us (0.0%)
[Performance] InitializeOnLoad UXMLEditorFactories                                                                                                         :        2 samples, Peak.  51.7 ms (1.1x), Avg.  48.5 ms, Total. 96.99 ms (0.1%)
[Performance] InitializeOnLoad PurchasingService                                                                                                           :        2 samples, Peak.  6.52 ms (1.4x), Avg.  4.71 ms, Total. 9.418 ms (0.0%)
[Performance] InitializeOnLoad CloudBuildPoller                                                                                                            :        2 samples, Peak.  96.3 us (1.0x), Avg.  93.6 us, Total. 187.2 us (0.0%)
[Performance] InitializeOnLoad EditorGameServicesAnalytics                                                                                                 :        2 samples, Peak.  1.84 ms (1.5x), Avg.  1.23 ms, Total. 2.459 ms (0.0%)
[Performance] InitializeOnLoad AnalyticsService                                                                                                            :        2 samples, Peak.   175 us (1.2x), Avg.   152 us, Total. 303.8 us (0.0%)
[Performance] InitializeOnLoad BuildService                                                                                                                :        2 samples, Peak.   114 us (1.0x), Avg.   108 us, Total. 217.0 us (0.0%)
[Performance] InitializeOnLoad AdsService                                                                                                                  :        2 samples, Peak.   419 us (1.2x), Avg.   355 us, Total. 710.5 us (0.0%)
[Performance] InitializeOnLoad UDPService                                                                                                                  :        2 samples, Peak.   134 us (1.1x), Avg.   123 us, Total. 246.0 us (0.0%)
[Performance] InitializeOnLoad CrashService                                                                                                                :        2 samples, Peak.   120 us (1.1x), Avg.   114 us, Total. 227.2 us (0.0%)
[Performance] InitializeOnLoad ServicesRepository                                                                                                          :        2 samples, Peak.   500 ns (1.2x), Avg.   400 ns, Total. 800.0 ns (0.0%)
[Performance] InitializeOnLoad SearchWindow                                                                                                                :        2 samples, Peak.   123 us (1.2x), Avg.   106 us, Total. 212.3 us (0.0%)
[Performance] InitializeOnLoad CustomIndexers                                                                                                              :        2 samples, Peak.  13.7 ms (1.1x), Avg.  12.5 ms, Total. 25.01 ms (0.0%)
[Performance] InitializeOnLoad SearchMonitor                                                                                                               :        2 samples, Peak.  1.59 ms (1.4x), Avg.  1.12 ms, Total. 2.246 ms (0.0%)
[Performance] InitializeOnLoad ParameterControllerEditor                                                                                                   :        2 samples, Peak.  22.3 us (1.1x), Avg.  19.7 us, Total. 39.30 us (0.0%)
[Performance] InitializeOnLoad LayerSettingsWindow                                                                                                         :        2 samples, Peak.  32.2 us (1.8x), Avg.  17.9 us, Total. 35.90 us (0.0%)
[Performance] InitializeOnLoad PackageManagerHookGUIDConverter.RegisterPackagesEventHandler                                                                :        2 samples, Peak.   635 us (1.8x), Avg.   346 us, Total. 691.1 us (0.0%)
[Performance] InitializeOnLoad EditorDragAndDrop.RegisterEditorClient                                                                                      :        2 samples, Peak.   231 us (1.2x), Avg.   197 us, Total. 394.1 us (0.0%)
[Performance] InitializeOnLoad EditorEventCallbacks.InitializeFontAssetResourceChangeCallBacks                                                             :        2 samples, Peak.  1.10 ms (1.1x), Avg.  1.03 ms, Total. 2.056 ms (0.0%)
[Performance] InitializeOnLoad SceneTemplateService.Init                                                                                                   :        2 samples, Peak.   931 us (1.0x), Avg.   927 us, Total. 1.854 ms (0.0%)
[Performance] InitializeOnLoad DiagnosticSwitchesConsoleMessage.Init                                                                                       :        2 samples, Peak.  5.89 ms (1.8x), Avg.  3.19 ms, Total. 6.382 ms (0.0%)
[Performance] InitializeOnLoad PackageManagerWindow.EditorInitializedInSafeMode                                                                            :        2 samples, Peak.  26.2 ms (2.0x), Avg.  13.2 ms, Total. 26.37 ms (0.0%)
[Performance] InitializeOnLoad ToolShortcutContext.Init                                                                                                    :        2 samples, Peak.   125 us (1.0x), Avg.   125 us, Total. 250.0 us (0.0%)
[Performance] InitializeOnLoad MemoryProfilerCompilationGuard.InjectCompileGuard                                                                           :        2 samples, Peak.   129 us (1.0x), Avg.   129 us, Total. 257.6 us (0.0%)
[Performance] InitializeOnLoad AssetPostprocessingInternal.RefreshCustomDependencies                                                                       :        2 samples, Peak.  2.55 ms (1.5x), Avg.  1.65 ms, Total. 3.295 ms (0.0%)
[Performance] InitializeOnLoad SysrootManager.Initialize                                                                                                   :        2 samples, Peak.  14.6 us (1.1x), Avg.  12.8 us, Total. 25.60 us (0.0%)
[Performance] InitializeOnLoad ScopedRegistryAddedPopup.SubscribeToRegistriesAdded                                                                         :        2 samples, Peak.  6.55 ms (2.0x), Avg.  3.32 ms, Total. 6.647 ms (0.0%)
[Performance] InitializeOnLoad SceneVisibilityManager.Initialize                                                                                           :        2 samples, Peak.  3.29 ms (1.6x), Avg.  2.00 ms, Total. 4.005 ms (0.0%)
[Performance] InitializeOnLoad EditorWindow.Initialize                                                                                                     :        2 samples, Peak.   207 us (1.1x), Avg.   194 us, Total. 387.6 us (0.0%)
[Performance] AssemblyReloadEvents.afterAssemblyReload: UnityEditor.SceneTemplate.SceneTemplateService.AfterAssemblyReload                                 :        2 samples, Peak.  4.90 ms (1.9x), Avg.  2.58 ms, Total. 5.157 ms (0.0%)
[Performance] ProcessService.EditorAfterLoadAllAssemblies                                                                                                  :        2 samples, Peak.   294 us (1.1x), Avg.   274 us, Total. 547.9 us (0.0%)
[Performance] Application.ReadLicenseInfo                                                                                                                  :        1 samples, Peak.  27.1 ms (1.0x), Avg.  27.1 ms, Total. 27.10 ms (0.0%)
[Performance] Application.InitialRefresh                                                                                                                   :        1 samples, Peak.  51.0 s (1.0x), Avg.  51.0 s, Total. 51.00 s (49.2%)
[Performance] ShaderImporter.SourceAssetModified                                                                                                           :        3 samples, Peak.  1000 ns (1.3x), Avg.   767 ns, Total. 2.300 us (0.0%)
[Performance] ShaderIncludeImporter.SourceAssetModified                                                                                                    :        3 samples, Peak.  1.10 us (1.3x), Avg.   833 ns, Total. 2.500 us (0.0%)
[Performance] Compiling Scripts                                                                                                                            :        1 samples, Peak.   787 ms (1.0x), Avg.   787 ms, Total. 786.7 ms (0.8%)
[Performance] AssemblyReloadEvents.beforeAssemblyReload: UnityEditor.SceneTemplate.SceneTemplateService.BeforeAssemblyReload                               :        1 samples, Peak.   428 us (1.0x), Avg.   428 us, Total. 428.4 us (0.0%)
[Performance] PresetManagerPostProcessor.OnPreprocessAsset                                                                                                 :        4 samples, Peak.  1.37 ms (2.1x), Avg.   647 us, Total. 2.589 ms (0.0%)
[Performance] NugetPackageAssetPostprocessor.OnPreprocessAsset                                                                                             :        4 samples, Peak.  41.6 ms (4.0x), Avg.  10.4 ms, Total. 41.71 ms (0.0%)
[Performance] CancelSplashScreenOnAssetChange.OnPreprocessAsset                                                                                            :        4 samples, Peak.   800 us (4.0x), Avg.   202 us, Total. 807.2 us (0.0%)
[Performance] InitializeOnLoad TouchSimulation                                                                                                             :        1 samples, Peak.   254 us (1.0x), Avg.   254 us, Total. 254.2 us (0.0%)
[Performance] InitializeOnLoad InputSystem                                                                                                                 :        1 samples, Peak.  46.6 ms (1.0x), Avg.  46.6 ms, Total. 46.60 ms (0.0%)
[Performance] InitializeOnLoad InputSystemUIInputModuleEditor                                                                                              :        1 samples, Peak.   139 us (1.0x), Avg.   139 us, Total. 138.7 us (0.0%)
[Performance] InitializeOnLoad EnableUITKEditor                                                                                                            :        1 samples, Peak.  21.5 us (1.0x), Avg.  21.5 us, Total. 21.50 us (0.0%)
[Performance] InitializeOnLoad ScriptableSettingsInitializer                                                                                               :        1 samples, Peak.   206 us (1.0x), Avg.   206 us, Total. 206.3 us (0.0%)
[Performance] InitializeOnLoad BuildValidator                                                                                                              :        1 samples, Peak.   634 us (1.0x), Avg.   634 us, Total. 634.0 us (0.0%)
[Performance] InitializeOnLoad XRGeneralSettingsPerBuildTarget                                                                                             :        1 samples, Peak.   348 us (1.0x), Avg.   348 us, Total. 348.2 us (0.0%)
[Performance] InitializeOnLoad XRPackageMetadataStore                                                                                                      :        1 samples, Peak.   318 us (1.0x), Avg.   318 us, Total. 318.3 us (0.0%)
[Performance] InitializeOnLoad XRPackageInitializationBootstrap                                                                                            :        1 samples, Peak.  42.3 us (1.0x), Avg.  42.3 us, Total. 42.30 us (0.0%)
[Performance] InitializeOnLoad XRLegacyUninstaller                                                                                                         :        1 samples, Peak.  7.75 ms (1.0x), Avg.  7.75 ms, Total. 7.754 ms (0.0%)
[Performance] InitializeOnLoad BuildHelperUtils                                                                                                            :        1 samples, Peak.  21.6 us (1.0x), Avg.  21.6 us, Total. 21.60 us (0.0%)
[Performance] InitializeOnLoad SectorInteraction                                                                                                           :        1 samples, Peak.   555 us (1.0x), Avg.   555 us, Total. 554.9 us (0.0%)
[Performance] InitializeOnLoad QuaternionFallbackComposite                                                                                                 :        1 samples, Peak.   132 us (1.0x), Avg.   132 us, Total. 132.0 us (0.0%)
[Performance] InitializeOnLoad Vector3FallbackComposite                                                                                                    :        1 samples, Peak.  62.0 us (1.0x), Avg.  62.0 us, Total. 62.00 us (0.0%)
[Performance] InitializeOnLoad SimulatedInputLayoutLoader                                                                                                  :        1 samples, Peak.   227 us (1.0x), Avg.   227 us, Total. 226.7 us (0.0%)
[Performance] InitializeOnLoad ButtonFallbackComposite                                                                                                     :        1 samples, Peak.  73.1 us (1.0x), Avg.  73.1 us, Total. 73.10 us (0.0%)
[Performance] InitializeOnLoad IntegerFallbackComposite                                                                                                    :        1 samples, Peak.  55.8 us (1.0x), Avg.  55.8 us, Total. 55.80 us (0.0%)
[Performance] InitializeOnLoad UnityTestProtocolStarter                                                                                                    :        1 samples, Peak.   307 us (1.0x), Avg.   307 us, Total. 306.7 us (0.0%)
[Performance] InitializeOnLoad BackgroundWatcher                                                                                                           :        1 samples, Peak.  89.4 us (1.0x), Avg.  89.4 us, Total. 89.40 us (0.0%)
[Performance] InitializeOnLoad RiderScriptEditor                                                                                                           :        1 samples, Peak.  74.7 ms (1.0x), Avg.  74.7 ms, Total. 74.70 ms (0.1%)
[Performance] InitializeOnLoad CallbackInitializer                                                                                                         :        1 samples, Peak.  3.79 ms (1.0x), Avg.  3.79 ms, Total. 3.794 ms (0.0%)
[Performance] InitializeOnLoad SpriteEditorWindow                                                                                                          :        1 samples, Peak.   614 us (1.0x), Avg.   614 us, Total. 614.4 us (0.0%)
[Performance] InitializeOnLoad PXR_PlatformSetting                                                                                                         :        1 samples, Peak.  12.6 us (1.0x), Avg.  12.6 us, Total. 12.60 us (0.0%)
[Performance] InitializeOnLoad CoverageReporterStarter                                                                                                     :        1 samples, Peak.  7.80 ms (1.0x), Avg.  7.80 ms, Total. 7.801 ms (0.0%)
[Performance] InitializeOnLoad PlasticPlugin                                                                                                               :        1 samples, Peak.  84.3 ms (1.0x), Avg.  84.3 ms, Total. 84.33 ms (0.1%)
[Performance] InitializeOnLoad ToolbarBootstrap                                                                                                            :        1 samples, Peak.  50.6 ms (1.0x), Avg.  50.6 ms, Total. 50.62 ms (0.0%)
[Performance] InitializeOnLoad VSCodeScriptEditor                                                                                                          :        1 samples, Peak.  7.55 ms (1.0x), Avg.  7.55 ms, Total. 7.546 ms (0.0%)
[Performance] InitializeOnLoad VSUsageUtility                                                                                                              :        1 samples, Peak.  31.7 ms (1.0x), Avg.  31.7 ms, Total. 31.73 ms (0.0%)
[Performance] InitializeOnLoad VisualStudioEditor                                                                                                          :        1 samples, Peak.  5.51 ms (1.0x), Avg.  5.51 ms, Total. 5.510 ms (0.0%)
[Performance] InitializeOnLoad TestRunnerApiListener                                                                                                       :        1 samples, Peak.   340 us (1.0x), Avg.   340 us, Total. 340.2 us (0.0%)
[Performance] InitializeOnLoad VisualStudioIntegration                                                                                                     :        1 samples, Peak.   414 us (1.0x), Avg.   414 us, Total. 413.8 us (0.0%)
[Performance] InitializeOnLoad PrefabLayoutRebuilder                                                                                                       :        1 samples, Peak.   199 us (1.0x), Avg.   199 us, Total. 199.2 us (0.0%)
[Performance] InitializeOnLoad OnLoadNuGetPackageRestorer                                                                                                  :        1 samples, Peak.  56.6 ms (1.0x), Avg.  56.6 ms, Total. 56.62 ms (0.1%)
[Performance] AssetDatabase.Refresh                                                                                                                        :        2 samples, Peak.  10.2 ms (2.0x), Avg.  5.08 ms, Total. 10.17 ms (0.0%)
[Performance] InitializeOnLoad SysrootPackage.IssueWarningIfLinuxIL2CPPNotPresent                                                                          :        1 samples, Peak.   238 us (1.0x), Avg.   238 us, Total. 238.4 us (0.0%)
[Performance] InitializeOnLoad OpenXRProjectValidationRulesSetup.OpenXRProjectValidationCheck                                                              :        1 samples, Peak.  25.2 ms (1.0x), Avg.  25.2 ms, Total. 25.22 ms (0.0%)
[Performance] InitializeOnLoad OpenXRFeatureSetManager.InitializeOnLoad                                                                                    :        1 samples, Peak.   352 us (1.0x), Avg.   352 us, Total. 352.2 us (0.0%)
[Performance] InitializeOnLoad OpenXRChooseRuntimeLibraries.InitializeOnLoad                                                                               :        1 samples, Peak.  3.15 ms (1.0x), Avg.  3.15 ms, Total. 3.150 ms (0.0%)
[Performance] InitializeOnLoad InputSystemPackageControl.SubscribePackageManagerEvent                                                                      :        1 samples, Peak.   118 us (1.0x), Avg.   118 us, Total. 117.9 us (0.0%)
[Performance] InitializeOnLoad InputSystemPluginControl.CheckForExtension                                                                                  :        1 samples, Peak.  1.44 ms (1.0x), Avg.  1.44 ms, Total. 1.438 ms (0.0%)
[Performance] InitializeOnLoad VisualStudioEditor.LegacyVisualStudioCodePackageDisabler                                                                    :        1 samples, Peak.  3.60 ms (1.0x), Avg.  3.60 ms, Total. 3.601 ms (0.0%)
[Performance] InitializeOnLoad CoreUtilsAnalytics.RegisterEvents                                                                                           :        1 samples, Peak.   721 us (1.0x), Avg.   721 us, Total. 720.8 us (0.0%)
[Performance] InitializeOnLoad XRPluginManagementProjectValidation.RegisterProjectValidationRules                                                          :        1 samples, Peak.   903 us (1.0x), Avg.   903 us, Total. 902.9 us (0.0%)
[Performance] InitializeOnLoad OpenXRInput.RegisterFeatureLayouts                                                                                          :        1 samples, Peak.   964 us (1.0x), Avg.   964 us, Total. 963.7 us (0.0%)
[Performance] InitializeOnLoad AnalyticsReporter.RegisterCallbacks                                                                                         :        1 samples, Peak.  3.10 ms (1.0x), Avg.  3.10 ms, Total. 3.099 ms (0.0%)
[Performance] InitializeOnLoad TestJobDataHolder.ResumeRunningJobs                                                                                         :        1 samples, Peak.   863 us (1.0x), Avg.   863 us, Total. 862.6 us (0.0%)
[Performance] InitializeOnLoad TestStarter.Initialize                                                                                                      :        1 samples, Peak.  1.44 ms (1.0x), Avg.  1.44 ms, Total. 1.444 ms (0.0%)
[Performance] DidReloadScriptsAdvancedDropdownWindow.OnScriptReload                                                                                        :        2 samples, Peak.   249 us (1.1x), Avg.   223 us, Total. 446.0 us (0.0%)
[Performance] DidReloadScriptsPackageVersionUtility.OnReloadScripts                                                                                        :        1 samples, Peak.  76.0 us (1.0x), Avg.  76.0 us, Total. 76.00 us (0.0%)
[Performance] DidReloadScriptsTestListCache.ScriptReloaded                                                                                                 :        1 samples, Peak.  1.72 ms (1.0x), Avg.  1.72 ms, Total. 1.716 ms (0.0%)
[Performance] DidReloadScriptsTestRunnerWindow.CompilationCallback                                                                                         :        1 samples, Peak.   918 us (1.0x), Avg.   918 us, Total. 917.9 us (0.0%)
[Performance] AssemblyReloadEvents.afterAssemblyReload: UnityEditor.XR.Management.Metadata.XRPackageMetadataStore.AssemblyReloadEvents_afterAssemblyReload :        1 samples, Peak.  2.46 ms (1.0x), Avg.  2.46 ms, Total. 2.465 ms (0.0%)
[Performance] AssetDatabase.ImportAssets                                                                                                                   :        7 samples, Peak.   249 ms (5.4x), Avg.  46.4 ms, Total. 325.0 ms (0.3%)
[Performance] VersionControl.Task.Wait                                                                                                                     :        1 samples, Peak.   426 us (1.0x), Avg.   426 us, Total. 425.7 us (0.0%)
[Performance] TMPro_TexturePostProcessor.OnPostprocessAllAssets                                                                                            :        6 samples, Peak.   644 us (2.3x), Avg.   274 us, Total. 1.647 ms (0.0%)
[Performance] AssetPostprocessor.OnPostprocessAllAssets                                                                                                    :        6 samples, Peak.  1.19 ms (3.0x), Avg.   400 us, Total. 2.399 ms (0.0%)
[Performance] BuilderAssetPostprocessor.OnPostprocessAllAssets                                                                                             :        6 samples, Peak.  4.17 ms (3.0x), Avg.  1.41 ms, Total. 8.460 ms (0.0%)
[Performance] ArtifactBrowserPostProcessor.OnPostprocessAllAssets                                                                                          :        6 samples, Peak.   674 us (3.0x), Avg.   226 us, Total. 1.354 ms (0.0%)
[Performance] AssetEvents.OnPostprocessAllAssets                                                                                                           :       12 samples, Peak.   172 us (4.4x), Avg.  39.1 us, Total. 469.0 us (0.0%)
[Performance] AudioMixerPostprocessor.OnPostprocessAllAssets                                                                                               :        6 samples, Peak.   279 us (3.0x), Avg.  94.0 us, Total. 564.1 us (0.0%)
[Performance] StyleCatalogPostProcessor.OnPostprocessAllAssets                                                                                             :        6 samples, Peak.  31.4 ms (3.0x), Avg.  10.5 ms, Total. 62.86 ms (0.1%)
[Performance] BuildCatalog                                                                                                                                 :        1 samples, Peak.  30.1 ms (1.0x), Avg.  30.1 ms, Total. 30.08 ms (0.0%)
[Performance] ModelImporterPostProcessor.OnPostprocessAllAssets                                                                                            :        6 samples, Peak.  1.53 ms (2.9x), Avg.   520 us, Total. 3.120 ms (0.0%)
[Performance] RetainedModeAssetPostprocessor.OnPostprocessAllAssets                                                                                        :        6 samples, Peak.  2.90 ms (3.0x), Avg.   977 us, Total. 5.862 ms (0.0%)
[Performance] AssetChangedListener.OnPostprocessAllAssets                                                                                                  :        6 samples, Peak.  1.46 ms (2.5x), Avg.   587 us, Total. 3.521 ms (0.0%)
[Performance] SpeedTreePostProcessor.OnPostprocessAllAssets                                                                                                :        6 samples, Peak.   173 us (2.7x), Avg.  63.4 us, Total. 380.4 us (0.0%)
[Performance] TextAssetPostProcessor.OnPostprocessAllAssets                                                                                                :        6 samples, Peak.   353 us (2.4x), Avg.   146 us, Total. 873.8 us (0.0%)
[Performance] SpriteEditorTexturePostprocessor.OnPostprocessAllAssets                                                                                      :        6 samples, Peak.   259 us (2.1x), Avg.   123 us, Total. 735.2 us (0.0%)
[Performance] AssetCallbacks.OnPostprocessAllAssets                                                                                                        :        6 samples, Peak.   196 ms (3.0x), Avg.  65.3 ms, Total. 391.8 ms (0.4%)
[Performance] InputActionAssetPostprocessor.OnPostprocessAllAssets                                                                                         :        6 samples, Peak.   331 us (2.9x), Avg.   114 us, Total. 685.8 us (0.0%)
[Performance] InputActionJsonNameModifierAssetProcessor.OnPostprocessAllAssets                                                                             :        6 samples, Peak.  51.5 us (2.5x), Avg.  20.6 us, Total. 123.7 us (0.0%)
[Performance] ProjectSettingsPostprocessor.OnPostprocessAllAssets                                                                                          :        6 samples, Peak.   132 us (2.7x), Avg.  48.3 us, Total. 290.0 us (0.0%)
[Performance] SyncVS.PostprocessSyncProject                                                                                                                :        3 samples, Peak.  32.4 ms (2.7x), Avg.  11.8 ms, Total. 35.30 ms (0.0%)
[Performance] Application.ImportPackagesAndSetTemplateWhenCreatingProject                                                                                  :        1 samples, Peak.  80.5 ms (1.0x), Avg.  80.5 ms, Total. 80.53 ms (0.1%)
[Performance] Application.SyncCurrentColorSpace                                                                                                            :        1 samples, Peak.   613 ms (1.0x), Avg.   613 ms, Total. 613.0 ms (0.6%)
[Performance] Application.OnUsbDevicesChanged                                                                                                              :        1 samples, Peak.  5.41 ms (1.0x), Avg.  5.41 ms, Total. 5.411 ms (0.0%)
[Performance] Application.AssetInstanceCacheUpdate                                                                                                         :        1 samples, Peak.   400 ns (1.0x), Avg.   400 ns, Total. 400.0 ns (0.0%)
[Performance] Application.UnityExtensions.Initialize                                                                                                       :        1 samples, Peak.  5.62 ms (1.0x), Avg.  5.62 ms, Total. 5.622 ms (0.0%)
[Performance] CodeEditorProjectSync.SyncEditorProject                                                                                                      :        1 samples, Peak.   466 ms (1.0x), Avg.   466 ms, Total. 465.9 ms (0.4%)
[Performance] Application.ExecuteStartups                                                                                                                  :        1 samples, Peak.   109 ms (1.0x), Avg.   109 ms, Total. 108.5 ms (0.1%)
[Performance] Menu.RegisterMenuInterface                                                                                                                   :       26 samples, Peak.  2.20 us (5.4x), Avg.   404 ns, Total. 10.50 us (0.0%)
[Performance] Gizmo.RebuildRenderers                                                                                                                       :        2 samples, Peak.   102 ms (1.6x), Avg.  64.6 ms, Total. 129.1 ms (0.1%)
[Performance] Gizmo.AddGizmoRenderers                                                                                                                      :      216 samples, Peak.  1.59 ms (119.2x), Avg.  13.4 us, Total. 2.884 ms (0.0%)
[Performance] Application.editorInitializingProject                                                                                                        :        1 samples, Peak.  93.5 ms (1.0x), Avg.  93.5 ms, Total. 93.52 ms (0.1%)
[Performance] Application.InitializeMenu                                                                                                                   :        1 samples, Peak.  4.41 s (1.0x), Avg.  4.41 s, Total. 4.408 s (4.2%)
[Performance] Menu.RebuildAll                                                                                                                              :        1 samples, Peak.  4.41 s (1.0x), Avg.  4.41 s, Total. 4.408 s (4.2%)
[Performance] Menu.BuildRegisteredMenuInterfaces                                                                                                           :        1 samples, Peak.  4.40 s (1.0x), Avg.  4.40 s, Total. 4.402 s (4.2%)
[Performance] Menu.FilterMenuItem                                                                                                                          :      797 samples, Peak.  26.3 ms (789.4x), Avg.  33.3 us, Total. 26.57 ms (0.0%)
[Performance] UpdateAllMenus                                                                                                                               :        1 samples, Peak.  1.59 ms (1.0x), Avg.  1.59 ms, Total. 1.587 ms (0.0%)
[Performance] Menu.RebuildOSMainMenu                                                                                                                       :        3 samples, Peak.  3.47 ms (1.4x), Avg.  2.41 ms, Total. 7.238 ms (0.0%)
[Performance] EditorSceneManager.sceneClosing: UnityEditor.SceneVisibilityManager.EditorSceneManagerOnSceneClosing                                         :        2 samples, Peak.   980 us (2.0x), Avg.   495 us, Total. 989.6 us (0.0%)
[Performance] GUIView.RepaintAll.PlayerLoopController                                                                                                      :        2 samples, Peak.   366 us (2.0x), Avg.   184 us, Total. 368.7 us (0.0%)
[Performance] EditorSceneManager.newSceneCreated: UnityEditor.SceneTemplate.SceneTemplateService.OnNewSceneCreated                                         :        1 samples, Peak.   325 us (1.0x), Avg.   325 us, Total. 325.5 us (0.0%)
[Performance] EditorSceneManager.newSceneCreated: UnityEditor.SceneVisibilityManager.EditorSceneManagerOnNewSceneCreated                                   :        1 samples, Peak.   557 us (1.0x), Avg.   557 us, Total. 556.5 us (0.0%)
[Performance] EditorSceneManager.newSceneCreated: UnityEditor.SceneManagement.StageNavigationManager.OnNewSceneCreated                                     :        1 samples, Peak.  77.2 us (1.0x), Avg.  77.2 us, Total. 77.20 us (0.0%)
[Performance] Application.InvokeFinishedLoadingProject                                                                                                     :        1 samples, Peak.  11.6 ms (1.0x), Avg.  11.6 ms, Total. 11.55 ms (0.0%)
[Performance] ProcessService.OnProjectLoaded                                                                                                               :        1 samples, Peak.  55.1 us (1.0x), Avg.  55.1 us, Total. 55.10 us (0.0%)
[Performance] Inspector.InitOrRebuild                                                                                                                      :        2 samples, Peak.   407 us (1.3x), Avg.   324 us, Total. 647.2 us (0.0%)
[Performance] StateMacroSavedEvent.OnWillSaveAssets                                                                                                        :        2 samples, Peak.   392 us (1.9x), Avg.   209 us, Total. 418.8 us (0.0%)
[Performance] FlowMacroSavedEvent.OnWillSaveAssets                                                                                                         :        2 samples, Peak.   177 us (2.0x), Avg.  90.4 us, Total. 180.7 us (0.0%)
[Performance] AssetModificationProcessor.OnWillSaveAssets                                                                                                  :        2 samples, Peak.   223 us (2.0x), Avg.   112 us, Total. 224.1 us (0.0%)
[Performance] UnityCloudProjectLinkMonitor.OnWillSaveAssets                                                                                                :        2 samples, Peak.   221 us (2.0x), Avg.   111 us, Total. 222.4 us (0.0%)
[Performance] BuilderAssetModificationProcessor.OnWillSaveAssets                                                                                           :        2 samples, Peak.   285 us (2.0x), Avg.   144 us, Total. 287.5 us (0.0%)
[Performance] TerrainModificationProcessor.OnWillSaveAssets                                                                                                :        2 samples, Peak.   476 us (2.0x), Avg.   239 us, Total. 477.2 us (0.0%)
[Performance] GenerateAssemblyTypeInfos                                                                                                                    :        2 samples, Peak.  44.6 ms (1.0x), Avg.  44.2 ms, Total. 88.49 ms (0.1%)
[Performance] EditorApplication.quitting: UnityEditor.SettingsManagement.FileSettingsRepository.Save                                                       :        1 samples, Peak.  1.60 ms (1.0x), Avg.  1.60 ms, Total. 1.604 ms (0.0%)
[Performance] EditorApplication.quitting: callback in UnityEditor.TextCore.Text.EditorEventCallbacks                                                       :        1 samples, Peak.  70.8 ms (1.0x), Avg.  70.8 ms, Total. 70.84 ms (0.1%)
[Performance] Killing ADB server                                                                                                                           :        1 samples, Peak.   114 ms (1.0x), Avg.   114 ms, Total. 114.1 ms (0.1%)
[Performance] Application.Shutdown.PauseProfilerSession                                                                                                    :        1 samples, Peak.  1.64 ms (1.0x), Avg.  1.64 ms, Total. 1.638 ms (0.0%)
[Performance] Application.Shutdown.PauseAssetImportWorkers                                                                                                 :        1 samples, Peak.   241 us (1.0x), Avg.   241 us, Total. 240.6 us (0.0%)
[Performance] Application.Shutdown.SaveAssets                                                                                                              :        1 samples, Peak.   268 ms (1.0x), Avg.   268 ms, Total. 268.0 ms (0.3%)
[Performance] Application.Shutdown.CleanupRenderPipeline                                                                                                   :        1 samples, Peak.  2.60 us (1.0x), Avg.  2.60 us, Total. 2.600 us (0.0%)
[Performance] Application.Shutdown.StopPreloadManager                                                                                                      :        1 samples, Peak.  9.81 ms (1.0x), Avg.  9.81 ms, Total. 9.809 ms (0.0%)
[Performance] Application.Shutdown.DestroyWorld                                                                                                            :        1 samples, Peak.   860 us (1.0x), Avg.   860 us, Total. 859.9 us (0.0%)
[Performance] Application.Shutdown.CleanupAfterLoad                                                                                                        :        1 samples, Peak.  14.6 ms (1.0x), Avg.  14.6 ms, Total. 14.56 ms (0.0%)
[Performance] Application.Shutdown.Progress                                                                                                                :        1 samples, Peak.   307 us (1.0x), Avg.   307 us, Total. 307.3 us (0.0%)
[Performance] Application.Shutdown.GICleanupManagers                                                                                                       :        1 samples, Peak.  6.85 ms (1.0x), Avg.  6.85 ms, Total. 6.850 ms (0.0%)
[Performance] Application.Shutdown.MenuCleanupClass                                                                                                        :        1 samples, Peak.   343 us (1.0x), Avg.   343 us, Total. 342.8 us (0.0%)
[Performance] Application.Shutdown.ADBSaveStateBeforeShutdown                                                                                              :        1 samples, Peak.  11.3 us (1.0x), Avg.  11.3 us, Total. 11.30 us (0.0%)
[Performance] Application.Shutdown.RemoteShutdown                                                                                                          :        1 samples, Peak.  1.20 us (1.0x), Avg.  1.20 us, Total. 1.200 us (0.0%)
[Performance] Application.Shutdown.CleanupVCProvider                                                                                                       :        1 samples, Peak.   283 us (1.0x), Avg.   283 us, Total. 283.3 us (0.0%)
[Performance] Application.Shutdown.InputShutdown                                                                                                           :        1 samples, Peak.   275 us (1.0x), Avg.   275 us, Total. 275.1 us (0.0%)
[Performance] Application.Shutdown.GizmoManagerDestroy                                                                                                     :        1 samples, Peak.   970 us (1.0x), Avg.   970 us, Total. 970.4 us (0.0%)
[Performance] Application.Shutdown.ProfilerSession                                                                                                         :        1 samples, Peak.  1.24 ms (1.0x), Avg.  1.24 ms, Total. 1.238 ms (0.0%)
[Performance] Application.Shutdown.ReleaseGfxWindowOnAllGUIViews                                                                                           :        1 samples, Peak.   600 ns (1.0x), Avg.   600 ns, Total. 600.0 ns (0.0%)
[Performance] Application.Shutdown.CleanupEngine                                                                                                           :        1 samples, Peak.   174 ms (1.0x), Avg.   174 ms, Total. 173.9 ms (0.2%)
[Performance] Application.Shutdown.CleanupAssetDatabase                                                                                                    :        1 samples, Peak.  24.5 ms (1.0x), Avg.  24.5 ms, Total. 24.51 ms (0.0%)
[Performance] Application.Shutdown.ScriptCompilationCleanUp                                                                                                :        1 samples, Peak.  14.3 ms (1.0x), Avg.  14.3 ms, Total. 14.26 ms (0.0%)
[Performance] Application.Shutdown.DestroyJobSystem                                                                                                        :        1 samples, Peak.   191 us (1.0x), Avg.   191 us, Total. 191.1 us (0.0%)
[Performance] Application.Shutdown.CleanupPersistentManager                                                                                                :        1 samples, Peak.   724 us (1.0x), Avg.   724 us, Total. 724.0 us (0.0%)
[Performance] Application.Shutdown.CleanupAsyncReadManager                                                                                                 :        1 samples, Peak.   750 us (1.0x), Avg.   750 us, Total. 750.1 us (0.0%)
[Performance] Application.Shutdown.CleanupProgressBar                                                                                                      :        1 samples, Peak.   600 ns (1.0x), Avg.   600 ns, Total. 600.0 ns (0.0%)
[Performance] Application.Shutdown.CleanupMono                                                                                                             :        1 samples, Peak.   115 ms (1.0x), Avg.   115 ms, Total. 114.9 ms (0.1%)
[Performance] Application.Shutdown.CleanupStdConverters                                                                                                    :        1 samples, Peak.  10.8 us (1.0x), Avg.  10.8 us, Total. 10.80 us (0.0%)
[Performance] Application.Shutdown.UnloadAllPlatformSupportModuleNativeDlls                                                                                :        1 samples, Peak.   900 ns (1.0x), Avg.   900 ns, Total. 900.0 ns (0.0%)
[Performance] Application.Shutdown.UnloadAllPlatformSupportNativeLibraries                                                                                 :        1 samples, Peak. 0.0 (-nan(ind)x), Avg. 0.0, Total. 0.0 (0.0%)
[Performance] Application.Shutdown.CleanupAutoDocumentation                                                                                                :        1 samples, Peak.   749 us (1.0x), Avg.   749 us, Total. 749.1 us (0.0%)
[Performance] Application.Shutdown.ShaderNameManagerDestroy                                                                                                :        1 samples, Peak.  72.7 us (1.0x), Avg.  72.7 us, Total. 72.70 us (0.0%)
[Performance] Application.Shutdown.CleanupCacheServer                                                                                                      :        1 samples, Peak.   200 ns (1.0x), Avg.   200 ns, Total. 200.0 ns (0.0%)
[Performance] Application.Shutdown.Virtualization_Shutdown                                                                                                 :        1 samples, Peak.   400 ns (1.0x), Avg.   400 ns, Total. 400.0 ns (0.0%)
[Performance] Application.Shutdown.DevConnections                                                                                                          :        1 samples, Peak.   125 us (1.0x), Avg.   125 us, Total. 125.2 us (0.0%)
Exiting batchmode successfully now!
Exiting without the bug reporter. Application will terminate with return code 0