[Licensing::Module] Trying to connect to existing licensing client channel...
[Licensing::IpcConnector] Successfully connected to: "LicenseClient-User" at "2026-08-29T01:22:51.7091196Z"
[Licensing::Client] Code 10 while verifying Licensing Client signature (process Id: 14096, path: "C:/Program Files/Unity Hub/UnityLicensingClient_V1/Unity.Licensing.Client.exe")
[Licensing::Module] LicensingClient has failed validation; ignoring
[Licensing::Client] Handshaking with LicensingClient:
  Version:                 1.17.4+4293ba1
  Session Id:              5ba654ecf80b413b9636f7b16ee69188
  Correlation Id:          d0efeefb5687342237553c314bae2aae
  External correlation Id: 106995857818975372
  Machine Id:              Jq9BtygUimSA+fW3p/p42m4cWug=
[Licensing::Module] Successfully connected to LicensingClient on channel: "LicenseClient-User" (connect: 0.00s, validation: 0.06s, handshake: 0.17s)
[Licensing::IpcConnector] Successfully connected to: "LicenseClient-User-notifications" at "2026-08-29T01:22:51.9379743Z"
[Licensing::Module] Error: Access token is unavailable; failed to update
[Licensing::Client] Successfully updated license
Built from '2022.3/respin/2022.3.62f2-4af31df585-v2' branch; Version is '2022.3.62f3 (96770f904ca7) revision 9860879'; Using compiler version '192829333'; Build Type 'Release'
OS: 'Windows 11  (10.0.26200) 64bit Enterprise' Language: 'en' Physical Memory: 10961 MB
[Licensing::Client] Successfully resolved entitlement details
[Licensing::Module] Serial number assigned to: "2474517393173-UnityPersXXXX"
BatchMode: 1, IsHumanControllingUs: 0, StartBugReporterOnCrash: 0, Is64bit: 1, IsPro: 0
[Licensing::Client] Successfully resolved entitlement details

COMMAND LINE ARGUMENTS:
C:\Program Files\Unity\Hub\Editor\2022.3.62f3\Editor\Unity.exe
-batchmode
-nographics
-quit
-projectPath
C:\Users\User\questcraft-26.2-experiment\QCXR-XR-Wrapper
-executeMethod
QuestCraftCliBuild.BuildAndroid
-outputPath
C:\Users\User\questcraft-26.2-experiment\QCXR-XR-Wrapper\Builds\QuestCraft-26.2-gamma-crashfix.apk
-logFile
C:\Users\User\questcraft-26.2-experiment\QCXR-XR-Wrapper\unity-apk-build-gamma-crashfix.log
Successfully changed project path to: C:\Users\User\questcraft-26.2-experiment\QCXR-XR-Wrapper
C:/Users/User/questcraft-26.2-experiment/QCXR-XR-Wrapper
[UnityMemory] Configuration Parameters - Can be set up in boot.config
    "memorysetup-bucket-allocator-granularity=16"
    "memorysetup-bucket-allocator-bucket-count=8"
    "memorysetup-bucket-allocator-block-size=33554432"
    "memorysetup-bucket-allocator-block-count=8"
    "memorysetup-main-allocator-block-size=16777216"
    "memorysetup-thread-allocator-block-size=16777216"
    "memorysetup-gfx-main-allocator-block-size=16777216"
    "memorysetup-gfx-thread-allocator-block-size=16777216"
    "memorysetup-cache-allocator-block-size=4194304"
    "memorysetup-typetree-allocator-block-size=2097152"
    "memorysetup-profiler-bucket-allocator-granularity=16"
    "memorysetup-profiler-bucket-allocator-bucket-count=8"
    "memorysetup-profiler-bucket-allocator-block-size=33554432"
    "memorysetup-profiler-bucket-allocator-block-count=8"
    "memorysetup-profiler-allocator-block-size=16777216"
    "memorysetup-profiler-editor-allocator-block-size=1048576"
    "memorysetup-temp-allocator-size-main=16777216"
    "memorysetup-job-temp-allocator-block-size=2097152"
    "memorysetup-job-temp-allocator-block-size-background=1048576"
    "memorysetup-job-temp-allocator-reduction-small-platforms=262144"
    "memorysetup-allocator-temp-initial-block-size-main=262144"
    "memorysetup-allocator-temp-initial-block-size-worker=262144"
    "memorysetup-temp-allocator-size-background-worker=32768"
    "memorysetup-temp-allocator-size-job-worker=262144"
    "memorysetup-temp-allocator-size-preload-manager=33554432"
    "memorysetup-temp-allocator-size-nav-mesh-worker=65536"
    "memorysetup-temp-allocator-size-audio-worker=65536"
    "memorysetup-temp-allocator-size-cloud-worker=32768"
    "memorysetup-temp-allocator-size-gi-baking-worker=262144"
    "memorysetup-temp-allocator-size-gfx=262144"
Player connection [21288]  Target information:

Player connection [21288]  * "[IP] 192.168.56.1 [Port] 55504 [Flags] 2 [Guid] 3254057491 [EditorId] 3254057491 [Version] 1048832 [Id] WindowsEditor(7,netcats-vibrator) [Debug] 1 [PackageName] WindowsEditor [ProjectName] Editor" 

Player connection [21288]  * "[IP] 10.0.0.227 [Port] 55504 [Flags] 2 [Guid] 3254057491 [EditorId] 3254057491 [Version] 1048832 [Id] WindowsEditor(7,netcats-vibrator) [Debug] 1 [PackageName] WindowsEditor [ProjectName] Editor" 

Player connection [21288] Host joined multi-casting on [225.0.0.222:54997]...
Player connection [21288] Host joined alternative multi-casting on [225.0.0.222:34997]...
Input System module state changed to: Initialized.
[PhysX] Initialized MultithreadedTaskDispatcher with 16 workers.
[Package Manager] UpmClient::Connect -- Connected to IPC stream "Upm-10840" after 0.8 seconds.
[Package Manager] Restoring resolved packages state from cache
[Licensing::Client] Successfully resolved entitlement details
[Package Manager] Registered 61 packages:
  Packages from [https://packages.unity.com]:
    com.unity.collab-proxy@2.7.1 (location: C:\Users\User\questcraft-26.2-experiment\QCXR-XR-Wrapper\Library\PackageCache\com.unity.collab-proxy@2.7.1)
    com.unity.ide.rider@3.0.36 (location: C:\Users\User\questcraft-26.2-experiment\QCXR-XR-Wrapper\Library\PackageCache\com.unity.ide.rider@3.0.36)
    com.unity.ide.visualstudio@2.0.22 (location: C:\Users\User\questcraft-26.2-experiment\QCXR-XR-Wrapper\Library\PackageCache\com.unity.ide.visualstudio@2.0.22)
    com.unity.test-framework@1.3.9 (location: C:\Users\User\questcraft-26.2-experiment\QCXR-XR-Wrapper\Library\PackageCache\com.unity.test-framework@1.3.9)
    com.unity.textmeshpro@3.0.9 (location: C:\Users\User\questcraft-26.2-experiment\QCXR-XR-Wrapper\Library\PackageCache\com.unity.textmeshpro@3.0.9)
    com.unity.timeline@1.8.6 (location: C:\Users\User\questcraft-26.2-experiment\QCXR-XR-Wrapper\Library\PackageCache\com.unity.timeline@1.8.6)
    com.unity.toolchain.win-x86_64-linux-x86_64@2.0.10 (location: C:\Users\User\questcraft-26.2-experiment\QCXR-XR-Wrapper\Library\PackageCache\com.unity.toolchain.win-x86_64-linux-x86_64@2.0.10)
    com.unity.visualscripting@1.9.4 (location: C:\Users\User\questcraft-26.2-experiment\QCXR-XR-Wrapper\Library\PackageCache\com.unity.visualscripting@1.9.4)
    com.unity.xr.core-utils@2.5.2 (location: C:\Users\User\questcraft-26.2-experiment\QCXR-XR-Wrapper\Library\PackageCache\com.unity.xr.core-utils@2.5.2)
    com.unity.xr.interaction.toolkit@3.0.5 (location: C:\Users\User\questcraft-26.2-experiment\QCXR-XR-Wrapper\Library\PackageCache\com.unity.xr.interaction.toolkit@3.0.5)
    com.unity.xr.management@4.5.1 (location: C:\Users\User\questcraft-26.2-experiment\QCXR-XR-Wrapper\Library\PackageCache\com.unity.xr.management@4.5.1)
    com.unity.xr.openxr@1.14.3 (location: C:\Users\User\questcraft-26.2-experiment\QCXR-XR-Wrapper\Library\PackageCache\com.unity.xr.openxr@1.14.3)
    com.unity.inputsystem@1.14.0 (location: C:\Users\User\questcraft-26.2-experiment\QCXR-XR-Wrapper\Library\PackageCache\com.unity.inputsystem@1.14.0)
    com.unity.xr.legacyinputhelpers@2.1.12 (location: C:\Users\User\questcraft-26.2-experiment\QCXR-XR-Wrapper\Library\PackageCache\com.unity.xr.legacyinputhelpers@2.1.12)
    com.unity.mathematics@1.2.6 (location: C:\Users\User\questcraft-26.2-experiment\QCXR-XR-Wrapper\Library\PackageCache\com.unity.mathematics@1.2.6)
    com.unity.sysroot@2.0.10 (location: C:\Users\User\questcraft-26.2-experiment\QCXR-XR-Wrapper\Library\PackageCache\com.unity.sysroot@2.0.10)
    com.unity.sysroot.linux-x86_64@2.0.9 (location: C:\Users\User\questcraft-26.2-experiment\QCXR-XR-Wrapper\Library\PackageCache\com.unity.sysroot.linux-x86_64@2.0.9)
    com.unity.ext.nunit@2.0.3 (location: C:\Users\User\questcraft-26.2-experiment\QCXR-XR-Wrapper\Library\PackageCache\com.unity.ext.nunit@2.0.3)
    com.unity.ide.vscode@1.2.5 (location: C:\Users\User\questcraft-26.2-experiment\QCXR-XR-Wrapper\Library\PackageCache\com.unity.ide.vscode@1.2.5)
    com.unity.editorcoroutines@1.0.0 (location: C:\Users\User\questcraft-26.2-experiment\QCXR-XR-Wrapper\Library\PackageCache\com.unity.editorcoroutines@1.0.0)
    com.unity.performance.profile-analyzer@1.2.3 (location: C:\Users\User\questcraft-26.2-experiment\QCXR-XR-Wrapper\Library\PackageCache\com.unity.performance.profile-analyzer@1.2.3)
    com.unity.testtools.codecoverage@1.2.6 (location: C:\Users\User\questcraft-26.2-experiment\QCXR-XR-Wrapper\Library\PackageCache\com.unity.testtools.codecoverage@1.2.6)
    com.unity.settings-manager@2.1.0 (location: C:\Users\User\questcraft-26.2-experiment\QCXR-XR-Wrapper\Library\PackageCache\com.unity.settings-manager@2.1.0)
  Packages from [https://unitynuget-registry.openupm.com]:
    org.nuget.system.runtime.compilerservices.unsafe@6.0.0 (location: C:\Users\User\questcraft-26.2-experiment\QCXR-XR-Wrapper\Library\PackageCache\org.nuget.system.runtime.compilerservices.unsafe@6.0.0)
  Built-in packages:
    com.unity.2d.sprite@1.0.0 (location: C:\Users\User\questcraft-26.2-experiment\QCXR-XR-Wrapper\Library\PackageCache\com.unity.2d.sprite@1.0.0)
    com.unity.feature.development@1.0.1 (location: C:\Users\User\questcraft-26.2-experiment\QCXR-XR-Wrapper\Library\PackageCache\com.unity.feature.development@1.0.1)
    com.unity.ugui@1.0.0 (location: C:\Users\User\questcraft-26.2-experiment\QCXR-XR-Wrapper\Library\PackageCache\com.unity.ugui@1.0.0)
    com.unity.modules.ai@1.0.0 (location: C:\Users\User\questcraft-26.2-experiment\QCXR-XR-Wrapper\Library\PackageCache\com.unity.modules.ai@1.0.0)
    com.unity.modules.androidjni@1.0.0 (location: C:\Users\User\questcraft-26.2-experiment\QCXR-XR-Wrapper\Library\PackageCache\com.unity.modules.androidjni@1.0.0)
    com.unity.modules.animation@1.0.0 (location: C:\Users\User\questcraft-26.2-experiment\QCXR-XR-Wrapper\Library\PackageCache\com.unity.modules.animation@1.0.0)
    com.unity.modules.assetbundle@1.0.0 (location: C:\Users\User\questcraft-26.2-experiment\QCXR-XR-Wrapper\Library\PackageCache\com.unity.modules.assetbundle@1.0.0)
    com.unity.modules.audio@1.0.0 (location: C:\Users\User\questcraft-26.2-experiment\QCXR-XR-Wrapper\Library\PackageCache\com.unity.modules.audio@1.0.0)
    com.unity.modules.cloth@1.0.0 (location: C:\Users\User\questcraft-26.2-experiment\QCXR-XR-Wrapper\Library\PackageCache\com.unity.modules.cloth@1.0.0)
    com.unity.modules.director@1.0.0 (location: C:\Users\User\questcraft-26.2-experiment\QCXR-XR-Wrapper\Library\PackageCache\com.unity.modules.director@1.0.0)
    com.unity.modules.imageconversion@1.0.0 (location: C:\Users\User\questcraft-26.2-experiment\QCXR-XR-Wrapper\Library\PackageCache\com.unity.modules.imageconversion@1.0.0)
    com.unity.modules.imgui@1.0.0 (location: C:\Users\User\questcraft-26.2-experiment\QCXR-XR-Wrapper\Library\PackageCache\com.unity.modules.imgui@1.0.0)
    com.unity.modules.jsonserialize@1.0.0 (location: C:\Users\User\questcraft-26.2-experiment\QCXR-XR-Wrapper\Library\PackageCache\com.unity.modules.jsonserialize@1.0.0)
    com.unity.modules.particlesystem@1.0.0 (location: C:\Users\User\questcraft-26.2-experiment\QCXR-XR-Wrapper\Library\PackageCache\com.unity.modules.particlesystem@1.0.0)
    com.unity.modules.physics@1.0.0 (location: C:\Users\User\questcraft-26.2-experiment\QCXR-XR-Wrapper\Library\PackageCache\com.unity.modules.physics@1.0.0)
    com.unity.modules.physics2d@1.0.0 (location: C:\Users\User\questcraft-26.2-experiment\QCXR-XR-Wrapper\Library\PackageCache\com.unity.modules.physics2d@1.0.0)
    com.unity.modules.screencapture@1.0.0 (location: C:\Users\User\questcraft-26.2-experiment\QCXR-XR-Wrapper\Library\PackageCache\com.unity.modules.screencapture@1.0.0)
    com.unity.modules.terrain@1.0.0 (location: C:\Users\User\questcraft-26.2-experiment\QCXR-XR-Wrapper\Library\PackageCache\com.unity.modules.terrain@1.0.0)
    com.unity.modules.terrainphysics@1.0.0 (location: C:\Users\User\questcraft-26.2-experiment\QCXR-XR-Wrapper\Library\PackageCache\com.unity.modules.terrainphysics@1.0.0)
    com.unity.modules.tilemap@1.0.0 (location: C:\Users\User\questcraft-26.2-experiment\QCXR-XR-Wrapper\Library\PackageCache\com.unity.modules.tilemap@1.0.0)
    com.unity.modules.ui@1.0.0 (location: C:\Users\User\questcraft-26.2-experiment\QCXR-XR-Wrapper\Library\PackageCache\com.unity.modules.ui@1.0.0)
    com.unity.modules.uielements@1.0.0 (location: C:\Users\User\questcraft-26.2-experiment\QCXR-XR-Wrapper\Library\PackageCache\com.unity.modules.uielements@1.0.0)
    com.unity.modules.umbra@1.0.0 (location: C:\Users\User\questcraft-26.2-experiment\QCXR-XR-Wrapper\Library\PackageCache\com.unity.modules.umbra@1.0.0)
    com.unity.modules.unityanalytics@1.0.0 (location: C:\Users\User\questcraft-26.2-experiment\QCXR-XR-Wrapper\Library\PackageCache\com.unity.modules.unityanalytics@1.0.0)
    com.unity.modules.unitywebrequest@1.0.0 (location: C:\Users\User\questcraft-26.2-experiment\QCXR-XR-Wrapper\Library\PackageCache\com.unity.modules.unitywebrequest@1.0.0)
    com.unity.modules.unitywebrequestassetbundle@1.0.0 (location: C:\Users\User\questcraft-26.2-experiment\QCXR-XR-Wrapper\Library\PackageCache\com.unity.modules.unitywebrequestassetbundle@1.0.0)
    com.unity.modules.unitywebrequestaudio@1.0.0 (location: C:\Users\User\questcraft-26.2-experiment\QCXR-XR-Wrapper\Library\PackageCache\com.unity.modules.unitywebrequestaudio@1.0.0)
    com.unity.modules.unitywebrequesttexture@1.0.0 (location: C:\Users\User\questcraft-26.2-experiment\QCXR-XR-Wrapper\Library\PackageCache\com.unity.modules.unitywebrequesttexture@1.0.0)
    com.unity.modules.unitywebrequestwww@1.0.0 (location: C:\Users\User\questcraft-26.2-experiment\QCXR-XR-Wrapper\Library\PackageCache\com.unity.modules.unitywebrequestwww@1.0.0)
    com.unity.modules.vehicles@1.0.0 (location: C:\Users\User\questcraft-26.2-experiment\QCXR-XR-Wrapper\Library\PackageCache\com.unity.modules.vehicles@1.0.0)
    com.unity.modules.video@1.0.0 (location: C:\Users\User\questcraft-26.2-experiment\QCXR-XR-Wrapper\Library\PackageCache\com.unity.modules.video@1.0.0)
    com.unity.modules.vr@1.0.0 (location: C:\Users\User\questcraft-26.2-experiment\QCXR-XR-Wrapper\Library\PackageCache\com.unity.modules.vr@1.0.0)
    com.unity.modules.wind@1.0.0 (location: C:\Users\User\questcraft-26.2-experiment\QCXR-XR-Wrapper\Library\PackageCache\com.unity.modules.wind@1.0.0)
    com.unity.modules.xr@1.0.0 (location: C:\Users\User\questcraft-26.2-experiment\QCXR-XR-Wrapper\Library\PackageCache\com.unity.modules.xr@1.0.0)
    com.unity.modules.subsystems@1.0.0 (location: C:\Users\User\questcraft-26.2-experiment\QCXR-XR-Wrapper\Library\PackageCache\com.unity.modules.subsystems@1.0.0)
  Local packages:
    com.netpyoung.webp@file:C:\Users\User\questcraft-26.2-experiment\QCXR-XR-Wrapper\Packages\LocalPackages\unity.webp (location: C:\Users\User\questcraft-26.2-experiment\QCXR-XR-Wrapper\Packages\LocalPackages\unity.webp)
    com.unity.xr.openxr.picoxr@file:C:\Users\User\questcraft-26.2-experiment\QCXR-XR-Wrapper\Packages\LocalPackages\PICO Unity OpenXR Integration SDK-1.3.0 (location: C:\Users\User\questcraft-26.2-experiment\QCXR-XR-Wrapper\Packages\LocalPackages\PICO Unity OpenXR Integration SDK-1.3.0)
[Subsystems] Looking for new subsystems at path C:\Users\User\questcraft-26.2-experiment\QCXR-XR-Wrapper\Library\PackageCache\com.unity.xr.openxr@1.14.3
[Subsystems] Novel subsystem found at Library/PackageCache/com.unity.xr.openxr@1.14.3/Runtime/UnitySubsystemsManifest.json
[Subsystems] Discovering subsystems at path C:/Program Files/Unity/Hub/Editor/2022.3.62f3/Editor/Data/Resources/UnitySubsystems
[Subsystems] Discovering subsystems at path C:/Users/User/questcraft-26.2-experiment/QCXR-XR-Wrapper/Assets
[Subsystems] Discovering subsystems at path C:\Users\User\questcraft-26.2-experiment\QCXR-XR-Wrapper\Library\PackageCache\com.unity.xr.openxr@1.14.3
[Subsystems] No descriptors matched for  examples in Library/PackageCache/com.unity.xr.openxr@1.14.3/Runtime/UnitySubsystemsManifest.json.
[Subsystems] 1 'inputs' descriptors matched in Library/PackageCache/com.unity.xr.openxr@1.14.3/Runtime/UnitySubsystemsManifest.json
[Subsystems] 1 'displays' descriptors matched in Library/PackageCache/com.unity.xr.openxr@1.14.3/Runtime/UnitySubsystemsManifest.json
[Subsystems] No descriptors matched for  meshings in Library/PackageCache/com.unity.xr.openxr@1.14.3/Runtime/UnitySubsystemsManifest.json.
[Subsystems] Discovering subsystems at path C:\Users\User\questcraft-26.2-experiment\QCXR-XR-Wrapper\Packages\LocalPackages\PICO Unity OpenXR Integration SDK-1.3.0
[Subsystems] No descriptors matched for  examples in Packages/LocalPackages/PICO Unity OpenXR Integration SDK-1.3.0/Runtime/UnitySubsystemsManifest.json.
[Subsystems] No descriptors matched for  inputs in Packages/LocalPackages/PICO Unity OpenXR Integration SDK-1.3.0/Runtime/UnitySubsystemsManifest.json.
[Subsystems] No descriptors matched for  displays in Packages/LocalPackages/PICO Unity OpenXR Integration SDK-1.3.0/Runtime/UnitySubsystemsManifest.json.
[Subsystems] 1 'meshings' descriptors matched in Packages/LocalPackages/PICO Unity OpenXR Integration SDK-1.3.0/Runtime/UnitySubsystemsManifest.json
Package Manager log level set to [2]
[Package Manager] Done registering packages in 0.35 seconds
[Licensing::Client] Successfully resolved entitlement details
Refreshing native plugins compatible for Editor in 4340.05 ms, found 19 plugins.
Preloading 0 native plugins for Editor in 0.00 ms.
Initialize engine version: 2022.3.62f3 (96770f904ca7)
[Subsystems] Discovering subsystems at path C:/Program Files/Unity/Hub/Editor/2022.3.62f3/Editor/Data/Resources/UnitySubsystems
[Subsystems] Discovering subsystems at path C:/Users/User/questcraft-26.2-experiment/QCXR-XR-Wrapper/Assets
[Subsystems] Discovering subsystems at path C:\Users\User\questcraft-26.2-experiment\QCXR-XR-Wrapper\Library\PackageCache\com.unity.xr.openxr@1.14.3
[Subsystems] No descriptors matched for  examples in Library/PackageCache/com.unity.xr.openxr@1.14.3/Runtime/UnitySubsystemsManifest.json.
[Subsystems] 1 'inputs' descriptors matched in Library/PackageCache/com.unity.xr.openxr@1.14.3/Runtime/UnitySubsystemsManifest.json
[Subsystems] 1 'displays' descriptors matched in Library/PackageCache/com.unity.xr.openxr@1.14.3/Runtime/UnitySubsystemsManifest.json
[Subsystems] No descriptors matched for  meshings in Library/PackageCache/com.unity.xr.openxr@1.14.3/Runtime/UnitySubsystemsManifest.json.
[Subsystems] Discovering subsystems at path C:\Users\User\questcraft-26.2-experiment\QCXR-XR-Wrapper\Packages\LocalPackages\PICO Unity OpenXR Integration SDK-1.3.0
[Subsystems] No descriptors matched for  examples in Packages/LocalPackages/PICO Unity OpenXR Integration SDK-1.3.0/Runtime/UnitySubsystemsManifest.json.
[Subsystems] No descriptors matched for  inputs in Packages/LocalPackages/PICO Unity OpenXR Integration SDK-1.3.0/Runtime/UnitySubsystemsManifest.json.
[Subsystems] No descriptors matched for  displays in Packages/LocalPackages/PICO Unity OpenXR Integration SDK-1.3.0/Runtime/UnitySubsystemsManifest.json.
[Subsystems] 1 'meshings' descriptors matched in Packages/LocalPackages/PICO Unity OpenXR Integration SDK-1.3.0/Runtime/UnitySubsystemsManifest.json
Forcing GfxDevice: Null
GfxDevice: creating device client; threaded=0; jobified=0
NullGfxDevice:
    Version:  NULL 1.0 [1.0]
    Renderer: Null Device
    Vendor:   Unity Technologies
[Licensing::Client] Successfully resolved entitlement details
Initialize mono
Mono path[0] = 'C:/Program Files/Unity/Hub/Editor/2022.3.62f3/Editor/Data/Managed'
Mono path[1] = 'C:/Program Files/Unity/Hub/Editor/2022.3.62f3/Editor/Data/MonoBleedingEdge/lib/mono/unityjit-win32'
Mono config path = 'C:/Program Files/Unity/Hub/Editor/2022.3.62f3/Editor/Data/MonoBleedingEdge/etc'
Using monoOptions --debugger-agent=transport=dt_socket,embedding=1,server=y,suspend=n,address=127.0.0.1:56840
Using cacheserver namespaces - metadata:defaultmetadata, artifacts:defaultartifacts
Using cacheserver namespaces - metadata:defaultmetadata, artifacts:defaultartifacts
ImportWorker Server TCP listen port: 0
Begin MonoManager ReloadAssembly
Registering precompiled unity dll's ...
Register platform support module: C:/Program Files/Unity/Hub/Editor/2022.3.62f3/Editor/Data/PlaybackEngines/AndroidPlayer/UnityEditor.Android.Extensions.dll
[Licensing::Client] Successfully resolved entitlement details
Register platform support module: C:/Program Files/Unity/Hub/Editor/2022.3.62f3/Editor/Data/PlaybackEngines/iOSSupport/UnityEditor.iOS.Extensions.dll
Register platform support module: C:/Program Files/Unity/Hub/Editor/2022.3.62f3/Editor/Data/PlaybackEngines/WindowsStandaloneSupport/UnityEditor.WindowsStandalone.Extensions.dll
Register platform support module: C:/Program Files/Unity/Hub/Editor/2022.3.62f3/Editor/Data/PlaybackEngines/LinuxStandaloneSupport/UnityEditor.LinuxStandalone.Extensions.dll
[Licensing::Client] Successfully resolved entitlement details
Register platform support module: C:/Program Files/Unity/Hub/Editor/2022.3.62f3/Editor/Data/PlaybackEngines/MetroSupport/UnityEditor.UWP.Extensions.dll
Registered in 0.850232 seconds.
- Loaded All Assemblies, in 11.117 seconds
Native extension for UWP target not found
Native extension for LinuxStandalone target not found
Native extension for WindowsStandalone target not found
[usbmuxd] Start listen thread
[usbmuxd] Listen thread started
Native extension for iOS target not found
Native extension for Android target not found
Android Extension - Scanning For ADB Devices 408 ms
Mono: successfully reloaded assembly
- Finished resetting the current domain, in  1.107 seconds
Domain Reload Profiling: 12222ms
	BeginReloadAssembly (7375ms)
		ExecutionOrderSort (0ms)
		DisableScriptedObjects (0ms)
		BackupInstance (0ms)
		ReleaseScriptingObjects (0ms)
		CreateAndSetChildDomain (1ms)
	RebuildCommonClasses (601ms)
	RebuildNativeTypeToScriptingClass (8ms)
	initialDomainReloadingComplete (909ms)
	LoadAllAssembliesAndSetupDomain (2222ms)
		LoadAssemblies (7418ms)
		RebuildTransferFunctionScriptingTraits (0ms)
		AnalyzeDomain (2173ms)
			TypeCache.Refresh (2170ms)
				TypeCache.ScanAssembly (1771ms)
			ScanForSourceGeneratedMonoScriptInfo (1ms)
			ResolveRequiredComponents (1ms)
	FinalizeReload (1108ms)
		ReleaseScriptCaches (0ms)
		RebuildScriptCaches (0ms)
		SetupLoadedEditorAssemblies (1073ms)
			LogAssemblyErrors (0ms)
			InitializePlatformSupportModulesInManaged (921ms)
			SetLoadedEditorAssemblies (4ms)
			RefreshPlugins (0ms)
			BeforeProcessingInitializeOnLoad (3ms)
			ProcessInitializeOnLoadAttributes (102ms)
			ProcessInitializeOnLoadMethodAttributes (44ms)
			AfterProcessingInitializeOnLoad (0ms)
			EditorAssembliesLoaded (0ms)
		ExecutionOrderSort2 (0ms)
		AwakeInstancesAfterBackupRestoration (0ms)
[Licensing::Client] Successfully resolved entitlement details
[Licensing::Client] Successfully resolved entitlement details
Application.AssetDatabase Initial Refresh Start
info: Microsoft.Hosting.Lifetime[14]
      Now listening on: http://localhost:80
info: Microsoft.Hosting.Lifetime[0]
      Application started. Press Ctrl+C to shut down.
info: Microsoft.Hosting.Lifetime[0]
      Hosting environment: Production
info: Microsoft.Hosting.Lifetime[0]
      Content root path: C:\Users\User\questcraft-26.2-experiment\QCXR-XR-Wrapper\
info: Microsoft.AspNetCore.Hosting.Diagnostics[1]
      Request starting HTTP/2 POST http://ilpp/UnityILPP.PostProcessing/Ping application/grpc -
info: Microsoft.AspNetCore.Routing.EndpointMiddleware[0]
      Executing endpoint 'gRPC - /UnityILPP.PostProcessing/Ping'
info: Microsoft.AspNetCore.Routing.EndpointMiddleware[1]
      Executed endpoint 'gRPC - /UnityILPP.PostProcessing/Ping'
info: Microsoft.AspNetCore.Hosting.Diagnostics[2]
      Request finished HTTP/2 POST http://ilpp/UnityILPP.PostProcessing/Ping application/grpc - - 200 - application/grpc 63.7633ms
Starting: C:\Program Files\Unity\Hub\Editor\2022.3.62f3\Editor\Data\bee_backend.exe --ipc --defer-dag-verification --dagfile="Library/Bee/1300b0aE.dag" --continue-on-failure --profile="Library/Bee/backend1.traceevents" ScriptAssemblies
WorkingDir: C:/Users/User/questcraft-26.2-experiment/QCXR-XR-Wrapper
ExitCode: 4 Duration: 0s45ms
[             ] Require frontend run.  Library/Bee/1300b0aE.dag couldn't be loaded
DisplayProgressbar: Compiling Scripts
Starting: C:\Program Files\Unity\Hub\Editor\2022.3.62f3\Editor\Data\Tools\netcorerun\netcorerun.exe "C:\Program Files\Unity\Hub\Editor\2022.3.62f3\Editor\Data\Tools\BuildPipeline\ScriptCompilationBuildProgram.exe" "Library/Bee/1300b0aE.dag.json" "Library/Bee/1300b0aE-inputdata.json" "Library\Bee\buildprogram0.traceevents"
WorkingDir: C:/Users/User/questcraft-26.2-experiment/QCXR-XR-Wrapper
ExitCode: 0 Duration: 2s210ms
Starting: C:\Program Files\Unity\Hub\Editor\2022.3.62f3\Editor\Data\bee_backend.exe --ipc --defer-dag-verification --dagfile="Library/Bee/1300b0aE.dag" --continue-on-failure --dagfilejson="Library\Bee\1300b0aE.dag.json" --profile="Library/Bee/backend2.traceevents" ScriptAssemblies
WorkingDir: C:/Users/User/questcraft-26.2-experiment/QCXR-XR-Wrapper
ExitCode: 0 Duration: 14s
Finished compiling graph: 723 nodes, 10611 flattened edges (9325 ToBuild, 140 ToUse), maximum node priority 605
[102/720    0s] WriteText Library/Bee/artifacts/1300b0aE.dag/UnityEditor.UI.UnityAdditionalFile.txt
[103/720    0s] WriteText Library/Bee/artifacts/1300b0aE.dag/UnityEngine.TestRunner.UnityAdditionalFile.txt
[104/720    0s] WriteText Library/Bee/artifacts/1300b0aE.dag/UnityEngine.TestRunner.rsp
[105/720    0s] WriteText Library/Bee/artifacts/1300b0aE.dag/UnityEditor.UI.rsp2
[106/720    0s] WriteText Library/Bee/artifacts/1300b0aE.dag/UnityEditor.TestRunner.rsp
[107/720    0s] WriteText Library/Bee/artifacts/1300b0aE.dag/UnityEngine.TestRunner.rsp2
[108/720    0s] WriteText Library/Bee/artifacts/1300b0aE.dag/UnityEditor.TestRunner.rsp2
[109/720    0s] WriteText Library/Bee/artifacts/1300b0aE.dag/UnityEditor.UI.rsp
[110/720    0s] WriteText Library/Bee/artifacts/1300b0aE.dag/UnityEngine.UI.rsp
[111/720    0s] WriteText Library/Bee/artifacts/1300b0aE.dag/UnityEditor.TestRunner.dll.mvfrm.rsp
[112/720    0s] WriteText Library/Bee/artifacts/1300b0aE.dag/UnityEditor.UI.dll.mvfrm.rsp
[113/720    0s] WriteText Library/Bee/artifacts/1300b0aE.dag/UnityEngine.SpatialTracking.UnityAdditionalFile.txt
[114/720    0s] WriteText Library/Bee/artifacts/1300b0aE.dag/Unity.InputSystem.UnityAdditionalFile.txt
[115/720    0s] WriteText Library/Bee/artifacts/1300b0aE.dag/Unity.XR.CoreUtils.UnityAdditionalFile.txt
[116/720    0s] WriteText Library/Bee/artifacts/1300b0aE.dag/Unity.InputSystem.rsp
[117/720    0s] WriteText Library/Bee/artifacts/1300b0aE.dag/Unity.InputSystem.dll.mvfrm.rsp
[118/720    0s] WriteText Library/Bee/artifacts/1300b0aE.dag/Unity.InputSystem.rsp2
[119/720    0s] WriteText Library/Bee/artifacts/1300b0aE.dag/UnityEngine.SpatialTracking.rsp2
[120/720    0s] WriteText Library/Bee/artifacts/1300b0aE.dag/UnityEngine.SpatialTracking.dll.mvfrm.rsp
[121/720    0s] WriteText Library/Bee/artifacts/1300b0aE.dag/Unity.XR.CoreUtils.rsp2
[122/720    0s] WriteText Library/Bee/artifacts/1300b0aE.dag/UnityEngine.SpatialTracking.rsp
[123/720    0s] WriteText Library/Bee/artifacts/1300b0aE.dag/Unity.XR.CoreUtils.dll.mvfrm.rsp
[124/720    0s] WriteText Library/Bee/artifacts/1300b0aE.dag/Unity.XR.Management.dll.mvfrm.rsp
[125/720    0s] WriteText Library/Bee/artifacts/1300b0aE.dag/Unity.XR.CoreUtils.rsp
[126/720    0s] WriteText Library/Bee/artifacts/1300b0aE.dag/Unity.XR.CoreUtils.Editor.rsp2
[127/720    0s] WriteText Library/Bee/artifacts/1300b0aE.dag/Unity.XR.Management.rsp2
[128/720    0s] WriteText Library/Bee/artifacts/1300b0aE.dag/Unity.XR.Management.UnityAdditionalFile.txt
[129/720    0s] WriteText Library/Bee/artifacts/1300b0aE.dag/Unity.XR.CoreUtils.Editor.UnityAdditionalFile.txt
[130/720    0s] WriteText Library/Bee/artifacts/1300b0aE.dag/Unity.XR.CoreUtils.Editor.dll.mvfrm.rsp
[131/720    0s] WriteText Library/Bee/artifacts/1300b0aE.dag/Unity.XR.Management.rsp
[132/720    0s] WriteText Library/Bee/artifacts/1300b0aE.dag/UnityEngine.UI.UnityAdditionalFile.txt
[133/720    0s] WriteText Library/Bee/artifacts/1300b0aE.dag/Unity.XR.CoreUtils.Editor.rsp
[134/720    0s] WriteText Library/Bee/artifacts/1300b0aE.dag/UnityEngine.UI.rsp2
[135/720    0s] WriteText Library/Bee/artifacts/1300b0aE.dag/Unity.XR.Management.Editor.UnityAdditionalFile.txt
[136/720    0s] WriteText Library/Bee/artifacts/1300b0aE.dag/Unity.XR.Management.Editor.rsp2
[137/720    0s] WriteText Library/Bee/artifacts/1300b0aE.dag/UnityEngine.TestRunner.dll.mvfrm.rsp
[138/720    0s] WriteText Library/Bee/artifacts/1300b0aE.dag/UnityEditor.TestRunner.UnityAdditionalFile.txt
[139/720    0s] WriteText Library/Bee/artifacts/1300b0aE.dag/Unity.XR.OpenXR.rsp2
[140/720    0s] WriteText Library/Bee/artifacts/1300b0aE.dag/UnityEngine.UI.dll.mvfrm.rsp
[141/720    0s] WriteText Library/Bee/artifacts/1300b0aE.dag/Unity.VisualScripting.Core.rsp2
[142/720    0s] WriteText Library/Bee/artifacts/1300b0aE.dag/Unity.XR.Management.Editor.dll.mvfrm.rsp
[143/720    0s] WriteText Library/Bee/artifacts/1300b0aE.dag/Unity.XR.Management.Editor.rsp
[144/720    0s] WriteText Library/Bee/artifacts/1300b0aE.dag/Unity.XR.OpenXR.UnityAdditionalFile.txt
[145/720    0s] WriteText Library/Bee/artifacts/1300b0aE.dag/Unity.VisualScripting.Core.UnityAdditionalFile.txt
[146/720    0s] WriteText Library/Bee/artifacts/1300b0aE.dag/Unity.XR.OpenXR.dll.mvfrm.rsp
[147/720    0s] WriteText Library/Bee/artifacts/1300b0aE.dag/Unity.VisualScripting.Core.dll.mvfrm.rsp
[148/720    0s] WriteText Library/Bee/artifacts/1300b0aE.dag/Unity.VisualScripting.Core.rsp
[149/720    0s] WriteText Library/Bee/artifacts/1300b0aE.dag/Unity.VisualScripting.Flow.UnityAdditionalFile.txt
[150/720    0s] WriteText Library/Bee/artifacts/1300b0aE.dag/Unity.XR.OpenXR.rsp
[151/720    0s] WriteText Library/Bee/artifacts/1300b0aE.dag/Unity.VisualScripting.Flow.rsp2
[152/720    0s] WriteText Library/Bee/artifacts/1300b0aE.dag/Unity.VisualScripting.Core.Editor.UnityAdditionalFile.txt
[153/720    0s] WriteText Library/Bee/artifacts/1300b0aE.dag/Unity.VisualScripting.Core.Editor.rsp2
[154/720    0s] WriteText Library/Bee/artifacts/1300b0aE.dag/Unity.VisualScripting.Core.Editor.rsp
[155/720    0s] WriteText Library/Bee/artifacts/1300b0aE.dag/Unity.XR.OpenXRPico.UnityAdditionalFile.txt
[156/720    0s] WriteText Library/Bee/artifacts/1300b0aE.dag/Unity.VisualScripting.Flow.dll.mvfrm.rsp
[157/720    0s] WriteText Library/Bee/artifacts/1300b0aE.dag/Unity.XR.OpenXRPico.rsp2
[158/720    0s] WriteText Library/Bee/artifacts/1300b0aE.dag/Unity.VisualScripting.Flow.rsp
[159/720    0s] WriteText Library/Bee/artifacts/1300b0aE.dag/Unity.VisualScripting.Core.Editor.dll.mvfrm.rsp
[160/720    0s] WriteText Library/Bee/artifacts/1300b0aE.dag/Unity.Mathematics.rsp2
[161/720    0s] WriteText Library/Bee/artifacts/1300b0aE.dag/Unity.XR.OpenXR.Editor.UnityAdditionalFile.txt
[162/720    0s] WriteText Library/Bee/artifacts/1300b0aE.dag/Unity.Mathematics.UnityAdditionalFile.txt
[163/720    0s] WriteText Library/Bee/artifacts/1300b0aE.dag/Unity.XR.OpenXR.Editor.rsp2
[164/720    0s] WriteText Library/Bee/artifacts/1300b0aE.dag/Unity.XR.OpenXRPico.dll.mvfrm.rsp
[165/720    0s] WriteText Library/Bee/artifacts/1300b0aE.dag/Unity.XR.OpenXRPico.rsp
[166/720    0s] WriteText Library/Bee/artifacts/1300b0aE.dag/Unity.VisualScripting.State.UnityAdditionalFile.txt
[167/720    0s] WriteText Library/Bee/artifacts/1300b0aE.dag/Unity.VisualScripting.State.rsp2
[168/720    0s] WriteText Library/Bee/artifacts/1300b0aE.dag/Unity.XR.OpenXR.Features.MetaQuestSupport.UnityAdditionalFile.txt
[169/720    0s] WriteText Library/Bee/artifacts/1300b0aE.dag/Unity.VisualScripting.Flow.Editor.rsp2
[170/720    0s] WriteText Library/Bee/artifacts/1300b0aE.dag/UnityEngine.XR.LegacyInputHelpers.UnityAdditionalFile.txt
[171/720    0s] WriteText Library/Bee/artifacts/1300b0aE.dag/UnityEngine.XR.LegacyInputHelpers.rsp2
[172/720    0s] WriteText Library/Bee/artifacts/1300b0aE.dag/Unity.XR.OpenXR.Features.MetaQuestSupport.rsp2
[173/720    0s] WriteText Library/Bee/artifacts/1300b0aE.dag/Unity.VisualScripting.Flow.Editor.UnityAdditionalFile.txt
[174/720    0s] WriteText Library/Bee/artifacts/1300b0aE.dag/Unity.SysrootPackage.Editor.UnityAdditionalFile.txt
[175/720    0s] WriteText Library/Bee/artifacts/1300b0aE.dag/Unity.SysrootPackage.Editor.rsp2
[176/720    0s] WriteText Library/Bee/artifacts/1300b0aE.dag/Unity.Mathematics.dll.mvfrm.rsp
[177/720    0s] WriteText Library/Bee/artifacts/1300b0aE.dag/Unity.XR.OpenXR.Editor.dll.mvfrm.rsp
[178/720    0s] WriteText Library/Bee/artifacts/1300b0aE.dag/Unity.XR.OpenXR.Features.PICOSupport.rsp2
[179/720    0s] WriteText Library/Bee/artifacts/1300b0aE.dag/Unity.XR.OpenXR.Features.PICOSupport.UnityAdditionalFile.txt
[180/720    0s] WriteText Library/Bee/artifacts/1300b0aE.dag/UnityEngine.XR.LegacyInputHelpers.dll.mvfrm.rsp
[181/720    0s] WriteText Library/Bee/artifacts/1300b0aE.dag/Unity.XR.OpenXR.Editor.rsp
[182/720    0s] WriteText Library/Bee/artifacts/1300b0aE.dag/Unity.Mathematics.rsp
[183/720    0s] WriteText Library/Bee/artifacts/1300b0aE.dag/Unity.VisualScripting.State.dll.mvfrm.rsp
[184/720    0s] WriteText Library/Bee/artifacts/1300b0aE.dag/Unity.VisualScripting.Flow.Editor.dll.mvfrm.rsp
[185/720    0s] WriteText Library/Bee/artifacts/1300b0aE.dag/Unity.VisualScripting.State.rsp
[186/720    0s] WriteText Library/Bee/artifacts/1300b0aE.dag/Unity.XR.OpenXR.Features.MetaQuestSupport.dll.mvfrm.rsp
[187/720    0s] WriteText Library/Bee/artifacts/1300b0aE.dag/UnityEngine.XR.LegacyInputHelpers.rsp
[188/720    0s] WriteText Library/Bee/artifacts/1300b0aE.dag/Unity.XR.OpenXR.Features.PICOSupport.dll.mvfrm.rsp
[189/720    0s] WriteText Library/Bee/artifacts/1300b0aE.dag/Unity.XR.OpenXR.Features.PICOSupport.rsp
[190/720    0s] WriteText Library/Bee/artifacts/1300b0aE.dag/Unity.SysrootPackage.Editor.dll.mvfrm.rsp
[191/720    0s] WriteText Library/Bee/artifacts/1300b0aE.dag/Unity.XR.Interaction.Toolkit.rsp2
[192/720    0s] WriteText Library/Bee/artifacts/1300b0aE.dag/Unity.VisualScripting.Flow.Editor.rsp
[193/720    0s] WriteText Library/Bee/artifacts/1300b0aE.dag/Unity.TestTools.CodeCoverage.Editor.OpenCover.Mono.Reflection.UnityAdditionalFile.txt
[194/720    0s] WriteText Library/Bee/artifacts/1300b0aE.dag/Unity.XR.OpenXR.Features.MetaQuestSupport.rsp
[195/720    0s] WriteText Library/Bee/artifacts/1300b0aE.dag/Unity.SysrootPackage.Editor.rsp
[196/720    0s] WriteText Library/Bee/artifacts/1300b0aE.dag/Unity.TextMeshPro.rsp2
[197/720    0s] WriteText Library/Bee/artifacts/1300b0aE.dag/Unity.TextMeshPro.UnityAdditionalFile.txt
[198/720    0s] WriteText Library/Bee/artifacts/1300b0aE.dag/Unity.XR.Interaction.Toolkit.UnityAdditionalFile.txt
[199/720    0s] WriteText Library/Bee/artifacts/1300b0aE.dag/Unity.TestTools.CodeCoverage.Editor.OpenCover.Model.rsp2
[200/720    0s] WriteText Library/Bee/artifacts/1300b0aE.dag/Unity.XR.OpenXR.Features.OculusQuestSupport.UnityAdditionalFile.txt
[201/720    0s] WriteText Library/Bee/artifacts/1300b0aE.dag/Unity.VisualScripting.State.Editor.rsp2
[202/720    0s] WriteText Library/Bee/artifacts/1300b0aE.dag/Unity.Timeline.UnityAdditionalFile.txt
[203/720    0s] WriteText Library/Bee/artifacts/1300b0aE.dag/Unity.Settings.Editor.rsp2
[204/720    0s] WriteText Library/Bee/artifacts/1300b0aE.dag/Unity.Timeline.rsp2
[205/720    0s] WriteText Library/Bee/artifacts/1300b0aE.dag/Unity.Settings.Editor.UnityAdditionalFile.txt
[206/720    0s] WriteText Library/Bee/artifacts/1300b0aE.dag/Unity.TestTools.CodeCoverage.Editor.OpenCover.Model.UnityAdditionalFile.txt
[207/720    0s] WriteText Library/Bee/artifacts/1300b0aE.dag/Unity.XR.OpenXR.Features.OculusQuestSupport.rsp2
[208/720    0s] WriteText Library/Bee/artifacts/1300b0aE.dag/Unity.Sysroot.Linux_x86_64.rsp2
[209/720    0s] WriteText Library/Bee/artifacts/1300b0aE.dag/Unity.TestTools.CodeCoverage.Editor.OpenCover.Mono.Reflection.rsp2
[210/720    0s] WriteText Library/Bee/artifacts/1300b0aE.dag/Unity.Sysroot.Linux_x86_64.UnityAdditionalFile.txt
[211/720    0s] WriteText Library/Bee/artifacts/1300b0aE.dag/Unity.VisualScripting.State.Editor.UnityAdditionalFile.txt
[212/720    0s] WriteText Library/Bee/artifacts/1300b0aE.dag/Unity.XR.Interaction.Toolkit.dll.mvfrm.rsp
[213/720    0s] WriteText Library/Bee/artifacts/1300b0aE.dag/Unity.TextMeshPro.dll.mvfrm.rsp
[214/720    0s] WriteText Library/Bee/artifacts/1300b0aE.dag/Unity.XR.OpenXR.Features.OculusQuestSupport.dll.mvfrm.rsp
[215/720    0s] WriteText Library/Bee/artifacts/1300b0aE.dag/Unity.VisualScripting.State.Editor.dll.mvfrm.rsp
[216/720    0s] WriteText Library/Bee/artifacts/1300b0aE.dag/Unity.Timeline.dll.mvfrm.rsp
[217/720    0s] WriteText Library/Bee/artifacts/1300b0aE.dag/Unity.Settings.Editor.dll.mvfrm.rsp
[218/720    0s] WriteText Library/Bee/artifacts/1300b0aE.dag/Unity.Sysroot.Linux_x86_64.dll.mvfrm.rsp
[219/720    0s] WriteText Library/Bee/artifacts/1300b0aE.dag/Unity.TestTools.CodeCoverage.Editor.OpenCover.Mono.Reflection.dll.mvfrm.rsp
[220/720    0s] WriteText Library/Bee/artifacts/1300b0aE.dag/Unity.TestTools.CodeCoverage.Editor.OpenCover.Model.dll.mvfrm.rsp
[221/720    0s] WriteText Library/Bee/artifacts/1300b0aE.dag/Unity.XR.Interaction.Toolkit.rsp
[222/720    0s] WriteText Library/Bee/artifacts/1300b0aE.dag/Unity.TestTools.CodeCoverage.Editor.OpenCover.Mono.Reflection.rsp
[223/720    0s] WriteText Library/Bee/artifacts/1300b0aE.dag/Unity.XR.OpenXR.Features.RuntimeDebugger.rsp2
[224/720    0s] WriteText Library/Bee/artifacts/1300b0aE.dag/Unity.VisualScripting.State.Editor.rsp
[225/720    0s] WriteText Library/Bee/artifacts/1300b0aE.dag/Unity.Sysroot.Linux_x86_64.rsp
[226/720    0s] WriteText Library/Bee/artifacts/1300b0aE.dag/Unity.Settings.Editor.rsp
[227/720    0s] WriteText Library/Bee/artifacts/1300b0aE.dag/Unity.TestTools.CodeCoverage.Editor.OpenCover.Model.rsp
[228/720    0s] WriteText Library/Bee/artifacts/1300b0aE.dag/Unity.XR.OpenXR.Features.RuntimeDebugger.UnityAdditionalFile.txt
[229/720    0s] WriteText Library/Bee/artifacts/1300b0aE.dag/Unity.Timeline.rsp
[230/720    0s] WriteText Library/Bee/artifacts/1300b0aE.dag/Unity.XR.OpenXR.Features.OculusQuestSupport.rsp
[231/720    0s] WriteText Library/Bee/artifacts/1300b0aE.dag/Unity.XR.OpenXR.Features.PICOSupport.Editor.UnityAdditionalFile.txt
[232/720    0s] WriteText Library/Bee/artifacts/1300b0aE.dag/Unity.XR.OpenXR.Features.PICOSupport.Editor.rsp2
[233/720    0s] WriteText Library/Bee/artifacts/1300b0aE.dag/Unity.TextMeshPro.rsp
[234/720    0s] WriteText Library/Bee/artifacts/1300b0aE.dag/Unity.XR.OpenXR.Features.RuntimeDebugger.dll.mvfrm.rsp
[235/720    0s] WriteText Library/Bee/artifacts/1300b0aE.dag/Unity.XR.OpenXR.Features.PICOSupport.Editor.dll.mvfrm.rsp
[236/720    0s] WriteText Library/Bee/artifacts/1300b0aE.dag/Unity.Mathematics.Editor.UnityAdditionalFile.txt
[237/720    0s] WriteText Library/Bee/artifacts/1300b0aE.dag/Unity.XR.OpenXR.Features.PICOSupport.Editor.rsp
[238/720    0s] WriteText Library/Bee/artifacts/1300b0aE.dag/Unity.PlasticSCM.Editor.rsp2
[239/720    0s] WriteText Library/Bee/artifacts/1300b0aE.dag/Unity.XR.OpenXR.Features.RuntimeDebugger.rsp
[240/720    0s] WriteText Library/Bee/artifacts/1300b0aE.dag/Unity.VisualScripting.Shared.Editor.rsp2
[241/720    0s] WriteText Library/Bee/artifacts/1300b0aE.dag/UnityGifDecoder.rsp2
[242/720    0s] WriteText Library/Bee/artifacts/1300b0aE.dag/UnityGifDecoder.UnityAdditionalFile.txt
[243/720    0s] WriteText Library/Bee/artifacts/1300b0aE.dag/Unity.PlasticSCM.Editor.UnityAdditionalFile.txt
[244/720    0s] WriteText Library/Bee/artifacts/1300b0aE.dag/Unity.Performance.Profile-Analyzer.Editor.rsp2
[245/720    0s] WriteText Library/Bee/artifacts/1300b0aE.dag/Unity.Mathematics.Editor.rsp2
[246/720    0s] WriteText Library/Bee/artifacts/1300b0aE.dag/UnityEditor.XR.LegacyInputHelpers.UnityAdditionalFile.txt
[247/720    0s] WriteText Library/Bee/artifacts/1300b0aE.dag/Unity.Rider.Editor.UnityAdditionalFile.txt
[248/720    0s] WriteText Library/Bee/artifacts/1300b0aE.dag/Unity.Performance.Profile-Analyzer.Editor.UnityAdditionalFile.txt
[249/720    0s] WriteText Library/Bee/artifacts/1300b0aE.dag/Unity.XR.Interaction.Toolkit.Samples.StarterAssets.UnityAdditionalFile.txt
[250/720    0s] WriteText Library/Bee/artifacts/1300b0aE.dag/Unity.Rider.Editor.rsp2
[251/720    0s] WriteText Library/Bee/artifacts/1300b0aE.dag/Unity.VisualStudio.Editor.UnityAdditionalFile.txt
[252/720    0s] WriteText Library/Bee/artifacts/1300b0aE.dag/Unity.TestTools.CodeCoverage.Editor.UnityAdditionalFile.txt
[253/720    0s] WriteText Library/Bee/artifacts/1300b0aE.dag/UnityEditor.SpatialTracking.rsp2
[254/720    0s] WriteText Library/Bee/artifacts/1300b0aE.dag/Unity.TextMeshPro.Editor.UnityAdditionalFile.txt
[255/720    0s] WriteText Library/Bee/artifacts/1300b0aE.dag/UnityEditor.XR.LegacyInputHelpers.rsp2
[256/720    0s] WriteText Library/Bee/artifacts/1300b0aE.dag/Unity.XR.OpenXR.Features.MetaQuestSupport.Editor.UnityAdditionalFile.txt
[257/720    0s] WriteText Library/Bee/artifacts/1300b0aE.dag/UnityEditor.SpatialTracking.UnityAdditionalFile.txt
[258/720    0s] WriteText Library/Bee/artifacts/1300b0aE.dag/Unity.TextMeshPro.Editor.rsp2
[259/720    0s] WriteText Library/Bee/artifacts/1300b0aE.dag/Unity.TestTools.CodeCoverage.Editor.rsp2
[260/720    0s] WriteText Library/Bee/artifacts/1300b0aE.dag/Unity.VisualStudio.Editor.rsp2
[261/720    0s] WriteText Library/Bee/artifacts/1300b0aE.dag/Unity.InputSystem.ForUI.UnityAdditionalFile.txt
[262/720    0s] WriteText Library/Bee/artifacts/1300b0aE.dag/Unity.Timeline.Editor.UnityAdditionalFile.txt
[263/720    0s] WriteText Library/Bee/artifacts/1300b0aE.dag/Unity.XR.OpenXR.Features.ConformanceAutomation.UnityAdditionalFile.txt
[264/720    0s] WriteText Library/Bee/artifacts/1300b0aE.dag/Unity.EditorCoroutines.Editor.rsp2
[265/720    0s] WriteText Library/Bee/artifacts/1300b0aE.dag/Unity.XR.OpenXR.Features.RuntimeDebugger.Editor.rsp2
[266/720    0s] WriteText Library/Bee/artifacts/1300b0aE.dag/Unity.Timeline.Editor.rsp2
[267/720    0s] WriteText Library/Bee/artifacts/1300b0aE.dag/Unity.XR.Interaction.Toolkit.Editor.UnityAdditionalFile.txt
[268/720    0s] WriteText Library/Bee/artifacts/1300b0aE.dag/Unity.Toolchain.Win-x86_64-Linux-x86_64.rsp2
[269/720    0s] WriteText Library/Bee/artifacts/1300b0aE.dag/Unity.XR.OpenXR.Features.ConformanceAutomation.rsp2
[270/720    0s] WriteText Library/Bee/artifacts/1300b0aE.dag/Unity.VSCode.Editor.rsp2
[271/720    0s] WriteText Library/Bee/artifacts/1300b0aE.dag/Unity.Toolchain.Win-x86_64-Linux-x86_64.UnityAdditionalFile.txt
[272/720    0s] WriteText Library/Bee/artifacts/1300b0aE.dag/Unity.VSCode.Editor.UnityAdditionalFile.txt
[273/720    0s] WriteText Library/Bee/artifacts/1300b0aE.dag/Unity.VisualScripting.SettingsProvider.Editor.UnityAdditionalFile.txt
[274/720    0s] WriteText Library/Bee/artifacts/1300b0aE.dag/Unity.XR.OpenXR.Features.RuntimeDebugger.Editor.UnityAdditionalFile.txt
[275/720    0s] WriteText Library/Bee/artifacts/1300b0aE.dag/Unity.XR.Interaction.Toolkit.Editor.rsp2
[276/720    0s] WriteText Library/Bee/artifacts/1300b0aE.dag/Unity.XR.OpenXR.Features.OculusQuestSupport.Editor.rsp2
[277/720    0s] WriteText Library/Bee/artifacts/1300b0aE.dag/Unity.VisualScripting.SettingsProvider.Editor.rsp2
[278/720    0s] WriteText Library/Bee/artifacts/1300b0aE.dag/Unity.XR.Interaction.Toolkit.Samples.StarterAssets.rsp2
[279/720    0s] WriteText Library/Bee/artifacts/1300b0aE.dag/Unity.XR.OpenXR.Features.OculusQuestSupport.Editor.UnityAdditionalFile.txt
[280/720    0s] WriteText Library/Bee/artifacts/1300b0aE.dag/Unity.InputSystem.ForUI.rsp2
[281/720    0s] WriteText Library/Bee/artifacts/1300b0aE.dag/Unity.VisualScripting.Shared.Editor.UnityAdditionalFile.txt
[282/720    0s] WriteText Library/Bee/artifacts/1300b0aE.dag/Unity.XR.OpenXR.Features.MetaQuestSupport.Editor.rsp2
[283/720    0s] WriteText Library/Bee/artifacts/1300b0aE.dag/Unity.2D.Sprite.Editor.UnityAdditionalFile.txt
[284/720    0s] WriteText Library/Bee/artifacts/1300b0aE.dag/Unity.2D.Sprite.Editor.rsp2
[285/720    0s] WriteText Library/Bee/artifacts/1300b0aE.dag/Unity.EditorCoroutines.Editor.UnityAdditionalFile.txt
[286/720    0s] WriteText Library/Bee/artifacts/1300b0aE.dag/PICO.Platform.rsp2
[287/720    0s] WriteText Library/Bee/artifacts/1300b0aE.dag/Unity.PlasticSCM.Editor.dll.mvfrm.rsp
[288/720    0s] WriteText Library/Bee/artifacts/1300b0aE.dag/PICO.Platform.UnityAdditionalFile.txt
[289/720    0s] WriteText Library/Bee/artifacts/1300b0aE.dag/Unity.Toolchain.Win-x86_64-Linux-x86_64.dll.mvfrm.rsp
[290/720    0s] WriteText Library/Bee/artifacts/1300b0aE.dag/Unity.VisualStudio.Editor.dll.mvfrm.rsp
[291/720    0s] WriteText Library/Bee/artifacts/1300b0aE.dag/Unity.Timeline.Editor.dll.mvfrm.rsp
[292/720    0s] WriteText Library/Bee/artifacts/1300b0aE.dag/Unity.VisualScripting.Shared.Editor.dll.mvfrm.rsp
[293/720    0s] WriteText Library/Bee/artifacts/1300b0aE.dag/Unity.XR.OpenXR.Features.MetaQuestSupport.Editor.dll.mvfrm.rsp
[294/720    0s] WriteText Library/Bee/artifacts/1300b0aE.dag/Unity.XR.OpenXR.Features.ConformanceAutomation.dll.mvfrm.rsp
[295/720    0s] WriteText Library/Bee/artifacts/1300b0aE.dag/Unity.VSCode.Editor.dll.mvfrm.rsp
[296/720    0s] WriteText Library/Bee/artifacts/1300b0aE.dag/Unity.VisualScripting.SettingsProvider.Editor.dll.mvfrm.rsp
[297/720    0s] WriteText Library/Bee/artifacts/1300b0aE.dag/Unity.XR.Interaction.Toolkit.Editor.dll.mvfrm.rsp
[298/720    0s] WriteText Library/Bee/artifacts/1300b0aE.dag/Unity.EditorCoroutines.Editor.dll.mvfrm.rsp
[299/720    0s] WriteText Library/Bee/artifacts/1300b0aE.dag/Unity.XR.OpenXR.Features.OculusQuestSupport.Editor.dll.mvfrm.rsp
[300/720    0s] WriteText Library/Bee/artifacts/1300b0aE.dag/UnityEditor.SpatialTracking.dll.mvfrm.rsp
[301/720    0s] WriteText Library/Bee/artifacts/1300b0aE.dag/UnityEditor.XR.LegacyInputHelpers.dll.mvfrm.rsp
[302/720    0s] WriteText Library/Bee/artifacts/1300b0aE.dag/Unity.XR.Interaction.Toolkit.Samples.StarterAssets.dll.mvfrm.rsp
[303/720    0s] WriteText Library/Bee/artifacts/1300b0aE.dag/Unity.Performance.Profile-Analyzer.Editor.dll.mvfrm.rsp
[304/720    0s] WriteText Library/Bee/artifacts/1300b0aE.dag/Unity.XR.OpenXR.Features.RuntimeDebugger.Editor.dll.mvfrm.rsp
[305/720    0s] WriteText Library/Bee/artifacts/1300b0aE.dag/Unity.Rider.Editor.dll.mvfrm.rsp
[306/720    0s] WriteText Library/Bee/artifacts/1300b0aE.dag/Unity.InputSystem.ForUI.dll.mvfrm.rsp
[307/720    0s] WriteText Library/Bee/artifacts/1300b0aE.dag/Unity.Mathematics.Editor.dll.mvfrm.rsp
[308/720    0s] WriteText Library/Bee/artifacts/1300b0aE.dag/Unity.2D.Sprite.Editor.dll.mvfrm.rsp
[309/720    0s] WriteText Library/Bee/artifacts/1300b0aE.dag/Unity.TextMeshPro.Editor.dll.mvfrm.rsp
[310/720    0s] WriteText Library/Bee/artifacts/1300b0aE.dag/UnityGifDecoder.dll.mvfrm.rsp
[311/720    0s] WriteText Library/Bee/artifacts/1300b0aE.dag/Unity.TestTools.CodeCoverage.Editor.dll.mvfrm.rsp
[312/720    0s] WriteText Library/Bee/artifacts/1300b0aE.dag/Unity.PlasticSCM.Editor.rsp
[313/720    0s] WriteText Library/Bee/artifacts/1300b0aE.dag/PICO.Platform.dll.mvfrm.rsp
[314/720    0s] WriteText Library/Bee/artifacts/1300b0aE.dag/UnityEditor.SpatialTracking.rsp
[315/720    0s] WriteText Library/Bee/artifacts/1300b0aE.dag/Unity.XR.OpenXR.Features.MetaQuestSupport.Editor.rsp
[316/720    0s] WriteText Library/Bee/artifacts/1300b0aE.dag/Unity.VisualStudio.Editor.rsp
[317/720    0s] WriteText Library/Bee/artifacts/1300b0aE.dag/Unity.TestTools.CodeCoverage.Editor.rsp
[318/720    0s] WriteText Library/Bee/artifacts/1300b0aE.dag/UnityEditor.XR.LegacyInputHelpers.rsp
[319/720    0s] WriteText Library/Bee/artifacts/1300b0aE.dag/Unity.TextMeshPro.Editor.rsp
[320/720    0s] WriteText Library/Bee/artifacts/1300b0aE.dag/Unity.Rider.Editor.rsp
[321/720    0s] WriteText Library/Bee/artifacts/1300b0aE.dag/Unity.Performance.Profile-Analyzer.Editor.rsp
[322/720    0s] WriteText Library/Bee/artifacts/1300b0aE.dag/Unity.VisualScripting.Shared.Editor.rsp
[323/720    0s] WriteText Library/Bee/artifacts/1300b0aE.dag/Unity.Mathematics.Editor.rsp
[324/720    0s] WriteText Library/Bee/artifacts/1300b0aE.dag/UnityGifDecoder.rsp
[325/720    0s] WriteText Library/Bee/artifacts/1300b0aE.dag/Unity.Toolchain.Win-x86_64-Linux-x86_64.rsp
[326/720    0s] WriteText Library/Bee/artifacts/1300b0aE.dag/Unity.2D.Sprite.Editor.rsp
[327/720    0s] WriteText Library/Bee/artifacts/1300b0aE.dag/Unity.VSCode.Editor.rsp
[328/720    0s] WriteText Library/Bee/artifacts/1300b0aE.dag/Unity.InputSystem.ForUI.rsp
[329/720    0s] WriteText Library/Bee/artifacts/1300b0aE.dag/Unity.XR.Interaction.Toolkit.Editor.rsp
[330/720    0s] WriteText Library/Bee/artifacts/1300b0aE.dag/Unity.VisualScripting.SettingsProvider.Editor.rsp
[331/720    0s] WriteText Library/Bee/artifacts/1300b0aE.dag/Unity.XR.OpenXR.Features.ConformanceAutomation.rsp
[332/720    0s] WriteText Library/Bee/artifacts/1300b0aE.dag/Unity.XR.OpenXR.Features.RuntimeDebugger.Editor.rsp
[333/720    0s] WriteText Library/Bee/artifacts/1300b0aE.dag/Unity.XR.OpenXR.Features.OculusQuestSupport.Editor.rsp
[334/720    0s] WriteText Library/Bee/artifacts/1300b0aE.dag/unity.webp.rsp2
[335/720    0s] WriteText Library/Bee/artifacts/1300b0aE.dag/unity.webp.UnityAdditionalFile.txt
[336/720    0s] WriteText Library/Bee/artifacts/1300b0aE.dag/PICO.TobSupport.rsp2
[337/720    0s] WriteText Library/Bee/artifacts/1300b0aE.dag/PICO.Platform.rsp
[338/720    0s] WriteText Library/Bee/artifacts/1300b0aE.dag/Unity.XR.Interaction.Toolkit.Samples.StarterAssets.rsp
[339/720    0s] WriteText Library/Bee/artifacts/1300b0aE.dag/PICO.Platform.Editor.UnityAdditionalFile.txt
[340/720    0s] WriteText Library/Bee/artifacts/1300b0aE.dag/Unity.EditorCoroutines.Editor.rsp
[341/720    0s] WriteText Library/Bee/artifacts/1300b0aE.dag/Unity.Timeline.Editor.rsp
[342/720    0s] WriteText Library/Bee/artifacts/1300b0aE.dag/ControllerSample.rsp2
[343/720    0s] WriteText Library/Bee/artifacts/1300b0aE.dag/ControllerSample.UnityAdditionalFile.txt
[344/720    0s] WriteText Library/Bee/artifacts/1300b0aE.dag/unity.webp.dll.mvfrm.rsp
[345/720    0s] WriteText Library/Bee/artifacts/1300b0aE.dag/PICO.TobSupport.UnityAdditionalFile.txt
[346/720    0s] WriteText Library/Bee/artifacts/1300b0aE.dag/PICO.Platform.Editor.rsp2
[347/720    0s] WriteText Library/Bee/artifacts/1300b0aE.dag/ControllerSample.rsp
[348/720    0s] WriteText Library/Bee/artifacts/1300b0aE.dag/PICO.Platform.Editor.rsp
[349/720    0s] WriteText Library/Bee/artifacts/1300b0aE.dag/Assembly-CSharp.rsp2
[350/720    0s] WriteText Library/Bee/artifacts/1300b0aE.dag/PICO.TobSupport.rsp
[351/720    0s] WriteText Library/Bee/artifacts/1300b0aE.dag/PICO.Platform.Editor.dll.mvfrm.rsp
[352/720    0s] WriteText Library/Bee/artifacts/1300b0aE.dag/PICO.TobSupport.dll.mvfrm.rsp
[353/720    0s] WriteText Library/Bee/artifacts/1300b0aE.dag/Assembly-CSharp.UnityAdditionalFile.txt
[354/720    0s] WriteText Library/Bee/artifacts/1300b0aE.dag/unity.webp.rsp
[355/720    0s] WriteText Library/Bee/artifacts/1300b0aE.dag/ControllerSample.dll.mvfrm.rsp
[356/720    0s] WriteText Library/Bee/artifacts/1300b0aE.dag/Assembly-CSharp.rsp
[357/720    0s] WriteText Library/Bee/artifacts/1300b0aE.dag/Assembly-CSharp.dll.mvfrm.rsp
[358/720    0s] WriteText Library/Bee/artifacts/1300b0aE.dag/Unity.XR.OpenXR.Features.MockRuntime.UnityAdditionalFile.txt
[359/720    0s] WriteText Library/Bee/artifacts/1300b0aE.dag/Unity.XR.OpenXR.Features.MockRuntime.dll.mvfrm.rsp
[360/720    0s] WriteText Library/Bee/artifacts/1300b0aE.dag/Unity.InputSystem.DocCodeSamples.dll.mvfrm.rsp
[361/720    0s] WriteText Library/Bee/artifacts/1300b0aE.dag/Unity.InputSystem.TestFramework.UnityAdditionalFile.txt
[362/720    0s] WriteText Library/Bee/artifacts/1300b0aE.dag/Unity.InputSystem.TestFramework.dll.mvfrm.rsp
[363/720    0s] WriteText Library/Bee/artifacts/1300b0aE.dag/Assembly-CSharp-Editor.UnityAdditionalFile.txt
[364/720    0s] WriteText Library/Bee/artifacts/1300b0aE.dag/Unity.InputSystem.TestFramework.rsp2
[365/720    0s] WriteText Library/Bee/artifacts/1300b0aE.dag/Unity.XR.OpenXR.Features.MockRuntime.rsp2
[366/720    0s] WriteText Library/Bee/artifacts/1300b0aE.dag/WebP.Editor.dll.mvfrm.rsp
[367/720    0s] WriteText Library/Bee/artifacts/1300b0aE.dag/Unity.InputSystem.DocCodeSamples.UnityAdditionalFile.txt
[368/720    0s] WriteText Library/Bee/artifacts/1300b0aE.dag/WebP.Editor.rsp2
[369/720    0s] WriteText Library/Bee/artifacts/1300b0aE.dag/Unity.InputSystem.DocCodeSamples.rsp2
[370/720    0s] WriteText Library/Bee/artifacts/1300b0aE.dag/Unity.CollabProxy.Editor.rsp2
[371/720    0s] WriteText Library/Bee/artifacts/1300b0aE.dag/Unity.CollabProxy.Editor.UnityAdditionalFile.txt
[372/720    0s] WriteText Library/Bee/artifacts/1300b0aE.dag/WebP.Editor.UnityAdditionalFile.txt
[373/720    0s] WriteText Library/Bee/artifacts/1300b0aE.dag/Assembly-CSharp-Editor.rsp2
[374/720    0s] WriteText Library/Bee/artifacts/1300b0aE.dag/Unity.InputSystem.TestFramework.rsp
[375/720    0s] WriteText Library/Bee/artifacts/1300b0aE.dag/Assembly-CSharp-Editor.rsp
[376/720    0s] WriteText Library/Bee/artifacts/1300b0aE.dag/Assembly-CSharp-Editor.dll.mvfrm.rsp
[377/720    0s] WriteText Library/Bee/artifacts/1300b0aE.dag/Unity.InputSystem.DocCodeSamples.rsp
[378/720    0s] WriteText Library/Bee/artifacts/1300b0aE.dag/WebP.Editor.rsp
[379/720    0s] WriteText Library/Bee/artifacts/1300b0aE.dag/Unity.CollabProxy.Editor.rsp
[380/720    0s] WriteText Library/Bee/artifacts/1300b0aE.dag/Unity.CollabProxy.Editor.dll.mvfrm.rsp
[381/720    0s] WriteText Library/Bee/artifacts/1300b0aE.dag/Unity.XR.OpenXR.Features.MockRuntime.rsp
[382/720    0s] MovedFromExtractorCombine Library/Bee/artifacts/1300b0aE.dag/UnityEngine.UI.dll.mvfrm
[383/720    0s] MovedFromExtractorCombine Library/Bee/artifacts/1300b0aE.dag/UnityEngine.TestRunner.dll.mvfrm
[383/720    0s] Csc Library/Bee/artifacts/1300b0aE.dag/UnityEngine.TestRunner.dll (+2 others) [CacheHit f5db76a266387020b7b41e5fe5e045da00000000000000000000000000000003]
[384/720   1787966598s] Csc Library/Bee/artifacts/1300b0aE.dag/UnityEngine.TestRunner.dll (+2 others)
[384/720    0s] Csc Library/Bee/artifacts/1300b0aE.dag/UnityEngine.UI.dll (+2 others) [CacheHit 6e2c264107e43c7b3244fe6f80c560b800000000000000000000000000000003]
[386/720   1787966598s] Csc Library/Bee/artifacts/1300b0aE.dag/UnityEngine.UI.dll (+2 others)
[388/720    0s] CopyFiles Library/ScriptAssemblies/UnityEngine.TestRunner.pdb
[389/720    0s] CopyFiles Library/ScriptAssemblies/UnityEngine.UI.pdb
[390/720    0s] CopyFiles Library/ScriptAssemblies/UnityEngine.TestRunner.dll
[391/720    0s] CopyFiles Library/ScriptAssemblies/UnityEngine.UI.dll
[392/720    0s] MovedFromExtractor Library/Bee/artifacts/mvdfrm/UnityEngine.TestRunner.ref.dll_7423F2FBC6CF80C4.mvfrm
[393/720    0s] MovedFromExtractor Library/Bee/artifacts/mvdfrm/UnityEngine.UI.ref.dll_BDDAB6C3AC1C4D86.mvfrm
[394/720    0s] MovedFromExtractorCombine Library/Bee/artifacts/1300b0aE.dag/UnityEditor.TestRunner.dll.mvfrm
[392/720    0s] Csc Library/Bee/artifacts/1300b0aE.dag/UnityEditor.TestRunner.dll (+2 others) [CacheHit 6987ad2bcc0038569b9ecab8f6b0af9200000000000000000000000000000003]
[395/720   1787966599s] Csc Library/Bee/artifacts/1300b0aE.dag/UnityEditor.TestRunner.dll (+2 others)
[397/720    0s] CopyFiles Library/ScriptAssemblies/UnityEditor.TestRunner.pdb
[398/720    0s] MovedFromExtractor Library/Bee/artifacts/mvdfrm/UnityEditor.TestRunner.ref.dll_A805A84D9B0C22D9.mvfrm
[399/720    0s] CopyFiles Library/ScriptAssemblies/UnityEditor.TestRunner.dll
[400/720    0s] MovedFromExtractorCombine Library/Bee/artifacts/1300b0aE.dag/UnityEditor.UI.dll.mvfrm
[397/720    0s] Csc Library/Bee/artifacts/1300b0aE.dag/UnityEditor.UI.dll (+2 others) [CacheHit 5a168762dde07905ede5363c996d25eb00000000000000000000000000000003]
[401/720   1787966600s] Csc Library/Bee/artifacts/1300b0aE.dag/UnityEditor.UI.dll (+2 others)
[403/720    0s] CopyFiles Library/ScriptAssemblies/UnityEditor.UI.pdb
[404/720    0s] MovedFromExtractor Library/Bee/artifacts/mvdfrm/UnityEditor.UI.ref.dll_0174E068A5FA251B.mvfrm
[405/720    0s] CopyFiles Library/ScriptAssemblies/UnityEditor.UI.dll
[406/720    0s] MovedFromExtractorCombine Library/Bee/artifacts/1300b0aE.dag/Unity.InputSystem.dll.mvfrm
[407/720    0s] MovedFromExtractorCombine Library/Bee/artifacts/1300b0aE.dag/UnityEngine.SpatialTracking.dll.mvfrm
[408/720    0s] MovedFromExtractorCombine Library/Bee/artifacts/1300b0aE.dag/Unity.SysrootPackage.Editor.dll.mvfrm
[409/720    0s] MovedFromExtractorCombine Library/Bee/artifacts/1300b0aE.dag/Unity.Mathematics.dll.mvfrm
[410/720    0s] MovedFromExtractorCombine Library/Bee/artifacts/1300b0aE.dag/Unity.TextMeshPro.dll.mvfrm
[411/720    0s] MovedFromExtractorCombine Library/Bee/artifacts/1300b0aE.dag/Unity.2D.Sprite.Editor.dll.mvfrm
[412/720    0s] MovedFromExtractorCombine Library/Bee/artifacts/1300b0aE.dag/Unity.Timeline.dll.mvfrm
[413/720    0s] MovedFromExtractorCombine Library/Bee/artifacts/1300b0aE.dag/Unity.PlasticSCM.Editor.dll.mvfrm
[414/720    0s] MovedFromExtractorCombine Library/Bee/artifacts/1300b0aE.dag/Unity.VisualStudio.Editor.dll.mvfrm
[415/720    0s] MovedFromExtractorCombine Library/Bee/artifacts/1300b0aE.dag/Unity.Performance.Profile-Analyzer.Editor.dll.mvfrm
[416/720    0s] MovedFromExtractorCombine Library/Bee/artifacts/1300b0aE.dag/Unity.TestTools.CodeCoverage.Editor.OpenCover.Model.dll.mvfrm
[417/720    0s] MovedFromExtractorCombine Library/Bee/artifacts/1300b0aE.dag/Unity.VSCode.Editor.dll.mvfrm
[418/720    0s] MovedFromExtractorCombine Library/Bee/artifacts/1300b0aE.dag/Unity.Settings.Editor.dll.mvfrm
[419/720    0s] MovedFromExtractorCombine Library/Bee/artifacts/1300b0aE.dag/Unity.TestTools.CodeCoverage.Editor.OpenCover.Mono.Reflection.dll.mvfrm
[420/720    0s] MovedFromExtractorCombine Library/Bee/artifacts/1300b0aE.dag/Unity.XR.Management.dll.mvfrm
[421/720    0s] MovedFromExtractorCombine Library/Bee/artifacts/1300b0aE.dag/Unity.EditorCoroutines.Editor.dll.mvfrm
[422/720    0s] MovedFromExtractorCombine Library/Bee/artifacts/1300b0aE.dag/UnityGifDecoder.dll.mvfrm
[423/720    0s] MovedFromExtractorCombine Library/Bee/artifacts/1300b0aE.dag/Unity.Rider.Editor.dll.mvfrm
[419/720    0s] Csc Library/Bee/artifacts/1300b0aE.dag/UnityEngine.SpatialTracking.dll (+2 others) [CacheHit 5603c0074ffe08aed88daefbb6a8373d00000000000000000000000000000003]
[424/720   1787966600s] Csc Library/Bee/artifacts/1300b0aE.dag/UnityEngine.SpatialTracking.dll (+2 others)
[420/720    0s] Csc Library/Bee/artifacts/1300b0aE.dag/Unity.TestTools.CodeCoverage.Editor.OpenCover.Model.dll (+2 others) [CacheHit 406db85e5c28632499130fba030c184800000000000000000000000000000003]
[426/720   1787966600s] Csc Library/Bee/artifacts/1300b0aE.dag/Unity.TestTools.CodeCoverage.Editor.OpenCover.Model.dll (+2 others)
[421/720    0s] Csc Library/Bee/artifacts/1300b0aE.dag/Unity.TestTools.CodeCoverage.Editor.OpenCover.Mono.Reflection.dll (+2 others) [CacheHit d7b8549bac3f7fb6efbc78883a5530ea00000000000000000000000000000003]
[428/720   1787966600s] Csc Library/Bee/artifacts/1300b0aE.dag/Unity.TestTools.CodeCoverage.Editor.OpenCover.Mono.Reflection.dll (+2 others)
[422/720    0s] Csc Library/Bee/artifacts/1300b0aE.dag/Unity.XR.Management.dll (+2 others) [CacheHit 6f8ce8ce3d2d147943844e3d51d6a7ba00000000000000000000000000000003]
[430/720   1787966600s] Csc Library/Bee/artifacts/1300b0aE.dag/Unity.XR.Management.dll (+2 others)
[423/720    0s] Csc Library/Bee/artifacts/1300b0aE.dag/Unity.Mathematics.dll (+2 others) [CacheHit 6119db3589a438e6e6ad2af67064f75000000000000000000000000000000003]
[432/720   1787966600s] Csc Library/Bee/artifacts/1300b0aE.dag/Unity.Mathematics.dll (+2 others)
[424/720    0s] Csc Library/Bee/artifacts/1300b0aE.dag/Unity.Timeline.dll (+2 others) [CacheHit ab0d02087a9ec7863a876a00f92dc73e00000000000000000000000000000003]
[434/720   1787966600s] Csc Library/Bee/artifacts/1300b0aE.dag/Unity.Timeline.dll (+2 others)
[425/720    0s] Csc Library/Bee/artifacts/1300b0aE.dag/Unity.SysrootPackage.Editor.dll (+2 others) [CacheHit ada27d3a05ccf1c46b5250a5d9459d6200000000000000000000000000000003]
[436/720   1787966600s] Csc Library/Bee/artifacts/1300b0aE.dag/Unity.SysrootPackage.Editor.dll (+2 others)
[426/720    0s] Csc Library/Bee/artifacts/1300b0aE.dag/Unity.Settings.Editor.dll (+2 others) [CacheHit 54e59cd5094602cedd1061743ccd831400000000000000000000000000000003]
[438/720   1787966600s] Csc Library/Bee/artifacts/1300b0aE.dag/Unity.Settings.Editor.dll (+2 others)
[427/720    0s] Csc Library/Bee/artifacts/1300b0aE.dag/Unity.InputSystem.dll (+2 others) [CacheHit fe1a563a16ee6690c27cd14e389afe9000000000000000000000000000000003]
[440/720   1787966600s] Csc Library/Bee/artifacts/1300b0aE.dag/Unity.InputSystem.dll (+2 others)
[428/720    0s] Csc Library/Bee/artifacts/1300b0aE.dag/Unity.Performance.Profile-Analyzer.Editor.dll (+2 others) [CacheHit 0db7f6142f0b0ff7f3e6ca944fa9350100000000000000000000000000000003]
[442/720   1787966600s] Csc Library/Bee/artifacts/1300b0aE.dag/Unity.Performance.Profile-Analyzer.Editor.dll (+2 others)
[429/720    0s] Csc Library/Bee/artifacts/1300b0aE.dag/Unity.EditorCoroutines.Editor.dll (+2 others) [CacheHit 85d3e43efee7aa8e739c06046e4779fa00000000000000000000000000000003]
[444/720   1787966601s] Csc Library/Bee/artifacts/1300b0aE.dag/Unity.EditorCoroutines.Editor.dll (+2 others)
[430/720    0s] Csc Library/Bee/artifacts/1300b0aE.dag/Unity.VSCode.Editor.dll (+2 others) [CacheHit 1272f0f7e3412e648b7e72b38ebd412200000000000000000000000000000003]
[446/720   1787966601s] Csc Library/Bee/artifacts/1300b0aE.dag/Unity.VSCode.Editor.dll (+2 others)
[431/720    0s] Csc Library/Bee/artifacts/1300b0aE.dag/Unity.TextMeshPro.dll (+2 others) [CacheHit b92b1fe7bfe3967d04fc9054645a636f00000000000000000000000000000003]
[448/720   1787966601s] Csc Library/Bee/artifacts/1300b0aE.dag/Unity.TextMeshPro.dll (+2 others)
[432/720    0s] Csc Library/Bee/artifacts/1300b0aE.dag/Unity.PlasticSCM.Editor.dll (+2 others) [CacheHit 14a29b6d2aeb303c6dff77ca2d7ff37300000000000000000000000000000003]
[450/720   1787966601s] Csc Library/Bee/artifacts/1300b0aE.dag/Unity.PlasticSCM.Editor.dll (+2 others)
[452/720    0s] MovedFromExtractor Library/Bee/artifacts/mvdfrm/UnityEngine.SpatialTracking.ref.dll_CC46AD662704850F.mvfrm
[453/720    0s] MovedFromExtractor Library/Bee/artifacts/mvdfrm/Unity.XR.Management.ref.dll_B8AA0C3955A88449.mvfrm
[454/720    0s] MovedFromExtractor Library/Bee/artifacts/mvdfrm/Unity.Timeline.ref.dll_16F8EA6B67022FB5.mvfrm
[455/720    0s] MovedFromExtractor Library/Bee/artifacts/mvdfrm/Unity.Mathematics.ref.dll_66DE4C1C9A03AD08.mvfrm
[456/720    0s] MovedFromExtractor Library/Bee/artifacts/mvdfrm/Unity.TestTools.CodeCoverage.Editor.OpenCover.Mono.Reflection.ref.dll_39D3266F6029657A.mvfrm
[457/720    0s] MovedFromExtractor Library/Bee/artifacts/mvdfrm/Unity.TestTools.CodeCoverage.Editor.OpenCover.Model.ref.dll_22F664961FC0158D.mvfrm
[458/720    0s] MovedFromExtractor Library/Bee/artifacts/mvdfrm/Unity.Settings.Editor.ref.dll_8A1461A5C565B4EA.mvfrm
[440/720    0s] Csc Library/Bee/artifacts/1300b0aE.dag/Unity.VisualStudio.Editor.dll (+2 others) [CacheHit 27877d79e0846781a55759a78fc5986900000000000000000000000000000003]
[459/720   1787966601s] Csc Library/Bee/artifacts/1300b0aE.dag/Unity.VisualStudio.Editor.dll (+2 others)
[441/720    0s] Csc Library/Bee/artifacts/1300b0aE.dag/Unity.2D.Sprite.Editor.dll (+2 others) [CacheHit 21b5a2ae29b9ae61dbb14cd8cd25388d00000000000000000000000000000003]
[461/720   1787966601s] Csc Library/Bee/artifacts/1300b0aE.dag/Unity.2D.Sprite.Editor.dll (+2 others)
[463/720    0s] MovedFromExtractorCombine Library/Bee/artifacts/1300b0aE.dag/unity.webp.dll.mvfrm
[464/720    0s] MovedFromExtractor Library/Bee/artifacts/mvdfrm/Unity.SysrootPackage.Editor.ref.dll_08B16BA041802A06.mvfrm
[465/720    0s] MovedFromExtractor Library/Bee/artifacts/mvdfrm/Unity.InputSystem.ref.dll_7B1D397D2193763B.mvfrm
[466/720    0s] MovedFromExtractorCombine Library/Bee/artifacts/1300b0aE.dag/UnityEngine.XR.LegacyInputHelpers.dll.mvfrm
[467/720    0s] MovedFromExtractorCombine Library/Bee/artifacts/1300b0aE.dag/Unity.Mathematics.Editor.dll.mvfrm
[468/720    0s] MovedFromExtractorCombine Library/Bee/artifacts/1300b0aE.dag/UnityEditor.SpatialTracking.dll.mvfrm
[469/720    0s] MovedFromExtractor Library/Bee/artifacts/mvdfrm/Unity.TextMeshPro.ref.dll_02929A3ECA791895.mvfrm
[470/720    0s] MovedFromExtractorCombine Library/Bee/artifacts/1300b0aE.dag/Unity.Timeline.Editor.dll.mvfrm
[450/720    0s] Csc Library/Bee/artifacts/1300b0aE.dag/Unity.Rider.Editor.dll (+2 others) [CacheHit 547e35addf63b1699514d6b388f8aeae00000000000000000000000000000003]
[471/720   1787966601s] Csc Library/Bee/artifacts/1300b0aE.dag/Unity.Rider.Editor.dll (+2 others)
[473/720    0s] MovedFromExtractor Library/Bee/artifacts/mvdfrm/Unity.PlasticSCM.Editor.ref.dll_A558B9E65539D7D0.mvfrm
[474/720    0s] MovedFromExtractor Library/Bee/artifacts/mvdfrm/Unity.EditorCoroutines.Editor.ref.dll_1315E0A407C70415.mvfrm
[475/720    0s] MovedFromExtractor Library/Bee/artifacts/mvdfrm/Unity.VSCode.Editor.ref.dll_AE868214B5ED3D13.mvfrm
[476/720    0s] MovedFromExtractorCombine Library/Bee/artifacts/1300b0aE.dag/Unity.TestTools.CodeCoverage.Editor.dll.mvfrm
[477/720    0s] MovedFromExtractorCombine Library/Bee/artifacts/1300b0aE.dag/Unity.XR.CoreUtils.dll.mvfrm
[478/720    0s] MovedFromExtractorCombine Library/Bee/artifacts/1300b0aE.dag/Unity.VisualScripting.Core.dll.mvfrm
[479/720    0s] MovedFromExtractorCombine Library/Bee/artifacts/1300b0aE.dag/Unity.Sysroot.Linux_x86_64.dll.mvfrm
[458/720    0s] Csc Library/Bee/artifacts/1300b0aE.dag/unity.webp.dll (+2 others) [CacheHit e704cec5763cf9c2fcc756f1943143aa00000000000000000000000000000003]
[480/720   1787966601s] Csc Library/Bee/artifacts/1300b0aE.dag/unity.webp.dll (+2 others)
[482/720    0s] MovedFromExtractorCombine Library/Bee/artifacts/1300b0aE.dag/Unity.TextMeshPro.Editor.dll.mvfrm
[483/720    0s] MovedFromExtractor Library/Bee/artifacts/mvdfrm/Unity.VisualStudio.Editor.ref.dll_0FE027DDD6F41767.mvfrm
[484/720    0s] MovedFromExtractorCombine Library/Bee/artifacts/1300b0aE.dag/Unity.InputSystem.ForUI.dll.mvfrm
[462/720    0s] Csc Library/Bee/artifacts/1300b0aE.dag/UnityEngine.XR.LegacyInputHelpers.dll (+2 others) [CacheHit c73a4fb5f33c5d46919fffd2261e1e4f00000000000000000000000000000003]
[485/720   1787966601s] Csc Library/Bee/artifacts/1300b0aE.dag/UnityEngine.XR.LegacyInputHelpers.dll (+2 others)
[463/720    0s] Csc Library/Bee/artifacts/1300b0aE.dag/UnityEditor.SpatialTracking.dll (+2 others) [CacheHit a9f25b15ce123f9341f40786c88ff16000000000000000000000000000000003]
[487/720   1787966601s] Csc Library/Bee/artifacts/1300b0aE.dag/UnityEditor.SpatialTracking.dll (+2 others)
[489/720    0s] MovedFromExtractor Library/Bee/artifacts/mvdfrm/Unity.2D.Sprite.Editor.ref.dll_6C8185F9E5AE014E.mvfrm
[465/720    0s] Csc Library/Bee/artifacts/1300b0aE.dag/Unity.Mathematics.Editor.dll (+2 others) [CacheHit 0ebce20eaa3224f670aaccb95d497fb600000000000000000000000000000003]
[490/720   1787966601s] Csc Library/Bee/artifacts/1300b0aE.dag/Unity.Mathematics.Editor.dll (+2 others)
[466/720    0s] Csc Library/Bee/artifacts/1300b0aE.dag/Unity.Sysroot.Linux_x86_64.dll (+2 others) [CacheHit e089cdba6a02a1ef3cdecf26dce7cc0200000000000000000000000000000003]
[492/720   1787966602s] Csc Library/Bee/artifacts/1300b0aE.dag/Unity.Sysroot.Linux_x86_64.dll (+2 others)
[494/720    0s] MovedFromExtractor Library/Bee/artifacts/mvdfrm/Unity.Performance.Profile-Analyzer.Editor.ref.dll_8B44F821019897E5.mvfrm
[468/720    0s] Csc Library/Bee/artifacts/1300b0aE.dag/Unity.InputSystem.ForUI.dll (+2 others) [CacheHit b06a246c5f2fb6afc59507a760e97bff00000000000000000000000000000003]
[495/720   1787966602s] Csc Library/Bee/artifacts/1300b0aE.dag/Unity.InputSystem.ForUI.dll (+2 others)
[497/720    0s] MovedFromExtractor Library/Bee/artifacts/mvdfrm/Unity.Rider.Editor.ref.dll_DA88E6A3E9EB6155.mvfrm
[498/720    0s] MovedFromExtractorCombine Library/Bee/artifacts/1300b0aE.dag/Unity.CollabProxy.Editor.dll.mvfrm
[471/720    0s] Csc Library/Bee/artifacts/1300b0aE.dag/Unity.VisualScripting.Core.dll (+2 others) [CacheHit 901cad54d20e76bc253abbe89f7cade300000000000000000000000000000003]
[499/720   1787966602s] Csc Library/Bee/artifacts/1300b0aE.dag/Unity.VisualScripting.Core.dll (+2 others)
[472/720    0s] Csc Library/Bee/artifacts/1300b0aE.dag/Unity.XR.CoreUtils.dll (+2 others) [CacheHit 530100d0ea0a519117fcf6cc1fc7ba8000000000000000000000000000000003]
[501/720   1787966602s] Csc Library/Bee/artifacts/1300b0aE.dag/Unity.XR.CoreUtils.dll (+2 others)
[473/720    0s] Csc Library/Bee/artifacts/1300b0aE.dag/Unity.Timeline.Editor.dll (+2 others) [CacheHit 8ebfcff271643172ffca69e11cbcf0cc00000000000000000000000000000003]
[503/720   1787966602s] Csc Library/Bee/artifacts/1300b0aE.dag/Unity.Timeline.Editor.dll (+2 others)
[505/720    0s] MovedFromExtractorCombine Library/Bee/artifacts/1300b0aE.dag/Unity.InputSystem.TestFramework.dll.mvfrm
[506/720    0s] CopyFiles Library/ScriptAssemblies/UnityEngine.XR.LegacyInputHelpers.dll
[507/720    0s] MovedFromExtractorCombine Library/Bee/artifacts/1300b0aE.dag/Unity.InputSystem.DocCodeSamples.dll.mvfrm
[508/720    0s] MovedFromExtractor Library/Bee/artifacts/mvdfrm/UnityEngine.XR.LegacyInputHelpers.ref.dll_632513B3DE0B9F3C.mvfrm
[509/720    0s] MovedFromExtractor Library/Bee/artifacts/mvdfrm/UnityEditor.SpatialTracking.ref.dll_4005BB3EAE0C01EA.mvfrm
[479/720    0s] Csc Library/Bee/artifacts/1300b0aE.dag/Unity.TestTools.CodeCoverage.Editor.dll (+2 others) [CacheHit 7f3d4f0c7ebdd6b7e16535f49942bb1d00000000000000000000000000000003]
[510/720   1787966602s] Csc Library/Bee/artifacts/1300b0aE.dag/Unity.TestTools.CodeCoverage.Editor.dll (+2 others)
[512/720    0s] MovedFromExtractor Library/Bee/artifacts/mvdfrm/Unity.Mathematics.Editor.ref.dll_553CFFCCE7430329.mvfrm
[513/720    0s] MovedFromExtractorCombine Library/Bee/artifacts/1300b0aE.dag/WebP.Editor.dll.mvfrm
[514/720    0s] CopyFiles Library/ScriptAssemblies/Unity.Timeline.dll
[483/720    0s] Csc Library/Bee/artifacts/1300b0aE.dag/Unity.CollabProxy.Editor.dll (+2 others) [CacheHit 02ea358f856801a112750140b7e9ad5f00000000000000000000000000000003]
[515/720   1787966602s] Csc Library/Bee/artifacts/1300b0aE.dag/Unity.CollabProxy.Editor.dll (+2 others)
[517/720    0s] CopyFiles Library/ScriptAssemblies/Unity.InputSystem.ForUI.dll
[518/720    0s] CopyFiles Library/ScriptAssemblies/unity.webp.dll
[519/720    0s] MovedFromExtractor Library/Bee/artifacts/mvdfrm/Unity.Sysroot.Linux_x86_64.ref.dll_0CF00D8B82A87F25.mvfrm
[520/720    0s] CopyFiles Library/ScriptAssemblies/UnityEngine.SpatialTracking.dll
[521/720    0s] CopyFiles Library/ScriptAssemblies/Unity.Mathematics.dll
[522/720    0s] MovedFromExtractor Library/Bee/artifacts/mvdfrm/Unity.InputSystem.ForUI.ref.dll_8456852F39E72DEA.mvfrm
[490/720    0s] Csc Library/Bee/artifacts/1300b0aE.dag/Unity.InputSystem.DocCodeSamples.dll (+2 others) [CacheHit 161ca35c6497ac50e4ab468775eb1c4600000000000000000000000000000003]
[523/720   1787966602s] Csc Library/Bee/artifacts/1300b0aE.dag/Unity.InputSystem.DocCodeSamples.dll (+2 others)
[525/720    0s] CopyFiles Library/ScriptAssemblies/Unity.InputSystem.DocCodeSamples.pdb
[526/720    0s] CopyFiles Library/ScriptAssemblies/Unity.InputSystem.DocCodeSamples.dll
[527/720    0s] CopyFiles Library/ScriptAssemblies/Unity.CollabProxy.Editor.pdb
[528/720    0s] MovedFromExtractorCombine Library/Bee/artifacts/1300b0aE.dag/UnityEditor.XR.LegacyInputHelpers.dll.mvfrm
[529/720    0s] CopyFiles Library/ScriptAssemblies/Unity.CollabProxy.Editor.dll
[530/720    0s] CopyFiles Library/ScriptAssemblies/Unity.XR.Management.dll
[531/720    0s] CopyFiles Library/ScriptAssemblies/Unity.TestTools.CodeCoverage.Editor.pdb
[532/720    0s] MovedFromExtractor Library/Bee/artifacts/mvdfrm/Unity.VisualScripting.Core.ref.dll_BF8650D11F8E519A.mvfrm
[533/720    0s] MovedFromExtractor Library/Bee/artifacts/mvdfrm/Unity.XR.CoreUtils.ref.dll_7BD60984F2BC85A2.mvfrm
[500/720    0s] Csc Library/Bee/artifacts/1300b0aE.dag/Unity.InputSystem.TestFramework.dll (+2 others) [CacheHit 26a44c0e1b8509ad2cb41949b8608c2600000000000000000000000000000003]
[534/720   1787966602s] Csc Library/Bee/artifacts/1300b0aE.dag/Unity.InputSystem.TestFramework.dll (+2 others)
[536/720    0s] CopyFiles Library/ScriptAssemblies/Unity.InputSystem.dll
[537/720    0s] CopyFiles Library/ScriptAssemblies/Unity.VisualScripting.Core.dll
[503/720    0s] Csc Library/Bee/artifacts/1300b0aE.dag/WebP.Editor.dll (+2 others) [CacheHit dd2c7830de2bd50fc271a5deea84def600000000000000000000000000000003]
[538/720    0s] MovedFromExtractor Library/Bee/artifacts/mvdfrm/Unity.Timeline.Editor.ref.dll_17F688653313AA4C.mvfrm
[539/720   1787966602s] Csc Library/Bee/artifacts/1300b0aE.dag/WebP.Editor.dll (+2 others)
[541/720    0s] CopyFiles Library/ScriptAssemblies/WebP.Editor.dll
[542/720    0s] CopyFiles Library/ScriptAssemblies/Unity.Timeline.Editor.pdb
[543/720    0s] CopyFiles Library/ScriptAssemblies/WebP.Editor.pdb
[544/720    0s] CopyFiles Library/ScriptAssemblies/Unity.InputSystem.TestFramework.pdb
[545/720    0s] CopyFiles Library/ScriptAssemblies/Unity.XR.CoreUtils.pdb
[546/720    0s] CopyFiles Library/ScriptAssemblies/Unity.VisualScripting.Core.pdb
[547/720    0s] CopyFiles Library/ScriptAssemblies/Unity.Sysroot.Linux_x86_64.dll
[548/720    0s] CopyFiles Library/ScriptAssemblies/Unity.InputSystem.ForUI.pdb
[549/720    0s] CopyFiles Library/ScriptAssemblies/Unity.Sysroot.Linux_x86_64.pdb
[550/720    0s] CopyFiles Library/ScriptAssemblies/Unity.XR.CoreUtils.dll
[551/720    0s] CopyFiles Library/ScriptAssemblies/Unity.Mathematics.Editor.pdb
[552/720    0s] CopyFiles Library/ScriptAssemblies/UnityEditor.SpatialTracking.pdb
[553/720    0s] CopyFiles Library/ScriptAssemblies/Unity.TextMeshPro.dll
[554/720    0s] CopyFiles Library/ScriptAssemblies/UnityEngine.XR.LegacyInputHelpers.pdb
[555/720    0s] CopyFiles Library/ScriptAssemblies/unity.webp.pdb
[556/720    0s] CopyFiles Library/ScriptAssemblies/Unity.Rider.Editor.pdb
[557/720    0s] CopyFiles Library/ScriptAssemblies/Unity.2D.Sprite.Editor.pdb
[558/720    0s] MovedFromExtractorCombine Library/Bee/artifacts/1300b0aE.dag/Unity.Toolchain.Win-x86_64-Linux-x86_64.dll.mvfrm
[559/720    0s] CopyFiles Library/ScriptAssemblies/UnityEditor.SpatialTracking.dll
[560/720    0s] CopyFiles Library/ScriptAssemblies/Unity.VisualStudio.Editor.pdb
[561/720    0s] CopyFiles Library/ScriptAssemblies/Unity.Mathematics.Editor.dll
[562/720    0s] MovedFromExtractor Library/Bee/artifacts/mvdfrm/Unity.TestTools.CodeCoverage.Editor.ref.dll_C6D619E6129B87D3.mvfrm
[563/720    0s] CopyFiles Library/ScriptAssemblies/Unity.PlasticSCM.Editor.pdb
[564/720    0s] CopyFiles Library/ScriptAssemblies/Unity.TextMeshPro.pdb
[565/720    0s] CopyFiles Library/ScriptAssemblies/Unity.VSCode.Editor.pdb
[566/720    0s] CopyFiles Library/ScriptAssemblies/Unity.InputSystem.TestFramework.dll
[567/720    0s] CopyFiles Library/ScriptAssemblies/Unity.EditorCoroutines.Editor.pdb
[568/720    0s] CopyFiles Library/ScriptAssemblies/Unity.2D.Sprite.Editor.dll
[569/720    0s] CopyFiles Library/ScriptAssemblies/Unity.EditorCoroutines.Editor.dll
[570/720    0s] CopyFiles Library/ScriptAssemblies/Unity.Performance.Profile-Analyzer.Editor.pdb
[571/720    0s] CopyFiles Library/ScriptAssemblies/Unity.InputSystem.pdb
[572/720    0s] CopyFiles Library/ScriptAssemblies/Unity.VisualStudio.Editor.dll
[573/720    0s] MovedFromExtractorCombine Library/Bee/artifacts/1300b0aE.dag/Unity.VisualScripting.Core.Editor.dll.mvfrm
[574/720    0s] CopyFiles Library/ScriptAssemblies/Unity.Settings.Editor.pdb
[575/720    0s] CopyFiles Library/ScriptAssemblies/Unity.SysrootPackage.Editor.pdb
[576/720    0s] CopyFiles Library/ScriptAssemblies/Unity.Timeline.pdb
[577/720    0s] MovedFromExtractorCombine Library/Bee/artifacts/1300b0aE.dag/Unity.XR.CoreUtils.Editor.dll.mvfrm
[578/720    0s] MovedFromExtractorCombine Library/Bee/artifacts/1300b0aE.dag/Unity.VisualScripting.Flow.dll.mvfrm
[579/720    0s] CopyFiles Library/ScriptAssemblies/Unity.TestTools.CodeCoverage.Editor.dll
[580/720    0s] CopyFiles Library/ScriptAssemblies/Unity.Timeline.Editor.dll
[581/720    0s] CopyFiles Library/ScriptAssemblies/Unity.XR.Management.pdb
[582/720    0s] CopyFiles Library/ScriptAssemblies/Unity.TestTools.CodeCoverage.Editor.OpenCover.Mono.Reflection.pdb
[583/720    0s] CopyFiles Library/ScriptAssemblies/Unity.Mathematics.pdb
[548/720    0s] Csc Library/Bee/artifacts/1300b0aE.dag/UnityEditor.XR.LegacyInputHelpers.dll (+2 others) [CacheHit ac861a234366afc933cc02057685b43a00000000000000000000000000000003]
[584/720   1787966602s] Csc Library/Bee/artifacts/1300b0aE.dag/UnityEditor.XR.LegacyInputHelpers.dll (+2 others)
[549/720    1s] Csc Library/Bee/artifacts/1300b0aE.dag/Unity.TextMeshPro.Editor.dll (+2 others) [CacheHit e1388fbf3eba2cbb39376e3c896058d900000000000000000000000000000003]
[586/720   1787966603s] Csc Library/Bee/artifacts/1300b0aE.dag/Unity.TextMeshPro.Editor.dll (+2 others)
[550/720    0s] Csc Library/Bee/artifacts/1300b0aE.dag/Unity.Toolchain.Win-x86_64-Linux-x86_64.dll (+2 others) [CacheHit b66524be35bf3eb2950e8bb8d0b9f82000000000000000000000000000000003]
[588/720   1787966603s] Csc Library/Bee/artifacts/1300b0aE.dag/Unity.Toolchain.Win-x86_64-Linux-x86_64.dll (+2 others)
[590/720    0s] CopyFiles Library/ScriptAssemblies/Unity.TestTools.CodeCoverage.Editor.OpenCover.Model.pdb
[591/720    0s] CopyFiles Library/ScriptAssemblies/Unity.TestTools.CodeCoverage.Editor.OpenCover.Model.dll
[592/720    0s] CopyFiles Library/ScriptAssemblies/Unity.Toolchain.Win-x86_64-Linux-x86_64.dll
[593/720    0s] CopyFiles Library/ScriptAssemblies/Unity.Toolchain.Win-x86_64-Linux-x86_64.pdb
[594/720    0s] CopyFiles Library/ScriptAssemblies/Unity.Settings.Editor.dll
[595/720    0s] CopyFiles Library/ScriptAssemblies/Unity.TestTools.CodeCoverage.Editor.OpenCover.Mono.Reflection.dll
[596/720    0s] CopyFiles Library/ScriptAssemblies/Unity.Performance.Profile-Analyzer.Editor.dll
[597/720    0s] CopyFiles Library/ScriptAssemblies/Unity.TextMeshPro.Editor.pdb
[598/720    0s] CopyFiles Library/ScriptAssemblies/Unity.VSCode.Editor.dll
[599/720    0s] CopyFiles Library/ScriptAssemblies/UnityEngine.SpatialTracking.pdb
[600/720    0s] CopyFiles Library/ScriptAssemblies/UnityEditor.XR.LegacyInputHelpers.pdb
[601/720    0s] CopyFiles Library/ScriptAssemblies/Unity.PlasticSCM.Editor.dll
[602/720    0s] CopyFiles Library/ScriptAssemblies/Unity.SysrootPackage.Editor.dll
[603/720    0s] CopyFiles Library/ScriptAssemblies/UnityEditor.XR.LegacyInputHelpers.dll
[604/720    0s] MovedFromExtractor Library/Bee/artifacts/mvdfrm/Unity.TextMeshPro.Editor.ref.dll_D0BA3615D322EF6C.mvfrm
[605/720    0s] MovedFromExtractor Library/Bee/artifacts/mvdfrm/Unity.Toolchain.Win-x86_64-Linux-x86_64.ref.dll_64DDAC33FF976D62.mvfrm
[567/720    0s] Csc Library/Bee/artifacts/1300b0aE.dag/Unity.VisualScripting.Flow.dll (+2 others) [CacheHit 335ceef684ed0277a2f277201046dd5600000000000000000000000000000003]
[606/720   1787966603s] Csc Library/Bee/artifacts/1300b0aE.dag/Unity.VisualScripting.Flow.dll (+2 others)
[608/720    0s] MovedFromExtractor Library/Bee/artifacts/mvdfrm/UnityEditor.XR.LegacyInputHelpers.ref.dll_A2957EFDA2C64C37.mvfrm
[609/720    0s] CopyFiles Library/ScriptAssemblies/Unity.VisualScripting.Flow.pdb
[570/720    0s] Csc Library/Bee/artifacts/1300b0aE.dag/Unity.VisualScripting.Core.Editor.dll (+2 others) [CacheHit f2fd113c8cf6e2fddf956f692c69831600000000000000000000000000000003]
[610/720   1787966603s] Csc Library/Bee/artifacts/1300b0aE.dag/Unity.VisualScripting.Core.Editor.dll (+2 others)
[612/720    0s] CopyFiles Library/ScriptAssemblies/Unity.VisualScripting.Core.Editor.pdb
[613/720    0s] CopyFiles Library/ScriptAssemblies/Unity.Rider.Editor.dll
[573/720    0s] Csc Library/Bee/artifacts/1300b0aE.dag/Unity.XR.CoreUtils.Editor.dll (+2 others) [CacheHit 15598505e6921c912acd08958898d75300000000000000000000000000000003]
[614/720   1787966603s] Csc Library/Bee/artifacts/1300b0aE.dag/Unity.XR.CoreUtils.Editor.dll (+2 others)
[616/720    0s] CopyFiles Library/ScriptAssemblies/Unity.XR.CoreUtils.Editor.pdb
[617/720    0s] CopyFiles Library/ScriptAssemblies/Unity.VisualScripting.Flow.dll
[618/720    0s] MovedFromExtractor Library/Bee/artifacts/mvdfrm/Unity.VisualScripting.Flow.ref.dll_06973127A197C649.mvfrm
[619/720    0s] CopyFiles Library/ScriptAssemblies/Unity.VisualScripting.Core.Editor.dll
[620/720    0s] MovedFromExtractor Library/Bee/artifacts/mvdfrm/Unity.VisualScripting.Core.Editor.ref.dll_514B12BC0D1D8DB7.mvfrm
[621/720    0s] MovedFromExtractor Library/Bee/artifacts/mvdfrm/Unity.XR.CoreUtils.Editor.ref.dll_8144CEBFC8DD722F.mvfrm
[622/720    0s] MovedFromExtractorCombine Library/Bee/artifacts/1300b0aE.dag/Unity.VisualScripting.State.dll.mvfrm
[623/720    0s] CopyFiles Library/ScriptAssemblies/Unity.XR.CoreUtils.Editor.dll
[624/720    0s] MovedFromExtractorCombine Library/Bee/artifacts/1300b0aE.dag/Unity.VisualScripting.Flow.Editor.dll.mvfrm
[625/720    0s] MovedFromExtractorCombine Library/Bee/artifacts/1300b0aE.dag/Unity.XR.Management.Editor.dll.mvfrm
[584/720    0s] Csc Library/Bee/artifacts/1300b0aE.dag/Unity.VisualScripting.State.dll (+2 others) [CacheHit 9d6d38c394fda94dd234cda3982d9d0700000000000000000000000000000003]
[626/720   1787966603s] Csc Library/Bee/artifacts/1300b0aE.dag/Unity.VisualScripting.State.dll (+2 others)
[628/720    0s] CopyFiles Library/ScriptAssemblies/Unity.VisualScripting.State.pdb
[629/720    0s] CopyFiles Library/ScriptAssemblies/Unity.VisualScripting.State.dll
[630/720    0s] CopyFiles Library/ScriptAssemblies/Unity.TextMeshPro.Editor.dll
[588/720    0s] Csc Library/Bee/artifacts/1300b0aE.dag/Unity.VisualScripting.Flow.Editor.dll (+2 others) [CacheHit bc5ef57b7658371bf4330398f2b227ff00000000000000000000000000000003]
[631/720   1787966604s] Csc Library/Bee/artifacts/1300b0aE.dag/Unity.VisualScripting.Flow.Editor.dll (+2 others)
[633/720    0s] CopyFiles Library/ScriptAssemblies/Unity.VisualScripting.Flow.Editor.pdb
[634/720    0s] MovedFromExtractor Library/Bee/artifacts/mvdfrm/Unity.VisualScripting.State.ref.dll_900B338E31D9525C.mvfrm
[591/720    0s] Csc Library/Bee/artifacts/1300b0aE.dag/Unity.XR.Management.Editor.dll (+2 others) [CacheHit d371f2b024545713b48fa9405a4795c800000000000000000000000000000003]
[635/720   1787966604s] Csc Library/Bee/artifacts/1300b0aE.dag/Unity.XR.Management.Editor.dll (+2 others)
[637/720    0s] CopyFiles Library/ScriptAssemblies/Unity.XR.Management.Editor.pdb
[638/720    0s] CopyFiles Library/ScriptAssemblies/Unity.VisualScripting.Flow.Editor.dll
[639/720    0s] MovedFromExtractor Library/Bee/artifacts/mvdfrm/Unity.VisualScripting.Flow.Editor.ref.dll_CE7BFB6B1BFC18F8.mvfrm
[640/720    3s] Csc Library/Bee/artifacts/1300b0aE.dag/UnityGifDecoder.dll (+2 others)
[641/720    0s] CopyFiles Library/ScriptAssemblies/UnityGifDecoder.pdb
[642/720    0s] CopyFiles Library/ScriptAssemblies/UnityGifDecoder.dll
[643/720    0s] MovedFromExtractor Library/Bee/artifacts/mvdfrm/Unity.XR.Management.Editor.ref.dll_63D1283B59813AF8.mvfrm
[644/720    0s] CopyFiles Library/ScriptAssemblies/Unity.XR.Management.Editor.dll
[645/720    0s] MovedFromExtractorCombine Library/Bee/artifacts/1300b0aE.dag/Unity.VisualScripting.State.Editor.dll.mvfrm
[646/720    0s] MovedFromExtractorCombine Library/Bee/artifacts/1300b0aE.dag/Unity.VisualScripting.SettingsProvider.Editor.dll.mvfrm
[647/720    0s] MovedFromExtractorCombine Library/Bee/artifacts/1300b0aE.dag/Unity.XR.OpenXR.dll.mvfrm
[648/720    0s] MovedFromExtractor Library/Bee/artifacts/mvdfrm/UnityGifDecoder.ref.dll_C99FF3210004F810.mvfrm
[604/720    0s] Csc Library/Bee/artifacts/1300b0aE.dag/Unity.VisualScripting.SettingsProvider.Editor.dll (+2 others) [CacheHit cd31fde15c4211e240b53adf0b42165800000000000000000000000000000003]
[649/720   1787966604s] Csc Library/Bee/artifacts/1300b0aE.dag/Unity.VisualScripting.SettingsProvider.Editor.dll (+2 others)
[651/720    0s] CopyFiles Library/ScriptAssemblies/Unity.VisualScripting.SettingsProvider.Editor.pdb
[606/720    0s] Csc Library/Bee/artifacts/1300b0aE.dag/Unity.VisualScripting.State.Editor.dll (+2 others) [CacheHit 3a639cd7e66ed62ba72d6cc04e6ec22e00000000000000000000000000000003]
[652/720   1787966604s] Csc Library/Bee/artifacts/1300b0aE.dag/Unity.VisualScripting.State.Editor.dll (+2 others)
[654/720    0s] CopyFiles Library/ScriptAssemblies/Unity.VisualScripting.State.Editor.pdb
[655/720    0s] CopyFiles Library/ScriptAssemblies/Unity.VisualScripting.SettingsProvider.Editor.dll
[656/720    0s] CopyFiles Library/ScriptAssemblies/Unity.VisualScripting.State.Editor.dll
[610/720    0s] Csc Library/Bee/artifacts/1300b0aE.dag/Unity.XR.OpenXR.dll (+2 others) [CacheHit 236f23edc4f4a90e0a4bf0b2ad1ab35a00000000000000000000000000000003]
[657/720   1787966604s] Csc Library/Bee/artifacts/1300b0aE.dag/Unity.XR.OpenXR.dll (+2 others)
[659/720    0s] CopyFiles Library/ScriptAssemblies/Unity.XR.OpenXR.pdb
[660/720    0s] MovedFromExtractor Library/Bee/artifacts/mvdfrm/Unity.VisualScripting.SettingsProvider.Editor.ref.dll_EE1755C0672F8EE2.mvfrm
[661/720    0s] MovedFromExtractor Library/Bee/artifacts/mvdfrm/Unity.VisualScripting.State.Editor.ref.dll_DC1879B0E64A8F15.mvfrm
[662/720    0s] MovedFromExtractorCombine Library/Bee/artifacts/1300b0aE.dag/Unity.VisualScripting.Shared.Editor.dll.mvfrm
[663/720    0s] CopyFiles Library/ScriptAssemblies/Unity.XR.OpenXR.dll
[664/720    0s] MovedFromExtractor Library/Bee/artifacts/mvdfrm/Unity.XR.OpenXR.ref.dll_CD391CA4E5ED3B9A.mvfrm
[617/720    0s] Csc Library/Bee/artifacts/1300b0aE.dag/Unity.VisualScripting.Shared.Editor.dll (+2 others) [CacheHit e61f06ab22785a955256705c31f0911400000000000000000000000000000003]
[665/720   1787966604s] Csc Library/Bee/artifacts/1300b0aE.dag/Unity.VisualScripting.Shared.Editor.dll (+2 others)
[667/720    0s] CopyFiles Library/ScriptAssemblies/Unity.VisualScripting.Shared.Editor.pdb
[668/720    0s] MovedFromExtractorCombine Library/Bee/artifacts/1300b0aE.dag/Unity.XR.OpenXR.Features.MetaQuestSupport.dll.mvfrm
[669/720    0s] MovedFromExtractorCombine Library/Bee/artifacts/1300b0aE.dag/Unity.XR.OpenXR.Features.ConformanceAutomation.dll.mvfrm
[670/720    0s] MovedFromExtractorCombine Library/Bee/artifacts/1300b0aE.dag/Unity.XR.OpenXR.Editor.dll.mvfrm
[671/720    0s] MovedFromExtractorCombine Library/Bee/artifacts/1300b0aE.dag/Unity.XR.Interaction.Toolkit.dll.mvfrm
[672/720    0s] MovedFromExtractorCombine Library/Bee/artifacts/1300b0aE.dag/Unity.XR.OpenXRPico.dll.mvfrm
[673/720    0s] MovedFromExtractorCombine Library/Bee/artifacts/1300b0aE.dag/ControllerSample.dll.mvfrm
[674/720    0s] CopyFiles Library/ScriptAssemblies/Unity.VisualScripting.Shared.Editor.dll
[626/720    0s] Csc Library/Bee/artifacts/1300b0aE.dag/Unity.XR.OpenXR.Features.ConformanceAutomation.dll (+2 others) [CacheHit 4989dccc55d7df1e029820c0fed371cc00000000000000000000000000000003]
[675/720   1787966605s] Csc Library/Bee/artifacts/1300b0aE.dag/Unity.XR.OpenXR.Features.ConformanceAutomation.dll (+2 others)
[677/720    0s] CopyFiles Library/ScriptAssemblies/Unity.XR.OpenXR.Features.ConformanceAutomation.dll
[678/720    0s] CopyFiles Library/ScriptAssemblies/Unity.XR.OpenXR.Features.ConformanceAutomation.pdb
[629/720    0s] Csc Library/Bee/artifacts/1300b0aE.dag/Unity.XR.OpenXR.Features.MetaQuestSupport.dll (+2 others) [CacheHit b3e2396b065b46bcf2517134c55b755600000000000000000000000000000003]
[679/720   1787966605s] Csc Library/Bee/artifacts/1300b0aE.dag/Unity.XR.OpenXR.Features.MetaQuestSupport.dll (+2 others)
[681/720    0s] MovedFromExtractor Library/Bee/artifacts/mvdfrm/Unity.VisualScripting.Shared.Editor.ref.dll_6CA31C4FA5286AB1.mvfrm
[682/720    0s] CopyFiles Library/ScriptAssemblies/Unity.XR.OpenXR.Features.MetaQuestSupport.pdb
[683/720    0s] CopyFiles Library/ScriptAssemblies/Unity.XR.OpenXR.Features.MetaQuestSupport.dll
[684/720    0s] Csc Library/Bee/artifacts/1300b0aE.dag/ControllerSample.dll (+2 others)
[633/720    0s] Csc Library/Bee/artifacts/1300b0aE.dag/Unity.XR.Interaction.Toolkit.dll (+2 others) [CacheHit 8b3b57f89f23a313312d9cd013f6153b00000000000000000000000000000003]
[685/720   1787966605s] Csc Library/Bee/artifacts/1300b0aE.dag/Unity.XR.Interaction.Toolkit.dll (+2 others)
[687/720    0s] MovedFromExtractor Library/Bee/artifacts/mvdfrm/Unity.XR.OpenXR.Features.ConformanceAutomation.ref.dll_F8E9C0BA9435A965.mvfrm
[688/720    0s] CopyFiles Library/ScriptAssemblies/ControllerSample.pdb
[689/720    0s] CopyFiles Library/ScriptAssemblies/Unity.XR.Interaction.Toolkit.pdb
[638/720    0s] Csc Library/Bee/artifacts/1300b0aE.dag/Unity.XR.OpenXRPico.dll (+2 others) [CacheHit 001eeca45f7474a4638e504268dbe37100000000000000000000000000000003]
[690/720   1787966605s] Csc Library/Bee/artifacts/1300b0aE.dag/Unity.XR.OpenXRPico.dll (+2 others)
[692/720    0s] CopyFiles Library/ScriptAssemblies/Unity.XR.OpenXRPico.pdb
[693/720    0s] CopyFiles Library/ScriptAssemblies/ControllerSample.dll
[694/720    0s] MovedFromExtractor Library/Bee/artifacts/mvdfrm/Unity.XR.OpenXR.Features.MetaQuestSupport.ref.dll_F733DA097ED735AF.mvfrm
[642/720    0s] Csc Library/Bee/artifacts/1300b0aE.dag/Unity.XR.OpenXR.Editor.dll (+2 others) [CacheHit bb4bca66e2d6e7126c5a896d5631d4d500000000000000000000000000000003]
[695/720   1787966605s] Csc Library/Bee/artifacts/1300b0aE.dag/Unity.XR.OpenXR.Editor.dll (+2 others)
[697/720    0s] CopyFiles Library/ScriptAssemblies/Unity.XR.OpenXR.Editor.pdb
[698/720    0s] MovedFromExtractorCombine Library/Bee/artifacts/1300b0aE.dag/Unity.XR.OpenXR.Features.OculusQuestSupport.dll.mvfrm
[699/720    0s] CopyFiles Library/ScriptAssemblies/Unity.XR.Interaction.Toolkit.dll
[700/720    0s] MovedFromExtractor Library/Bee/artifacts/mvdfrm/Unity.XR.OpenXRPico.ref.dll_75788B5DA0AAC30F.mvfrm
[701/720    0s] MovedFromExtractor Library/Bee/artifacts/mvdfrm/Unity.XR.Interaction.Toolkit.ref.dll_3BC3806C28E64DC2.mvfrm
[702/720    0s] CopyFiles Library/ScriptAssemblies/Unity.XR.OpenXRPico.dll
[703/720    0s] MovedFromExtractor Library/Bee/artifacts/mvdfrm/Unity.XR.OpenXR.Editor.ref.dll_3621FFDAA8DB43B7.mvfrm
[650/720    0s] Csc Library/Bee/artifacts/1300b0aE.dag/Unity.XR.OpenXR.Features.OculusQuestSupport.dll (+2 others) [CacheHit b5c50b931179e6a12a142a2d6fd71db400000000000000000000000000000003]
[704/720   1787966605s] Csc Library/Bee/artifacts/1300b0aE.dag/Unity.XR.OpenXR.Features.OculusQuestSupport.dll (+2 others)
[706/720    0s] CopyFiles Library/ScriptAssemblies/Unity.XR.OpenXR.Features.OculusQuestSupport.dll
[707/720    0s] CopyFiles Library/ScriptAssemblies/Unity.XR.OpenXR.Features.OculusQuestSupport.pdb
[708/720    0s] CopyFiles Library/ScriptAssemblies/Unity.XR.OpenXR.Editor.dll
[709/720    0s] MovedFromExtractorCombine Library/Bee/artifacts/1300b0aE.dag/Unity.XR.OpenXR.Features.PICOSupport.dll.mvfrm
[710/720    0s] MovedFromExtractorCombine Library/Bee/artifacts/1300b0aE.dag/Unity.XR.Interaction.Toolkit.Editor.dll.mvfrm
[711/720    0s] MovedFromExtractorCombine Library/Bee/artifacts/1300b0aE.dag/Unity.XR.Interaction.Toolkit.Samples.StarterAssets.dll.mvfrm
[712/720    0s] MovedFromExtractorCombine Library/Bee/artifacts/1300b0aE.dag/Unity.XR.OpenXR.Features.MockRuntime.dll.mvfrm
[713/720    0s] MovedFromExtractorCombine Library/Bee/artifacts/1300b0aE.dag/Unity.XR.OpenXR.Features.RuntimeDebugger.dll.mvfrm
[714/720    0s] MovedFromExtractorCombine Library/Bee/artifacts/1300b0aE.dag/Unity.XR.OpenXR.Features.MetaQuestSupport.Editor.dll.mvfrm
[715/720    0s] MovedFromExtractor Library/Bee/artifacts/mvdfrm/Unity.XR.OpenXR.Features.OculusQuestSupport.ref.dll_54D437838FE1B0D3.mvfrm
[661/720    0s] Csc Library/Bee/artifacts/1300b0aE.dag/Unity.XR.OpenXR.Features.MockRuntime.dll (+2 others) [CacheHit 07590dd75d38e4b987227b121346a83500000000000000000000000000000003]
[716/720   1787966605s] Csc Library/Bee/artifacts/1300b0aE.dag/Unity.XR.OpenXR.Features.MockRuntime.dll (+2 others)
[718/720    0s] CopyFiles Library/ScriptAssemblies/Unity.XR.OpenXR.Features.MockRuntime.pdb
[663/720    0s] Csc Library/Bee/artifacts/1300b0aE.dag/Unity.XR.OpenXR.Features.RuntimeDebugger.dll (+2 others) [CacheHit c7f0ebbf7c9044d9a8a26f146b180e7e00000000000000000000000000000003]
[719/720   1787966605s] Csc Library/Bee/artifacts/1300b0aE.dag/Unity.XR.OpenXR.Features.RuntimeDebugger.dll (+2 others)
[721/720    0s] CopyFiles Library/ScriptAssemblies/Unity.XR.OpenXR.Features.RuntimeDebugger.pdb
[722/720    0s] CopyFiles Library/ScriptAssemblies/Unity.XR.OpenXR.Features.MockRuntime.dll
[666/720    0s] Csc Library/Bee/artifacts/1300b0aE.dag/Unity.XR.OpenXR.Features.MetaQuestSupport.Editor.dll (+2 others) [CacheHit 69d5f1b8f601836707cf430b4f48465900000000000000000000000000000003]
[723/720   1787966606s] Csc Library/Bee/artifacts/1300b0aE.dag/Unity.XR.OpenXR.Features.MetaQuestSupport.Editor.dll (+2 others)
[725/720    0s] CopyFiles Library/ScriptAssemblies/Unity.XR.OpenXR.Features.MetaQuestSupport.Editor.pdb
[668/720    0s] Csc Library/Bee/artifacts/1300b0aE.dag/Unity.XR.OpenXR.Features.PICOSupport.dll (+2 others) [CacheHit 2c840a827b5bc72a9bf6e2949bb4a4d300000000000000000000000000000003]
[726/720   1787966606s] Csc Library/Bee/artifacts/1300b0aE.dag/Unity.XR.OpenXR.Features.PICOSupport.dll (+2 others)
Packages\LocalPackages\PICO Unity OpenXR Integration SDK-1.3.0\Runtime\Features\PassthroughLayerFeature.cs(15,22): warning CS0108: 'PassthroughLayerFeature.Awake()' hides inherited member 'LayerBase.Awake()'. Use the new keyword if hiding was intended.


Packages\LocalPackages\PICO Unity OpenXR Integration SDK-1.3.0\Runtime\Features\Utils\LitJson\JsonWriter.cs(387,21): warning CS3021: 'JsonWriter.Write(ulong)' does not need a CLSCompliant attribute because the assembly does not have a CLSCompliant attribute


Packages\LocalPackages\PICO Unity OpenXR Integration SDK-1.3.0\Runtime\Features\MixedReality\PXR_MixedReality.cs(59,24): warning CS1998: This async method lacks 'await' operators and will run synchronously. Consider using the 'await' operator to await non-blocking API calls, or 'await Task.Run(...)' to do CPU-bound work on a background thread.


Packages\LocalPackages\PICO Unity OpenXR Integration SDK-1.3.0\Runtime\Features\OpenXRExtensions.cs(229,17): warning CS0168: The variable 'status' is declared but never used


Packages\LocalPackages\PICO Unity OpenXR Integration SDK-1.3.0\Runtime\Features\OpenXRExtensions.cs(229,25): warning CS0168: The variable 'action' is declared but never used


Packages\LocalPackages\PICO Unity OpenXR Integration SDK-1.3.0\Runtime\Controller\PXR_ControllerLoader.cs(44,24): warning CS0414: The field 'PXR_ControllerLoader.prePath' is assigned but its value is never used


Packages\LocalPackages\PICO Unity OpenXR Integration SDK-1.3.0\Runtime\Features\FoveationFeature.cs(43,27): warning CS0414: The field 'FoveationFeature.TAG' is assigned but its value is never used


Packages\LocalPackages\PICO Unity OpenXR Integration SDK-1.3.0\Runtime\Controller\PXR_ControllerLoader.cs(48,22): warning CS0414: The field 'PXR_ControllerLoader.rightControllerState' is assigned but its value is never used


Packages\LocalPackages\PICO Unity OpenXR Integration SDK-1.3.0\Runtime\Controller\PXR_ControllerLoader.cs(39,26): warning CS0414: The field 'PXR_ControllerLoader.curControllerData' is assigned but its value is never used


Packages\LocalPackages\PICO Unity OpenXR Integration SDK-1.3.0\Runtime\Controller\PXR_ControllerWithHandAnimator.cs(73,33): warning CS0414: The field 'PXR_ControllerWithHandAnimator.menu_Press_LayerName' is assigned but its value is never used


Packages\LocalPackages\PICO Unity OpenXR Integration SDK-1.3.0\Runtime\Controller\PXR_ControllerLoader.cs(40,21): warning CS0414: The field 'PXR_ControllerLoader.systemOrLocal' is assigned but its value is never used


Packages\LocalPackages\PICO Unity OpenXR Integration SDK-1.3.0\Runtime\Controller\PXR_ControllerLoader.cs(47,22): warning CS0414: The field 'PXR_ControllerLoader.leftControllerState' is assigned but its value is never used


Packages\LocalPackages\PICO Unity OpenXR Integration SDK-1.3.0\Runtime\Controller\PXR_ControllerLoader.cs(43,24): warning CS0414: The field 'PXR_ControllerLoader.texFormat' is assigned but its value is never used


Packages\LocalPackages\PICO Unity OpenXR Integration SDK-1.3.0\Runtime\Controller\PXR_ControllerWithHandAnimator.cs(79,33): warning CS0414: The field 'PXR_ControllerWithHandAnimator.pico_Press_LayerName' is assigned but its value is never used
Packages\LocalPackages\PICO Unity OpenXR Integration SDK-1.3.0\Runtime\Features\PassthroughLayerFeature.cs(15,22): warning CS0108: 'PassthroughLayerFeature.Awake()' hides inherited member 'LayerBase.Awake()'. Use the new keyword if hiding was intended.


Packages\LocalPackages\PICO Unity OpenXR Integration SDK-1.3.0\Runtime\Features\Utils\LitJson\JsonWriter.cs(387,21): warning CS3021: 'JsonWriter.Write(ulong)' does not need a CLSCompliant attribute because the assembly does not have a CLSCompliant attribute


Packages\LocalPackages\PICO Unity OpenXR Integration SDK-1.3.0\Runtime\Features\MixedReality\PXR_MixedReality.cs(59,24): warning CS1998: This async method lacks 'await' operators and will run synchronously. Consider using the 'await' operator to await non-blocking API calls, or 'await Task.Run(...)' to do CPU-bound work on a background thread.


Packages\LocalPackages\PICO Unity OpenXR Integration SDK-1.3.0\Runtime\Features\OpenXRExtensions.cs(229,17): warning CS0168: The variable 'status' is declared but never used


Packages\LocalPackages\PICO Unity OpenXR Integration SDK-1.3.0\Runtime\Features\OpenXRExtensions.cs(229,25): warning CS0168: The variable 'action' is declared but never used


Packages\LocalPackages\PICO Unity OpenXR Integration SDK-1.3.0\Runtime\Controller\PXR_ControllerLoader.cs(44,24): warning CS0414: The field 'PXR_ControllerLoader.prePath' is assigned but its value is never used


Packages\LocalPackages\PICO Unity OpenXR Integration SDK-1.3.0\Runtime\Features\FoveationFeature.cs(43,27): warning CS0414: The field 'FoveationFeature.TAG' is assigned but its value is never used


Packages\LocalPackages\PICO Unity OpenXR Integration SDK-1.3.0\Runtime\Controller\PXR_ControllerLoader.cs(48,22): warning CS0414: The field 'PXR_ControllerLoader.rightControllerState' is assigned but its value is never used


Packages\LocalPackages\PICO Unity OpenXR Integration SDK-1.3.0\Runtime\Controller\PXR_ControllerLoader.cs(39,26): warning CS0414: The field 'PXR_ControllerLoader.curControllerData' is assigned but its value is never used


Packages\LocalPackages\PICO Unity OpenXR Integration SDK-1.3.0\Runtime\Controller\PXR_ControllerWithHandAnimator.cs(73,33): warning CS0414: The field 'PXR_ControllerWithHandAnimator.menu_Press_LayerName' is assigned but its value is never used


Packages\LocalPackages\PICO Unity OpenXR Integration SDK-1.3.0\Runtime\Controller\PXR_ControllerLoader.cs(40,21): warning CS0414: The field 'PXR_ControllerLoader.systemOrLocal' is assigned but its value is never used


Packages\LocalPackages\PICO Unity OpenXR Integration SDK-1.3.0\Runtime\Controller\PXR_ControllerLoader.cs(47,22): warning CS0414: The field 'PXR_ControllerLoader.leftControllerState' is assigned but its value is never used


Packages\LocalPackages\PICO Unity OpenXR Integration SDK-1.3.0\Runtime\Controller\PXR_ControllerLoader.cs(43,24): warning CS0414: The field 'PXR_ControllerLoader.texFormat' is assigned but its value is never used


Packages\LocalPackages\PICO Unity OpenXR Integration SDK-1.3.0\Runtime\Controller\PXR_ControllerWithHandAnimator.cs(79,33): warning CS0414: The field 'PXR_ControllerWithHandAnimator.pico_Press_LayerName' is assigned but its value is never used
[728/720    0s] CopyFiles Library/ScriptAssemblies/Unity.XR.OpenXR.Features.PICOSupport.pdb
[729/720    0s] MovedFromExtractorCombine Library/Bee/artifacts/1300b0aE.dag/Unity.XR.OpenXR.Features.OculusQuestSupport.Editor.dll.mvfrm
[730/720    0s] Csc Library/Bee/artifacts/1300b0aE.dag/Unity.XR.Interaction.Toolkit.Samples.StarterAssets.dll (+2 others)
Assets\Samples\XR Interaction Toolkit\2.3.2\Starter Assets\Scripts\DynamicMoveProvider.cs(11,40): warning CS0618: 'ActionBasedContinuousMoveProvider' is obsolete: 'ActionBasedContinuousMoveProvider has been deprecated in version 3.0.0. Use ContinuousMoveProvider instead.'

Assets\Samples\XR Interaction Toolkit\2.3.2\Starter Assets\Scripts\XRPokeFollowAffordance.cs(102,18): warning CS0618: 'Vector3TweenableVariable' is obsolete: 'The Affordance System namespace and all associated classes have been deprecated. The existing affordance system will be moved, replaced and updated with a new interaction feedback system in a future version of XRI.'

Assets\Samples\XR Interaction Toolkit\2.3.2\Starter Assets\Scripts\XRPokeFollowAffordance.cs(102,78): warning CS0618: 'Vector3TweenableVariable' is obsolete: 'The Affordance System namespace and all associated classes have been deprecated. The existing affordance system will be moved, replaced and updated with a new interaction feedback system in a future version of XRI.'

Assets\Samples\XR Interaction Toolkit\2.3.2\Starter Assets\Scripts\DynamicMoveProvider.cs(124,32): warning CS0618: 'LocomotionProvider.system' is obsolete: 'LocomotionSystem is deprecated in XRI 3.0.0 and will be removed in a future release. Use mediator instead.'
[731/720    0s] CopyFiles Library/ScriptAssemblies/Unity.XR.OpenXR.Features.RuntimeDebugger.dll
[732/720    0s] CopyFiles Library/ScriptAssemblies/Unity.XR.Interaction.Toolkit.Samples.StarterAssets.pdb
[733/720    0s] CopyFiles Library/ScriptAssemblies/Unity.XR.Interaction.Toolkit.Samples.StarterAssets.dll
[734/720    0s] CopyFiles Library/ScriptAssemblies/Unity.XR.OpenXR.Features.MetaQuestSupport.Editor.dll
[735/720    0s] CopyFiles Library/ScriptAssemblies/Unity.XR.OpenXR.Features.PICOSupport.dll
[677/720    0s] Csc Library/Bee/artifacts/1300b0aE.dag/Unity.XR.OpenXR.Features.OculusQuestSupport.Editor.dll (+2 others) [CacheHit d09ac2d665f786c22ee55baf224bb08200000000000000000000000000000003]
[736/720   1787966606s] Csc Library/Bee/artifacts/1300b0aE.dag/Unity.XR.OpenXR.Features.OculusQuestSupport.Editor.dll (+2 others)
[738/720    0s] MovedFromExtractor Library/Bee/artifacts/mvdfrm/Unity.XR.OpenXR.Features.MetaQuestSupport.Editor.ref.dll_D7F834629185E1F2.mvfrm
[739/720    0s] MovedFromExtractor Library/Bee/artifacts/mvdfrm/Unity.XR.OpenXR.Features.RuntimeDebugger.ref.dll_EE49132F7AB3C792.mvfrm
[740/720    0s] CopyFiles Library/ScriptAssemblies/Unity.XR.OpenXR.Features.OculusQuestSupport.Editor.pdb
[681/720    0s] Csc Library/Bee/artifacts/1300b0aE.dag/Unity.XR.Interaction.Toolkit.Editor.dll (+2 others) [CacheHit 0da42cba309f67a397436beff292e2d900000000000000000000000000000003]
[741/720   1787966606s] Csc Library/Bee/artifacts/1300b0aE.dag/Unity.XR.Interaction.Toolkit.Editor.dll (+2 others)
[743/720    0s] CopyFiles Library/ScriptAssemblies/Unity.XR.Interaction.Toolkit.Editor.pdb
[744/720    0s] MovedFromExtractor Library/Bee/artifacts/mvdfrm/Unity.XR.OpenXR.Features.PICOSupport.ref.dll_39FE6AFD43B76CF3.mvfrm
[745/720    0s] MovedFromExtractor Library/Bee/artifacts/mvdfrm/Unity.XR.Interaction.Toolkit.Samples.StarterAssets.ref.dll_DD000E33220D64F1.mvfrm
[746/720    0s] CopyFiles Library/ScriptAssemblies/Unity.XR.OpenXR.Features.OculusQuestSupport.Editor.dll
[747/720    0s] MovedFromExtractorCombine Library/Bee/artifacts/1300b0aE.dag/Unity.XR.OpenXR.Features.RuntimeDebugger.Editor.dll.mvfrm
[748/720    0s] MovedFromExtractorCombine Library/Bee/artifacts/1300b0aE.dag/PICO.Platform.dll.mvfrm
[749/720    0s] MovedFromExtractorCombine Library/Bee/artifacts/1300b0aE.dag/PICO.Platform.Editor.dll.mvfrm
[750/720    0s] MovedFromExtractorCombine Library/Bee/artifacts/1300b0aE.dag/Unity.XR.OpenXR.Features.PICOSupport.Editor.dll.mvfrm
[751/720    0s] MovedFromExtractor Library/Bee/artifacts/mvdfrm/Unity.XR.OpenXR.Features.OculusQuestSupport.Editor.ref.dll_947714FF8A5EE50E.mvfrm
[752/720    0s] MovedFromExtractor Library/Bee/artifacts/mvdfrm/Unity.XR.Interaction.Toolkit.Editor.ref.dll_EA0A41A881A38C0F.mvfrm
[692/720    0s] Csc Library/Bee/artifacts/1300b0aE.dag/Unity.XR.OpenXR.Features.RuntimeDebugger.Editor.dll (+2 others) [CacheHit 76f8f7a579a5f3d8ffe257c21376ec4300000000000000000000000000000003]
[753/720   1787966606s] Csc Library/Bee/artifacts/1300b0aE.dag/Unity.XR.OpenXR.Features.RuntimeDebugger.Editor.dll (+2 others)
[755/720    0s] CopyFiles Library/ScriptAssemblies/Unity.XR.OpenXR.Features.RuntimeDebugger.Editor.pdb
[756/720    0s] CopyFiles Library/ScriptAssemblies/Unity.XR.Interaction.Toolkit.Editor.dll
[757/720    0s] CopyFiles Library/ScriptAssemblies/Unity.XR.OpenXR.Features.RuntimeDebugger.Editor.dll
[696/720    0s] Csc Library/Bee/artifacts/1300b0aE.dag/Unity.XR.OpenXR.Features.PICOSupport.Editor.dll (+2 others) [CacheHit 90a6c337dcb51a6e1a40979c55c2ff1500000000000000000000000000000003]
[758/720   1787966606s] Csc Library/Bee/artifacts/1300b0aE.dag/Unity.XR.OpenXR.Features.PICOSupport.Editor.dll (+2 others)
[760/720    0s] CopyFiles Library/ScriptAssemblies/Unity.XR.OpenXR.Features.PICOSupport.Editor.pdb
[698/720    0s] Csc Library/Bee/artifacts/1300b0aE.dag/PICO.Platform.dll (+2 others) [CacheHit 22a341a2308e36fdbff93262c1b9215600000000000000000000000000000003]
[761/720   1787966606s] Csc Library/Bee/artifacts/1300b0aE.dag/PICO.Platform.dll (+2 others)
Packages\LocalPackages\PICO Unity OpenXR Integration SDK-1.3.0\Platform\Samples\SimpleDemo.cs(30,66): warning CS0618: 'Message.GetError()' is obsolete: 'Use Error instead'


Packages\LocalPackages\PICO Unity OpenXR Integration SDK-1.3.0\Platform\Samples\SimpleDemo.cs(30,94): warning CS0618: 'Message.GetError()' is obsolete: 'Use Error instead'
Packages\LocalPackages\PICO Unity OpenXR Integration SDK-1.3.0\Platform\Samples\SimpleDemo.cs(30,66): warning CS0618: 'Message.GetError()' is obsolete: 'Use Error instead'


Packages\LocalPackages\PICO Unity OpenXR Integration SDK-1.3.0\Platform\Samples\SimpleDemo.cs(30,94): warning CS0618: 'Message.GetError()' is obsolete: 'Use Error instead'
[763/720    0s] CopyFiles Library/ScriptAssemblies/PICO.Platform.pdb
[764/720    0s] CopyFiles Library/ScriptAssemblies/Unity.XR.OpenXR.Features.PICOSupport.Editor.dll
[765/720    0s] MovedFromExtractor Library/Bee/artifacts/mvdfrm/Unity.XR.OpenXR.Features.RuntimeDebugger.Editor.ref.dll_CB4BEE4624B29F3F.mvfrm
[766/720    0s] MovedFromExtractor Library/Bee/artifacts/mvdfrm/Unity.XR.OpenXR.Features.PICOSupport.Editor.ref.dll_370795196DF44AEE.mvfrm
[767/720    0s] CopyFiles Library/ScriptAssemblies/PICO.Platform.dll
[704/720    0s] Csc Library/Bee/artifacts/1300b0aE.dag/PICO.Platform.Editor.dll (+2 others) [CacheHit 5e80e7bbdbde53982a49c1729adc581100000000000000000000000000000003]
[768/720   1787966606s] Csc Library/Bee/artifacts/1300b0aE.dag/PICO.Platform.Editor.dll (+2 others)
[770/720    0s] MovedFromExtractorCombine Library/Bee/artifacts/1300b0aE.dag/PICO.TobSupport.dll.mvfrm
[771/720    0s] MovedFromExtractorCombine Library/Bee/artifacts/1300b0aE.dag/Assembly-CSharp.dll.mvfrm
[772/720    0s] CopyFiles Library/ScriptAssemblies/PICO.Platform.Editor.pdb
[773/720    0s] MovedFromExtractorCombine Library/Bee/artifacts/1300b0aE.dag/Assembly-CSharp-Editor.dll.mvfrm
[774/720    0s] CopyFiles Library/ScriptAssemblies/PICO.Platform.Editor.dll
[710/720    0s] Csc Library/Bee/artifacts/1300b0aE.dag/PICO.TobSupport.dll (+2 others) [CacheHit 08e0e34d47c1c1bc78a40a1c29d5ea4600000000000000000000000000000003]
[775/720   1787966607s] Csc Library/Bee/artifacts/1300b0aE.dag/PICO.TobSupport.dll (+2 others)
Packages\LocalPackages\PICO Unity OpenXR Integration SDK-1.3.0\Enterprise\Scripts\Plugin\PXR_EnterprisePlugin.cs(1663,17): warning CS0219: The variable 'sensorFrameIndex' is assigned but its value is never used
Packages\LocalPackages\PICO Unity OpenXR Integration SDK-1.3.0\Enterprise\Scripts\Plugin\PXR_EnterprisePlugin.cs(1663,17): warning CS0219: The variable 'sensorFrameIndex' is assigned but its value is never used
[777/720    0s] CopyFiles Library/ScriptAssemblies/PICO.TobSupport.pdb
[778/720    0s] CopyFiles Library/ScriptAssemblies/PICO.TobSupport.dll
[779/720    0s] Csc Library/Bee/artifacts/1300b0aE.dag/Assembly-CSharp.dll (+2 others)
Assets\Scripts\KeyboardHandler.cs(59,9): warning CS4014: Because this call is not awaited, execution of the current method continues before the call is completed. Consider applying the 'await' operator to the result of the call.

Assets\Scripts\KeyboardHandler.cs(62,24): warning CS1998: This async method lacks 'await' operators and will run synchronously. Consider using the 'await' operator to await non-blocking API calls, or 'await Task.Run(...)' to do CPU-bound work on a background thread.

Assets\Scripts\ModManager.cs(53,17): warning CS4014: Because this call is not awaited, execution of the current method continues before the call is completed. Consider applying the 'await' operator to the result of the call.

Assets\Scripts\ModManager.cs(56,21): warning CS4014: Because this call is not awaited, execution of the current method continues before the call is completed. Consider applying the 'await' operator to the result of the call.

Assets\Scripts\ModManager.cs(58,13): warning CS4014: Because this call is not awaited, execution of the current method continues before the call is completed. Consider applying the 'await' operator to the result of the call.

Assets\Scripts\ModManager.cs(51,24): warning CS1998: This async method lacks 'await' operators and will run synchronously. Consider using the 'await' operator to await non-blocking API calls, or 'await Task.Run(...)' to do CPU-bound work on a background thread.

Assets\Scripts\LoadReleases.cs(77,9): warning CS4014: Because this call is not awaited, execution of the current method continues before the call is completed. Consider applying the 'await' operator to the result of the call.

Assets\Scripts\JNIStorage.cs(114,23): warning CS1998: This async method lacks 'await' operators and will run synchronously. Consider using the 'await' operator to await non-blocking API calls, or 'await Task.Run(...)' to do CPU-bound work on a background thread.

Assets\Scripts\LoadLog.cs(66,13): warning CS4014: Because this call is not awaited, execution of the current method continues before the call is completed. Consider applying the 'await' operator to the result of the call.

Assets\Scripts\APIHandler.cs(76,9): warning CS4014: Because this call is not awaited, execution of the current method continues before the call is completed. Consider applying the 'await' operator to the result of the call.

Assets\Scripts\InstanceButton.cs(151,23): warning CS1998: This async method lacks 'await' operators and will run synchronously. Consider using the 'await' operator to await non-blocking API calls, or 'await Task.Run(...)' to do CPU-bound work on a background thread.

Assets\Scripts\InstanceManager.cs(113,13): warning CS4014: Because this call is not awaited, execution of the current method continues before the call is completed. Consider applying the 'await' operator to the result of the call.

Assets\Scripts\InstanceManager.cs(93,24): warning CS1998: This async method lacks 'await' operators and will run synchronously. Consider using the 'await' operator to await non-blocking API calls, or 'await Task.Run(...)' to do CPU-bound work on a background thread.

Assets\Scripts\InstanceButton.cs(157,23): warning CS1998: This async method lacks 'await' operators and will run synchronously. Consider using the 'await' operator to await non-blocking API calls, or 'await Task.Run(...)' to do CPU-bound work on a background thread.

Assets\Scripts\SkinHandler.cs(94,9): warning CS4014: Because this call is not awaited, execution of the current method continues before the call is completed. Consider applying the 'await' operator to the result of the call.

Assets\Scripts\SkinHandler.cs(95,9): warning CS4014: Because this call is not awaited, execution of the current method continues before the call is completed. Consider applying the 'await' operator to the result of the call.

Assets\Scripts\ModManager.cs(219,16): warning CS1998: This async method lacks 'await' operators and will run synchronously. Consider using the 'await' operator to await non-blocking API calls, or 'await Task.Run(...)' to do CPU-bound work on a background thread.

Assets\Scripts\ModManager.cs(267,9): warning CS4014: Because this call is not awaited, execution of the current method continues before the call is completed. Consider applying the 'await' operator to the result of the call.
[780/720    0s] CopyFiles Library/ScriptAssemblies/Assembly-CSharp.pdb
[781/720    0s] CopyFiles Library/ScriptAssemblies/Assembly-CSharp.dll
[782/720    4s] Csc Library/Bee/artifacts/1300b0aE.dag/Assembly-CSharp-Editor.dll (+2 others)
[783/720    0s] CopyFiles Library/ScriptAssemblies/Assembly-CSharp-Editor.pdb
[784/720    0s] CopyFiles Library/ScriptAssemblies/Assembly-CSharp-Editor.dll
*** Tundra build success (14.72 seconds), 553 items updated, 720 evaluated
Packages\LocalPackages\PICO Unity OpenXR Integration SDK-1.3.0\Runtime\Features\PassthroughLayerFeature.cs(15,22): warning CS0108: 'PassthroughLayerFeature.Awake()' hides inherited member 'LayerBase.Awake()'. Use the new keyword if hiding was intended.
Packages\LocalPackages\PICO Unity OpenXR Integration SDK-1.3.0\Runtime\Features\Utils\LitJson\JsonWriter.cs(387,21): warning CS3021: 'JsonWriter.Write(ulong)' does not need a CLSCompliant attribute because the assembly does not have a CLSCompliant attribute
Packages\LocalPackages\PICO Unity OpenXR Integration SDK-1.3.0\Runtime\Features\MixedReality\PXR_MixedReality.cs(59,24): warning CS1998: This async method lacks 'await' operators and will run synchronously. Consider using the 'await' operator to await non-blocking API calls, or 'await Task.Run(...)' to do CPU-bound work on a background thread.
Packages\LocalPackages\PICO Unity OpenXR Integration SDK-1.3.0\Runtime\Features\OpenXRExtensions.cs(229,17): warning CS0168: The variable 'status' is declared but never used
Packages\LocalPackages\PICO Unity OpenXR Integration SDK-1.3.0\Runtime\Features\OpenXRExtensions.cs(229,25): warning CS0168: The variable 'action' is declared but never used
Packages\LocalPackages\PICO Unity OpenXR Integration SDK-1.3.0\Runtime\Controller\PXR_ControllerLoader.cs(44,24): warning CS0414: The field 'PXR_ControllerLoader.prePath' is assigned but its value is never used
Packages\LocalPackages\PICO Unity OpenXR Integration SDK-1.3.0\Runtime\Features\FoveationFeature.cs(43,27): warning CS0414: The field 'FoveationFeature.TAG' is assigned but its value is never used
Packages\LocalPackages\PICO Unity OpenXR Integration SDK-1.3.0\Runtime\Controller\PXR_ControllerLoader.cs(48,22): warning CS0414: The field 'PXR_ControllerLoader.rightControllerState' is assigned but its value is never used
Packages\LocalPackages\PICO Unity OpenXR Integration SDK-1.3.0\Runtime\Controller\PXR_ControllerLoader.cs(39,26): warning CS0414: The field 'PXR_ControllerLoader.curControllerData' is assigned but its value is never used
Packages\LocalPackages\PICO Unity OpenXR Integration SDK-1.3.0\Runtime\Controller\PXR_ControllerWithHandAnimator.cs(73,33): warning CS0414: The field 'PXR_ControllerWithHandAnimator.menu_Press_LayerName' is assigned but its value is never used
Packages\LocalPackages\PICO Unity OpenXR Integration SDK-1.3.0\Runtime\Controller\PXR_ControllerLoader.cs(40,21): warning CS0414: The field 'PXR_ControllerLoader.systemOrLocal' is assigned but its value is never used
Packages\LocalPackages\PICO Unity OpenXR Integration SDK-1.3.0\Runtime\Controller\PXR_ControllerLoader.cs(47,22): warning CS0414: The field 'PXR_ControllerLoader.leftControllerState' is assigned but its value is never used
Packages\LocalPackages\PICO Unity OpenXR Integration SDK-1.3.0\Runtime\Controller\PXR_ControllerLoader.cs(43,24): warning CS0414: The field 'PXR_ControllerLoader.texFormat' is assigned but its value is never used
Packages\LocalPackages\PICO Unity OpenXR Integration SDK-1.3.0\Runtime\Controller\PXR_ControllerWithHandAnimator.cs(79,33): warning CS0414: The field 'PXR_ControllerWithHandAnimator.pico_Press_LayerName' is assigned but its value is never used
Assets\Samples\XR Interaction Toolkit\2.3.2\Starter Assets\Scripts\DynamicMoveProvider.cs(11,40): warning CS0618: 'ActionBasedContinuousMoveProvider' is obsolete: 'ActionBasedContinuousMoveProvider has been deprecated in version 3.0.0. Use ContinuousMoveProvider instead.'
Assets\Samples\XR Interaction Toolkit\2.3.2\Starter Assets\Scripts\XRPokeFollowAffordance.cs(102,18): warning CS0618: 'Vector3TweenableVariable' is obsolete: 'The Affordance System namespace and all associated classes have been deprecated. The existing affordance system will be moved, replaced and updated with a new interaction feedback system in a future version of XRI.'
Assets\Samples\XR Interaction Toolkit\2.3.2\Starter Assets\Scripts\XRPokeFollowAffordance.cs(102,78): warning CS0618: 'Vector3TweenableVariable' is obsolete: 'The Affordance System namespace and all associated classes have been deprecated. The existing affordance system will be moved, replaced and updated with a new interaction feedback system in a future version of XRI.'
Assets\Samples\XR Interaction Toolkit\2.3.2\Starter Assets\Scripts\DynamicMoveProvider.cs(124,32): warning CS0618: 'LocomotionProvider.system' is obsolete: 'LocomotionSystem is deprecated in XRI 3.0.0 and will be removed in a future release. Use mediator instead.'
Packages\LocalPackages\PICO Unity OpenXR Integration SDK-1.3.0\Platform\Samples\SimpleDemo.cs(30,66): warning CS0618: 'Message.GetError()' is obsolete: 'Use Error instead'
Packages\LocalPackages\PICO Unity OpenXR Integration SDK-1.3.0\Platform\Samples\SimpleDemo.cs(30,94): warning CS0618: 'Message.GetError()' is obsolete: 'Use Error instead'
Packages\LocalPackages\PICO Unity OpenXR Integration SDK-1.3.0\Enterprise\Scripts\Plugin\PXR_EnterprisePlugin.cs(1663,17): warning CS0219: The variable 'sensorFrameIndex' is assigned but its value is never used
Assets\Scripts\KeyboardHandler.cs(59,9): warning CS4014: Because this call is not awaited, execution of the current method continues before the call is completed. Consider applying the 'await' operator to the result of the call.
Assets\Scripts\KeyboardHandler.cs(62,24): warning CS1998: This async method lacks 'await' operators and will run synchronously. Consider using the 'await' operator to await non-blocking API calls, or 'await Task.Run(...)' to do CPU-bound work on a background thread.
Assets\Scripts\ModManager.cs(53,17): warning CS4014: Because this call is not awaited, execution of the current method continues before the call is completed. Consider applying the 'await' operator to the result of the call.
Assets\Scripts\ModManager.cs(56,21): warning CS4014: Because this call is not awaited, execution of the current method continues before the call is completed. Consider applying the 'await' operator to the result of the call.
Assets\Scripts\ModManager.cs(58,13): warning CS4014: Because this call is not awaited, execution of the current method continues before the call is completed. Consider applying the 'await' operator to the result of the call.
Assets\Scripts\ModManager.cs(51,24): warning CS1998: This async method lacks 'await' operators and will run synchronously. Consider using the 'await' operator to await non-blocking API calls, or 'await Task.Run(...)' to do CPU-bound work on a background thread.
Assets\Scripts\LoadReleases.cs(77,9): warning CS4014: Because this call is not awaited, execution of the current method continues before the call is completed. Consider applying the 'await' operator to the result of the call.
Assets\Scripts\JNIStorage.cs(114,23): warning CS1998: This async method lacks 'await' operators and will run synchronously. Consider using the 'await' operator to await non-blocking API calls, or 'await Task.Run(...)' to do CPU-bound work on a background thread.
Assets\Scripts\LoadLog.cs(66,13): warning CS4014: Because this call is not awaited, execution of the current method continues before the call is completed. Consider applying the 'await' operator to the result of the call.
Assets\Scripts\APIHandler.cs(76,9): warning CS4014: Because this call is not awaited, execution of the current method continues before the call is completed. Consider applying the 'await' operator to the result of the call.
Assets\Scripts\InstanceButton.cs(151,23): warning CS1998: This async method lacks 'await' operators and will run synchronously. Consider using the 'await' operator to await non-blocking API calls, or 'await Task.Run(...)' to do CPU-bound work on a background thread.
Assets\Scripts\InstanceManager.cs(113,13): warning CS4014: Because this call is not awaited, execution of the current method continues before the call is completed. Consider applying the 'await' operator to the result of the call.
Assets\Scripts\InstanceManager.cs(93,24): warning CS1998: This async method lacks 'await' operators and will run synchronously. Consider using the 'await' operator to await non-blocking API calls, or 'await Task.Run(...)' to do CPU-bound work on a background thread.
Assets\Scripts\InstanceButton.cs(157,23): warning CS1998: This async method lacks 'await' operators and will run synchronously. Consider using the 'await' operator to await non-blocking API calls, or 'await Task.Run(...)' to do CPU-bound work on a background thread.
Assets\Scripts\SkinHandler.cs(94,9): warning CS4014: Because this call is not awaited, execution of the current method continues before the call is completed. Consider applying the 'await' operator to the result of the call.
Assets\Scripts\SkinHandler.cs(95,9): warning CS4014: Because this call is not awaited, execution of the current method continues before the call is completed. Consider applying the 'await' operator to the result of the call.
Assets\Scripts\ModManager.cs(219,16): warning CS1998: This async method lacks 'await' operators and will run synchronously. Consider using the 'await' operator to await non-blocking API calls, or 'await Task.Run(...)' to do CPU-bound work on a background thread.
Assets\Scripts\ModManager.cs(267,9): warning CS4014: Because this call is not awaited, execution of the current method continues before the call is completed. Consider applying the 'await' operator to the result of the call.
AssetDatabase: script compilation time: 18.649876s
Begin MonoManager ReloadAssembly
Total cache size 147267829
Total cache size after purge 147267829
- Loaded All Assemblies, in 13.127 seconds
Refreshing native plugins compatible for Editor in 34.14 ms, found 19 plugins.
Refreshing native plugins compatible for Editor in 29.87 ms, found 19 plugins.
Preloading 0 native plugins for Editor in 0.00 ms.
Start importing Assets/Plugins/Android/Pojlib-release.aar using Guid(55d89ee4baf555941bcffc8ec872188a) Importer(-1,00000000000000000000000000000000) [PhysX] Initialized MultithreadedTaskDispatcher with 16 workers.
 -> (artifact id: '563e146886e0298db28a5fce81155006') in 0.043899 seconds
Refreshing native plugins compatible for Editor in 35.87 ms, found 19 plugins.
Native extension for UWP target not found
Native extension for LinuxStandalone target not found
Native extension for WindowsStandalone target not found
Native extension for iOS target not found
Native extension for Android target not found
[Licensing::Client] Successfully resolved entitlement details
DisplayProgressbar: Restoring NuGet Packages
Mono: successfully reloaded assembly
- Finished resetting the current domain, in  0.950 seconds
Domain Reload Profiling: 14069ms
	BeginReloadAssembly (143ms)
		ExecutionOrderSort (0ms)
		DisableScriptedObjects (3ms)
		BackupInstance (0ms)
		ReleaseScriptingObjects (0ms)
		CreateAndSetChildDomain (32ms)
	RebuildCommonClasses (33ms)
	RebuildNativeTypeToScriptingClass (9ms)
	initialDomainReloadingComplete (34ms)
	LoadAllAssembliesAndSetupDomain (12899ms)
		LoadAssemblies (12124ms)
		RebuildTransferFunctionScriptingTraits (0ms)
		AnalyzeDomain (848ms)
			TypeCache.Refresh (817ms)
				TypeCache.ScanAssembly (732ms)
			ScanForSourceGeneratedMonoScriptInfo (23ms)
			ResolveRequiredComponents (6ms)
	FinalizeReload (951ms)
		ReleaseScriptCaches (0ms)
		RebuildScriptCaches (0ms)
		SetupLoadedEditorAssemblies (787ms)
			LogAssemblyErrors (0ms)
			InitializePlatformSupportModulesInManaged (43ms)
			SetLoadedEditorAssemblies (5ms)
			RefreshPlugins (0ms)
			BeforeProcessingInitializeOnLoad (100ms)
			ProcessInitializeOnLoadAttributes (556ms)
			ProcessInitializeOnLoadMethodAttributes (71ms)
			AfterProcessingInitializeOnLoad (11ms)
			EditorAssembliesLoaded (0ms)
		ExecutionOrderSort2 (0ms)
		AwakeInstancesAfterBackupRestoration (10ms)
Refreshing native plugins compatible for Editor in 46.78 ms, found 19 plugins.
Preloading 0 native plugins for Editor in 0.00 ms.
Asset Pipeline Refresh (id=c04da61be1000594fac23d097aed523a): Total: 78.877 seconds - Initiated by InitialRefreshV2(ForceSynchronousImport)
	Summary:
		Imports: total=1 (actual=1, local cache=0, cache server=0)
		Asset DB Process Time: managed=35 ms, native=44332 ms
		Asset DB Callback time: managed=221 ms, native=65 ms
		Scripting: domain reloads=1, domain reload time=15514 ms, compile time=18652 ms, other=56 ms
		Project Asset Count: scripts=6270, non-scripts=1668
		Asset File Changes: new=0, changed=1, moved=0, deleted=0
		Scan Filter Count: 0
	InvokeBeforeRefreshCallbacks: 2.423ms
	ApplyChangesToAssetFolders: 0.218ms
	Scan: 361.635ms
	OnSourceAssetsModified: 1.927ms
	GetAllGuidsForCategorization: 1.802ms
	CategorizeAssets: 146.390ms
	ImportOutOfDateAssets: 2406.405ms (-16330.217ms without children)
		ImportManagerImport: 47.422ms (2.795ms without children)
			ImportInProcess: 44.601ms
			UpdateCategorizedAssets: 0.027ms
		CompileScripts: 18651.664ms
		ReloadNativeAssets: 0.025ms
		UnloadImportedAssets: 31.796ms
		ReloadImportedAssets: 0.000ms
		EnsureUptoDateAssetsAreRegisteredWithGuidPM: 3.599ms
		InitializingProgressBar: 0.352ms
		PostProcessAllAssetNotificationsAddChangedAssets: 0.001ms
		OnDemandSchedulerStart: 1.764ms
	PostProcessAllAssets: 234.530ms
	Hotreload: 48.024ms
	GatherAllCurrentPrimaryArtifactRevisions: 0.001ms
	UnloadStreamsBegin: 0.921ms
	PersistCurrentRevisions: 0.327ms
	UnloadStreamsEnd: 0.049ms
	GenerateScriptTypeHashes: 3.100ms
	Untracked: 75671.931ms
Application.AssetDatabase Initial Refresh End
Scanning for USB devices : 8.437ms
Initializing Unity extensions:
[Licensing::Client] Successfully resolved entitlement details
[Licensing::Client] Successfully resolved entitlement details
[MODES] ModeService[none].Initialize
[MODES] ModeService[none].LoadModes
[MODES] Loading mode Default (0) for mode-current-id-QuestCraft
[Licensing::Client] Successfully resolved entitlement details
[Licensing::Client] Successfully resolved entitlement details
[PhysX] Initialized MultithreadedTaskDispatcher with 16 workers.
ProgressiveSceneManager::Cancel()
Unloading 5 Unused Serialized files (Serialized files now loaded: 0)
Unloading 203 unused Assets / (0.5 MB). Loaded Objects now: 5518.
Memory consumption went from 168.8 MB to 168.2 MB.
Total: 4.627100 ms (FindLiveObjects: 0.437000 ms CreateObjectMapping: 0.101300 ms MarkObjects: 3.575500 ms  DeleteObjects: 0.512400 ms)

Start importing ProjectSettings/ProjectSettings.asset using Guid(00000000000000004000000000000000) Importer(-1,00000000000000000000000000000000) [PhysX] Initialized MultithreadedTaskDispatcher with 16 workers.
 -> (artifact id: 'e1a27c85ee3f9179a1e3b6d809872e46') in 0.004516 seconds
Start importing Assets/XR/Settings/OpenXR Package Settings.asset using Guid(7b5da002d83fb8f42ac49c354e6f6d31) Importer(-1,00000000000000000000000000000000) [PhysX] Initialized MultithreadedTaskDispatcher with 16 workers.
 -> (artifact id: '565b4b24089409ba296007943a2c9e48') in 0.003305 seconds
Refreshing native plugins compatible for Editor in 43.17 ms, found 19 plugins.
Preloading 0 native plugins for Editor in 0.00 ms.
Asset Pipeline Refresh (id=ee617de9528110944ad7e34e2d0b7593): Total: 0.085 seconds - Initiated by StopAssetImportingV2(NoUpdateAssetOptions)
DisplayProgressbar: Checking prerequisites
Android PostProcess task "Checking prerequisites" took 17.2699 ms
DisplayProgressbar: Detect Java Development Kit (JDK)
Android PostProcess task "Detect Java Development Kit (JDK)" took 117.596 ms
DisplayProgressbar: Detecting Android SDK
AndroidSDKTools:

	root          : C:\Program Files\Unity\Hub\Editor\2022.3.62f3\Editor\Data\PlaybackEngines\AndroidPlayer\SDK
	cmdline-tools : C:\Program Files\Unity\Hub\Editor\2022.3.62f3\Editor\Data\PlaybackEngines\AndroidPlayer\SDK\cmdline-tools\6.0
	platform-tools: C:\Program Files\Unity\Hub\Editor\2022.3.62f3\Editor\Data\PlaybackEngines\AndroidPlayer\SDK\platform-tools
	build-tools   : C:\Program Files\Unity\Hub\Editor\2022.3.62f3\Editor\Data\PlaybackEngines\AndroidPlayer\SDK\build-tools\34.0.0

	adb           : C:\Program Files\Unity\Hub\Editor\2022.3.62f3\Editor\Data\PlaybackEngines\AndroidPlayer\SDK\platform-tools\adb.exe

Android PostProcess task "Detecting Android SDK" took 1930.9175 ms
DisplayProgressbar: Detect Android NDK
Android PostProcess task "Detect Android NDK" took 16.6484 ms
Android PostProcess task "Trying to find a suitable Android device" took 0.6704 ms
DisplayProgressbar: Checking Graphics API compatibility
Android PostProcess task "Checking Graphics API compatibility" took 1.5784 ms
DisplayProgressbar: Check resources
Android PostProcess task "Check resources" took 0.4678 ms
DisplayProgressbar: Check Android Player Settings
Android PostProcess task "Check Android Player Settings" took 0.2766 ms
Launched and connected shader compiler UnityShaderCompiler.exe after 0.09 seconds
info: Microsoft.AspNetCore.Hosting.Diagnostics[1]
      Request starting HTTP/2 POST http://ilpp/UnityILPP.PostProcessing/Ping application/grpc -
info: Microsoft.AspNetCore.Routing.EndpointMiddleware[0]
      Executing endpoint 'gRPC - /UnityILPP.PostProcessing/Ping'
info: Microsoft.AspNetCore.Routing.EndpointMiddleware[1]
      Executed endpoint 'gRPC - /UnityILPP.PostProcessing/Ping'
info: Microsoft.AspNetCore.Hosting.Diagnostics[2]
      Request finished HTTP/2 POST http://ilpp/UnityILPP.PostProcessing/Ping application/grpc - - 200 - application/grpc 2.3488ms
Starting: C:\Program Files\Unity\Hub\Editor\2022.3.62f3\Editor\Data\bee_backend.exe --ipc --defer-dag-verification --dagfile="Library/Bee/1300b0aESkipCompile.dag" --continue-on-failure --profile="Library/Bee/backend1.traceevents" ScriptAssembliesAndTypeDB
WorkingDir: C:/Users/User/questcraft-26.2-experiment/QCXR-XR-Wrapper
DisplayProgressbar: Compiling Scripts
ExitCode: 0 Duration: 1s309ms
[2/3        1s] BuildPlayerDataGenerator Library/BuildPlayerData/Editor/TypeDb-All.json
Field 'System.Numerics.Vector2 SixLabors.Fonts.GlyphInstance/ControlPointCollection::SecondControlPoint' from 'C:\Users\User\questcraft-26.2-experiment\QCXR-XR-Wrapper\Library\PackageCache\com.unity.testtools.codecoverage@1.2.6\lib\ReportGenerator\ReportGeneratorMerged.dll', exception Failed to resolve System.Numerics.Vector2

Field 'System.Numerics.Vector2 SixLabors.Fonts.GlyphInstance/ControlPointCollection::ThirdControlPoint' from 'C:\Users\User\questcraft-26.2-experiment\QCXR-XR-Wrapper\Library\PackageCache\com.unity.testtools.codecoverage@1.2.6\lib\ReportGenerator\ReportGeneratorMerged.dll', exception Failed to resolve System.Numerics.Vector2

Field 'System.Numerics.Vector4 SixLabors.ImageSharp.ComplexVector4::Real' from 'C:\Users\User\questcraft-26.2-experiment\QCXR-XR-Wrapper\Library\PackageCache\com.unity.testtools.codecoverage@1.2.6\lib\ReportGenerator\ReportGeneratorMerged.dll', exception Failed to resolve System.Numerics.Vector4

Field 'System.Numerics.Vector4 SixLabors.ImageSharp.ComplexVector4::Imaginary' from 'C:\Users\User\questcraft-26.2-experiment\QCXR-XR-Wrapper\Library\PackageCache\com.unity.testtools.codecoverage@1.2.6\lib\ReportGenerator\ReportGeneratorMerged.dll', exception Failed to resolve System.Numerics.Vector4

Field 'System.Numerics.Vector4 SixLabors.ImageSharp.Formats.Jpeg.Components.Block8x8F::V0L' from 'C:\Users\User\questcraft-26.2-experiment\QCXR-XR-Wrapper\Library\PackageCache\com.unity.testtools.codecoverage@1.2.6\lib\ReportGenerator\ReportGeneratorMerged.dll', exception Failed to resolve System.Numerics.Vector4

Field 'System.Numerics.Vector4 SixLabors.ImageSharp.Formats.Jpeg.Components.Block8x8F::V0R' from 'C:\Users\User\questcraft-26.2-experiment\QCXR-XR-Wrapper\Library\PackageCache\com.unity.testtools.codecoverage@1.2.6\lib\ReportGenerator\ReportGeneratorMerged.dll', exception Failed to resolve System.Numerics.Vector4

Field 'System.Numerics.Vector4 SixLabors.ImageSharp.Formats.Jpeg.Components.Block8x8F::V1L' from 'C:\Users\User\questcraft-26.2-experiment\QCXR-XR-Wrapper\Library\PackageCache\com.unity.testtools.codecoverage@1.2.6\lib\ReportGenerator\ReportGeneratorMerged.dll', exception Failed to resolve System.Numerics.Vector4

Field 'System.Numerics.Vector4 SixLabors.ImageSharp.Formats.Jpeg.Components.Block8x8F::V1R' from 'C:\Users\User\questcraft-26.2-experiment\QCXR-XR-Wrapper\Library\PackageCache\com.unity.testtools.codecoverage@1.2.6\lib\ReportGenerator\ReportGeneratorMerged.dll', exception Failed to resolve System.Numerics.Vector4

Field 'System.Numerics.Vector4 SixLabors.ImageSharp.Formats.Jpeg.Components.Block8x8F::V2L' from 'C:\Users\User\questcraft-26.2-experiment\QCXR-XR-Wrapper\Library\PackageCache\com.unity.testtools.codecoverage@1.2.6\lib\ReportGenerator\ReportGeneratorMerged.dll', exception Failed to resolve System.Numerics.Vector4

Field 'System.Numerics.Vector4 SixLabors.ImageSharp.Formats.Jpeg.Components.Block8x8F::V2R' from 'C:\Users\User\questcraft-26.2-experiment\QCXR-XR-Wrapper\Library\PackageCache\com.unity.testtools.codecoverage@1.2.6\lib\ReportGenerator\ReportGeneratorMerged.dll', exception Failed to resolve System.Numerics.Vector4

Field 'System.Numerics.Vector4 SixLabors.ImageSharp.Formats.Jpeg.Components.Block8x8F::V3L' from 'C:\Users\User\questcraft-26.2-experiment\QCXR-XR-Wrapper\Library\PackageCache\com.unity.testtools.codecoverage@1.2.6\lib\ReportGenerator\ReportGeneratorMerged.dll', exception Failed to resolve System.Numerics.Vector4

Field 'System.Numerics.Vector4 SixLabors.ImageSharp.Formats.Jpeg.Components.Block8x8F::V3R' from 'C:\Users\User\questcraft-26.2-experiment\QCXR-XR-Wrapper\Library\PackageCache\com.unity.testtools.codecoverage@1.2.6\lib\ReportGenerator\ReportGeneratorMerged.dll', exception Failed to resolve System.Numerics.Vector4

Field 'System.Numerics.Vector4 SixLabors.ImageSharp.Formats.Jpeg.Components.Block8x8F::V4L' from 'C:\Users\User\questcraft-26.2-experiment\QCXR-XR-Wrapper\Library\PackageCache\com.unity.testtools.codecoverage@1.2.6\lib\ReportGenerator\ReportGeneratorMerged.dll', exception Failed to resolve System.Numerics.Vector4

Field 'System.Numerics.Vector4 SixLabors.ImageSharp.Formats.Jpeg.Components.Block8x8F::V4R' from 'C:\Users\User\questcraft-26.2-experiment\QCXR-XR-Wrapper\Library\PackageCache\com.unity.testtools.codecoverage@1.2.6\lib\ReportGenerator\ReportGeneratorMerged.dll', exception Failed to resolve System.Numerics.Vector4

Field 'System.Numerics.Vector4 SixLabors.ImageSharp.Formats.Jpeg.Components.Block8x8F::V5L' from 'C:\Users\User\questcraft-26.2-experiment\QCXR-XR-Wrapper\Library\PackageCache\com.unity.testtools.codecoverage@1.2.6\lib\ReportGenerator\ReportGeneratorMerged.dll', exception Failed to resolve System.Numerics.Vector4

Field 'System.Numerics.Vector4 SixLabors.ImageSharp.Formats.Jpeg.Components.Block8x8F::V5R' from 'C:\Users\User\questcraft-26.2-experiment\QCXR-XR-Wrapper\Library\PackageCache\com.unity.testtools.codecoverage@1.2.6\lib\ReportGenerator\ReportGeneratorMerged.dll', exception Failed to resolve System.Numerics.Vector4

Field 'System.Numerics.Vector4 SixLabors.ImageSharp.Formats.Jpeg.Components.Block8x8F::V6L' from 'C:\Users\User\questcraft-26.2-experiment\QCXR-XR-Wrapper\Library\PackageCache\com.unity.testtools.codecoverage@1.2.6\lib\ReportGenerator\ReportGeneratorMerged.dll', exception Failed to resolve System.Numerics.Vector4

Field 'System.Numerics.Vector4 SixLabors.ImageSharp.Formats.Jpeg.Components.Block8x8F::V6R' from 'C:\Users\User\questcraft-26.2-experiment\QCXR-XR-Wrapper\Library\PackageCache\com.unity.testtools.codecoverage@1.2.6\lib\ReportGenerator\ReportGeneratorMerged.dll', exception Failed to resolve System.Numerics.Vector4

Field 'System.Numerics.Vector4 SixLabors.ImageSharp.Formats.Jpeg.Components.Block8x8F::V7L' from 'C:\Users\User\questcraft-26.2-experiment\QCXR-XR-Wrapper\Library\PackageCache\com.unity.testtools.codecoverage@1.2.6\lib\ReportGenerator\ReportGeneratorMerged.dll', exception Failed to resolve System.Numerics.Vector4

Field 'System.Numerics.Vector4 SixLabors.ImageSharp.Formats.Jpeg.Components.Block8x8F::V7R' from 'C:\Users\User\questcraft-26.2-experiment\QCXR-XR-Wrapper\Library\PackageCache\com.unity.testtools.codecoverage@1.2.6\lib\ReportGenerator\ReportGeneratorMerged.dll', exception Failed to resolve System.Numerics.Vector4

Field 'System.Numerics.Vector4 SixLabors.ImageSharp.Formats.Jpeg.Components.Decoder.ColorConverters.JpegColorConverter/Vector4Octet::V0' from 'C:\Users\User\questcraft-26.2-experiment\QCXR-XR-Wrapper\Library\PackageCache\com.unity.testtools.codecoverage@1.2.6\lib\ReportGenerator\ReportGeneratorMerged.dll', exception Failed to resolve System.Numerics.Vector4

Field 'System.Numerics.Vector4 SixLabors.ImageSharp.Formats.Jpeg.Components.Decoder.ColorConverters.JpegColorConverter/Vector4Octet::V1' from 'C:\Users\User\questcraft-26.2-experiment\QCXR-XR-Wrapper\Library\PackageCache\com.unity.testtools.codecoverage@1.2.6\lib\ReportGenerator\ReportGeneratorMerged.dll', exception Failed to resolve System.Numerics.Vector4

Field 'System.Numerics.Vector4 SixLabors.ImageSharp.Formats.Jpeg.Components.Decoder.ColorConverters.JpegColorConverter/Vector4Octet::V2' from 'C:\Users\User\questcraft-26.2-experiment\QCXR-XR-Wrapper\Library\PackageCache\com.unity.testtools.codecoverage@1.2.6\lib\ReportGenerator\ReportGeneratorMerged.dll', exception Failed to resolve System.Numerics.Vector4

Field 'System.Numerics.Vector4 SixLabors.ImageSharp.Formats.Jpeg.Components.Decoder.ColorConverters.JpegColorConverter/Vector4Octet::V3' from 'C:\Users\User\questcraft-26.2-experiment\QCXR-XR-Wrapper\Library\PackageCache\com.unity.testtools.codecoverage@1.2.6\lib\ReportGenerator\ReportGeneratorMerged.dll', exception Failed to resolve System.Numerics.Vector4

Field 'System.Numerics.Vector4 SixLabors.ImageSharp.Formats.Jpeg.Components.Decoder.ColorConverters.JpegColorConverter/Vector4Octet::V4' from 'C:\Users\User\questcraft-26.2-experiment\QCXR-XR-Wrapper\Library\PackageCache\com.unity.testtools.codecoverage@1.2.6\lib\ReportGenerator\ReportGeneratorMerged.dll', exception Failed to resolve System.Numerics.Vector4

Field 'System.Numerics.Vector4 SixLabors.ImageSharp.Formats.Jpeg.Components.Decoder.ColorConverters.JpegColorConverter/Vector4Octet::V5' from 'C:\Users\User\questcraft-26.2-experiment\QCXR-XR-Wrapper\Library\PackageCache\com.unity.testtools.codecoverage@1.2.6\lib\ReportGenerator\ReportGeneratorMerged.dll', exception Failed to resolve System.Numerics.Vector4

Field 'System.Numerics.Vector4 SixLabors.ImageSharp.Formats.Jpeg.Components.Decoder.ColorConverters.JpegColorConverter/Vector4Octet::V6' from 'C:\Users\User\questcraft-26.2-experiment\QCXR-XR-Wrapper\Library\PackageCache\com.unity.testtools.codecoverage@1.2.6\lib\ReportGenerator\ReportGeneratorMerged.dll', exception Failed to resolve System.Numerics.Vector4

Field 'System.Numerics.Vector4 SixLabors.ImageSharp.Formats.Jpeg.Components.Decoder.ColorConverters.JpegColorConverter/Vector4Octet::V7' from 'C:\Users\User\questcraft-26.2-experiment\QCXR-XR-Wrapper\Library\PackageCache\com.unity.testtools.codecoverage@1.2.6\lib\ReportGenerator\ReportGeneratorMerged.dll', exception Failed to resolve System.Numerics.Vector4

Field 'System.Numerics.Vector4 SixLabors.ImageSharp.Tuples.Vector4Pair::A' from 'C:\Users\User\questcraft-26.2-experiment\QCXR-XR-Wrapper\Library\PackageCache\com.unity.testtools.codecoverage@1.2.6\lib\ReportGenerator\ReportGeneratorMerged.dll', exception Failed to resolve System.Numerics.Vector4

Field 'System.Numerics.Vector4 SixLabors.ImageSharp.Tuples.Vector4Pair::B' from 'C:\Users\User\questcraft-26.2-experiment\QCXR-XR-Wrapper\Library\PackageCache\com.unity.testtools.codecoverage@1.2.6\lib\ReportGenerator\ReportGeneratorMerged.dll', exception Failed to resolve System.Numerics.Vector4
*** Tundra build success (1.27 seconds), 1 items updated, 3 evaluated
Asset Pipeline Refresh (id=5b5a7dc23ad807d4483f9753be91ee1f): Total: 0.009 seconds - Initiated by RefreshV2(NoUpdateAssetOptions)
[ScriptCompilation] Requested script compilation because: Recompiling scripts for player build.
BuildPlayer: start building target 13
info: Microsoft.AspNetCore.Hosting.Diagnostics[1]
      Request starting HTTP/2 POST http://ilpp/UnityILPP.PostProcessing/Ping application/grpc -
info: Microsoft.AspNetCore.Routing.EndpointMiddleware[0]
      Executing endpoint 'gRPC - /UnityILPP.PostProcessing/Ping'
info: Microsoft.AspNetCore.Routing.EndpointMiddleware[1]
      Executed endpoint 'gRPC - /UnityILPP.PostProcessing/Ping'
info: Microsoft.AspNetCore.Hosting.Diagnostics[2]
      Request finished HTTP/2 POST http://ilpp/UnityILPP.PostProcessing/Ping application/grpc - - 200 - application/grpc 0.9141ms
Starting: C:\Program Files\Unity\Hub\Editor\2022.3.62f3\Editor\Data\bee_backend.exe --ipc --defer-dag-verification --dagfile="Library/Bee/1300b0aP.dag" --continue-on-failure --profile="Library/Bee/backend1.traceevents" ScriptAssembliesAndTypeDB
WorkingDir: C:/Users/User/questcraft-26.2-experiment/QCXR-XR-Wrapper
Total cache size 147267829
Total cache size after purge 147267829
ExitCode: 0 Duration: 1s899ms
[209/322    0s] CopyFiles Library/Bee/PlayerScriptAssemblies/unity.webp.dll
[210/322    0s] CopyFiles Library/Bee/PlayerScriptAssemblies/UnityGifDecoder.dll
[211/322    0s] CopyFiles Library/Bee/PlayerScriptAssemblies/unity.webp.pdb
[212/322    0s] CopyFiles Library/Bee/PlayerScriptAssemblies/UnityEngine.SpatialTracking.dll
[213/322    0s] CopyFiles Library/Bee/PlayerScriptAssemblies/Unity.Mathematics.dll
[214/322    0s] CopyFiles Library/Bee/PlayerScriptAssemblies/Unity.XR.Management.dll
[215/322    0s] CopyFiles Library/Bee/PlayerScriptAssemblies/Unity.TextMeshPro.pdb
[216/322    0s] CopyFiles Library/Bee/PlayerScriptAssemblies/UnityEngine.UI.dll
[217/322    0s] CopyFiles Library/Bee/PlayerScriptAssemblies/UnityEngine.UI.pdb
[218/322    0s] CopyFiles Library/Bee/PlayerScriptAssemblies/Unity.Timeline.dll
[219/322    0s] CopyFiles Library/Bee/PlayerScriptAssemblies/Unity.TextMeshPro.dll
[220/322    0s] CopyFiles Library/Bee/PlayerScriptAssemblies/UnityEngine.XR.LegacyInputHelpers.dll
[221/322    0s] CopyFiles Library/Bee/PlayerScriptAssemblies/UnityEngine.XR.LegacyInputHelpers.pdb
[222/322    0s] CopyFiles Library/Bee/PlayerScriptAssemblies/Unity.Timeline.pdb
[223/322    0s] CopyFiles Library/Bee/PlayerScriptAssemblies/Unity.XR.Management.pdb
[224/322    0s] CopyFiles Library/Bee/PlayerScriptAssemblies/UnityEngine.SpatialTracking.pdb
[225/322    0s] CopyFiles Library/Bee/PlayerScriptAssemblies/Unity.Mathematics.pdb
[226/322    0s] CopyFiles Library/Bee/PlayerScriptAssemblies/UnityGifDecoder.pdb
[252/322    0s] CopyFiles Library/Bee/PlayerScriptAssemblies/Unity.InputSystem.dll
[253/322    0s] CopyFiles Library/Bee/PlayerScriptAssemblies/Unity.InputSystem.pdb
[255/322    0s] CopyFiles Library/Bee/PlayerScriptAssemblies/Unity.InputSystem.ForUI.pdb
[263/322    0s] CopyFiles Library/Bee/PlayerScriptAssemblies/Unity.XR.OpenXR.dll
[269/322    0s] CopyFiles Library/Bee/PlayerScriptAssemblies/Unity.XR.OpenXR.pdb
[274/322    0s] CopyFiles Library/Bee/PlayerScriptAssemblies/Unity.InputSystem.ForUI.dll
[280/322    0s] CopyFiles Library/Bee/PlayerScriptAssemblies/Unity.VisualScripting.Core.pdb
[284/322    0s] CopyFiles Library/Bee/PlayerScriptAssemblies/ControllerSample.dll
[285/322    0s] CopyFiles Library/Bee/PlayerScriptAssemblies/Unity.VisualScripting.Core.dll
[288/322    0s] CopyFiles Library/Bee/PlayerScriptAssemblies/Unity.XR.OpenXR.Features.MetaQuestSupport.dll
[289/322    0s] CopyFiles Library/Bee/PlayerScriptAssemblies/Unity.XR.CoreUtils.dll
[291/322    0s] CopyFiles Library/Bee/PlayerScriptAssemblies/Unity.XR.OpenXR.Features.MockRuntime.dll
[292/322    0s] CopyFiles Library/Bee/PlayerScriptAssemblies/Unity.XR.OpenXRPico.dll
[293/322    0s] CopyFiles Library/Bee/PlayerScriptAssemblies/Unity.XR.OpenXR.Features.RuntimeDebugger.dll
[294/322    0s] CopyFiles Library/Bee/PlayerScriptAssemblies/Unity.XR.Interaction.Toolkit.dll
[295/322    0s] CopyFiles Library/Bee/PlayerScriptAssemblies/Unity.XR.OpenXR.Features.ConformanceAutomation.dll
[296/322    0s] CopyFiles Library/Bee/PlayerScriptAssemblies/Unity.XR.OpenXR.Features.OculusQuestSupport.dll
[297/322    0s] CopyFiles Library/Bee/PlayerScriptAssemblies/Unity.VisualScripting.Flow.dll
[298/322    0s] CopyFiles Library/Bee/PlayerScriptAssemblies/Unity.XR.Interaction.Toolkit.Samples.StarterAssets.dll
[299/322    0s] CopyFiles Library/Bee/PlayerScriptAssemblies/PICO.TobSupport.pdb
[300/322    0s] CopyFiles Library/Bee/PlayerScriptAssemblies/Unity.XR.OpenXR.Features.PICOSupport.dll
[301/322    0s] CopyFiles Library/Bee/PlayerScriptAssemblies/Unity.VisualScripting.State.dll
[302/322    0s] CopyFiles Library/Bee/PlayerScriptAssemblies/PICO.Platform.dll
[303/322    0s] CopyFiles Library/Bee/PlayerScriptAssemblies/PICO.TobSupport.dll
[304/322    0s] CopyFiles Library/Bee/PlayerScriptAssemblies/PICO.Platform.pdb
[305/322    0s] CopyFiles Library/Bee/PlayerScriptAssemblies/Unity.XR.OpenXR.Features.PICOSupport.pdb
[306/322    0s] CopyFiles Library/Bee/PlayerScriptAssemblies/Assembly-CSharp.dll
[307/322    0s] CopyFiles Library/Bee/PlayerScriptAssemblies/Assembly-CSharp.pdb
[308/322    0s] CopyFiles Library/Bee/PlayerScriptAssemblies/Unity.XR.OpenXR.Features.RuntimeDebugger.pdb
[309/322    0s] CopyFiles Library/Bee/PlayerScriptAssemblies/Unity.VisualScripting.State.pdb
[310/322    0s] CopyFiles Library/Bee/PlayerScriptAssemblies/Unity.XR.Interaction.Toolkit.pdb
[311/322    0s] CopyFiles Library/Bee/PlayerScriptAssemblies/Unity.XR.OpenXR.Features.MockRuntime.pdb
[312/322    0s] CopyFiles Library/Bee/PlayerScriptAssemblies/Unity.XR.OpenXR.Features.MetaQuestSupport.pdb
[313/322    0s] CopyFiles Library/Bee/PlayerScriptAssemblies/Unity.XR.CoreUtils.pdb
[314/322    0s] CopyFiles Library/Bee/PlayerScriptAssemblies/Unity.XR.OpenXRPico.pdb
[315/322    0s] CopyFiles Library/Bee/PlayerScriptAssemblies/ControllerSample.pdb
[316/322    0s] CopyFiles Library/Bee/PlayerScriptAssemblies/Unity.XR.Interaction.Toolkit.Samples.StarterAssets.pdb
[317/322    0s] CopyFiles Library/Bee/PlayerScriptAssemblies/Unity.XR.OpenXR.Features.OculusQuestSupport.pdb
[318/322    0s] CopyFiles Library/Bee/PlayerScriptAssemblies/Unity.VisualScripting.Flow.pdb
[319/322    0s] CopyFiles Library/Bee/PlayerScriptAssemblies/Unity.XR.OpenXR.Features.ConformanceAutomation.pdb
*** Tundra build success (1.86 seconds), 58 items updated, 322 evaluated
Total cache size 147267829
Total cache size after purge 147267829
Not rebuilding Data files -- no changes
[Licensing::Client] Successfully resolved entitlement details
[Licensing::Client] Successfully resolved entitlement details
Asset Pipeline Refresh (id=0de511e43f147b74c9771ed5650a689d): Total: 0.048 seconds - Initiated by RefreshV2(NoUpdateAssetOptions)
Warning! Using more than 1 pixel lights on a mobile device may decrease performance severely. You can change the mobile quality settings in 'Project Settings -> Quality Settings'.


Mono dependencies included in the build
Dependency assembly - System.ServiceModel.Security.dll
Dependency assembly - System.IdentityModel.dll
Dependency assembly - System.Threading.Thread.dll
Dependency assembly - System.IO.Compression.dll
Dependency assembly - System.Reflection.Context.dll
Dependency assembly - Microsoft.Win32.Registry.dll
Dependency assembly - System.Reflection.Extensions.dll
Dependency assembly - System.Configuration.dll
Dependency assembly - System.Security.SecureString.dll
Dependency assembly - System.Runtime.Serialization.Json.dll
Dependency assembly - System.Data.Entity.dll
Dependency assembly - System.Web.RegularExpressions.dll
Dependency assembly - System.Console.dll
Dependency assembly - Newtonsoft.Json.dll
Dependency assembly - System.IO.FileSystem.Watcher.dll
Dependency assembly - System.Text.Encoding.CodePages.dll
Dependency assembly - System.Diagnostics.Contracts.dll
Dependency assembly - Unity.Timeline.dll
Dependency assembly - System.Diagnostics.TextWriterTraceListener.dll
Dependency assembly - System.IO.FileSystem.AccessControl.dll
Dependency assembly - System.Net.NameResolution.dll
Dependency assembly - System.DirectoryServices.Protocols.dll
Dependency assembly - System.Linq.Expressions.dll
Dependency assembly - System.Net.NetworkInformation.dll
Dependency assembly - Microsoft.Win32.Primitives.dll
Dependency assembly - System.IO.Pipes.dll
Dependency assembly - System.Xml.ReaderWriter.dll
Dependency assembly - System.Net.Cache.dll
Dependency assembly - System.Runtime.Loader.dll
Dependency assembly - System.Threading.Timer.dll
Dependency assembly - System.Threading.Overlapped.dll
Dependency assembly - PICO.TobSupport.dll
Dependency assembly - System.Globalization.Calendars.dll
Dependency assembly - System.Collections.Specialized.dll
Dependency assembly - System.ServiceModel.NetTcp.dll
Dependency assembly - System.Security.Cryptography.OpenSsl.dll
Dependency assembly - Unity.XR.Interaction.Toolkit.dll
Dependency assembly - Microsoft.CSharp.dll
Dependency assembly - System.Configuration.Install.dll
Dependency assembly - System.Net.WebSockets.Client.dll
Dependency assembly - System.Dynamic.Runtime.dll
Dependency assembly - System.Linq.Parallel.dll
Dependency assembly - System.Memory.dll
Dependency assembly - System.Web.Services.dll
Dependency assembly - System.Linq.dll
Dependency assembly - System.Security.Cryptography.Algorithms.dll
Dependency assembly - Mono.Data.Tds.dll
Dependency assembly - System.Threading.dll
Dependency assembly - Mono.Data.Sqlite.dll
Dependency assembly - System.Data.SqlClient.dll
Dependency assembly - System.Drawing.Primitives.dll
Dependency assembly - System.Net.dll
Dependency assembly - System.Resources.ResourceManager.dll
Dependency assembly - UnityEngine.UI.dll
Dependency assembly - System.Reflection.dll
Dependency assembly - System.Runtime.Serialization.Formatters.dll
Dependency assembly - System.IO.MemoryMappedFiles.dll
Dependency assembly - System.ServiceModel.Web.dll
Dependency assembly - System.Runtime.Numerics.dll
Dependency assembly - System.ServiceProcess.dll
Dependency assembly - System.Web.ApplicationServices.dll
Dependency assembly - System.Net.Requests.dll
Dependency assembly - PICO.Platform.dll
Dependency assembly - System.Net.HttpListener.dll
Dependency assembly - System.Runtime.Serialization.Xml.dll
Dependency assembly - System.Net.Mail.dll
Dependency assembly - Assembly-CSharp.dll
Dependency assembly - System.DirectoryServices.dll
Dependency assembly - unity.webp.dll
Dependency assembly - System.AppContext.dll
Dependency assembly - Unity.VisualScripting.State.dll
Dependency assembly - System.Net.Http.WebRequest.dll
Dependency assembly - System.Buffers.dll
Dependency assembly - System.Resources.Reader.dll
Dependency assembly - System.ComponentModel.Composition.dll
Dependency assembly - System.Diagnostics.Tools.dll
Dependency assembly - System.Core.dll
Dependency assembly - System.Messaging.dll
Dependency assembly - System.ServiceModel.Activation.dll
Dependency assembly - System.Runtime.Serialization.Formatters.Soap.dll
Dependency assembly - System.Threading.AccessControl.dll
Dependency assembly - System.Security.Cryptography.Csp.dll
Dependency assembly - Unity.XR.OpenXR.dll
Dependency assembly - System.Xml.XPath.XmlDocument.dll
Dependency assembly - System.ComponentModel.DataAnnotations.dll
Dependency assembly - System.Security.Cryptography.Cng.dll
Dependency assembly - System.Reflection.Primitives.dll
Dependency assembly - System.Collections.NonGeneric.dll
Dependency assembly - Accessibility.dll
Dependency assembly - System.Net.Ping.dll
Dependency assembly - System.Web.Extensions.dll
Dependency assembly - System.Security.Cryptography.Encryption.dll
Dependency assembly - Unity.TextMeshPro.dll
Dependency assembly - System.ServiceModel.Duplex.dll
Dependency assembly - System.Security.Cryptography.Encryption.ECDsa.dll
Dependency assembly - System.Xaml.dll
Dependency assembly - System.Data.Services.Client.dll
Dependency assembly - System.Linq.Queryable.dll
Dependency assembly - System.ServiceModel.Routing.dll
Dependency assembly - System.IO.UnmanagedMemoryStream.dll
Dependency assembly - System.Text.Encoding.Extensions.dll
Dependency assembly - System.Security.AccessControl.dll
Dependency assembly - System.Windows.Forms.DataVisualization.dll
Dependency assembly - System.Net.WebHeaderCollection.dll
Dependency assembly - ControllerSample.dll
Dependency assembly - System.Security.Principal.dll
Dependency assembly - System.Numerics.dll
Dependency assembly - System.Reflection.Emit.ILGeneration.dll
Dependency assembly - Unity.InputSystem.ForUI.dll
Dependency assembly - System.Net.WebSockets.dll
Dependency assembly - Unity.XR.OpenXR.Features.OculusQuestSupport.dll
Dependency assembly - System.Runtime.Extensions.dll
Dependency assembly - System.Runtime.CompilerServices.VisualC.dll
Dependency assembly - System.Security.Cryptography.Encoding.dll
Dependency assembly - System.ServiceModel.Discovery.dll
Dependency assembly - System.Management.dll
Dependency assembly - System.Transactions.dll
Dependency assembly - System.Security.Cryptography.ProtectedData.dll
Dependency assembly - System.Resources.Writer.dll
Dependency assembly - System.Xml.XDocument.dll
Dependency assembly - Microsoft.Win32.Registry.AccessControl.dll
Dependency assembly - System.Drawing.dll
Dependency assembly - Unity.VisualScripting.Flow.dll
Dependency assembly - System.ServiceModel.Primitives.dll
Dependency assembly - System.ValueTuple.dll
Dependency assembly - Unity.XR.OpenXR.Features.RuntimeDebugger.dll
Dependency assembly - System.Runtime.Serialization.dll
Dependency assembly - System.Data.DataSetExtensions.dll
Dependency assembly - System.Runtime.Serialization.Primitives.dll
Dependency assembly - System.Security.Cryptography.Hashing.dll
Dependency assembly - System.EnterpriseServices.dll
Dependency assembly - System.Runtime.InteropServices.WindowsRuntime.dll
Dependency assembly - mscorlib.dll
Dependency assembly - System.Resources.ReaderWriter.dll
Dependency assembly - System.Diagnostics.TraceSource.dll
Dependency assembly - System.Runtime.Remoting.dll
Dependency assembly - System.Data.dll
Dependency assembly - System.Net.Sockets.dll
Dependency assembly - System.ComponentModel.dll
Dependency assembly - System.Data.Services.dll
Dependency assembly - Unity.XR.CoreUtils.dll
Dependency assembly - System.Collections.Concurrent.dll
Dependency assembly - System.Diagnostics.Process.dll
Dependency assembly - UnityEngine.SpatialTracking.dll
Dependency assembly - Unity.XR.Interaction.Toolkit.Samples.StarterAssets.dll
Dependency assembly - System.Web.DynamicData.dll
Dependency assembly - System.Xml.dll
Dependency assembly - System.Runtime.InteropServices.RuntimeInformation.dll
Dependency assembly - Unity.XR.Management.dll
Dependency assembly - System.Threading.Tasks.dll
Dependency assembly - System.IO.FileSystem.Primitives.dll
Dependency assembly - Unity.VisualScripting.Core.dll
Dependency assembly - System.Runtime.Handles.dll
Dependency assembly - System.Security.Cryptography.X509Certificates.dll
Dependency assembly - netstandard.dll
Dependency assembly - System.IO.Compression.FileSystem.dll
Dependency assembly - Unity.XR.OpenXR.Features.MockRuntime.dll
Dependency assembly - System.Security.Principal.Windows.dll
Dependency assembly - UnityGifDecoder.dll
Dependency assembly - System.Reflection.DispatchProxy.dll
Dependency assembly - System.Xml.Xsl.Primitives.dll
Dependency assembly - System.Security.Cryptography.Encryption.ECDiffieHellman.dll
Dependency assembly - System.Text.Encoding.dll
Dependency assembly - System.Net.Primitives.dll
Dependency assembly - System.ServiceModel.Internals.dll
Dependency assembly - System.Diagnostics.StackTrace.dll
Dependency assembly - System.Web.Extensions.Design.dll
Dependency assembly - System.IO.IsolatedStorage.dll
Dependency assembly - System.Diagnostics.TraceEvent.dll
Dependency assembly - System.Threading.Tasks.Extensions.dll
Dependency assembly - System.Xml.XPath.dll
Dependency assembly - System.IO.dll
Dependency assembly - System.Security.Cryptography.Encryption.Aes.dll
Dependency assembly - System.Diagnostics.Debug.dll
Dependency assembly - System.Net.Utilities.dll
Dependency assembly - System.Runtime.dll
Dependency assembly - System.ObjectModel.dll
Dependency assembly - System.Security.Cryptography.RandomNumberGenerator.dll
Dependency assembly - System.Data.Linq.dll
Dependency assembly - System.Runtime.Caching.dll
Dependency assembly - System.Diagnostics.Tracing.dll
Dependency assembly - System.Runtime.InteropServices.dll
Dependency assembly - System.Security.Claims.dll
Dependency assembly - System.Design.dll
Dependency assembly - System.Runtime.DurableInstancing.dll
Dependency assembly - System.Numerics.Vectors.dll
Dependency assembly - System.Security.dll
Dependency assembly - System.ComponentModel.TypeConverter.dll
Dependency assembly - Unity.XR.OpenXR.Features.MetaQuestSupport.dll
Dependency assembly - System.Security.Cryptography.Primitives.dll
Dependency assembly - System.Net.Http.dll
Dependency assembly - System.ServiceModel.Http.dll
Dependency assembly - System.Windows.dll
Dependency assembly - System.ComponentModel.Primitives.dll
Dependency assembly - Unity.Mathematics.dll
Dependency assembly - System.Threading.Tasks.Parallel.dll
Dependency assembly - System.IdentityModel.Selectors.dll
Dependency assembly - System.Runtime.CompilerServices.Unsafe.dll
Dependency assembly - UnityEngine.XR.LegacyInputHelpers.dll
Dependency assembly - System.Xml.XmlDocument.dll
Dependency assembly - Unity.XR.OpenXR.Features.ConformanceAutomation.dll
Dependency assembly - Unity.XR.OpenXR.Features.PICOSupport.dll
Dependency assembly - Unity.XR.OpenXRPico.dll
Dependency assembly - System.Security.Cryptography.Pkcs.dll
Dependency assembly - System.IO.FileSystem.DriveInfo.dll
Dependency assembly - System.Diagnostics.FileVersionInfo.dll
Dependency assembly - System.ServiceModel.dll
Dependency assembly - System.Reflection.Emit.dll
Dependency assembly - System.Drawing.Design.dll
Dependency assembly - System.Windows.Forms.dll
Dependency assembly - System.Reflection.Emit.Lightweight.dll
Dependency assembly - System.Xml.Linq.dll
Dependency assembly - System.Security.Cryptography.DeriveBytes.dll
Dependency assembly - System.Text.RegularExpressions.dll
Dependency assembly - System.Web.dll
Dependency assembly - System.IO.Compression.ZipFile.dll
Dependency assembly - System.Globalization.Extensions.dll
Dependency assembly - System.dll
Dependency assembly - System.Xml.Serialization.dll
Dependency assembly - System.Globalization.dll
Dependency assembly - System.ComponentModel.Annotations.dll
Dependency assembly - System.Xml.XPath.XDocument.dll
Dependency assembly - System.Net.Security.dll
Dependency assembly - System.Net.ServicePoint.dll
Dependency assembly - System.Threading.ThreadPool.dll
Dependency assembly - System.IO.FileSystem.dll
Dependency assembly - System.ServiceProcess.ServiceController.dll
Dependency assembly - System.Reflection.TypeExtensions.dll
Dependency assembly - System.Json.dll
Dependency assembly - Mono.Security.dll
Dependency assembly - System.Data.Common.dll
Dependency assembly - System.Security.Cryptography.RSA.dll
Dependency assembly - System.Collections.dll
Dependency assembly - Unity.VisualScripting.Antlr3.Runtime.dll
Dependency assembly - System.Xml.XmlSerializer.dll
Dependency assembly - Unity.InputSystem.dll
Dependency assembly - System.Data.OracleClient.dll
Dependency assembly - System.Net.AuthenticationManager.dll
Dependency assembly - System.ComponentModel.EventBasedAsync.dll
Dependency assembly - System.Security.Cryptography.Hashing.Algorithms.dll

Compressed texture export202201252311597020 is used as icon. This might compromise visual quality of the final image. Uncompressed format might be considered as better import option.
UnityEngine.StackTraceUtility:ExtractStackTrace ()
UnityEditor.BuildPipeline:BuildPlayerInternal (string[],string,string,UnityEditor.BuildTargetGroup,UnityEditor.BuildTarget,int,UnityEditor.BuildOptions,string[])
UnityEditor.BuildPipeline:BuildPlayer (string[],string,string,UnityEditor.BuildTargetGroup,UnityEditor.BuildTarget,int,UnityEditor.BuildOptions,string[])
UnityEditor.BuildPipeline:BuildPlayer (UnityEditor.BuildPlayerOptions)
QuestCraftCliBuild:BuildAndroid () (at Assets/Editor/QuestCraftCliBuild.cs:86)

[Assets/Editor/QuestCraftCliBuild.cs line 86]

Compressed texture export202201252311597020 is used as icon. This might compromise visual quality of the final image. Uncompressed format might be considered as better import option.
UnityEngine.StackTraceUtility:ExtractStackTrace ()
UnityEditor.BuildPipeline:BuildPlayerInternal (string[],string,string,UnityEditor.BuildTargetGroup,UnityEditor.BuildTarget,int,UnityEditor.BuildOptions,string[])
UnityEditor.BuildPipeline:BuildPlayer (string[],string,string,UnityEditor.BuildTargetGroup,UnityEditor.BuildTarget,int,UnityEditor.BuildOptions,string[])
UnityEditor.BuildPipeline:BuildPlayer (UnityEditor.BuildPlayerOptions)
QuestCraftCliBuild:BuildAndroid () (at Assets/Editor/QuestCraftCliBuild.cs:86)

[Assets/Editor/QuestCraftCliBuild.cs line 86]

Compressed texture export202201252311597020 is used as icon. This might compromise visual quality of the final image. Uncompressed format might be considered as better import option.
UnityEngine.StackTraceUtility:ExtractStackTrace ()
UnityEditor.BuildPipeline:BuildPlayerInternal (string[],string,string,UnityEditor.BuildTargetGroup,UnityEditor.BuildTarget,int,UnityEditor.BuildOptions,string[])
UnityEditor.BuildPipeline:BuildPlayer (string[],string,string,UnityEditor.BuildTargetGroup,UnityEditor.BuildTarget,int,UnityEditor.BuildOptions,string[])
UnityEditor.BuildPipeline:BuildPlayer (UnityEditor.BuildPlayerOptions)
QuestCraftCliBuild:BuildAndroid () (at Assets/Editor/QuestCraftCliBuild.cs:86)

[Assets/Editor/QuestCraftCliBuild.cs line 86]

Compressed texture export202201252311597020 is used as icon. This might compromise visual quality of the final image. Uncompressed format might be considered as better import option.
UnityEngine.StackTraceUtility:ExtractStackTrace ()
UnityEditor.BuildPipeline:BuildPlayerInternal (string[],string,string,UnityEditor.BuildTargetGroup,UnityEditor.BuildTarget,int,UnityEditor.BuildOptions,string[])
UnityEditor.BuildPipeline:BuildPlayer (string[],string,string,UnityEditor.BuildTargetGroup,UnityEditor.BuildTarget,int,UnityEditor.BuildOptions,string[])
UnityEditor.BuildPipeline:BuildPlayer (UnityEditor.BuildPlayerOptions)
QuestCraftCliBuild:BuildAndroid () (at Assets/Editor/QuestCraftCliBuild.cs:86)

[Assets/Editor/QuestCraftCliBuild.cs line 86]

Compressed texture export202201252311597020 is used as icon. This might compromise visual quality of the final image. Uncompressed format might be considered as better import option.
UnityEngine.StackTraceUtility:ExtractStackTrace ()
UnityEditor.BuildPipeline:BuildPlayerInternal (string[],string,string,UnityEditor.BuildTargetGroup,UnityEditor.BuildTarget,int,UnityEditor.BuildOptions,string[])
UnityEditor.BuildPipeline:BuildPlayer (string[],string,string,UnityEditor.BuildTargetGroup,UnityEditor.BuildTarget,int,UnityEditor.BuildOptions,string[])
UnityEditor.BuildPipeline:BuildPlayer (UnityEditor.BuildPlayerOptions)
QuestCraftCliBuild:BuildAndroid () (at Assets/Editor/QuestCraftCliBuild.cs:86)

[Assets/Editor/QuestCraftCliBuild.cs line 86]

Compressed texture export202201252311597020 is used as icon. This might compromise visual quality of the final image. Uncompressed format might be considered as better import option.
UnityEngine.StackTraceUtility:ExtractStackTrace ()
UnityEditor.BuildPipeline:BuildPlayerInternal (string[],string,string,UnityEditor.BuildTargetGroup,UnityEditor.BuildTarget,int,UnityEditor.BuildOptions,string[])
UnityEditor.BuildPipeline:BuildPlayer (string[],string,string,UnityEditor.BuildTargetGroup,UnityEditor.BuildTarget,int,UnityEditor.BuildOptions,string[])
UnityEditor.BuildPipeline:BuildPlayer (UnityEditor.BuildPlayerOptions)
QuestCraftCliBuild:BuildAndroid () (at Assets/Editor/QuestCraftCliBuild.cs:86)

[Assets/Editor/QuestCraftCliBuild.cs line 86]

Compressed texture export202201252311597020 is used as icon. This might compromise visual quality of the final image. Uncompressed format might be considered as better import option.
UnityEngine.StackTraceUtility:ExtractStackTrace ()
UnityEditor.BuildPipeline:BuildPlayerInternal (string[],string,string,UnityEditor.BuildTargetGroup,UnityEditor.BuildTarget,int,UnityEditor.BuildOptions,string[])
UnityEditor.BuildPipeline:BuildPlayer (string[],string,string,UnityEditor.BuildTargetGroup,UnityEditor.BuildTarget,int,UnityEditor.BuildOptions,string[])
UnityEditor.BuildPipeline:BuildPlayer (UnityEditor.BuildPlayerOptions)
QuestCraftCliBuild:BuildAndroid () (at Assets/Editor/QuestCraftCliBuild.cs:86)

[Assets/Editor/QuestCraftCliBuild.cs line 86]

Compressed texture export202201252311597020 is used as icon. This might compromise visual quality of the final image. Uncompressed format might be considered as better import option.
UnityEngine.StackTraceUtility:ExtractStackTrace ()
UnityEditor.BuildPipeline:BuildPlayerInternal (string[],string,string,UnityEditor.BuildTargetGroup,UnityEditor.BuildTarget,int,UnityEditor.BuildOptions,string[])
UnityEditor.BuildPipeline:BuildPlayer (string[],string,string,UnityEditor.BuildTargetGroup,UnityEditor.BuildTarget,int,UnityEditor.BuildOptions,string[])
UnityEditor.BuildPipeline:BuildPlayer (UnityEditor.BuildPlayerOptions)
QuestCraftCliBuild:BuildAndroid () (at Assets/Editor/QuestCraftCliBuild.cs:86)

[Assets/Editor/QuestCraftCliBuild.cs line 86]

Compressed texture export202201252311597020 is used as icon. This might compromise visual quality of the final image. Uncompressed format might be considered as better import option.
UnityEngine.StackTraceUtility:ExtractStackTrace ()
UnityEditor.BuildPipeline:BuildPlayerInternal (string[],string,string,UnityEditor.BuildTargetGroup,UnityEditor.BuildTarget,int,UnityEditor.BuildOptions,string[])
UnityEditor.BuildPipeline:BuildPlayer (string[],string,string,UnityEditor.BuildTargetGroup,UnityEditor.BuildTarget,int,UnityEditor.BuildOptions,string[])
UnityEditor.BuildPipeline:BuildPlayer (UnityEditor.BuildPlayerOptions)
QuestCraftCliBuild:BuildAndroid () (at Assets/Editor/QuestCraftCliBuild.cs:86)

[Assets/Editor/QuestCraftCliBuild.cs line 86]

Compressed texture export202201252311597020 is used as icon. This might compromise visual quality of the final image. Uncompressed format might be considered as better import option.
UnityEngine.StackTraceUtility:ExtractStackTrace ()
UnityEditor.BuildPipeline:BuildPlayerInternal (string[],string,string,UnityEditor.BuildTargetGroup,UnityEditor.BuildTarget,int,UnityEditor.BuildOptions,string[])
UnityEditor.BuildPipeline:BuildPlayer (string[],string,string,UnityEditor.BuildTargetGroup,UnityEditor.BuildTarget,int,UnityEditor.BuildOptions,string[])
UnityEditor.BuildPipeline:BuildPlayer (UnityEditor.BuildPlayerOptions)
QuestCraftCliBuild:BuildAndroid () (at Assets/Editor/QuestCraftCliBuild.cs:86)

[Assets/Editor/QuestCraftCliBuild.cs line 86]

Compressed texture export202201252311597020 is used as icon. This might compromise visual quality of the final image. Uncompressed format might be considered as better import option.
UnityEngine.StackTraceUtility:ExtractStackTrace ()
UnityEditor.BuildPipeline:BuildPlayerInternal (string[],string,string,UnityEditor.BuildTargetGroup,UnityEditor.BuildTarget,int,UnityEditor.BuildOptions,string[])
UnityEditor.BuildPipeline:BuildPlayer (string[],string,string,UnityEditor.BuildTargetGroup,UnityEditor.BuildTarget,int,UnityEditor.BuildOptions,string[])
UnityEditor.BuildPipeline:BuildPlayer (UnityEditor.BuildPlayerOptions)
QuestCraftCliBuild:BuildAndroid () (at Assets/Editor/QuestCraftCliBuild.cs:86)

[Assets/Editor/QuestCraftCliBuild.cs line 86]

Compressed texture export202201252311597020 is used as icon. This might compromise visual quality of the final image. Uncompressed format might be considered as better import option.
UnityEngine.StackTraceUtility:ExtractStackTrace ()
UnityEditor.BuildPipeline:BuildPlayerInternal (string[],string,string,UnityEditor.BuildTargetGroup,UnityEditor.BuildTarget,int,UnityEditor.BuildOptions,string[])
UnityEditor.BuildPipeline:BuildPlayer (string[],string,string,UnityEditor.BuildTargetGroup,UnityEditor.BuildTarget,int,UnityEditor.BuildOptions,string[])
UnityEditor.BuildPipeline:BuildPlayer (UnityEditor.BuildPlayerOptions)
QuestCraftCliBuild:BuildAndroid () (at Assets/Editor/QuestCraftCliBuild.cs:86)

[Assets/Editor/QuestCraftCliBuild.cs line 86]

Compressed texture export202201252311597020 is used as icon. This might compromise visual quality of the final image. Uncompressed format might be considered as better import option.
UnityEngine.StackTraceUtility:ExtractStackTrace ()
UnityEditor.BuildPipeline:BuildPlayerInternal (string[],string,string,UnityEditor.BuildTargetGroup,UnityEditor.BuildTarget,int,UnityEditor.BuildOptions,string[])
UnityEditor.BuildPipeline:BuildPlayer (string[],string,string,UnityEditor.BuildTargetGroup,UnityEditor.BuildTarget,int,UnityEditor.BuildOptions,string[])
UnityEditor.BuildPipeline:BuildPlayer (UnityEditor.BuildPlayerOptions)
QuestCraftCliBuild:BuildAndroid () (at Assets/Editor/QuestCraftCliBuild.cs:86)

[Assets/Editor/QuestCraftCliBuild.cs line 86]

Compressed texture export202201252311597020 is used as icon. This might compromise visual quality of the final image. Uncompressed format might be considered as better import option.
UnityEngine.StackTraceUtility:ExtractStackTrace ()
UnityEditor.BuildPipeline:BuildPlayerInternal (string[],string,string,UnityEditor.BuildTargetGroup,UnityEditor.BuildTarget,int,UnityEditor.BuildOptions,string[])
UnityEditor.BuildPipeline:BuildPlayer (string[],string,string,UnityEditor.BuildTargetGroup,UnityEditor.BuildTarget,int,UnityEditor.BuildOptions,string[])
UnityEditor.BuildPipeline:BuildPlayer (UnityEditor.BuildPlayerOptions)
QuestCraftCliBuild:BuildAndroid () (at Assets/Editor/QuestCraftCliBuild.cs:86)

[Assets/Editor/QuestCraftCliBuild.cs line 86]

Compressed texture export202201252311597020 is used as icon. This might compromise visual quality of the final image. Uncompressed format might be considered as better import option.
UnityEngine.StackTraceUtility:ExtractStackTrace ()
UnityEditor.BuildPipeline:BuildPlayerInternal (string[],string,string,UnityEditor.BuildTargetGroup,UnityEditor.BuildTarget,int,UnityEditor.BuildOptions,string[])
UnityEditor.BuildPipeline:BuildPlayer (string[],string,string,UnityEditor.BuildTargetGroup,UnityEditor.BuildTarget,int,UnityEditor.BuildOptions,string[])
UnityEditor.BuildPipeline:BuildPlayer (UnityEditor.BuildPlayerOptions)
QuestCraftCliBuild:BuildAndroid () (at Assets/Editor/QuestCraftCliBuild.cs:86)

[Assets/Editor/QuestCraftCliBuild.cs line 86]

Compressed texture export202201252311597020 is used as icon. This might compromise visual quality of the final image. Uncompressed format might be considered as better import option.
UnityEngine.StackTraceUtility:ExtractStackTrace ()
UnityEditor.BuildPipeline:BuildPlayerInternal (string[],string,string,UnityEditor.BuildTargetGroup,UnityEditor.BuildTarget,int,UnityEditor.BuildOptions,string[])
UnityEditor.BuildPipeline:BuildPlayer (string[],string,string,UnityEditor.BuildTargetGroup,UnityEditor.BuildTarget,int,UnityEditor.BuildOptions,string[])
UnityEditor.BuildPipeline:BuildPlayer (UnityEditor.BuildPlayerOptions)
QuestCraftCliBuild:BuildAndroid () (at Assets/Editor/QuestCraftCliBuild.cs:86)

[Assets/Editor/QuestCraftCliBuild.cs line 86]

Compressed texture export202201252311597020 is used as icon. This might compromise visual quality of the final image. Uncompressed format might be considered as better import option.
UnityEngine.StackTraceUtility:ExtractStackTrace ()
UnityEditor.BuildPipeline:BuildPlayerInternal (string[],string,string,UnityEditor.BuildTargetGroup,UnityEditor.BuildTarget,int,UnityEditor.BuildOptions,string[])
UnityEditor.BuildPipeline:BuildPlayer (string[],string,string,UnityEditor.BuildTargetGroup,UnityEditor.BuildTarget,int,UnityEditor.BuildOptions,string[])
UnityEditor.BuildPipeline:BuildPlayer (UnityEditor.BuildPlayerOptions)
QuestCraftCliBuild:BuildAndroid () (at Assets/Editor/QuestCraftCliBuild.cs:86)

[Assets/Editor/QuestCraftCliBuild.cs line 86]

Compressed texture export202201252311597020 is used as icon. This might compromise visual quality of the final image. Uncompressed format might be considered as better import option.
UnityEngine.StackTraceUtility:ExtractStackTrace ()
UnityEditor.BuildPipeline:BuildPlayerInternal (string[],string,string,UnityEditor.BuildTargetGroup,UnityEditor.BuildTarget,int,UnityEditor.BuildOptions,string[])
UnityEditor.BuildPipeline:BuildPlayer (string[],string,string,UnityEditor.BuildTargetGroup,UnityEditor.BuildTarget,int,UnityEditor.BuildOptions,string[])
UnityEditor.BuildPipeline:BuildPlayer (UnityEditor.BuildPlayerOptions)
QuestCraftCliBuild:BuildAndroid () (at Assets/Editor/QuestCraftCliBuild.cs:86)

[Assets/Editor/QuestCraftCliBuild.cs line 86]

DisplayProgressbar: Initializing
Android PostProcess task "Initializing" took 0.5184 ms
DisplayProgressbar: Check gradle project collisions
Android PostProcess task "Check gradle project collisions" took 0.3262 ms
DisplayProgressbar: Preparing banner
Android PostProcess task "Preparing banner" took 0.5258 ms
info: Microsoft.AspNetCore.Hosting.Diagnostics[1]
      Request starting HTTP/2 POST http://ilpp/UnityILPP.PostProcessing/Ping application/grpc -
info: Microsoft.AspNetCore.Routing.EndpointMiddleware[0]
      Executing endpoint 'gRPC - /UnityILPP.PostProcessing/Ping'
info: Microsoft.AspNetCore.Routing.EndpointMiddleware[1]
      Executed endpoint 'gRPC - /UnityILPP.PostProcessing/Ping'
info: Microsoft.AspNetCore.Hosting.Diagnostics[2]
      Request finished HTTP/2 POST http://ilpp/UnityILPP.PostProcessing/Ping application/grpc - - 200 - application/grpc 0.3389ms
Plugin 'Packages/com.netpyoung.webp/Plugins/Android/libs/arm64-v8a/libwebpmux.so' is not 16KB-aligned. This may cause issues on ARM64 devices running Android 15+.
More info: <a href="https://developer.android.com/guide/practices/page-sizes">https://developer.android.com/guide/practices/page-sizes</a>.
UnityEngine.StackTraceUtility:ExtractStackTrace ()
UnityEngine.DebugLogHandler:LogFormat (UnityEngine.LogType,UnityEngine.Object,string,object[])
UnityEngine.Logger:Log (UnityEngine.LogType,object)
UnityEngine.Debug:LogWarning (object)
UnityEditor.Android.AndroidBuildPostprocessor:CollectPlugin (string,Unity.Android.Types.AndroidArchitecture,System.Collections.Generic.Dictionary`2<string, UnityEditor.Android.AndroidBuildPostprocessor/AndroidSourcePlugin>,bool) (at /home/bokken/build/output/unity/unity/PlatformDependent/AndroidPlayer/Editor/Managed/ExtensionModule.cs:407)
UnityEditor.Android.AndroidBuildPostprocessor:PluginsDataFor (UnityEditor.Modules.BuildPostProcessArgs) (at /home/bokken/build/output/unity/unity/PlatformDependent/AndroidPlayer/Editor/Managed/ExtensionModule.cs:470)
UnityEditor.Modules.BeeBuildPostprocessor/<GetDataForBuildProgramFor>d__49:MoveNext ()
UnityEditor.Android.AndroidBuildPostprocessor/<GetDataForBuildProgramFor>d__29:MoveNext () (at /home/bokken/build/output/unity/unity/PlatformDependent/AndroidPlayer/Editor/Managed/ExtensionModule.cs:730)
System.Linq.Enumerable/WhereEnumerableIterator`1<object>:MoveNext ()
Bee.BeeDriver.BeeDriver:WriteDataForBuildProgram (Bee.BeeDriver.InternalState,System.Threading.Tasks.TaskCompletionSource`1<int>)
Bee.BeeDriver.BeeDriver/<>c__DisplayClass0_0:<BuildAsync>g__WriteData|0 ()
Bee.BeeDriver.BeeDriver:BuildAsync (Bee.BeeDriver.BuildRequest,System.Threading.CancellationToken)
UnityEditor.Modules.BeeBuildPostprocessor:PostProcess (UnityEditor.Modules.BuildPostProcessArgs)
UnityEditor.Modules.DefaultBuildPostprocessor:PostProcess (UnityEditor.Modules.BuildPostProcessArgs,UnityEditor.BuildProperties&)
UnityEditor.Android.AndroidBuildPostprocessor:PostProcess (UnityEditor.Modules.BuildPostProcessArgs,UnityEditor.BuildProperties&) (at /home/bokken/build/output/unity/unity/PlatformDependent/AndroidPlayer/Editor/Managed/ExtensionModule.cs:228)
UnityEditor.PostprocessBuildPlayer:Postprocess (UnityEditor.BuildTargetGroup,UnityEditor.BuildTarget,int,string,string,string,int,int,UnityEditor.BuildOptions,UnityEditor.RuntimeClassRegistry,UnityEditor.Build.Reporting.BuildReport)
UnityEditor.BuildPipeline:BuildPlayerInternal (string[],string,string,UnityEditor.BuildTargetGroup,UnityEditor.BuildTarget,int,UnityEditor.BuildOptions,string[])
UnityEditor.BuildPipeline:BuildPlayer (string[],string,string,UnityEditor.BuildTargetGroup,UnityEditor.BuildTarget,int,UnityEditor.BuildOptions,string[])
UnityEditor.BuildPipeline:BuildPlayer (UnityEditor.BuildPlayerOptions)
QuestCraftCliBuild:BuildAndroid () (at Assets/Editor/QuestCraftCliBuild.cs:86)

(Filename: /home/bokken/build/output/unity/unity/PlatformDependent/AndroidPlayer/Editor/Managed/ExtensionModule.cs Line: 407)

Plugin 'Packages/com.netpyoung.webp/Plugins/Android/libs/arm64-v8a/libwebpdemux.so' is not 16KB-aligned. This may cause issues on ARM64 devices running Android 15+.
More info: <a href="https://developer.android.com/guide/practices/page-sizes">https://developer.android.com/guide/practices/page-sizes</a>.
UnityEngine.StackTraceUtility:ExtractStackTrace ()
UnityEngine.DebugLogHandler:LogFormat (UnityEngine.LogType,UnityEngine.Object,string,object[])
UnityEngine.Logger:Log (UnityEngine.LogType,object)
UnityEngine.Debug:LogWarning (object)
UnityEditor.Android.AndroidBuildPostprocessor:CollectPlugin (string,Unity.Android.Types.AndroidArchitecture,System.Collections.Generic.Dictionary`2<string, UnityEditor.Android.AndroidBuildPostprocessor/AndroidSourcePlugin>,bool) (at /home/bokken/build/output/unity/unity/PlatformDependent/AndroidPlayer/Editor/Managed/ExtensionModule.cs:407)
UnityEditor.Android.AndroidBuildPostprocessor:PluginsDataFor (UnityEditor.Modules.BuildPostProcessArgs) (at /home/bokken/build/output/unity/unity/PlatformDependent/AndroidPlayer/Editor/Managed/ExtensionModule.cs:470)
UnityEditor.Modules.BeeBuildPostprocessor/<GetDataForBuildProgramFor>d__49:MoveNext ()
UnityEditor.Android.AndroidBuildPostprocessor/<GetDataForBuildProgramFor>d__29:MoveNext () (at /home/bokken/build/output/unity/unity/PlatformDependent/AndroidPlayer/Editor/Managed/ExtensionModule.cs:730)
System.Linq.Enumerable/WhereEnumerableIterator`1<object>:MoveNext ()
Bee.BeeDriver.BeeDriver:WriteDataForBuildProgram (Bee.BeeDriver.InternalState,System.Threading.Tasks.TaskCompletionSource`1<int>)
Bee.BeeDriver.BeeDriver/<>c__DisplayClass0_0:<BuildAsync>g__WriteData|0 ()
Bee.BeeDriver.BeeDriver:BuildAsync (Bee.BeeDriver.BuildRequest,System.Threading.CancellationToken)
UnityEditor.Modules.BeeBuildPostprocessor:PostProcess (UnityEditor.Modules.BuildPostProcessArgs)
UnityEditor.Modules.DefaultBuildPostprocessor:PostProcess (UnityEditor.Modules.BuildPostProcessArgs,UnityEditor.BuildProperties&)
UnityEditor.Android.AndroidBuildPostprocessor:PostProcess (UnityEditor.Modules.BuildPostProcessArgs,UnityEditor.BuildProperties&) (at /home/bokken/build/output/unity/unity/PlatformDependent/AndroidPlayer/Editor/Managed/ExtensionModule.cs:228)
UnityEditor.PostprocessBuildPlayer:Postprocess (UnityEditor.BuildTargetGroup,UnityEditor.BuildTarget,int,string,string,string,int,int,UnityEditor.BuildOptions,UnityEditor.RuntimeClassRegistry,UnityEditor.Build.Reporting.BuildReport)
UnityEditor.BuildPipeline:BuildPlayerInternal (string[],string,string,UnityEditor.BuildTargetGroup,UnityEditor.BuildTarget,int,UnityEditor.BuildOptions,string[])
UnityEditor.BuildPipeline:BuildPlayer (string[],string,string,UnityEditor.BuildTargetGroup,UnityEditor.BuildTarget,int,UnityEditor.BuildOptions,string[])
UnityEditor.BuildPipeline:BuildPlayer (UnityEditor.BuildPlayerOptions)
QuestCraftCliBuild:BuildAndroid () (at Assets/Editor/QuestCraftCliBuild.cs:86)

(Filename: /home/bokken/build/output/unity/unity/PlatformDependent/AndroidPlayer/Editor/Managed/ExtensionModule.cs Line: 407)

Plugin 'Packages/com.unity.xr.openxr/Runtime/android/arm64/libUnityOpenXR.so' is not 16KB-aligned. This may cause issues on ARM64 devices running Android 15+.
More info: <a href="https://developer.android.com/guide/practices/page-sizes">https://developer.android.com/guide/practices/page-sizes</a>.
UnityEngine.StackTraceUtility:ExtractStackTrace ()
UnityEngine.DebugLogHandler:LogFormat (UnityEngine.LogType,UnityEngine.Object,string,object[])
UnityEngine.Logger:Log (UnityEngine.LogType,object)
UnityEngine.Debug:LogWarning (object)
UnityEditor.Android.AndroidBuildPostprocessor:CollectPlugin (string,Unity.Android.Types.AndroidArchitecture,System.Collections.Generic.Dictionary`2<string, UnityEditor.Android.AndroidBuildPostprocessor/AndroidSourcePlugin>,bool) (at /home/bokken/build/output/unity/unity/PlatformDependent/AndroidPlayer/Editor/Managed/ExtensionModule.cs:407)
UnityEditor.Android.AndroidBuildPostprocessor:PluginsDataFor (UnityEditor.Modules.BuildPostProcessArgs) (at /home/bokken/build/output/unity/unity/PlatformDependent/AndroidPlayer/Editor/Managed/ExtensionModule.cs:470)
UnityEditor.Modules.BeeBuildPostprocessor/<GetDataForBuildProgramFor>d__49:MoveNext ()
UnityEditor.Android.AndroidBuildPostprocessor/<GetDataForBuildProgramFor>d__29:MoveNext () (at /home/bokken/build/output/unity/unity/PlatformDependent/AndroidPlayer/Editor/Managed/ExtensionModule.cs:730)
System.Linq.Enumerable/WhereEnumerableIterator`1<object>:MoveNext ()
Bee.BeeDriver.BeeDriver:WriteDataForBuildProgram (Bee.BeeDriver.InternalState,System.Threading.Tasks.TaskCompletionSource`1<int>)
Bee.BeeDriver.BeeDriver/<>c__DisplayClass0_0:<BuildAsync>g__WriteData|0 ()
Bee.BeeDriver.BeeDriver:BuildAsync (Bee.BeeDriver.BuildRequest,System.Threading.CancellationToken)
UnityEditor.Modules.BeeBuildPostprocessor:PostProcess (UnityEditor.Modules.BuildPostProcessArgs)
UnityEditor.Modules.DefaultBuildPostprocessor:PostProcess (UnityEditor.Modules.BuildPostProcessArgs,UnityEditor.BuildProperties&)
UnityEditor.Android.AndroidBuildPostprocessor:PostProcess (UnityEditor.Modules.BuildPostProcessArgs,UnityEditor.BuildProperties&) (at /home/bokken/build/output/unity/unity/PlatformDependent/AndroidPlayer/Editor/Managed/ExtensionModule.cs:228)
UnityEditor.PostprocessBuildPlayer:Postprocess (UnityEditor.BuildTargetGroup,UnityEditor.BuildTarget,int,string,string,string,int,int,UnityEditor.BuildOptions,UnityEditor.RuntimeClassRegistry,UnityEditor.Build.Reporting.BuildReport)
UnityEditor.BuildPipeline:BuildPlayerInternal (string[],string,string,UnityEditor.BuildTargetGroup,UnityEditor.BuildTarget,int,UnityEditor.BuildOptions,string[])
UnityEditor.BuildPipeline:BuildPlayer (string[],string,string,UnityEditor.BuildTargetGroup,UnityEditor.BuildTarget,int,UnityEditor.BuildOptions,string[])
UnityEditor.BuildPipeline:BuildPlayer (UnityEditor.BuildPlayerOptions)
QuestCraftCliBuild:BuildAndroid () (at Assets/Editor/QuestCraftCliBuild.cs:86)

(Filename: /home/bokken/build/output/unity/unity/PlatformDependent/AndroidPlayer/Editor/Managed/ExtensionModule.cs Line: 407)

Plugin 'Packages/com.netpyoung.webp/Plugins/Android/libs/arm64-v8a/libwebp.so' is not 16KB-aligned. This may cause issues on ARM64 devices running Android 15+.
More info: <a href="https://developer.android.com/guide/practices/page-sizes">https://developer.android.com/guide/practices/page-sizes</a>.
UnityEngine.StackTraceUtility:ExtractStackTrace ()
UnityEngine.DebugLogHandler:LogFormat (UnityEngine.LogType,UnityEngine.Object,string,object[])
UnityEngine.Logger:Log (UnityEngine.LogType,object)
UnityEngine.Debug:LogWarning (object)
UnityEditor.Android.AndroidBuildPostprocessor:CollectPlugin (string,Unity.Android.Types.AndroidArchitecture,System.Collections.Generic.Dictionary`2<string, UnityEditor.Android.AndroidBuildPostprocessor/AndroidSourcePlugin>,bool) (at /home/bokken/build/output/unity/unity/PlatformDependent/AndroidPlayer/Editor/Managed/ExtensionModule.cs:407)
UnityEditor.Android.AndroidBuildPostprocessor:PluginsDataFor (UnityEditor.Modules.BuildPostProcessArgs) (at /home/bokken/build/output/unity/unity/PlatformDependent/AndroidPlayer/Editor/Managed/ExtensionModule.cs:470)
UnityEditor.Modules.BeeBuildPostprocessor/<GetDataForBuildProgramFor>d__49:MoveNext ()
UnityEditor.Android.AndroidBuildPostprocessor/<GetDataForBuildProgramFor>d__29:MoveNext () (at /home/bokken/build/output/unity/unity/PlatformDependent/AndroidPlayer/Editor/Managed/ExtensionModule.cs:730)
System.Linq.Enumerable/WhereEnumerableIterator`1<object>:MoveNext ()
Bee.BeeDriver.BeeDriver:WriteDataForBuildProgram (Bee.BeeDriver.InternalState,System.Threading.Tasks.TaskCompletionSource`1<int>)
Bee.BeeDriver.BeeDriver/<>c__DisplayClass0_0:<BuildAsync>g__WriteData|0 ()
Bee.BeeDriver.BeeDriver:BuildAsync (Bee.BeeDriver.BuildRequest,System.Threading.CancellationToken)
UnityEditor.Modules.BeeBuildPostprocessor:PostProcess (UnityEditor.Modules.BuildPostProcessArgs)
UnityEditor.Modules.DefaultBuildPostprocessor:PostProcess (UnityEditor.Modules.BuildPostProcessArgs,UnityEditor.BuildProperties&)
UnityEditor.Android.AndroidBuildPostprocessor:PostProcess (UnityEditor.Modules.BuildPostProcessArgs,UnityEditor.BuildProperties&) (at /home/bokken/build/output/unity/unity/PlatformDependent/AndroidPlayer/Editor/Managed/ExtensionModule.cs:228)
UnityEditor.PostprocessBuildPlayer:Postprocess (UnityEditor.BuildTargetGroup,UnityEditor.BuildTarget,int,string,string,string,int,int,UnityEditor.BuildOptions,UnityEditor.RuntimeClassRegistry,UnityEditor.Build.Reporting.BuildReport)
UnityEditor.BuildPipeline:BuildPlayerInternal (string[],string,string,UnityEditor.BuildTargetGroup,UnityEditor.BuildTarget,int,UnityEditor.BuildOptions,string[])
UnityEditor.BuildPipeline:BuildPlayer (string[],string,string,UnityEditor.BuildTargetGroup,UnityEditor.BuildTarget,int,UnityEditor.BuildOptions,string[])
UnityEditor.BuildPipeline:BuildPlayer (UnityEditor.BuildPlayerOptions)
QuestCraftCliBuild:BuildAndroid () (at Assets/Editor/QuestCraftCliBuild.cs:86)

(Filename: /home/bokken/build/output/unity/unity/PlatformDependent/AndroidPlayer/Editor/Managed/ExtensionModule.cs Line: 407)

Plugin 'Packages/com.unity.xr.openxr.picoxr/Platform/Plugins/Android64/libpxrplatformloader.so' is not 16KB-aligned. This may cause issues on ARM64 devices running Android 15+.
More info: <a href="https://developer.android.com/guide/practices/page-sizes">https://developer.android.com/guide/practices/page-sizes</a>.
UnityEngine.StackTraceUtility:ExtractStackTrace ()
UnityEngine.DebugLogHandler:LogFormat (UnityEngine.LogType,UnityEngine.Object,string,object[])
UnityEngine.Logger:Log (UnityEngine.LogType,object)
UnityEngine.Debug:LogWarning (object)
UnityEditor.Android.AndroidBuildPostprocessor:CollectPlugin (string,Unity.Android.Types.AndroidArchitecture,System.Collections.Generic.Dictionary`2<string, UnityEditor.Android.AndroidBuildPostprocessor/AndroidSourcePlugin>,bool) (at /home/bokken/build/output/unity/unity/PlatformDependent/AndroidPlayer/Editor/Managed/ExtensionModule.cs:407)
UnityEditor.Android.AndroidBuildPostprocessor:PluginsDataFor (UnityEditor.Modules.BuildPostProcessArgs) (at /home/bokken/build/output/unity/unity/PlatformDependent/AndroidPlayer/Editor/Managed/ExtensionModule.cs:470)
UnityEditor.Modules.BeeBuildPostprocessor/<GetDataForBuildProgramFor>d__49:MoveNext ()
UnityEditor.Android.AndroidBuildPostprocessor/<GetDataForBuildProgramFor>d__29:MoveNext () (at /home/bokken/build/output/unity/unity/PlatformDependent/AndroidPlayer/Editor/Managed/ExtensionModule.cs:730)
System.Linq.Enumerable/WhereEnumerableIterator`1<object>:MoveNext ()
Bee.BeeDriver.BeeDriver:WriteDataForBuildProgram (Bee.BeeDriver.InternalState,System.Threading.Tasks.TaskCompletionSource`1<int>)
Bee.BeeDriver.BeeDriver/<>c__DisplayClass0_0:<BuildAsync>g__WriteData|0 ()
Bee.BeeDriver.BeeDriver:BuildAsync (Bee.BeeDriver.BuildRequest,System.Threading.CancellationToken)
UnityEditor.Modules.BeeBuildPostprocessor:PostProcess (UnityEditor.Modules.BuildPostProcessArgs)
UnityEditor.Modules.DefaultBuildPostprocessor:PostProcess (UnityEditor.Modules.BuildPostProcessArgs,UnityEditor.BuildProperties&)
UnityEditor.Android.AndroidBuildPostprocessor:PostProcess (UnityEditor.Modules.BuildPostProcessArgs,UnityEditor.BuildProperties&) (at /home/bokken/build/output/unity/unity/PlatformDependent/AndroidPlayer/Editor/Managed/ExtensionModule.cs:228)
UnityEditor.PostprocessBuildPlayer:Postprocess (UnityEditor.BuildTargetGroup,UnityEditor.BuildTarget,int,string,string,string,int,int,UnityEditor.BuildOptions,UnityEditor.RuntimeClassRegistry,UnityEditor.Build.Reporting.BuildReport)
UnityEditor.BuildPipeline:BuildPlayerInternal (string[],string,string,UnityEditor.BuildTargetGroup,UnityEditor.BuildTarget,int,UnityEditor.BuildOptions,string[])
UnityEditor.BuildPipeline:BuildPlayer (string[],string,string,UnityEditor.BuildTargetGroup,UnityEditor.BuildTarget,int,UnityEditor.BuildOptions,string[])
UnityEditor.BuildPipeline:BuildPlayer (UnityEditor.BuildPlayerOptions)
QuestCraftCliBuild:BuildAndroid () (at Assets/Editor/QuestCraftCliBuild.cs:86)

(Filename: /home/bokken/build/output/unity/unity/PlatformDependent/AndroidPlayer/Editor/Managed/ExtensionModule.cs Line: 407)

Plugin 'Packages/com.netpyoung.webp/Plugins/Android/libs/arm64-v8a/libwebpdecoder.so' is not 16KB-aligned. This may cause issues on ARM64 devices running Android 15+.
More info: <a href="https://developer.android.com/guide/practices/page-sizes">https://developer.android.com/guide/practices/page-sizes</a>.
UnityEngine.StackTraceUtility:ExtractStackTrace ()
UnityEngine.DebugLogHandler:LogFormat (UnityEngine.LogType,UnityEngine.Object,string,object[])
UnityEngine.Logger:Log (UnityEngine.LogType,object)
UnityEngine.Debug:LogWarning (object)
UnityEditor.Android.AndroidBuildPostprocessor:CollectPlugin (string,Unity.Android.Types.AndroidArchitecture,System.Collections.Generic.Dictionary`2<string, UnityEditor.Android.AndroidBuildPostprocessor/AndroidSourcePlugin>,bool) (at /home/bokken/build/output/unity/unity/PlatformDependent/AndroidPlayer/Editor/Managed/ExtensionModule.cs:407)
UnityEditor.Android.AndroidBuildPostprocessor:PluginsDataFor (UnityEditor.Modules.BuildPostProcessArgs) (at /home/bokken/build/output/unity/unity/PlatformDependent/AndroidPlayer/Editor/Managed/ExtensionModule.cs:470)
UnityEditor.Modules.BeeBuildPostprocessor/<GetDataForBuildProgramFor>d__49:MoveNext ()
UnityEditor.Android.AndroidBuildPostprocessor/<GetDataForBuildProgramFor>d__29:MoveNext () (at /home/bokken/build/output/unity/unity/PlatformDependent/AndroidPlayer/Editor/Managed/ExtensionModule.cs:730)
System.Linq.Enumerable/WhereEnumerableIterator`1<object>:MoveNext ()
Bee.BeeDriver.BeeDriver:WriteDataForBuildProgram (Bee.BeeDriver.InternalState,System.Threading.Tasks.TaskCompletionSource`1<int>)
Bee.BeeDriver.BeeDriver/<>c__DisplayClass0_0:<BuildAsync>g__WriteData|0 ()
Bee.BeeDriver.BeeDriver:BuildAsync (Bee.BeeDriver.BuildRequest,System.Threading.CancellationToken)
UnityEditor.Modules.BeeBuildPostprocessor:PostProcess (UnityEditor.Modules.BuildPostProcessArgs)
UnityEditor.Modules.DefaultBuildPostprocessor:PostProcess (UnityEditor.Modules.BuildPostProcessArgs,UnityEditor.BuildProperties&)
UnityEditor.Android.AndroidBuildPostprocessor:PostProcess (UnityEditor.Modules.BuildPostProcessArgs,UnityEditor.BuildProperties&) (at /home/bokken/build/output/unity/unity/PlatformDependent/AndroidPlayer/Editor/Managed/ExtensionModule.cs:228)
UnityEditor.PostprocessBuildPlayer:Postprocess (UnityEditor.BuildTargetGroup,UnityEditor.BuildTarget,int,string,string,string,int,int,UnityEditor.BuildOptions,UnityEditor.RuntimeClassRegistry,UnityEditor.Build.Reporting.BuildReport)
UnityEditor.BuildPipeline:BuildPlayerInternal (string[],string,string,UnityEditor.BuildTargetGroup,UnityEditor.BuildTarget,int,UnityEditor.BuildOptions,string[])
UnityEditor.BuildPipeline:BuildPlayer (string[],string,string,UnityEditor.BuildTargetGroup,UnityEditor.BuildTarget,int,UnityEditor.BuildOptions,string[])
UnityEditor.BuildPipeline:BuildPlayer (UnityEditor.BuildPlayerOptions)
QuestCraftCliBuild:BuildAndroid () (at Assets/Editor/QuestCraftCliBuild.cs:86)

(Filename: /home/bokken/build/output/unity/unity/PlatformDependent/AndroidPlayer/Editor/Managed/ExtensionModule.cs Line: 407)

Starting: C:\Program Files\Unity\Hub\Editor\2022.3.62f3\Editor\Data\bee_backend.exe --ipc --dagfile="Library/Bee/Player1a4ac495.dag" --profile="Library/Bee/backend1.traceevents" Player
WorkingDir: C:/Users/User/questcraft-26.2-experiment/QCXR-XR-Wrapper
DisplayProgressbar: Incremental Player Build
[ 706/1293  0s] CopyFiles C:/Users/User/questcraft-26.2-experiment/QCXR-XR-Wrapper/Library/Bee/Android/Prj/IL2CPP/Gradle/unityLibrary/libs/Pojlib-release.aar
*** Tundra build success (0.31 seconds), 1 items updated, 1293 evaluated
ExitCode: 0 Duration: 0s366ms
DisplayProgressbar: Calling IPostGenerateGradleAndroidProject callbacks
Calling IPostGenerateGradleAndroidProject callbacks on 'C:\Users\User\questcraft-26.2-experiment\QCXR-XR-Wrapper\Library\Bee\Android\Prj\IL2CPP\Gradle\unityLibrary':
    Call "Unity.XR.OpenXR.Features.PICOSupport.PICOModifyAndroidManifest.OnPostGenerateGradleAndroidProject" from assembly 'Unity.XR.OpenXR.Features.PICOSupport.Editor'
    Call "Unity.XR.Management.AndroidManifest.Editor.AndroidManifestBuildEventReceiver.OnPostGenerateGradleAndroidProject" from assembly 'Unity.XR.Management.Editor'
    Call "UnityEditor.XR.OpenXR.Features.OculusQuestSupport.ModifyAndroidManifestOculus.OnPostGenerateGradleAndroidProject" from assembly 'Unity.XR.OpenXR.Features.OculusQuestSupport.Editor'
    Call "UnityEditor.XR.OpenXR.Features.MetaQuestSupport.ModifyAndroidManifestMeta.OnPostGenerateGradleAndroidProject" from assembly 'Unity.XR.OpenXR.Features.MetaQuestSupport.Editor'
    Call "UnityEditor.XR.OpenXR.Features.MetaQuestSupport.MetaQuestFeatureBuildHooks.OnPostGenerateGradleAndroidProject" from assembly 'Unity.XR.OpenXR.Features.MetaQuestSupport.Editor'
    Call "Pico.Platform.Editor.PlatformManifestRewrite.OnPostGenerateGradleAndroidProject" from assembly 'PICO.Platform.Editor'
Android PostProcess task "Calling IPostGenerateGradleAndroidProject callbacks" took 89.1784 ms
Android PostProcess task "Cloud Diagnostics Symbol Upload" took 0.41 ms
DisplayProgressbar: Building Gradle project
Total cache size 147267829
Total cache size after purge 147267829
Android PostProcess task "Building Gradle project" took 29172.8221 ms
DisplayProgressbar: Processing Mapping File
Android PostProcess task "Processing Mapping File" took 0.3432 ms
DisplayProgressbar: Moving output package(s)
Android PostProcess task "Moving output package(s)" took 53.621 ms
Refreshing native plugins compatible for Editor in 37.29 ms, found 19 plugins.
Preloading 0 native plugins for Editor in 0.00 ms.

-------------------------------------------------------------------------------
Build Report
Information on used Assets is not available, since player data was not rebuilt.
Do a clean build to view the Asset build report information.
-------------------------------------------------------------------------------
Unloading 5 Unused Serialized files (Serialized files now loaded: 0)
Unloading 206 unused Assets / (1.5 MB). Loaded Objects now: 5540.
Memory consumption went from 149.0 MB to 147.5 MB.
Total: 8.036700 ms (FindLiveObjects: 1.309600 ms CreateObjectMapping: 0.285500 ms MarkObjects: 5.147900 ms  DeleteObjects: 1.292700 ms)

DisplayProgressNotification: Build Successful
Build Finished, Result: Success.
##utp:{"type":"PlayerBuildInfo","version":2,"phase":"Immediate","time":1787966716878,"processId":10840,"steps":[{"description":"Preprocess Player","duration":284},{"description":"Prepare For Build","duration":2097},{"description":"ProducePlayerScriptAssemblies","duration":3783},{"description":"Verify Build setup","duration":948},{"description":"Prepare assets for target platform","duration":85},{"description":"Prepare splash screen","duration":21},{"description":"Run script only build","duration":119},{"description":"Postprocess built player","duration":30844}],"duration":38181}
[PhysX] Initialized MultithreadedTaskDispatcher with 16 workers.
Unloading 0 Unused Serialized files (Serialized files now loaded: 0)
Loaded scene 'Temp/__Backupscenes/0.backup'
	Deserialize:            1.069 ms
	Integration:            31.713 ms
	Integration of assets:  0.001 ms
	Thread Wait Time:       0.006 ms
	Total Operation Time:   32.790 ms
Unloading 0 unused Assets / (0 B). Loaded Objects now: 5540.
Memory consumption went from 134.6 MB to 134.6 MB.
Total: 7.702400 ms (FindLiveObjects: 0.893900 ms CreateObjectMapping: 0.199600 ms MarkObjects: 6.601000 ms  DeleteObjects: 0.007200 ms)

Batchmode quit successfully invoked - shutting down!
Killing ADB server in 0.1069114 seconds.
Start importing ProjectSettings/ProjectSettings.asset using Guid(00000000000000004000000000000000) Importer(-1,00000000000000000000000000000000) [PhysX] Initialized MultithreadedTaskDispatcher with 16 workers.
 -> (artifact id: '9b426df834fc3115a1b9d08f759588d5') in 0.003554 seconds
Refreshing native plugins compatible for Editor in 38.19 ms, found 19 plugins.
Preloading 0 native plugins for Editor in 0.00 ms.
Asset Pipeline Refresh (id=690cd040a085ee04f89228a560e7b92f): Total: 0.121 seconds - Initiated by StopAssetImportingV2(NoUpdateAssetOptions)
[PhysX] Initialized MultithreadedTaskDispatcher with 16 workers.
Input System module state changed to: ShutdownInProgress.
Input System polling thread exited.
Input System module state changed to: Shutdown.
[Licensing::IpcConnector] LicenseClient-User-notifications channel disconnected successfully.
[Licensing::IpcConnector] LicenseClient-User channel disconnected successfully.
Cleanup mono
abort_threads: Failed aborting id: 00000000000015FC, mono_thread_manage will ignore it

abort_threads: Failed aborting id: 00000000000046E8, mono_thread_manage will ignore it

abort_threads: Failed aborting id: 0000000000002998, mono_thread_manage will ignore it

abort_threads: Failed aborting id: 00000000000015FC, mono_thread_manage will ignore it

abort_threads: Failed aborting id: 00000000000046E8, mono_thread_manage will ignore it

abort_threads: Failed aborting id: 0000000000002998, mono_thread_manage will ignore it

debugger-agent: Unable to listen on 4840
[usbmuxd] Stop listen thread
[usbmuxd] Listen thread exiting
[Performance] WinEditorMain                                                                                                                                :        1 samples, Peak.  1.10 s (1.0x), Avg.  1.10 s, Total. 1.099 s (0.7%)
[Performance] WinEditorMain.ConfigureCrashHandler                                                                                                          :        1 samples, Peak.  52.2 us (1.0x), Avg.  52.2 us, Total. 52.20 us (0.0%)
[Performance] WinEditorMain.CurlRequestInitialize                                                                                                          :        1 samples, Peak.  5.49 ms (1.0x), Avg.  5.49 ms, Total. 5.492 ms (0.0%)
[Performance] WinEditorMain.SetupLogFile                                                                                                                   :        1 samples, Peak.   691 us (1.0x), Avg.   691 us, Total. 690.9 us (0.0%)
[Performance] WinEditorMain.RunNativeTestsIfRequiredAndExit                                                                                                :        1 samples, Peak.   100 ns (1.0x), Avg.   100 ns, Total. 100.0 ns (0.0%)
[Performance] WinEditorMain.Licensing                                                                                                                      :        1 samples, Peak.  1.05 s (1.0x), Avg.  1.05 s, Total. 1.052 s (0.7%)
[Performance] WinEditorMain.InitializeCrashHandler                                                                                                         :        1 samples, Peak.  21.7 ms (1.0x), Avg.  21.7 ms, Total. 21.66 ms (0.0%)
[Performance] WinEditorMain.CreateApplication                                                                                                              :        1 samples, Peak.  1.52 ms (1.0x), Avg.  1.52 ms, Total. 1.521 ms (0.0%)
[Performance] Application.InitializeProject                                                                                                                :        1 samples, Peak.  99.4 s (1.0x), Avg.  99.4 s, Total. 99.40 s (66.1%)
[Performance] Application.PackageManager.StartServer                                                                                                       :        1 samples, Peak.  15.0 ms (1.0x), Avg.  15.0 ms, Total. 14.99 ms (0.0%)
[Performance] Application.AcquireProjectLock                                                                                                               :        1 samples, Peak.  6.22 ms (1.0x), Avg.  6.22 ms, Total. 6.223 ms (0.0%)
[Performance] Application.InitializeEngineNoGraphics                                                                                                       :        1 samples, Peak.   263 ms (1.0x), Avg.   263 ms, Total. 263.4 ms (0.2%)
[Performance] Application.PackageManager.Initialize                                                                                                        :        1 samples, Peak.   750 ms (1.0x), Avg.   750 ms, Total. 750.4 ms (0.5%)
[Performance] Connecting to Package Manager                                                                                                                :       76 samples, Peak.  78.7 us (26.2x), Avg.  3.00 us, Total. 228.0 us (0.0%)
[Performance] Application.EngineGraphics.Initialize                                                                                                        :        1 samples, Peak.   313 ms (1.0x), Avg.   313 ms, Total. 312.8 ms (0.2%)
[Performance] Application.GI.Initialize                                                                                                                    :        1 samples, Peak.  14.7 ms (1.0x), Avg.  14.7 ms, Total. 14.71 ms (0.0%)
[Performance] Application.LoadAllDefaultResourcesFromEditor                                                                                                :        1 samples, Peak.  1.95 ms (1.0x), Avg.  1.95 ms, Total. 1.945 ms (0.0%)
[Performance] Application.LoadMonoAssemblies                                                                                                               :        1 samples, Peak.  12.3 s (1.0x), Avg.  12.3 s, Total. 12.27 s (8.2%)
[Performance] RestoreManagedReferences                                                                                                                     :        2 samples, Peak.  58.3 ms (2.0x), Avg.  29.2 ms, Total. 58.31 ms (0.0%)
[Performance] InitializeOnLoad DrivenRectTransformUndo                                                                                                     :        2 samples, Peak.   821 us (1.4x), Avg.   599 us, Total. 1.197 ms (0.0%)
[Performance] InitializeOnLoad SceneSearch                                                                                                                 :        2 samples, Peak.   168 us (1.1x), Avg.   154 us, Total. 307.7 us (0.0%)
[Performance] InitializeOnLoad CloudBuild                                                                                                                  :        2 samples, Peak.  5.40 us (1.0x), Avg.  5.20 us, Total. 10.40 us (0.0%)
[Performance] InitializeOnLoad NativeFormatImporterUtility                                                                                                 :        2 samples, Peak.  5.63 ms (1.5x), Avg.  3.68 ms, Total. 7.352 ms (0.0%)
[Performance] InitializeOnLoad SearchService                                                                                                               :        2 samples, Peak.   169 us (1.2x), Avg.   143 us, Total. 285.2 us (0.0%)
[Performance] InitializeOnLoad SettingsService                                                                                                             :        2 samples, Peak.  11.2 us (1.1x), Avg.  10.0 us, Total. 20.10 us (0.0%)
[Performance] InitializeOnLoad WindowLayout                                                                                                                :        2 samples, Peak.   606 us (1.5x), Avg.   409 us, Total. 817.7 us (0.0%)
[Performance] InitializeOnLoad AssetStoreContext                                                                                                           :        2 samples, Peak.  22.0 ms (1.7x), Avg.  12.7 ms, Total. 25.32 ms (0.0%)
[Performance] InitializeOnLoad PoolManager                                                                                                                 :        2 samples, Peak.   565 us (1.2x), Avg.   490 us, Total. 979.4 us (0.0%)
[Performance] InitializeOnLoad MixerEffectDefinitionReloader                                                                                               :        2 samples, Peak.  3.61 ms (1.4x), Avg.  2.56 ms, Total. 5.119 ms (0.0%)
[Performance] InitializeOnLoad ProjectSearch                                                                                                               :        2 samples, Peak.  72.4 us (1.3x), Avg.  55.2 us, Total. 110.4 us (0.0%)
[Performance] InitializeOnLoad UISystemProfilerRenderService                                                                                               :        2 samples, Peak.  7.60 us (1.1x), Avg.  6.80 us, Total. 13.60 us (0.0%)
[Performance] InitializeOnLoad EditMode                                                                                                                    :        2 samples, Peak.   887 us (1.5x), Avg.   602 us, Total. 1.204 ms (0.0%)
[Performance] InitializeOnLoad UnityConnect                                                                                                                :        2 samples, Peak.   215 us (1.7x), Avg.   127 us, Total. 253.9 us (0.0%)
[Performance] InitializeOnLoad ManagedDebugger                                                                                                             :        2 samples, Peak.   491 us (1.0x), Avg.   471 us, Total. 942.2 us (0.0%)
[Performance] InitializeOnLoad ShortcutIntegration                                                                                                         :        2 samples, Peak.  50.5 us (1.0x), Avg.  49.0 us, Total. 98.00 us (0.0%)
[Performance] InitializeOnLoad AddComponentWindow                                                                                                          :        2 samples, Peak.  95.0 us (1.0x), Avg.  91.0 us, Total. 182.1 us (0.0%)
[Performance] InitializeOnLoad ManagedDebuggerWindow                                                                                                       :        2 samples, Peak.   116 us (1.1x), Avg.   110 us, Total. 220.0 us (0.0%)
[Performance] InitializeOnLoad CacheServerWindow                                                                                                           :        2 samples, Peak.  9.60 us (1.1x), Avg.  8.65 us, Total. 17.30 us (0.0%)
[Performance] InitializeOnLoad PlayModeDownload                                                                                                            :        2 samples, Peak.  3.56 ms (1.9x), Avg.  1.84 ms, Total. 3.675 ms (0.0%)
[Performance] InitializeOnLoad MenuItems                                                                                                                   :        2 samples, Peak.   106 us (1.2x), Avg.  90.6 us, Total. 181.2 us (0.0%)
[Performance] InitializeOnLoad PrefabInstanceChangedListener                                                                                               :        2 samples, Peak.   149 us (1.2x), Avg.   130 us, Total. 259.2 us (0.0%)
[Performance] InitializeOnLoad ObjectSelectorSearch                                                                                                        :        2 samples, Peak.  43.7 us (1.1x), Avg.  39.1 us, Total. 78.30 us (0.0%)
[Performance] InitializeOnLoad EditorMonitor                                                                                                               :        2 samples, Peak.   683 us (1.2x), Avg.   564 us, Total. 1.127 ms (0.0%)
[Performance] InitializeOnLoad RetainedMode                                                                                                                :        2 samples, Peak.  3.04 ms (1.0x), Avg.  2.90 ms, Total. 5.803 ms (0.0%)
[Performance] InitializeOnLoad EditorShaderLoader                                                                                                          :        2 samples, Peak.  1.31 ms (1.3x), Avg.   986 us, Total. 1.973 ms (0.0%)
[Performance] InitializeOnLoad EditorDelegateRegistration                                                                                                  :        2 samples, Peak.   551 us (1.0x), Avg.   539 us, Total. 1.078 ms (0.0%)
[Performance] InitializeOnLoad UIDocumentHierarchyWatcher                                                                                                  :        2 samples, Peak.  74.8 us (1.1x), Avg.  69.2 us, Total. 138.5 us (0.0%)
[Performance] InitializeOnLoad LiveReloadTrackerCreator                                                                                                    :        2 samples, Peak.   296 us (1.3x), Avg.   226 us, Total. 452.4 us (0.0%)
[Performance] InitializeOnLoad UxmlObjectEditorFactories                                                                                                   :        2 samples, Peak.   566 us (1.1x), Avg.   510 us, Total. 1.020 ms (0.0%)
[Performance] InitializeOnLoad UXMLEditorFactories                                                                                                         :        2 samples, Peak.  57.0 ms (1.2x), Avg.  47.5 ms, Total. 95.02 ms (0.1%)
[Performance] InitializeOnLoad PurchasingService                                                                                                           :        2 samples, Peak.  8.15 ms (1.4x), Avg.  5.79 ms, Total. 11.57 ms (0.0%)
[Performance] InitializeOnLoad CloudBuildPoller                                                                                                            :        2 samples, Peak.   140 us (1.0x), Avg.   133 us, Total. 266.8 us (0.0%)
[Performance] InitializeOnLoad EditorGameServicesAnalytics                                                                                                 :        2 samples, Peak.  2.17 ms (1.5x), Avg.  1.44 ms, Total. 2.872 ms (0.0%)
[Performance] InitializeOnLoad AnalyticsService                                                                                                            :        2 samples, Peak.   251 us (1.2x), Avg.   201 us, Total. 401.5 us (0.0%)
[Performance] InitializeOnLoad BuildService                                                                                                                :        2 samples, Peak.   155 us (1.1x), Avg.   140 us, Total. 279.5 us (0.0%)
[Performance] InitializeOnLoad AdsService                                                                                                                  :        2 samples, Peak.   801 us (1.4x), Avg.   565 us, Total. 1.130 ms (0.0%)
[Performance] InitializeOnLoad UDPService                                                                                                                  :        2 samples, Peak.   201 us (1.2x), Avg.   161 us, Total. 322.6 us (0.0%)
[Performance] InitializeOnLoad CrashService                                                                                                                :        2 samples, Peak.   160 us (1.2x), Avg.   137 us, Total. 273.8 us (0.0%)
[Performance] InitializeOnLoad ServicesRepository                                                                                                          :        2 samples, Peak.   700 ns (1.3x), Avg.   550 ns, Total. 1.100 us (0.0%)
[Performance] InitializeOnLoad SearchWindow                                                                                                                :        2 samples, Peak.   141 us (1.1x), Avg.   133 us, Total. 266.0 us (0.0%)
[Performance] InitializeOnLoad CustomIndexers                                                                                                              :        2 samples, Peak.  18.2 ms (1.2x), Avg.  15.7 ms, Total. 31.49 ms (0.0%)
[Performance] InitializeOnLoad SearchMonitor                                                                                                               :        2 samples, Peak.  2.09 ms (1.3x), Avg.  1.58 ms, Total. 3.155 ms (0.0%)
[Performance] InitializeOnLoad ParameterControllerEditor                                                                                                   :        2 samples, Peak.  32.1 us (1.1x), Avg.  29.2 us, Total. 58.40 us (0.0%)
[Performance] InitializeOnLoad LayerSettingsWindow                                                                                                         :        2 samples, Peak.  34.6 us (1.8x), Avg.  19.4 us, Total. 38.90 us (0.0%)
[Performance] InitializeOnLoad PackageManagerHookGUIDConverter.RegisterPackagesEventHandler                                                                :        2 samples, Peak.   677 us (1.8x), Avg.   386 us, Total. 771.8 us (0.0%)
[Performance] InitializeOnLoad EditorDragAndDrop.RegisterEditorClient                                                                                      :        2 samples, Peak.   324 us (1.2x), Avg.   270 us, Total. 540.3 us (0.0%)
[Performance] InitializeOnLoad EditorEventCallbacks.InitializeFontAssetResourceChangeCallBacks                                                             :        2 samples, Peak.  1.42 ms (1.1x), Avg.  1.26 ms, Total. 2.525 ms (0.0%)
[Performance] InitializeOnLoad SceneTemplateService.Init                                                                                                   :        2 samples, Peak.  3.82 ms (1.5x), Avg.  2.47 ms, Total. 4.945 ms (0.0%)
[Performance] InitializeOnLoad DiagnosticSwitchesConsoleMessage.Init                                                                                       :        2 samples, Peak.  8.79 ms (1.9x), Avg.  4.74 ms, Total. 9.470 ms (0.0%)
[Performance] InitializeOnLoad PackageManagerWindow.EditorInitializedInSafeMode                                                                            :        2 samples, Peak.  23.2 ms (2.0x), Avg.  11.7 ms, Total. 23.50 ms (0.0%)
[Performance] InitializeOnLoad ToolShortcutContext.Init                                                                                                    :        2 samples, Peak.   239 us (1.4x), Avg.   169 us, Total. 338.7 us (0.0%)
[Performance] InitializeOnLoad MemoryProfilerCompilationGuard.InjectCompileGuard                                                                           :        2 samples, Peak.   161 us (1.1x), Avg.   142 us, Total. 283.1 us (0.0%)
[Performance] InitializeOnLoad AssetPostprocessingInternal.RefreshCustomDependencies                                                                       :        2 samples, Peak.  2.17 ms (1.4x), Avg.  1.50 ms, Total. 2.999 ms (0.0%)
[Performance] InitializeOnLoad SysrootManager.Initialize                                                                                                   :        2 samples, Peak.  17.6 us (1.3x), Avg.  13.1 us, Total. 26.20 us (0.0%)
[Performance] InitializeOnLoad ScopedRegistryAddedPopup.SubscribeToRegistriesAdded                                                                         :        2 samples, Peak.  6.80 ms (2.0x), Avg.  3.44 ms, Total. 6.875 ms (0.0%)
[Performance] InitializeOnLoad SceneVisibilityManager.Initialize                                                                                           :        2 samples, Peak.  4.66 ms (1.6x), Avg.  2.96 ms, Total. 5.921 ms (0.0%)
[Performance] InitializeOnLoad EditorWindow.Initialize                                                                                                     :        2 samples, Peak.   428 us (1.4x), Avg.   301 us, Total. 601.6 us (0.0%)
[Performance] AssemblyReloadEvents.afterAssemblyReload: UnityEditor.SceneTemplate.SceneTemplateService.AfterAssemblyReload                                 :        2 samples, Peak.  4.32 ms (1.9x), Avg.  2.30 ms, Total. 4.600 ms (0.0%)
[Performance] ProcessService.EditorAfterLoadAllAssemblies                                                                                                  :        2 samples, Peak.   357 us (1.1x), Avg.   312 us, Total. 624.9 us (0.0%)
[Performance] Application.ReadLicenseInfo                                                                                                                  :        1 samples, Peak.  34.3 ms (1.0x), Avg.  34.3 ms, Total. 34.32 ms (0.0%)
[Performance] Application.InitialRefresh                                                                                                                   :        1 samples, Peak.  78.9 s (1.0x), Avg.  78.9 s, Total. 78.88 s (52.4%)
[Performance] ShaderImporter.SourceAssetModified                                                                                                           :        4 samples, Peak.  1.60 us (1.5x), Avg.  1.05 us, Total. 4.200 us (0.0%)
[Performance] ShaderIncludeImporter.SourceAssetModified                                                                                                    :        4 samples, Peak.  1.20 us (1.4x), Avg.   850 ns, Total. 3.400 us (0.0%)
[Performance] Compiling Scripts                                                                                                                            :        1 samples, Peak.  18.6 s (1.0x), Avg.  18.6 s, Total. 18.65 s (12.4%)
[Performance] AssemblyReloadEvents.beforeAssemblyReload: UnityEditor.SceneTemplate.SceneTemplateService.BeforeAssemblyReload                               :        1 samples, Peak.   457 us (1.0x), Avg.   457 us, Total. 456.9 us (0.0%)
[Performance] PresetManagerPostProcessor.OnPreprocessAsset                                                                                                 :        4 samples, Peak.  1.16 ms (3.2x), Avg.   368 us, Total. 1.472 ms (0.0%)
[Performance] NugetPackageAssetPostprocessor.OnPreprocessAsset                                                                                             :        4 samples, Peak.  32.3 ms (4.0x), Avg.  8.10 ms, Total. 32.39 ms (0.0%)
[Performance] CancelSplashScreenOnAssetChange.OnPreprocessAsset                                                                                            :        4 samples, Peak.   208 us (3.9x), Avg.  53.7 us, Total. 214.8 us (0.0%)
[Performance] InitializeOnLoad TouchSimulation                                                                                                             :        1 samples, Peak.   307 us (1.0x), Avg.   307 us, Total. 306.8 us (0.0%)
[Performance] InitializeOnLoad InputSystem                                                                                                                 :        1 samples, Peak.  49.9 ms (1.0x), Avg.  49.9 ms, Total. 49.92 ms (0.0%)
[Performance] InitializeOnLoad InputSystemUIInputModuleEditor                                                                                              :        1 samples, Peak.   126 us (1.0x), Avg.   126 us, Total. 125.9 us (0.0%)
[Performance] InitializeOnLoad EnableUITKEditor                                                                                                            :        1 samples, Peak.  26.9 us (1.0x), Avg.  26.9 us, Total. 26.90 us (0.0%)
[Performance] InitializeOnLoad ScriptableSettingsInitializer                                                                                               :        1 samples, Peak.   185 us (1.0x), Avg.   185 us, Total. 184.8 us (0.0%)
[Performance] InitializeOnLoad BuildValidator                                                                                                              :        1 samples, Peak.   584 us (1.0x), Avg.   584 us, Total. 584.3 us (0.0%)
[Performance] InitializeOnLoad XRGeneralSettingsPerBuildTarget                                                                                             :        1 samples, Peak.   436 us (1.0x), Avg.   436 us, Total. 436.2 us (0.0%)
[Performance] InitializeOnLoad XRPackageMetadataStore                                                                                                      :        1 samples, Peak.   441 us (1.0x), Avg.   441 us, Total. 441.4 us (0.0%)
[Performance] InitializeOnLoad XRPackageInitializationBootstrap                                                                                            :        1 samples, Peak.  54.1 us (1.0x), Avg.  54.1 us, Total. 54.10 us (0.0%)
[Performance] InitializeOnLoad XRLegacyUninstaller                                                                                                         :        1 samples, Peak.  8.22 ms (1.0x), Avg.  8.22 ms, Total. 8.221 ms (0.0%)
[Performance] InitializeOnLoad BuildHelperUtils                                                                                                            :        1 samples, Peak.  14.8 us (1.0x), Avg.  14.8 us, Total. 14.80 us (0.0%)
[Performance] InitializeOnLoad SectorInteraction                                                                                                           :        1 samples, Peak.   500 us (1.0x), Avg.   500 us, Total. 500.2 us (0.0%)
[Performance] InitializeOnLoad QuaternionFallbackComposite                                                                                                 :        1 samples, Peak.   111 us (1.0x), Avg.   111 us, Total. 111.4 us (0.0%)
[Performance] InitializeOnLoad Vector3FallbackComposite                                                                                                    :        1 samples, Peak.  52.2 us (1.0x), Avg.  52.2 us, Total. 52.20 us (0.0%)
[Performance] InitializeOnLoad SimulatedInputLayoutLoader                                                                                                  :        1 samples, Peak.  1.04 ms (1.0x), Avg.  1.04 ms, Total. 1.039 ms (0.0%)
[Performance] InitializeOnLoad ButtonFallbackComposite                                                                                                     :        1 samples, Peak.   121 us (1.0x), Avg.   121 us, Total. 120.7 us (0.0%)
[Performance] InitializeOnLoad IntegerFallbackComposite                                                                                                    :        1 samples, Peak.  51.4 us (1.0x), Avg.  51.4 us, Total. 51.40 us (0.0%)
[Performance] InitializeOnLoad UnityTestProtocolStarter                                                                                                    :        1 samples, Peak.   294 us (1.0x), Avg.   294 us, Total. 293.6 us (0.0%)
[Performance] InitializeOnLoad BackgroundWatcher                                                                                                           :        1 samples, Peak.  72.3 us (1.0x), Avg.  72.3 us, Total. 72.30 us (0.0%)
[Performance] InitializeOnLoad RiderScriptEditor                                                                                                           :        1 samples, Peak.  42.3 ms (1.0x), Avg.  42.3 ms, Total. 42.28 ms (0.0%)
[Performance] InitializeOnLoad CallbackInitializer                                                                                                         :        1 samples, Peak.  2.62 ms (1.0x), Avg.  2.62 ms, Total. 2.616 ms (0.0%)
[Performance] InitializeOnLoad SpriteEditorWindow                                                                                                          :        1 samples, Peak.   520 us (1.0x), Avg.   520 us, Total. 520.2 us (0.0%)
[Performance] InitializeOnLoad PXR_PlatformSetting                                                                                                         :        1 samples, Peak.  8.20 us (1.0x), Avg.  8.20 us, Total. 8.200 us (0.0%)
[Performance] InitializeOnLoad CoverageReporterStarter                                                                                                     :        1 samples, Peak.  5.77 ms (1.0x), Avg.  5.77 ms, Total. 5.775 ms (0.0%)
[Performance] InitializeOnLoad PlasticPlugin                                                                                                               :        1 samples, Peak.  76.6 ms (1.0x), Avg.  76.6 ms, Total. 76.61 ms (0.1%)
[Performance] InitializeOnLoad ToolbarBootstrap                                                                                                            :        1 samples, Peak.  51.1 ms (1.0x), Avg.  51.1 ms, Total. 51.14 ms (0.0%)
[Performance] InitializeOnLoad VSCodeScriptEditor                                                                                                          :        1 samples, Peak.  8.15 ms (1.0x), Avg.  8.15 ms, Total. 8.154 ms (0.0%)
[Performance] InitializeOnLoad VSUsageUtility                                                                                                              :        1 samples, Peak.  29.3 ms (1.0x), Avg.  29.3 ms, Total. 29.33 ms (0.0%)
[Performance] InitializeOnLoad VisualStudioEditor                                                                                                          :        1 samples, Peak.  6.66 ms (1.0x), Avg.  6.66 ms, Total. 6.659 ms (0.0%)
[Performance] InitializeOnLoad TestRunnerApiListener                                                                                                       :        1 samples, Peak.   509 us (1.0x), Avg.   509 us, Total. 508.5 us (0.0%)
[Performance] InitializeOnLoad VisualStudioIntegration                                                                                                     :        1 samples, Peak.   746 us (1.0x), Avg.   746 us, Total. 746.1 us (0.0%)
[Performance] InitializeOnLoad PrefabLayoutRebuilder                                                                                                       :        1 samples, Peak.   284 us (1.0x), Avg.   284 us, Total. 283.9 us (0.0%)
[Performance] InitializeOnLoad OnLoadNuGetPackageRestorer                                                                                                  :        1 samples, Peak.   150 ms (1.0x), Avg.   150 ms, Total. 150.1 ms (0.1%)
[Performance] AssetDatabase.Refresh                                                                                                                        :        2 samples, Peak.  9.46 ms (2.0x), Avg.  4.73 ms, Total. 9.465 ms (0.0%)
[Performance] InitializeOnLoad SysrootPackage.IssueWarningIfLinuxIL2CPPNotPresent                                                                          :        1 samples, Peak.   379 us (1.0x), Avg.   379 us, Total. 379.3 us (0.0%)
[Performance] InitializeOnLoad OpenXRProjectValidationRulesSetup.OpenXRProjectValidationCheck                                                              :        1 samples, Peak.  29.8 ms (1.0x), Avg.  29.8 ms, Total. 29.82 ms (0.0%)
[Performance] InitializeOnLoad OpenXRFeatureSetManager.InitializeOnLoad                                                                                    :        1 samples, Peak.   428 us (1.0x), Avg.   428 us, Total. 427.6 us (0.0%)
[Performance] InitializeOnLoad OpenXRChooseRuntimeLibraries.InitializeOnLoad                                                                               :        1 samples, Peak.  3.34 ms (1.0x), Avg.  3.34 ms, Total. 3.337 ms (0.0%)
[Performance] InitializeOnLoad InputSystemPackageControl.SubscribePackageManagerEvent                                                                      :        1 samples, Peak.   189 us (1.0x), Avg.   189 us, Total. 188.5 us (0.0%)
[Performance] InitializeOnLoad InputSystemPluginControl.CheckForExtension                                                                                  :        1 samples, Peak.  1.59 ms (1.0x), Avg.  1.59 ms, Total. 1.594 ms (0.0%)
[Performance] InitializeOnLoad VisualStudioEditor.LegacyVisualStudioCodePackageDisabler                                                                    :        1 samples, Peak.  2.63 ms (1.0x), Avg.  2.63 ms, Total. 2.630 ms (0.0%)
[Performance] InitializeOnLoad CoreUtilsAnalytics.RegisterEvents                                                                                           :        1 samples, Peak.   510 us (1.0x), Avg.   510 us, Total. 510.1 us (0.0%)
[Performance] InitializeOnLoad XRPluginManagementProjectValidation.RegisterProjectValidationRules                                                          :        1 samples, Peak.   952 us (1.0x), Avg.   952 us, Total. 952.1 us (0.0%)
[Performance] InitializeOnLoad OpenXRInput.RegisterFeatureLayouts                                                                                          :        1 samples, Peak.  1.09 ms (1.0x), Avg.  1.09 ms, Total. 1.092 ms (0.0%)
[Performance] InitializeOnLoad AnalyticsReporter.RegisterCallbacks                                                                                         :        1 samples, Peak.  5.34 ms (1.0x), Avg.  5.34 ms, Total. 5.336 ms (0.0%)
[Performance] InitializeOnLoad TestJobDataHolder.ResumeRunningJobs                                                                                         :        1 samples, Peak.   962 us (1.0x), Avg.   962 us, Total. 962.2 us (0.0%)
[Performance] InitializeOnLoad TestStarter.Initialize                                                                                                      :        1 samples, Peak.  1.61 ms (1.0x), Avg.  1.61 ms, Total. 1.605 ms (0.0%)
[Performance] DidReloadScriptsAdvancedDropdownWindow.OnScriptReload                                                                                        :        2 samples, Peak.   279 us (1.2x), Avg.   240 us, Total. 480.9 us (0.0%)
[Performance] DidReloadScriptsPackageVersionUtility.OnReloadScripts                                                                                        :        1 samples, Peak.  86.8 us (1.0x), Avg.  86.8 us, Total. 86.80 us (0.0%)
[Performance] DidReloadScriptsTestListCache.ScriptReloaded                                                                                                 :        1 samples, Peak.  1.63 ms (1.0x), Avg.  1.63 ms, Total. 1.626 ms (0.0%)
[Performance] DidReloadScriptsTestRunnerWindow.CompilationCallback                                                                                         :        1 samples, Peak.   937 us (1.0x), Avg.   937 us, Total. 937.4 us (0.0%)
[Performance] AssemblyReloadEvents.afterAssemblyReload: UnityEditor.XR.Management.Metadata.XRPackageMetadataStore.AssemblyReloadEvents_afterAssemblyReload :        1 samples, Peak.  3.62 ms (1.0x), Avg.  3.62 ms, Total. 3.624 ms (0.0%)
[Performance] AssetDatabase.ImportAssets                                                                                                                   :        7 samples, Peak.   121 ms (4.1x), Avg.  29.4 ms, Total. 205.7 ms (0.1%)
[Performance] VersionControl.Task.Wait                                                                                                                     :        1 samples, Peak.   390 us (1.0x), Avg.   390 us, Total. 389.9 us (0.0%)
[Performance] TMPro_TexturePostProcessor.OnPostprocessAllAssets                                                                                            :        6 samples, Peak.  1.05 ms (2.2x), Avg.   478 us, Total. 2.869 ms (0.0%)
[Performance] AssetPostprocessor.OnPostprocessAllAssets                                                                                                    :        6 samples, Peak.  1.16 ms (3.0x), Avg.   388 us, Total. 2.330 ms (0.0%)
[Performance] BuilderAssetPostprocessor.OnPostprocessAllAssets                                                                                             :        6 samples, Peak.  2.81 ms (2.9x), Avg.   963 us, Total. 5.780 ms (0.0%)
[Performance] ArtifactBrowserPostProcessor.OnPostprocessAllAssets                                                                                          :        6 samples, Peak.   670 us (3.0x), Avg.   227 us, Total. 1.359 ms (0.0%)
[Performance] AssetEvents.OnPostprocessAllAssets                                                                                                           :       12 samples, Peak.   210 us (4.4x), Avg.  47.3 us, Total. 567.2 us (0.0%)
[Performance] AudioMixerPostprocessor.OnPostprocessAllAssets                                                                                               :        6 samples, Peak.   293 us (3.0x), Avg.  99.1 us, Total. 594.7 us (0.0%)
[Performance] StyleCatalogPostProcessor.OnPostprocessAllAssets                                                                                             :        6 samples, Peak.  31.1 ms (3.0x), Avg.  10.4 ms, Total. 62.35 ms (0.0%)
[Performance] BuildCatalog                                                                                                                                 :        1 samples, Peak.  29.8 ms (1.0x), Avg.  29.8 ms, Total. 29.76 ms (0.0%)
[Performance] ModelImporterPostProcessor.OnPostprocessAllAssets                                                                                            :        6 samples, Peak.  1.48 ms (2.9x), Avg.   508 us, Total. 3.047 ms (0.0%)
[Performance] RetainedModeAssetPostprocessor.OnPostprocessAllAssets                                                                                        :        6 samples, Peak.  2.69 ms (3.0x), Avg.   910 us, Total. 5.460 ms (0.0%)
[Performance] AssetChangedListener.OnPostprocessAllAssets                                                                                                  :        6 samples, Peak.  1.64 ms (2.5x), Avg.   643 us, Total. 3.858 ms (0.0%)
[Performance] SpeedTreePostProcessor.OnPostprocessAllAssets                                                                                                :        6 samples, Peak.   205 us (2.7x), Avg.  75.4 us, Total. 452.6 us (0.0%)
[Performance] TextAssetPostProcessor.OnPostprocessAllAssets                                                                                                :        6 samples, Peak.   419 us (2.4x), Avg.   173 us, Total. 1.039 ms (0.0%)
[Performance] SpriteEditorTexturePostprocessor.OnPostprocessAllAssets                                                                                      :        6 samples, Peak.   291 us (1.9x), Avg.   151 us, Total. 903.2 us (0.0%)
[Performance] AssetCallbacks.OnPostprocessAllAssets                                                                                                        :        6 samples, Peak.   122 ms (3.0x), Avg.  40.6 ms, Total. 243.7 ms (0.2%)
[Performance] InputActionAssetPostprocessor.OnPostprocessAllAssets                                                                                         :        6 samples, Peak.   414 us (2.9x), Avg.   144 us, Total. 861.8 us (0.0%)
[Performance] InputActionJsonNameModifierAssetProcessor.OnPostprocessAllAssets                                                                             :        6 samples, Peak.  78.3 us (2.6x), Avg.  30.3 us, Total. 181.8 us (0.0%)
[Performance] ProjectSettingsPostprocessor.OnPostprocessAllAssets                                                                                          :        6 samples, Peak.   176 us (2.7x), Avg.  65.9 us, Total. 395.6 us (0.0%)
[Performance] SyncVS.PostprocessSyncProject                                                                                                                :        3 samples, Peak.  42.5 ms (2.8x), Avg.  15.2 ms, Total. 45.60 ms (0.0%)
[Performance] Application.ImportPackagesAndSetTemplateWhenCreatingProject                                                                                  :        1 samples, Peak.  36.2 ms (1.0x), Avg.  36.2 ms, Total. 36.20 ms (0.0%)
[Performance] Application.SyncCurrentColorSpace                                                                                                            :        1 samples, Peak.  12.2 ms (1.0x), Avg.  12.2 ms, Total. 12.18 ms (0.0%)
[Performance] Application.OnUsbDevicesChanged                                                                                                              :        1 samples, Peak.  8.51 ms (1.0x), Avg.  8.51 ms, Total. 8.515 ms (0.0%)
[Performance] Application.AssetInstanceCacheUpdate                                                                                                         :        1 samples, Peak.   500 ns (1.0x), Avg.   500 ns, Total. 500.0 ns (0.0%)
[Performance] Application.UnityExtensions.Initialize                                                                                                       :        1 samples, Peak.  6.21 ms (1.0x), Avg.  6.21 ms, Total. 6.214 ms (0.0%)
[Performance] CodeEditorProjectSync.SyncEditorProject                                                                                                      :        1 samples, Peak.   530 ms (1.0x), Avg.   530 ms, Total. 529.7 ms (0.4%)
[Performance] Application.ExecuteStartups                                                                                                                  :        1 samples, Peak.  82.0 ms (1.0x), Avg.  82.0 ms, Total. 82.00 ms (0.1%)
[Performance] Menu.RegisterMenuInterface                                                                                                                   :       26 samples, Peak.  2.40 us (6.7x), Avg.   358 ns, Total. 9.300 us (0.0%)
[Performance] Gizmo.RebuildRenderers                                                                                                                       :        2 samples, Peak.  78.5 ms (1.7x), Avg.  46.5 ms, Total. 93.09 ms (0.1%)
[Performance] Gizmo.AddGizmoRenderers                                                                                                                      :      222 samples, Peak.  1.60 ms (123.3x), Avg.  13.0 us, Total. 2.882 ms (0.0%)
[Performance] Application.editorInitializingProject                                                                                                        :        1 samples, Peak.   174 ms (1.0x), Avg.   174 ms, Total. 174.3 ms (0.1%)
[Performance] Application.InitializeMenu                                                                                                                   :        1 samples, Peak.  4.91 s (1.0x), Avg.  4.91 s, Total. 4.911 s (3.3%)
[Performance] Menu.RebuildAll                                                                                                                              :        1 samples, Peak.  4.91 s (1.0x), Avg.  4.91 s, Total. 4.911 s (3.3%)
[Performance] Menu.BuildRegisteredMenuInterfaces                                                                                                           :        1 samples, Peak.  4.90 s (1.0x), Avg.  4.90 s, Total. 4.904 s (3.3%)
[Performance] Menu.FilterMenuItem                                                                                                                          :      797 samples, Peak.  27.2 ms (789.8x), Avg.  34.5 us, Total. 27.49 ms (0.0%)
[Performance] UpdateAllMenus                                                                                                                               :        1 samples, Peak.   863 us (1.0x), Avg.   863 us, Total. 863.3 us (0.0%)
[Performance] Menu.RebuildOSMainMenu                                                                                                                       :        3 samples, Peak.  6.12 ms (1.7x), Avg.  3.51 ms, Total. 10.53 ms (0.0%)
[Performance] EditorSceneManager.sceneClosing: UnityEditor.SceneVisibilityManager.EditorSceneManagerOnSceneClosing                                         :        2 samples, Peak.   295 us (2.0x), Avg.   151 us, Total. 301.6 us (0.0%)
[Performance] GUIView.RepaintAll.PlayerLoopController                                                                                                      :        2 samples, Peak.  3.60 us (1.0x), Avg.  3.60 us, Total. 7.200 us (0.0%)
[Performance] EditorSceneManager.newSceneCreated: UnityEditor.SceneTemplate.SceneTemplateService.OnNewSceneCreated                                         :        1 samples, Peak.   287 us (1.0x), Avg.   287 us, Total. 286.8 us (0.0%)
[Performance] EditorSceneManager.newSceneCreated: UnityEditor.SceneVisibilityManager.EditorSceneManagerOnNewSceneCreated                                   :        1 samples, Peak.   209 us (1.0x), Avg.   209 us, Total. 209.0 us (0.0%)
[Performance] EditorSceneManager.newSceneCreated: UnityEditor.SceneManagement.StageNavigationManager.OnNewSceneCreated                                     :        1 samples, Peak.  50.5 us (1.0x), Avg.  50.5 us, Total. 50.50 us (0.0%)
[Performance] Application.InvokeFinishedLoadingProject                                                                                                     :        1 samples, Peak.  19.1 ms (1.0x), Avg.  19.1 ms, Total. 19.09 ms (0.0%)
[Performance] ProcessService.OnProjectLoaded                                                                                                               :        1 samples, Peak.  51.8 us (1.0x), Avg.  51.8 us, Total. 51.80 us (0.0%)
[Performance] Inspector.InitOrRebuild                                                                                                                      :        2 samples, Peak.   402 us (1.3x), Avg.   308 us, Total. 616.5 us (0.0%)
[Performance] StateMacroSavedEvent.OnWillSaveAssets                                                                                                        :        2 samples, Peak.   415 us (1.9x), Avg.   220 us, Total. 439.5 us (0.0%)
[Performance] FlowMacroSavedEvent.OnWillSaveAssets                                                                                                         :        2 samples, Peak.   224 us (2.0x), Avg.   114 us, Total. 227.2 us (0.0%)
[Performance] AssetModificationProcessor.OnWillSaveAssets                                                                                                  :        2 samples, Peak.   280 us (2.0x), Avg.   140 us, Total. 281.0 us (0.0%)
[Performance] UnityCloudProjectLinkMonitor.OnWillSaveAssets                                                                                                :        2 samples, Peak.   260 us (2.0x), Avg.   131 us, Total. 261.0 us (0.0%)
[Performance] BuilderAssetModificationProcessor.OnWillSaveAssets                                                                                           :        2 samples, Peak.   316 us (2.0x), Avg.   159 us, Total. 318.3 us (0.0%)
[Performance] TerrainModificationProcessor.OnWillSaveAssets                                                                                                :        2 samples, Peak.   514 us (2.0x), Avg.   258 us, Total. 516.1 us (0.0%)
[Performance] GenerateAssemblyTypeInfos                                                                                                                    :        2 samples, Peak.  38.7 ms (1.0x), Avg.  37.7 ms, Total. 75.31 ms (0.1%)
[Performance] EditorApplication.quitting: UnityEditor.SettingsManagement.FileSettingsRepository.Save                                                       :        1 samples, Peak.  1.57 ms (1.0x), Avg.  1.57 ms, Total. 1.568 ms (0.0%)
[Performance] EditorApplication.quitting: callback in UnityEditor.TextCore.Text.EditorEventCallbacks                                                       :        1 samples, Peak.  81.2 ms (1.0x), Avg.  81.2 ms, Total. 81.20 ms (0.1%)
[Performance] Killing ADB server                                                                                                                           :        1 samples, Peak.   107 ms (1.0x), Avg.   107 ms, Total. 106.8 ms (0.1%)
[Performance] Application.Shutdown.PauseProfilerSession                                                                                                    :        1 samples, Peak.  1.21 ms (1.0x), Avg.  1.21 ms, Total. 1.209 ms (0.0%)
[Performance] Application.Shutdown.PauseAssetImportWorkers                                                                                                 :        1 samples, Peak.   192 us (1.0x), Avg.   192 us, Total. 192.1 us (0.0%)
[Performance] Application.Shutdown.SaveAssets                                                                                                              :        1 samples, Peak.   161 ms (1.0x), Avg.   161 ms, Total. 160.7 ms (0.1%)
[Performance] Application.Shutdown.CleanupRenderPipeline                                                                                                   :        1 samples, Peak.  3.90 us (1.0x), Avg.  3.90 us, Total. 3.900 us (0.0%)
[Performance] Application.Shutdown.StopPreloadManager                                                                                                      :        1 samples, Peak.  9.69 ms (1.0x), Avg.  9.69 ms, Total. 9.694 ms (0.0%)
[Performance] Application.Shutdown.DestroyWorld                                                                                                            :        1 samples, Peak.   811 us (1.0x), Avg.   811 us, Total. 811.3 us (0.0%)
[Performance] Application.Shutdown.CleanupAfterLoad                                                                                                        :        1 samples, Peak.  19.3 ms (1.0x), Avg.  19.3 ms, Total. 19.27 ms (0.0%)
[Performance] Application.Shutdown.Progress                                                                                                                :        1 samples, Peak.   366 us (1.0x), Avg.   366 us, Total. 365.7 us (0.0%)
[Performance] Application.Shutdown.GICleanupManagers                                                                                                       :        1 samples, Peak.  5.22 ms (1.0x), Avg.  5.22 ms, Total. 5.219 ms (0.0%)
[Performance] Application.Shutdown.MenuCleanupClass                                                                                                        :        1 samples, Peak.   269 us (1.0x), Avg.   269 us, Total. 269.1 us (0.0%)
[Performance] Application.Shutdown.ADBSaveStateBeforeShutdown                                                                                              :        1 samples, Peak.  10.0 us (1.0x), Avg.  10.0 us, Total. 10.00 us (0.0%)
[Performance] Application.Shutdown.RemoteShutdown                                                                                                          :        1 samples, Peak.  1000 ns (1.0x), Avg.  1000 ns, Total. 1000.0 ns (0.0%)
[Performance] Application.Shutdown.CleanupVCProvider                                                                                                       :        1 samples, Peak.   236 us (1.0x), Avg.   236 us, Total. 236.0 us (0.0%)
[Performance] Application.Shutdown.InputShutdown                                                                                                           :        1 samples, Peak.   193 us (1.0x), Avg.   193 us, Total. 193.2 us (0.0%)
[Performance] Application.Shutdown.GizmoManagerDestroy                                                                                                     :        1 samples, Peak.   567 us (1.0x), Avg.   567 us, Total. 567.3 us (0.0%)
[Performance] Application.Shutdown.ProfilerSession                                                                                                         :        1 samples, Peak.   665 us (1.0x), Avg.   665 us, Total. 664.8 us (0.0%)
[Performance] Application.Shutdown.ReleaseGfxWindowOnAllGUIViews                                                                                           :        1 samples, Peak.   300 ns (1.0x), Avg.   300 ns, Total. 300.0 ns (0.0%)
[Performance] Application.Shutdown.CleanupEngine                                                                                                           :        1 samples, Peak.   107 ms (1.0x), Avg.   107 ms, Total. 107.2 ms (0.1%)
[Performance] Application.Shutdown.CleanupAssetDatabase                                                                                                    :        1 samples, Peak.  16.8 ms (1.0x), Avg.  16.8 ms, Total. 16.85 ms (0.0%)
[Performance] Application.Shutdown.ScriptCompilationCleanUp                                                                                                :        1 samples, Peak.  10.6 ms (1.0x), Avg.  10.6 ms, Total. 10.65 ms (0.0%)
[Performance] Application.Shutdown.DestroyJobSystem                                                                                                        :        1 samples, Peak.   152 us (1.0x), Avg.   152 us, Total. 152.2 us (0.0%)
[Performance] Application.Shutdown.CleanupPersistentManager                                                                                                :        1 samples, Peak.   589 us (1.0x), Avg.   589 us, Total. 589.2 us (0.0%)
[Performance] Application.Shutdown.CleanupAsyncReadManager                                                                                                 :        1 samples, Peak.   638 us (1.0x), Avg.   638 us, Total. 637.8 us (0.0%)
[Performance] Application.Shutdown.CleanupProgressBar                                                                                                      :        1 samples, Peak.   600 ns (1.0x), Avg.   600 ns, Total. 600.0 ns (0.0%)
[Performance] Application.Shutdown.CleanupMono                                                                                                             :        1 samples, Peak.  99.2 ms (1.0x), Avg.  99.2 ms, Total. 99.20 ms (0.1%)
[Performance] Application.Shutdown.CleanupStdConverters                                                                                                    :        1 samples, Peak.  12.0 us (1.0x), Avg.  12.0 us, Total. 12.00 us (0.0%)
[Performance] Application.Shutdown.UnloadAllPlatformSupportModuleNativeDlls                                                                                :        1 samples, Peak.   700 ns (1.0x), Avg.   700 ns, Total. 700.0 ns (0.0%)
[Performance] Application.Shutdown.UnloadAllPlatformSupportNativeLibraries                                                                                 :        1 samples, Peak.  2.90 s (1.0x), Avg.  2.90 s, Total. 2.900 s (1.9%)
[Performance] Application.Shutdown.CleanupAutoDocumentation                                                                                                :        1 samples, Peak.  1.02 ms (1.0x), Avg.  1.02 ms, Total. 1.021 ms (0.0%)
[Performance] Application.Shutdown.ShaderNameManagerDestroy                                                                                                :        1 samples, Peak.  67.4 us (1.0x), Avg.  67.4 us, Total. 67.40 us (0.0%)
[Performance] Application.Shutdown.CleanupCacheServer                                                                                                      :        1 samples, Peak.   300 ns (1.0x), Avg.   300 ns, Total. 300.0 ns (0.0%)
[Performance] Application.Shutdown.Virtualization_Shutdown                                                                                                 :        1 samples, Peak.   500 ns (1.0x), Avg.   500 ns, Total. 500.0 ns (0.0%)
[Performance] Application.Shutdown.DevConnections                                                                                                          :        1 samples, Peak.   126 us (1.0x), Avg.   126 us, Total. 125.9 us (0.0%)
Exiting batchmode successfully now!
Exiting without the bug reporter. Application will terminate with return code 0