[Licensing::Module] Trying to connect to existing licensing client channel...
[Licensing::IpcConnector] Channel LicenseClient-User doesn't exist
[Licensing::Module] Successfully launched the LicensingClient (PId: 16652)
[Licensing::IpcConnector] Successfully connected to: "LicenseClient-User" at "2026-07-18T19:46:12.0252261Z"
[Licensing::Client] Code 10 while verifying Licensing Client signature (process Id: 16652, path: "C:/Program Files/Unity/Hub/Editor/2022.3.62f3/Editor/Data/Resources/Licensing/Client/Unity.Licensing.Client.exe")
[Licensing::Module] LicensingClient has failed validation; ignoring
[Licensing::Client] Handshaking with LicensingClient:
  Version:                 1.16.2+bdef8f5
  Session Id:              8390771f228c491e9cabf49703ec8233
  Correlation Id:          aa053f0b46274078f94d6b57a1c0622e
  External correlation Id: 8042406288710487501
  Machine Id:              Jq9BtygUimSA+fW3p/p42m4cWug=
[Licensing::Module] Successfully connected to LicensingClient on channel: "LicenseClient-User" (connect: 1.28s, validation: 0.07s, handshake: 0.12s)
[Licensing::IpcConnector] Successfully connected to: "LicenseClient-User-notifications" at "2026-07-18T19:46:12.2119031Z"
[Licensing::Module] Connected to LicensingClient (PId: 16652, launch time: 0.01, total connection time: 1.47s)
[Licensing::Module] Error: Access token is unavailable; failed to update
[Licensing::Client] Error: Code 500 while processing request (status: Unable to update licenses. Errors: No ULF license found.,Token not found in cache)
[Licensing::Client] Error: Code 500 while updating license in client (status: Unable to update licenses. Errors: No ULF license found.,Token not found in cache)
Built from '2022.3/respin/2022.3.62f2-4af31df585-v2' branch; Version is '2022.3.62f3 (96770f904ca7) revision 9860879'; Using compiler version '192829333'; Build Type 'Release'
OS: 'Windows 11  (10.0.26200) 64bit Enterprise' Language: 'en' Physical Memory: 10961 MB
[Licensing::Client] Successfully resolved entitlement details
[Licensing::Module] Serial number assigned to: "2474517393173-UnityPersXXXX"
BatchMode: 1, IsHumanControllingUs: 0, StartBugReporterOnCrash: 0, Is64bit: 1, IsPro: 0
[Licensing::Client] Successfully resolved entitlement details

COMMAND LINE ARGUMENTS:
C:\Program Files\Unity\Hub\Editor\2022.3.62f3\Editor\Unity.exe
-batchmode
-nographics
-quit
-projectPath
C:\Users\User\Documents\QuestCraft v26\QCXR-XR-Wrapper
-executeMethod
QuestCraftCliBuild.BuildAndroid
-outputPath
C:\Users\User\Documents\QuestCraft v26\QCXR-XR-Wrapper\Builds\QuestCraft-26.2-vulkan-openxr-java25-lwjgl-v51.apk
-release
-logFile
C:\Users\User\Documents\QuestCraft v26\QCXR-XR-Wrapper\unity-apk-build-lwjgl-v51.log
Successfully changed project path to: C:\Users\User\Documents\QuestCraft v26\QCXR-XR-Wrapper
C:/Users/User/Documents/QuestCraft v26/QCXR-XR-Wrapper
[UnityMemory] Configuration Parameters - Can be set up in boot.config
    "memorysetup-bucket-allocator-granularity=16"
    "memorysetup-bucket-allocator-bucket-count=8"
    "memorysetup-bucket-allocator-block-size=33554432"
    "memorysetup-bucket-allocator-block-count=8"
    "memorysetup-main-allocator-block-size=16777216"
    "memorysetup-thread-allocator-block-size=16777216"
    "memorysetup-gfx-main-allocator-block-size=16777216"
    "memorysetup-gfx-thread-allocator-block-size=16777216"
    "memorysetup-cache-allocator-block-size=4194304"
    "memorysetup-typetree-allocator-block-size=2097152"
    "memorysetup-profiler-bucket-allocator-granularity=16"
    "memorysetup-profiler-bucket-allocator-bucket-count=8"
    "memorysetup-profiler-bucket-allocator-block-size=33554432"
    "memorysetup-profiler-bucket-allocator-block-count=8"
    "memorysetup-profiler-allocator-block-size=16777216"
    "memorysetup-profiler-editor-allocator-block-size=1048576"
    "memorysetup-temp-allocator-size-main=16777216"
    "memorysetup-job-temp-allocator-block-size=2097152"
    "memorysetup-job-temp-allocator-block-size-background=1048576"
    "memorysetup-job-temp-allocator-reduction-small-platforms=262144"
    "memorysetup-allocator-temp-initial-block-size-main=262144"
    "memorysetup-allocator-temp-initial-block-size-worker=262144"
    "memorysetup-temp-allocator-size-background-worker=32768"
    "memorysetup-temp-allocator-size-job-worker=262144"
    "memorysetup-temp-allocator-size-preload-manager=33554432"
    "memorysetup-temp-allocator-size-nav-mesh-worker=65536"
    "memorysetup-temp-allocator-size-audio-worker=65536"
    "memorysetup-temp-allocator-size-cloud-worker=32768"
    "memorysetup-temp-allocator-size-gi-baking-worker=262144"
    "memorysetup-temp-allocator-size-gfx=262144"
Player connection [8996]  Target information:

Player connection [8996]  * "[IP] 10.0.0.227 [Port] 55504 [Flags] 2 [Guid] 937722255 [EditorId] 937722255 [Version] 1048832 [Id] WindowsEditor(7,netcats-vibrator) [Debug] 1 [PackageName] WindowsEditor [ProjectName] Editor" 

Player connection [8996] Host joined multi-casting on [225.0.0.222:54997]...
Player connection [8996] Host joined alternative multi-casting on [225.0.0.222:34997]...
Input System module state changed to: Initialized.
[PhysX] Initialized MultithreadedTaskDispatcher with 16 workers.
[Package Manager] UpmClient::Connect -- Connected to IPC stream "Upm-9228" after 0.5 seconds.
[Package Manager] Restoring resolved packages state from cache
[Licensing::Client] Successfully resolved entitlement details
[Package Manager] Registered 61 packages:
  Packages from [https://packages.unity.com]:
    com.unity.collab-proxy@2.7.1 (location: C:\Users\User\Documents\QuestCraft v26\QCXR-XR-Wrapper\Library\PackageCache\com.unity.collab-proxy@2.7.1)
    com.unity.ide.rider@3.0.36 (location: C:\Users\User\Documents\QuestCraft v26\QCXR-XR-Wrapper\Library\PackageCache\com.unity.ide.rider@3.0.36)
    com.unity.ide.visualstudio@2.0.22 (location: C:\Users\User\Documents\QuestCraft v26\QCXR-XR-Wrapper\Library\PackageCache\com.unity.ide.visualstudio@2.0.22)
    com.unity.test-framework@1.3.9 (location: C:\Users\User\Documents\QuestCraft v26\QCXR-XR-Wrapper\Library\PackageCache\com.unity.test-framework@1.3.9)
    com.unity.textmeshpro@3.0.9 (location: C:\Users\User\Documents\QuestCraft v26\QCXR-XR-Wrapper\Library\PackageCache\com.unity.textmeshpro@3.0.9)
    com.unity.timeline@1.8.6 (location: C:\Users\User\Documents\QuestCraft v26\QCXR-XR-Wrapper\Library\PackageCache\com.unity.timeline@1.8.6)
    com.unity.toolchain.win-x86_64-linux-x86_64@2.0.10 (location: C:\Users\User\Documents\QuestCraft v26\QCXR-XR-Wrapper\Library\PackageCache\com.unity.toolchain.win-x86_64-linux-x86_64@2.0.10)
    com.unity.visualscripting@1.9.4 (location: C:\Users\User\Documents\QuestCraft v26\QCXR-XR-Wrapper\Library\PackageCache\com.unity.visualscripting@1.9.4)
    com.unity.xr.core-utils@2.5.2 (location: C:\Users\User\Documents\QuestCraft v26\QCXR-XR-Wrapper\Library\PackageCache\com.unity.xr.core-utils@2.5.2)
    com.unity.xr.interaction.toolkit@3.0.5 (location: C:\Users\User\Documents\QuestCraft v26\QCXR-XR-Wrapper\Library\PackageCache\com.unity.xr.interaction.toolkit@3.0.5)
    com.unity.xr.management@4.5.1 (location: C:\Users\User\Documents\QuestCraft v26\QCXR-XR-Wrapper\Library\PackageCache\com.unity.xr.management@4.5.1)
    com.unity.xr.openxr@1.14.3 (location: C:\Users\User\Documents\QuestCraft v26\QCXR-XR-Wrapper\Library\PackageCache\com.unity.xr.openxr@1.14.3)
    com.unity.inputsystem@1.14.0 (location: C:\Users\User\Documents\QuestCraft v26\QCXR-XR-Wrapper\Library\PackageCache\com.unity.inputsystem@1.14.0)
    com.unity.xr.legacyinputhelpers@2.1.12 (location: C:\Users\User\Documents\QuestCraft v26\QCXR-XR-Wrapper\Library\PackageCache\com.unity.xr.legacyinputhelpers@2.1.12)
    com.unity.mathematics@1.2.6 (location: C:\Users\User\Documents\QuestCraft v26\QCXR-XR-Wrapper\Library\PackageCache\com.unity.mathematics@1.2.6)
    com.unity.sysroot@2.0.10 (location: C:\Users\User\Documents\QuestCraft v26\QCXR-XR-Wrapper\Library\PackageCache\com.unity.sysroot@2.0.10)
    com.unity.sysroot.linux-x86_64@2.0.9 (location: C:\Users\User\Documents\QuestCraft v26\QCXR-XR-Wrapper\Library\PackageCache\com.unity.sysroot.linux-x86_64@2.0.9)
    com.unity.ext.nunit@2.0.3 (location: C:\Users\User\Documents\QuestCraft v26\QCXR-XR-Wrapper\Library\PackageCache\com.unity.ext.nunit@2.0.3)
    com.unity.ide.vscode@1.2.5 (location: C:\Users\User\Documents\QuestCraft v26\QCXR-XR-Wrapper\Library\PackageCache\com.unity.ide.vscode@1.2.5)
    com.unity.editorcoroutines@1.0.0 (location: C:\Users\User\Documents\QuestCraft v26\QCXR-XR-Wrapper\Library\PackageCache\com.unity.editorcoroutines@1.0.0)
    com.unity.performance.profile-analyzer@1.2.3 (location: C:\Users\User\Documents\QuestCraft v26\QCXR-XR-Wrapper\Library\PackageCache\com.unity.performance.profile-analyzer@1.2.3)
    com.unity.testtools.codecoverage@1.2.6 (location: C:\Users\User\Documents\QuestCraft v26\QCXR-XR-Wrapper\Library\PackageCache\com.unity.testtools.codecoverage@1.2.6)
    com.unity.settings-manager@2.1.0 (location: C:\Users\User\Documents\QuestCraft v26\QCXR-XR-Wrapper\Library\PackageCache\com.unity.settings-manager@2.1.0)
  Packages from [https://unitynuget-registry.openupm.com]:
    org.nuget.system.runtime.compilerservices.unsafe@6.0.0 (location: C:\Users\User\Documents\QuestCraft v26\QCXR-XR-Wrapper\Library\PackageCache\org.nuget.system.runtime.compilerservices.unsafe@6.0.0)
  Built-in packages:
    com.unity.2d.sprite@1.0.0 (location: C:\Users\User\Documents\QuestCraft v26\QCXR-XR-Wrapper\Library\PackageCache\com.unity.2d.sprite@1.0.0)
    com.unity.feature.development@1.0.1 (location: C:\Users\User\Documents\QuestCraft v26\QCXR-XR-Wrapper\Library\PackageCache\com.unity.feature.development@1.0.1)
    com.unity.ugui@1.0.0 (location: C:\Users\User\Documents\QuestCraft v26\QCXR-XR-Wrapper\Library\PackageCache\com.unity.ugui@1.0.0)
    com.unity.modules.ai@1.0.0 (location: C:\Users\User\Documents\QuestCraft v26\QCXR-XR-Wrapper\Library\PackageCache\com.unity.modules.ai@1.0.0)
    com.unity.modules.androidjni@1.0.0 (location: C:\Users\User\Documents\QuestCraft v26\QCXR-XR-Wrapper\Library\PackageCache\com.unity.modules.androidjni@1.0.0)
    com.unity.modules.animation@1.0.0 (location: C:\Users\User\Documents\QuestCraft v26\QCXR-XR-Wrapper\Library\PackageCache\com.unity.modules.animation@1.0.0)
    com.unity.modules.assetbundle@1.0.0 (location: C:\Users\User\Documents\QuestCraft v26\QCXR-XR-Wrapper\Library\PackageCache\com.unity.modules.assetbundle@1.0.0)
    com.unity.modules.audio@1.0.0 (location: C:\Users\User\Documents\QuestCraft v26\QCXR-XR-Wrapper\Library\PackageCache\com.unity.modules.audio@1.0.0)
    com.unity.modules.cloth@1.0.0 (location: C:\Users\User\Documents\QuestCraft v26\QCXR-XR-Wrapper\Library\PackageCache\com.unity.modules.cloth@1.0.0)
    com.unity.modules.director@1.0.0 (location: C:\Users\User\Documents\QuestCraft v26\QCXR-XR-Wrapper\Library\PackageCache\com.unity.modules.director@1.0.0)
    com.unity.modules.imageconversion@1.0.0 (location: C:\Users\User\Documents\QuestCraft v26\QCXR-XR-Wrapper\Library\PackageCache\com.unity.modules.imageconversion@1.0.0)
    com.unity.modules.imgui@1.0.0 (location: C:\Users\User\Documents\QuestCraft v26\QCXR-XR-Wrapper\Library\PackageCache\com.unity.modules.imgui@1.0.0)
    com.unity.modules.jsonserialize@1.0.0 (location: C:\Users\User\Documents\QuestCraft v26\QCXR-XR-Wrapper\Library\PackageCache\com.unity.modules.jsonserialize@1.0.0)
    com.unity.modules.particlesystem@1.0.0 (location: C:\Users\User\Documents\QuestCraft v26\QCXR-XR-Wrapper\Library\PackageCache\com.unity.modules.particlesystem@1.0.0)
    com.unity.modules.physics@1.0.0 (location: C:\Users\User\Documents\QuestCraft v26\QCXR-XR-Wrapper\Library\PackageCache\com.unity.modules.physics@1.0.0)
    com.unity.modules.physics2d@1.0.0 (location: C:\Users\User\Documents\QuestCraft v26\QCXR-XR-Wrapper\Library\PackageCache\com.unity.modules.physics2d@1.0.0)
    com.unity.modules.screencapture@1.0.0 (location: C:\Users\User\Documents\QuestCraft v26\QCXR-XR-Wrapper\Library\PackageCache\com.unity.modules.screencapture@1.0.0)
    com.unity.modules.terrain@1.0.0 (location: C:\Users\User\Documents\QuestCraft v26\QCXR-XR-Wrapper\Library\PackageCache\com.unity.modules.terrain@1.0.0)
    com.unity.modules.terrainphysics@1.0.0 (location: C:\Users\User\Documents\QuestCraft v26\QCXR-XR-Wrapper\Library\PackageCache\com.unity.modules.terrainphysics@1.0.0)
    com.unity.modules.tilemap@1.0.0 (location: C:\Users\User\Documents\QuestCraft v26\QCXR-XR-Wrapper\Library\PackageCache\com.unity.modules.tilemap@1.0.0)
    com.unity.modules.ui@1.0.0 (location: C:\Users\User\Documents\QuestCraft v26\QCXR-XR-Wrapper\Library\PackageCache\com.unity.modules.ui@1.0.0)
    com.unity.modules.uielements@1.0.0 (location: C:\Users\User\Documents\QuestCraft v26\QCXR-XR-Wrapper\Library\PackageCache\com.unity.modules.uielements@1.0.0)
    com.unity.modules.umbra@1.0.0 (location: C:\Users\User\Documents\QuestCraft v26\QCXR-XR-Wrapper\Library\PackageCache\com.unity.modules.umbra@1.0.0)
    com.unity.modules.unityanalytics@1.0.0 (location: C:\Users\User\Documents\QuestCraft v26\QCXR-XR-Wrapper\Library\PackageCache\com.unity.modules.unityanalytics@1.0.0)
    com.unity.modules.unitywebrequest@1.0.0 (location: C:\Users\User\Documents\QuestCraft v26\QCXR-XR-Wrapper\Library\PackageCache\com.unity.modules.unitywebrequest@1.0.0)
    com.unity.modules.unitywebrequestassetbundle@1.0.0 (location: C:\Users\User\Documents\QuestCraft v26\QCXR-XR-Wrapper\Library\PackageCache\com.unity.modules.unitywebrequestassetbundle@1.0.0)
    com.unity.modules.unitywebrequestaudio@1.0.0 (location: C:\Users\User\Documents\QuestCraft v26\QCXR-XR-Wrapper\Library\PackageCache\com.unity.modules.unitywebrequestaudio@1.0.0)
    com.unity.modules.unitywebrequesttexture@1.0.0 (location: C:\Users\User\Documents\QuestCraft v26\QCXR-XR-Wrapper\Library\PackageCache\com.unity.modules.unitywebrequesttexture@1.0.0)
    com.unity.modules.unitywebrequestwww@1.0.0 (location: C:\Users\User\Documents\QuestCraft v26\QCXR-XR-Wrapper\Library\PackageCache\com.unity.modules.unitywebrequestwww@1.0.0)
    com.unity.modules.vehicles@1.0.0 (location: C:\Users\User\Documents\QuestCraft v26\QCXR-XR-Wrapper\Library\PackageCache\com.unity.modules.vehicles@1.0.0)
    com.unity.modules.video@1.0.0 (location: C:\Users\User\Documents\QuestCraft v26\QCXR-XR-Wrapper\Library\PackageCache\com.unity.modules.video@1.0.0)
    com.unity.modules.vr@1.0.0 (location: C:\Users\User\Documents\QuestCraft v26\QCXR-XR-Wrapper\Library\PackageCache\com.unity.modules.vr@1.0.0)
    com.unity.modules.wind@1.0.0 (location: C:\Users\User\Documents\QuestCraft v26\QCXR-XR-Wrapper\Library\PackageCache\com.unity.modules.wind@1.0.0)
    com.unity.modules.xr@1.0.0 (location: C:\Users\User\Documents\QuestCraft v26\QCXR-XR-Wrapper\Library\PackageCache\com.unity.modules.xr@1.0.0)
    com.unity.modules.subsystems@1.0.0 (location: C:\Users\User\Documents\QuestCraft v26\QCXR-XR-Wrapper\Library\PackageCache\com.unity.modules.subsystems@1.0.0)
  Local packages:
    com.netpyoung.webp@file:C:\Users\User\Documents\QuestCraft v26\QCXR-XR-Wrapper\Packages\LocalPackages\unity.webp (location: C:\Users\User\Documents\QuestCraft v26\QCXR-XR-Wrapper\Packages\LocalPackages\unity.webp)
    com.unity.xr.openxr.picoxr@file:C:\Users\User\Documents\QuestCraft v26\QCXR-XR-Wrapper\Packages\LocalPackages\PICO Unity OpenXR Integration SDK-1.3.0 (location: C:\Users\User\Documents\QuestCraft v26\QCXR-XR-Wrapper\Packages\LocalPackages\PICO Unity OpenXR Integration SDK-1.3.0)
[Subsystems] Looking for new subsystems at path C:\Users\User\Documents\QuestCraft v26\QCXR-XR-Wrapper\Library\PackageCache\com.unity.xr.openxr@1.14.3
[Subsystems] Novel subsystem found at Library/PackageCache/com.unity.xr.openxr@1.14.3/Runtime/UnitySubsystemsManifest.json
[Subsystems] Discovering subsystems at path C:/Program Files/Unity/Hub/Editor/2022.3.62f3/Editor/Data/Resources/UnitySubsystems
[Subsystems] Discovering subsystems at path C:/Users/User/Documents/QuestCraft v26/QCXR-XR-Wrapper/Assets
[Subsystems] Discovering subsystems at path C:\Users\User\Documents\QuestCraft v26\QCXR-XR-Wrapper\Library\PackageCache\com.unity.xr.openxr@1.14.3
[Subsystems] No descriptors matched for  examples in Library/PackageCache/com.unity.xr.openxr@1.14.3/Runtime/UnitySubsystemsManifest.json.
[Subsystems] 1 'inputs' descriptors matched in Library/PackageCache/com.unity.xr.openxr@1.14.3/Runtime/UnitySubsystemsManifest.json
[Subsystems] 1 'displays' descriptors matched in Library/PackageCache/com.unity.xr.openxr@1.14.3/Runtime/UnitySubsystemsManifest.json
[Subsystems] No descriptors matched for  meshings in Library/PackageCache/com.unity.xr.openxr@1.14.3/Runtime/UnitySubsystemsManifest.json.
[Subsystems] Discovering subsystems at path C:\Users\User\Documents\QuestCraft v26\QCXR-XR-Wrapper\Packages\LocalPackages\PICO Unity OpenXR Integration SDK-1.3.0
[Subsystems] No descriptors matched for  examples in Packages/LocalPackages/PICO Unity OpenXR Integration SDK-1.3.0/Runtime/UnitySubsystemsManifest.json.
[Subsystems] No descriptors matched for  inputs in Packages/LocalPackages/PICO Unity OpenXR Integration SDK-1.3.0/Runtime/UnitySubsystemsManifest.json.
[Subsystems] No descriptors matched for  displays in Packages/LocalPackages/PICO Unity OpenXR Integration SDK-1.3.0/Runtime/UnitySubsystemsManifest.json.
[Subsystems] 1 'meshings' descriptors matched in Packages/LocalPackages/PICO Unity OpenXR Integration SDK-1.3.0/Runtime/UnitySubsystemsManifest.json
Package Manager log level set to [2]
[Package Manager] Done registering packages in 0.96 seconds
[Licensing::Client] Successfully resolved entitlement details
Refreshing native plugins compatible for Editor in 7194.70 ms, found 19 plugins.
Preloading 0 native plugins for Editor in 0.00 ms.
Initialize engine version: 2022.3.62f3 (96770f904ca7)
[Subsystems] Discovering subsystems at path C:/Program Files/Unity/Hub/Editor/2022.3.62f3/Editor/Data/Resources/UnitySubsystems
[Subsystems] Discovering subsystems at path C:/Users/User/Documents/QuestCraft v26/QCXR-XR-Wrapper/Assets
[Subsystems] Discovering subsystems at path C:\Users\User\Documents\QuestCraft v26\QCXR-XR-Wrapper\Library\PackageCache\com.unity.xr.openxr@1.14.3
[Subsystems] No descriptors matched for  examples in Library/PackageCache/com.unity.xr.openxr@1.14.3/Runtime/UnitySubsystemsManifest.json.
[Subsystems] 1 'inputs' descriptors matched in Library/PackageCache/com.unity.xr.openxr@1.14.3/Runtime/UnitySubsystemsManifest.json
[Subsystems] 1 'displays' descriptors matched in Library/PackageCache/com.unity.xr.openxr@1.14.3/Runtime/UnitySubsystemsManifest.json
[Subsystems] No descriptors matched for  meshings in Library/PackageCache/com.unity.xr.openxr@1.14.3/Runtime/UnitySubsystemsManifest.json.
[Subsystems] Discovering subsystems at path C:\Users\User\Documents\QuestCraft v26\QCXR-XR-Wrapper\Packages\LocalPackages\PICO Unity OpenXR Integration SDK-1.3.0
[Subsystems] No descriptors matched for  examples in Packages/LocalPackages/PICO Unity OpenXR Integration SDK-1.3.0/Runtime/UnitySubsystemsManifest.json.
[Subsystems] No descriptors matched for  inputs in Packages/LocalPackages/PICO Unity OpenXR Integration SDK-1.3.0/Runtime/UnitySubsystemsManifest.json.
[Subsystems] No descriptors matched for  displays in Packages/LocalPackages/PICO Unity OpenXR Integration SDK-1.3.0/Runtime/UnitySubsystemsManifest.json.
[Subsystems] 1 'meshings' descriptors matched in Packages/LocalPackages/PICO Unity OpenXR Integration SDK-1.3.0/Runtime/UnitySubsystemsManifest.json
Forcing GfxDevice: Null
GfxDevice: creating device client; threaded=0; jobified=0
NullGfxDevice:
    Version:  NULL 1.0 [1.0]
    Renderer: Null Device
    Vendor:   Unity Technologies
[Licensing::Client] Successfully resolved entitlement details
Initialize mono
Mono path[0] = 'C:/Program Files/Unity/Hub/Editor/2022.3.62f3/Editor/Data/Managed'
Mono path[1] = 'C:/Program Files/Unity/Hub/Editor/2022.3.62f3/Editor/Data/MonoBleedingEdge/lib/mono/unityjit-win32'
Mono config path = 'C:/Program Files/Unity/Hub/Editor/2022.3.62f3/Editor/Data/MonoBleedingEdge/etc'
Using monoOptions --debugger-agent=transport=dt_socket,embedding=1,server=y,suspend=n,address=127.0.0.1:56228
Using cacheserver namespaces - metadata:defaultmetadata, artifacts:defaultartifacts
Using cacheserver namespaces - metadata:defaultmetadata, artifacts:defaultartifacts
ImportWorker Server TCP listen port: 0
Begin MonoManager ReloadAssembly
Registering precompiled unity dll's ...
Register platform support module: C:/Program Files/Unity/Hub/Editor/2022.3.62f3/Editor/Data/PlaybackEngines/AndroidPlayer/UnityEditor.Android.Extensions.dll
[Licensing::Client] Successfully resolved entitlement details
Register platform support module: C:/Program Files/Unity/Hub/Editor/2022.3.62f3/Editor/Data/PlaybackEngines/iOSSupport/UnityEditor.iOS.Extensions.dll
Register platform support module: C:/Program Files/Unity/Hub/Editor/2022.3.62f3/Editor/Data/PlaybackEngines/WindowsStandaloneSupport/UnityEditor.WindowsStandalone.Extensions.dll
Register platform support module: C:/Program Files/Unity/Hub/Editor/2022.3.62f3/Editor/Data/PlaybackEngines/LinuxStandaloneSupport/UnityEditor.LinuxStandalone.Extensions.dll
[Licensing::Client] Successfully resolved entitlement details
Register platform support module: C:/Program Files/Unity/Hub/Editor/2022.3.62f3/Editor/Data/PlaybackEngines/MetroSupport/UnityEditor.UWP.Extensions.dll
Registered in 0.902637 seconds.
- Loaded All Assemblies, in 13.951 seconds
Native extension for UWP target not found
Native extension for LinuxStandalone target not found
Native extension for WindowsStandalone target not found
[usbmuxd] Start listen thread
[usbmuxd] Listen thread started
Native extension for iOS target not found
Native extension for Android target not found
Android Extension - Scanning For ADB Devices 2477 ms
Mono: successfully reloaded assembly
- Finished resetting the current domain, in  3.440 seconds
Domain Reload Profiling: 17390ms
	BeginReloadAssembly (9250ms)
		ExecutionOrderSort (0ms)
		DisableScriptedObjects (0ms)
		BackupInstance (0ms)
		ReleaseScriptingObjects (0ms)
		CreateAndSetChildDomain (4ms)
	RebuildCommonClasses (763ms)
	RebuildNativeTypeToScriptingClass (11ms)
	initialDomainReloadingComplete (973ms)
	LoadAllAssembliesAndSetupDomain (2951ms)
		LoadAssemblies (9287ms)
		RebuildTransferFunctionScriptingTraits (0ms)
		AnalyzeDomain (2903ms)
			TypeCache.Refresh (2900ms)
				TypeCache.ScanAssembly (2517ms)
			ScanForSourceGeneratedMonoScriptInfo (1ms)
			ResolveRequiredComponents (1ms)
	FinalizeReload (3442ms)
		ReleaseScriptCaches (0ms)
		RebuildScriptCaches (0ms)
		SetupLoadedEditorAssemblies (3395ms)
			LogAssemblyErrors (0ms)
			InitializePlatformSupportModulesInManaged (3188ms)
			SetLoadedEditorAssemblies (5ms)
			RefreshPlugins (0ms)
			BeforeProcessingInitializeOnLoad (5ms)
			ProcessInitializeOnLoadAttributes (130ms)
			ProcessInitializeOnLoadMethodAttributes (67ms)
			AfterProcessingInitializeOnLoad (0ms)
			EditorAssembliesLoaded (0ms)
		ExecutionOrderSort2 (0ms)
		AwakeInstancesAfterBackupRestoration (0ms)
[Licensing::Client] Successfully resolved entitlement details
[Licensing::Client] Successfully resolved entitlement details
Application.AssetDatabase Initial Refresh Start
info: Microsoft.Hosting.Lifetime[14]
      Now listening on: http://localhost:80
info: Microsoft.Hosting.Lifetime[0]
      Application started. Press Ctrl+C to shut down.
info: Microsoft.Hosting.Lifetime[0]
      Hosting environment: Production
info: Microsoft.Hosting.Lifetime[0]
      Content root path: C:\Users\User\Documents\QuestCraft v26\QCXR-XR-Wrapper\
info: Microsoft.AspNetCore.Hosting.Diagnostics[1]
      Request starting HTTP/2 POST http://ilpp/UnityILPP.PostProcessing/Ping application/grpc -
info: Microsoft.AspNetCore.Routing.EndpointMiddleware[0]
      Executing endpoint 'gRPC - /UnityILPP.PostProcessing/Ping'
info: Microsoft.AspNetCore.Routing.EndpointMiddleware[1]
      Executed endpoint 'gRPC - /UnityILPP.PostProcessing/Ping'
info: Microsoft.AspNetCore.Hosting.Diagnostics[2]
      Request finished HTTP/2 POST http://ilpp/UnityILPP.PostProcessing/Ping application/grpc - - 200 - application/grpc 36.4825ms
Starting: C:\Program Files\Unity\Hub\Editor\2022.3.62f3\Editor\Data\bee_backend.exe --ipc --defer-dag-verification --dagfile="Library/Bee/1300b0aE.dag" --continue-on-failure --profile="Library/Bee/backend1.traceevents" ScriptAssemblies
WorkingDir: C:/Users/User/Documents/QuestCraft v26/QCXR-XR-Wrapper
DisplayProgressbar: Compiling Scripts
ExitCode: 0 Duration: 0s297ms
*** Tundra build success (0.25 seconds), 0 items updated, 720 evaluated
AssetDatabase: script compilation time: 1.306843s
Begin MonoManager ReloadAssembly
Total cache size 124722306
Total cache size after purge 124722306
- Loaded All Assemblies, in 17.368 seconds
Refreshing native plugins compatible for Editor in 36.90 ms, found 19 plugins.
Refreshing native plugins compatible for Editor in 36.15 ms, found 19 plugins.
Preloading 0 native plugins for Editor in 0.00 ms.
Start importing ProjectSettings/ProjectSettings.asset using Guid(00000000000000004000000000000000) Importer(-1,00000000000000000000000000000000) [PhysX] Initialized MultithreadedTaskDispatcher with 16 workers.
 -> (artifact id: 'cd737df0be1220cd677af662ffec2213') in 0.084743 seconds
Start importing Assets/Plugins/Android/Pojlib-release.aar using Guid(55d89ee4baf555941bcffc8ec872188a) Importer(-1,00000000000000000000000000000000) [PhysX] Initialized MultithreadedTaskDispatcher with 16 workers.
 -> (artifact id: 'e1ae5c1386e6bb891e5eed68e8eb89a6') in 0.003978 seconds
Refreshing native plugins compatible for Editor in 40.14 ms, found 19 plugins.
Native extension for UWP target not found
Native extension for LinuxStandalone target not found
Native extension for WindowsStandalone target not found
Native extension for iOS target not found
Native extension for Android target not found
[Licensing::Client] Successfully resolved entitlement details
DisplayProgressbar: Restoring NuGet Packages
Mono: successfully reloaded assembly
- Finished resetting the current domain, in  1.063 seconds
Domain Reload Profiling: 18426ms
	BeginReloadAssembly (167ms)
		ExecutionOrderSort (0ms)
		DisableScriptedObjects (4ms)
		BackupInstance (0ms)
		ReleaseScriptingObjects (0ms)
		CreateAndSetChildDomain (36ms)
	RebuildCommonClasses (34ms)
	RebuildNativeTypeToScriptingClass (10ms)
	initialDomainReloadingComplete (38ms)
	LoadAllAssembliesAndSetupDomain (17114ms)
		LoadAssemblies (16019ms)
		RebuildTransferFunctionScriptingTraits (0ms)
		AnalyzeDomain (1189ms)
			TypeCache.Refresh (1159ms)
				TypeCache.ScanAssembly (1057ms)
			ScanForSourceGeneratedMonoScriptInfo (22ms)
			ResolveRequiredComponents (7ms)
	FinalizeReload (1063ms)
		ReleaseScriptCaches (0ms)
		RebuildScriptCaches (0ms)
		SetupLoadedEditorAssemblies (890ms)
			LogAssemblyErrors (0ms)
			InitializePlatformSupportModulesInManaged (35ms)
			SetLoadedEditorAssemblies (5ms)
			RefreshPlugins (0ms)
			BeforeProcessingInitializeOnLoad (102ms)
			ProcessInitializeOnLoadAttributes (673ms)
			ProcessInitializeOnLoadMethodAttributes (67ms)
			AfterProcessingInitializeOnLoad (7ms)
			EditorAssembliesLoaded (0ms)
		ExecutionOrderSort2 (0ms)
		AwakeInstancesAfterBackupRestoration (7ms)
Refreshing native plugins compatible for Editor in 39.40 ms, found 19 plugins.
Preloading 0 native plugins for Editor in 0.00 ms.
Asset Pipeline Refresh (id=87ef1ea8a3302544f957da92acd685d5): Total: 65.100 seconds - Initiated by InitialRefreshV2(ForceSynchronousImport)
	Summary:
		Imports: total=2 (actual=2, local cache=0, cache server=0)
		Asset DB Process Time: managed=64 ms, native=43463 ms
		Asset DB Callback time: managed=312 ms, native=81 ms
		Scripting: domain reloads=1, domain reload time=19812 ms, compile time=1309 ms, other=57 ms
		Project Asset Count: scripts=6270, non-scripts=1668
		Asset File Changes: new=0, changed=2, moved=0, deleted=0
		Scan Filter Count: 0
	InvokeBeforeRefreshCallbacks: 1.756ms
	ApplyChangesToAssetFolders: 0.432ms
	Scan: 735.088ms
	OnSourceAssetsModified: 3.327ms
	GetAllGuidsForCategorization: 2.248ms
	CategorizeAssets: 250.759ms
	ImportOutOfDateAssets: 2521.488ms (1075.868ms without children)
		ImportManagerImport: 95.546ms (4.279ms without children)
			ImportInProcess: 90.937ms
			UpdateCategorizedAssets: 0.331ms
		CompileScripts: 1308.702ms
		ReloadNativeAssets: 0.023ms
		UnloadImportedAssets: 33.422ms
		ReloadImportedAssets: 0.001ms
		EnsureUptoDateAssetsAreRegisteredWithGuidPM: 3.703ms
		InitializingProgressBar: 0.457ms
		PostProcessAllAssetNotificationsAddChangedAssets: 0.001ms
		OnDemandSchedulerStart: 3.764ms
	PostProcessAllAssets: 505.247ms
	Hotreload: 41.495ms
	GatherAllCurrentPrimaryArtifactRevisions: 0.524ms
	UnloadStreamsBegin: 0.813ms
	PersistCurrentRevisions: 0.603ms
	UnloadStreamsEnd: 0.115ms
	GenerateScriptTypeHashes: 4.729ms
	Untracked: 61036.165ms
Application.AssetDatabase Initial Refresh End
Scanning for USB devices : 3.203ms
Initializing Unity extensions:
[Licensing::Client] Successfully resolved entitlement details
[Licensing::Client] Successfully resolved entitlement details
[MODES] ModeService[none].Initialize
[MODES] ModeService[none].LoadModes
[MODES] Loading mode Default (0) for mode-current-id-QuestCraft
[Licensing::Client] Successfully resolved entitlement details
[Licensing::Client] Successfully resolved entitlement details
[PhysX] Initialized MultithreadedTaskDispatcher with 16 workers.
ProgressiveSceneManager::Cancel()
Unloading 5 Unused Serialized files (Serialized files now loaded: 0)
Unloading 203 unused Assets / (0.5 MB). Loaded Objects now: 5525.
Memory consumption went from 169.1 MB to 168.5 MB.
Total: 6.804700 ms (FindLiveObjects: 0.449700 ms CreateObjectMapping: 0.214800 ms MarkObjects: 5.632000 ms  DeleteObjects: 0.506800 ms)

Start importing ProjectSettings/ProjectSettings.asset using Guid(00000000000000004000000000000000) Importer(-1,00000000000000000000000000000000) [PhysX] Initialized MultithreadedTaskDispatcher with 16 workers.
 -> (artifact id: 'eb4dcd904928dbc83a82ed4354fc1338') in 0.004576 seconds
Start importing Assets/XR/Settings/OpenXR Package Settings.asset using Guid(7b5da002d83fb8f42ac49c354e6f6d31) Importer(-1,00000000000000000000000000000000) [PhysX] Initialized MultithreadedTaskDispatcher with 16 workers.
 -> (artifact id: '565b4b24089409ba296007943a2c9e48') in 0.026861 seconds
Refreshing native plugins compatible for Editor in 55.51 ms, found 19 plugins.
Preloading 0 native plugins for Editor in 0.00 ms.
Asset Pipeline Refresh (id=56d73edfa65de5140be71e6b9ced1d97): Total: 0.136 seconds - Initiated by StopAssetImportingV2(NoUpdateAssetOptions)
DisplayProgressbar: Checking prerequisites
Android PostProcess task "Checking prerequisites" took 49.3211 ms
DisplayProgressbar: Detect Java Development Kit (JDK)
Android PostProcess task "Detect Java Development Kit (JDK)" took 181.9908 ms
DisplayProgressbar: Detecting Android SDK
AndroidSDKTools:

	root          : C:\Program Files\Unity\Hub\Editor\2022.3.62f3\Editor\Data\PlaybackEngines\AndroidPlayer\SDK
	cmdline-tools : C:\Program Files\Unity\Hub\Editor\2022.3.62f3\Editor\Data\PlaybackEngines\AndroidPlayer\SDK\cmdline-tools\6.0
	platform-tools: C:\Program Files\Unity\Hub\Editor\2022.3.62f3\Editor\Data\PlaybackEngines\AndroidPlayer\SDK\platform-tools
	build-tools   : C:\Program Files\Unity\Hub\Editor\2022.3.62f3\Editor\Data\PlaybackEngines\AndroidPlayer\SDK\build-tools\34.0.0

	adb           : C:\Program Files\Unity\Hub\Editor\2022.3.62f3\Editor\Data\PlaybackEngines\AndroidPlayer\SDK\platform-tools\adb.exe

Android PostProcess task "Detecting Android SDK" took 3325.4393 ms
DisplayProgressbar: Detect Android NDK
Android PostProcess task "Detect Android NDK" took 17.4696 ms
Android PostProcess task "Trying to find a suitable Android device" took 0.5414 ms
DisplayProgressbar: Checking Graphics API compatibility
Android PostProcess task "Checking Graphics API compatibility" took 1.3978 ms
DisplayProgressbar: Check resources
Android PostProcess task "Check resources" took 0.2561 ms
DisplayProgressbar: Check Android Player Settings
Android PostProcess task "Check Android Player Settings" took 0.4116 ms
Launched and connected shader compiler UnityShaderCompiler.exe after 0.09 seconds
info: Microsoft.AspNetCore.Hosting.Diagnostics[1]
      Request starting HTTP/2 POST http://ilpp/UnityILPP.PostProcessing/Ping application/grpc -
info: Microsoft.AspNetCore.Routing.EndpointMiddleware[0]
      Executing endpoint 'gRPC - /UnityILPP.PostProcessing/Ping'
info: Microsoft.AspNetCore.Routing.EndpointMiddleware[1]
      Executed endpoint 'gRPC - /UnityILPP.PostProcessing/Ping'
info: Microsoft.AspNetCore.Hosting.Diagnostics[2]
      Request finished HTTP/2 POST http://ilpp/UnityILPP.PostProcessing/Ping application/grpc - - 200 - application/grpc 1.9102ms
Starting: C:\Program Files\Unity\Hub\Editor\2022.3.62f3\Editor\Data\bee_backend.exe --ipc --defer-dag-verification --dagfile="Library/Bee/1300b0aESkipCompile.dag" --continue-on-failure --profile="Library/Bee/backend1.traceevents" ScriptAssembliesAndTypeDB
WorkingDir: C:/Users/User/Documents/QuestCraft v26/QCXR-XR-Wrapper
DisplayProgressbar: Compiling Scripts
ExitCode: 0 Duration: 0s135ms
*** Tundra build success (0.09 seconds), 0 items updated, 3 evaluated
Asset Pipeline Refresh (id=d5e4b1a21c6ece14c973de935f570991): Total: 0.009 seconds - Initiated by RefreshV2(NoUpdateAssetOptions)
[ScriptCompilation] Requested script compilation because: Recompiling scripts for player build.
BuildPlayer: start building target 13
Total cache size 124722306
Total cache size after purge 124722306
info: Microsoft.AspNetCore.Hosting.Diagnostics[1]
      Request starting HTTP/2 POST http://ilpp/UnityILPP.PostProcessing/Ping application/grpc -
info: Microsoft.AspNetCore.Routing.EndpointMiddleware[0]
      Executing endpoint 'gRPC - /UnityILPP.PostProcessing/Ping'
info: Microsoft.AspNetCore.Routing.EndpointMiddleware[1]
      Executed endpoint 'gRPC - /UnityILPP.PostProcessing/Ping'
info: Microsoft.AspNetCore.Hosting.Diagnostics[2]
      Request finished HTTP/2 POST http://ilpp/UnityILPP.PostProcessing/Ping application/grpc - - 200 - application/grpc 0.7112ms
Starting: C:\Program Files\Unity\Hub\Editor\2022.3.62f3\Editor\Data\bee_backend.exe --ipc --defer-dag-verification --dagfile="Library/Bee/1300b0aP.dag" --continue-on-failure --profile="Library/Bee/backend1.traceevents" ScriptAssembliesAndTypeDB
WorkingDir: C:/Users/User/Documents/QuestCraft v26/QCXR-XR-Wrapper
ExitCode: 0 Duration: 1s916ms
[230/322    0s] CopyFiles Library/Bee/PlayerScriptAssemblies/UnityEngine.SpatialTracking.dll
[232/322    0s] CopyFiles Library/Bee/PlayerScriptAssemblies/UnityEngine.UI.pdb
[235/322    0s] CopyFiles Library/Bee/PlayerScriptAssemblies/Unity.InputSystem.pdb
[239/322    0s] CopyFiles Library/Bee/PlayerScriptAssemblies/Unity.TextMeshPro.dll
[241/322    0s] CopyFiles Library/Bee/PlayerScriptAssemblies/UnityEngine.XR.LegacyInputHelpers.dll
[242/322    0s] CopyFiles Library/Bee/PlayerScriptAssemblies/UnityEngine.SpatialTracking.pdb
[250/322    0s] CopyFiles Library/Bee/PlayerScriptAssemblies/UnityEngine.UI.dll
[251/322    0s] CopyFiles Library/Bee/PlayerScriptAssemblies/Unity.InputSystem.dll
[265/322    0s] CopyFiles Library/Bee/PlayerScriptAssemblies/Unity.Mathematics.dll
[268/322    0s] CopyFiles Library/Bee/PlayerScriptAssemblies/Unity.Timeline.dll
[270/322    0s] CopyFiles Library/Bee/PlayerScriptAssemblies/Unity.InputSystem.ForUI.dll
[271/322    0s] CopyFiles Library/Bee/PlayerScriptAssemblies/UnityGifDecoder.dll
[272/322    0s] CopyFiles Library/Bee/PlayerScriptAssemblies/unity.webp.dll
[275/322    0s] CopyFiles Library/Bee/PlayerScriptAssemblies/Unity.XR.OpenXR.Features.MockRuntime.dll
[276/322    0s] CopyFiles Library/Bee/PlayerScriptAssemblies/Unity.XR.Interaction.Toolkit.dll
[277/322    0s] CopyFiles Library/Bee/PlayerScriptAssemblies/Unity.XR.OpenXR.Features.MetaQuestSupport.dll
[278/322    0s] CopyFiles Library/Bee/PlayerScriptAssemblies/Unity.XR.OpenXR.Features.ConformanceAutomation.dll
[279/322    0s] CopyFiles Library/Bee/PlayerScriptAssemblies/Unity.VisualScripting.Flow.dll
[280/322    0s] CopyFiles Library/Bee/PlayerScriptAssemblies/Unity.VisualScripting.State.dll
[281/322    0s] CopyFiles Library/Bee/PlayerScriptAssemblies/Unity.XR.OpenXR.Features.OculusQuestSupport.dll
[282/322    0s] CopyFiles Library/Bee/PlayerScriptAssemblies/ControllerSample.dll
[283/322    0s] CopyFiles Library/Bee/PlayerScriptAssemblies/Unity.XR.Interaction.Toolkit.Samples.StarterAssets.dll
[284/322    0s] CopyFiles Library/Bee/PlayerScriptAssemblies/PICO.TobSupport.dll
[285/322    0s] CopyFiles Library/Bee/PlayerScriptAssemblies/PICO.Platform.dll
[286/322    0s] CopyFiles Library/Bee/PlayerScriptAssemblies/Unity.XR.Management.dll
[287/322    0s] CopyFiles Library/Bee/PlayerScriptAssemblies/Unity.XR.OpenXR.Features.PICOSupport.dll
[288/322    0s] CopyFiles Library/Bee/PlayerScriptAssemblies/Unity.XR.OpenXR.Features.RuntimeDebugger.dll
[289/322    0s] CopyFiles Library/Bee/PlayerScriptAssemblies/Unity.XR.OpenXRPico.dll
[290/322    0s] CopyFiles Library/Bee/PlayerScriptAssemblies/Assembly-CSharp.dll
[291/322    0s] CopyFiles Library/Bee/PlayerScriptAssemblies/Assembly-CSharp.pdb
[292/322    0s] CopyFiles Library/Bee/PlayerScriptAssemblies/Unity.VisualScripting.Core.dll
[293/322    0s] CopyFiles Library/Bee/PlayerScriptAssemblies/Unity.XR.OpenXR.Features.ConformanceAutomation.pdb
[294/322    0s] CopyFiles Library/Bee/PlayerScriptAssemblies/PICO.TobSupport.pdb
[295/322    0s] CopyFiles Library/Bee/PlayerScriptAssemblies/Unity.VisualScripting.State.pdb
[296/322    0s] CopyFiles Library/Bee/PlayerScriptAssemblies/Unity.XR.CoreUtils.dll
[297/322    0s] CopyFiles Library/Bee/PlayerScriptAssemblies/Unity.XR.OpenXR.dll
[298/322    0s] CopyFiles Library/Bee/PlayerScriptAssemblies/Unity.XR.Interaction.Toolkit.Samples.StarterAssets.pdb
[299/322    0s] CopyFiles Library/Bee/PlayerScriptAssemblies/Unity.XR.OpenXR.Features.OculusQuestSupport.pdb
[300/322    0s] CopyFiles Library/Bee/PlayerScriptAssemblies/Unity.XR.Interaction.Toolkit.pdb
[301/322    0s] CopyFiles Library/Bee/PlayerScriptAssemblies/Unity.XR.OpenXR.Features.PICOSupport.pdb
[302/322    0s] CopyFiles Library/Bee/PlayerScriptAssemblies/Unity.XR.OpenXR.Features.MetaQuestSupport.pdb
[303/322    0s] CopyFiles Library/Bee/PlayerScriptAssemblies/Unity.XR.OpenXR.Features.RuntimeDebugger.pdb
[304/322    0s] CopyFiles Library/Bee/PlayerScriptAssemblies/Unity.XR.OpenXRPico.pdb
[305/322    0s] CopyFiles Library/Bee/PlayerScriptAssemblies/PICO.Platform.pdb
[306/322    0s] CopyFiles Library/Bee/PlayerScriptAssemblies/Unity.XR.OpenXR.Features.MockRuntime.pdb
[307/322    0s] CopyFiles Library/Bee/PlayerScriptAssemblies/Unity.XR.Management.pdb
[308/322    0s] CopyFiles Library/Bee/PlayerScriptAssemblies/Unity.TextMeshPro.pdb
[309/322    0s] CopyFiles Library/Bee/PlayerScriptAssemblies/Unity.VisualScripting.Core.pdb
[310/322    0s] CopyFiles Library/Bee/PlayerScriptAssemblies/Unity.XR.CoreUtils.pdb
[311/322    0s] CopyFiles Library/Bee/PlayerScriptAssemblies/unity.webp.pdb
[312/322    0s] CopyFiles Library/Bee/PlayerScriptAssemblies/Unity.XR.OpenXR.pdb
[313/322    0s] CopyFiles Library/Bee/PlayerScriptAssemblies/ControllerSample.pdb
[314/322    0s] CopyFiles Library/Bee/PlayerScriptAssemblies/Unity.InputSystem.ForUI.pdb
[315/322    0s] CopyFiles Library/Bee/PlayerScriptAssemblies/Unity.VisualScripting.Flow.pdb
[316/322    0s] CopyFiles Library/Bee/PlayerScriptAssemblies/UnityEngine.XR.LegacyInputHelpers.pdb
[317/322    0s] CopyFiles Library/Bee/PlayerScriptAssemblies/Unity.Timeline.pdb
[318/322    0s] CopyFiles Library/Bee/PlayerScriptAssemblies/Unity.Mathematics.pdb
[319/322    0s] CopyFiles Library/Bee/PlayerScriptAssemblies/UnityGifDecoder.pdb
*** Tundra build success (1.88 seconds), 58 items updated, 322 evaluated
Total cache size 124722306
Total cache size after purge 124722306
Rebuilding Data files because ProjectSettings/ProjectSettings.asset is dirty (hash)
[Licensing::Client] Successfully resolved entitlement details
[Licensing::Client] Successfully resolved entitlement details
Asset Pipeline Refresh (id=19cfa692f622bd548ae0235b8e540f45): Total: 0.122 seconds - Initiated by RefreshV2(NoUpdateAssetOptions)
Warning! Using more than 1 pixel lights on a mobile device may decrease performance severely. You can change the mobile quality settings in 'Project Settings -> Quality Settings'.
Opening scene 'Assets/Scenes/Main.unity'
[PhysX] Initialized MultithreadedTaskDispatcher with 16 workers.
Unable to parse file Assets/Scenes/Main.unity: [Parser Failure at line 1480: Expected closing '}']
Unable to parse file Assets/Scenes/Main.unity: [Parser Failure at line 1936: Expected closing '}']
Unable to parse file Assets/Scenes/Main.unity: [Parser Failure at line 3440: Expected closing '}']
Unable to parse file Assets/Scenes/Main.unity: [Parser Failure at line 5516: Expected closing '}']
Unable to parse file Assets/Scenes/Main.unity: [Parser Failure at line 9378: Expected closing '}']
Unable to parse file Assets/Scenes/Main.unity: [Parser Failure at line 9911: Expected closing '}']
Unable to parse file Assets/Scenes/Main.unity: [Parser Failure at line 10239: Expected closing '}']
Unable to parse file Assets/Scenes/Main.unity: [Parser Failure at line 11549: Expected closing '}']
Unable to parse file Assets/Scenes/Main.unity: [Parser Failure at line 12062: Expected closing '}']
Unable to parse file Assets/Scenes/Main.unity: [Parser Failure at line 13275: Expected closing '}']
Unable to parse file Assets/Scenes/Main.unity: [Parser Failure at line 14291: Expected closing '}']
Unable to parse file Assets/Scenes/Main.unity: [Parser Failure at line 14648: Expected closing '}']
Unable to parse file Assets/Scenes/Main.unity: [Parser Failure at line 18781: Expected closing '}']
Unable to parse file Assets/Scenes/Main.unity: [Parser Failure at line 19482: Expected closing '}']
Unable to parse file Assets/Scenes/Main.unity: [Parser Failure at line 20648: Expected closing '}']
Unable to parse file Assets/Scenes/Main.unity: [Parser Failure at line 22226: Expected closing '}']
Unable to parse file Assets/Scenes/Main.unity: [Parser Failure at line 25756: Expected closing '}']
Unable to parse file Assets/Scenes/Main.unity: [Parser Failure at line 26151: Expected closing '}']
Unable to parse file Assets/Scenes/Main.unity: [Parser Failure at line 26461: Expected closing '}']
Unable to parse file Assets/Scenes/Main.unity: [Parser Failure at line 26892: Expected closing '}']
Unable to parse file Assets/Scenes/Main.unity: [Parser Failure at line 29273: Expected closing '}']
Unable to parse file Assets/Scenes/Main.unity: [Parser Failure at line 32081: Expected closing '}']
Unable to parse file Assets/Scenes/Main.unity: [Parser Failure at line 33958: Expected closing '}']
Unable to parse file Assets/Scenes/Main.unity: [Parser Failure at line 35023: Expected closing '}']
Unable to parse file Assets/Scenes/Main.unity: [Parser Failure at line 36312: Expected closing '}']
Unable to parse file Assets/Scenes/Main.unity: [Parser Failure at line 36471: Expected closing '}']
Unable to parse file Assets/Scenes/Main.unity: [Parser Failure at line 37156: Expected closing '}']
Unable to parse file Assets/Scenes/Main.unity: [Parser Failure at line 38825: Expected closing '}']
Unable to parse file Assets/Scenes/Main.unity: [Parser Failure at line 40127: Expected closing '}']
Unable to parse file Assets/Scenes/Main.unity: [Parser Failure at line 41413: Expected closing '}']
Unable to parse file Assets/Scenes/Main.unity: [Parser Failure at line 41597: Expected closing '}']
Unable to parse file Assets/Scenes/Main.unity: [Parser Failure at line 47171: Expected closing '}']
Unable to parse file Assets/Scenes/Main.unity: [Parser Failure at line 47745: Expected closing '}']
Unable to parse file Assets/Scenes/Main.unity: [Parser Failure at line 48791: Expected closing '}']
Unable to parse file Assets/Scenes/Main.unity: [Parser Failure at line 50767: Expected closing '}']
Unable to parse file Assets/Scenes/Main.unity: [Parser Failure at line 51352: Expected closing '}']
Unloading 30 Unused Serialized files (Serialized files now loaded: 0)
LightingSettings: switching bake backend from 1 to 2.
Loaded scene 'Assets/Scenes/Main.unity'
	Deserialize:            757.625 ms
	Integration:            1992.613 ms
	Integration of assets:  9.489 ms
	Thread Wait Time:       -0.344 ms
	Total Operation Time:   2759.383 ms
Unloading 185 unused Assets / (0.9 MB). Loaded Objects now: 10541.
Memory consumption went from 212.6 MB to 211.7 MB.
Total: 6.400000 ms (FindLiveObjects: 0.842700 ms CreateObjectMapping: 0.153500 ms MarkObjects: 4.817000 ms  DeleteObjects: 0.585700 ms)

Created GICache directory at C:/Users/User/AppData/LocalLow/Unity/Caches/GiCache. Took: 0.041s, timestamps: [112.567 - 112.608]
gi::BakeBackendSwitch: switching bake backend from 3 to 2.
Compiling mesh data optimization processing for "Standard" pass "FORWARD":
    Cached mesh channel usage data found for 0 variants. 480 variants require compilation to get this data.
    Processed in 0.01 seconds
    starting compilation...
    finished in 1.31 seconds. Local cache hits 480 (18.24s CPU time), remote cache hits 0 (0.00s CPU time), compiled 0 variants (0.00s CPU time), skipped 0 variants
Compiling mesh data optimization processing for "Standard" pass "FORWARD_DELTA":
    Cached mesh channel usage data found for 0 variants. 0 variants require compilation to get this data.
    Processed in 0.00 seconds
Compiling mesh data optimization processing for "Standard" pass "ShadowCaster":
    Cached mesh channel usage data found for 0 variants. 0 variants require compilation to get this data.
    Processed in 0.00 seconds
Compiling mesh data optimization processing for "Standard" pass "DEFERRED":
    Cached mesh channel usage data found for 246 variants. 246 variants require compilation to get this data.
    Processed in 0.00 seconds
    starting compilation...
    finished in 0.15 seconds. Local cache hits 246 (2.39s CPU time), remote cache hits 0 (0.00s CPU time), compiled 0 variants (0.00s CPU time), skipped 0 variants
Compiling mesh data optimization processing for "Standard" pass "META":
    Cached mesh channel usage data found for 6 variants. 6 variants require compilation to get this data.
    Processed in 0.00 seconds
    starting compilation...
    finished in 0.01 seconds. Local cache hits 6 (0.06s CPU time), remote cache hits 0 (0.00s CPU time), compiled 0 variants (0.00s CPU time), skipped 0 variants
Compiling mesh data optimization processing for "Standard" pass "FORWARD":
    Cached mesh channel usage data found for 0 variants. 0 variants require compilation to get this data.
    Processed in 0.00 seconds
Compiling mesh data optimization processing for "Standard" pass "FORWARD_DELTA":
    Cached mesh channel usage data found for 0 variants. 0 variants require compilation to get this data.
    Processed in 0.00 seconds
Compiling mesh data optimization processing for "Standard" pass "ShadowCaster":
    Cached mesh channel usage data found for 0 variants. 0 variants require compilation to get this data.
    Processed in 0.00 seconds
Compiling mesh data optimization processing for "Standard" pass "META":
    Cached mesh channel usage data found for 6 variants. 6 variants require compilation to get this data.
    Processed in 0.00 seconds
    starting compilation...
    finished in 0.00 seconds. Local cache hits 6 (0.02s CPU time), remote cache hits 0 (0.00s CPU time), compiled 0 variants (0.00s CPU time), skipped 0 variants
Compiling mesh data optimization processing for "Legacy Shaders/VertexLit" pass "":
    Cached mesh channel usage data found for 18 variants. 18 variants require compilation to get this data.
    Processed in 0.00 seconds
    starting compilation...
    finished in 0.02 seconds. Local cache hits 18 (0.23s CPU time), remote cache hits 0 (0.00s CPU time), compiled 0 variants (0.00s CPU time), skipped 0 variants
Compiling mesh data optimization processing for "Legacy Shaders/VertexLit" pass "":
    Cached mesh channel usage data found for 6 variants. 6 variants require compilation to get this data.
    Processed in 0.00 seconds
    starting compilation...
    finished in 0.01 seconds. Local cache hits 6 (0.06s CPU time), remote cache hits 0 (0.00s CPU time), compiled 0 variants (0.00s CPU time), skipped 0 variants
Compiling mesh data optimization processing for "Legacy Shaders/VertexLit" pass "ShadowCaster":
    Cached mesh channel usage data found for 12 variants. 12 variants require compilation to get this data.
    Processed in 0.00 seconds
    starting compilation...
    finished in 0.01 seconds. Local cache hits 12 (0.15s CPU time), remote cache hits 0 (0.00s CPU time), compiled 0 variants (0.00s CPU time), skipped 0 variants
Compiling mesh data optimization processing for "Standard" pass "FORWARD":
    Cached mesh channel usage data found for 540 variants. 540 variants require compilation to get this data.
    Processed in 0.00 seconds
    starting compilation...
    finished in 0.48 seconds. Local cache hits 540 (7.53s CPU time), remote cache hits 0 (0.00s CPU time), compiled 0 variants (0.00s CPU time), skipped 0 variants
Compiling mesh data optimization processing for "Standard" pass "FORWARD_DELTA":
    Cached mesh channel usage data found for 846 variants. 846 variants require compilation to get this data.
    Processed in 0.00 seconds
    starting compilation...
    finished in 0.61 seconds. Local cache hits 846 (9.62s CPU time), remote cache hits 0 (0.00s CPU time), compiled 0 variants (0.00s CPU time), skipped 0 variants
Compiling mesh data optimization processing for "Standard" pass "ShadowCaster":
    Cached mesh channel usage data found for 36 variants. 36 variants require compilation to get this data.
    Processed in 0.00 seconds
    starting compilation...
    finished in 0.05 seconds. Local cache hits 36 (0.58s CPU time), remote cache hits 0 (0.00s CPU time), compiled 0 variants (0.00s CPU time), skipped 0 variants
Compiling mesh data optimization processing for "Standard" pass "DEFERRED":
    Cached mesh channel usage data found for 210 variants. 204 variants require compilation to get this data.
    Processed in 0.00 seconds
    starting compilation...
    finished in 0.09 seconds. Local cache hits 204 (1.44s CPU time), remote cache hits 0 (0.00s CPU time), compiled 0 variants (0.00s CPU time), skipped 0 variants
Compiling mesh data optimization processing for "Standard" pass "META":
    Cached mesh channel usage data found for 12 variants. 6 variants require compilation to get this data.
    Processed in 0.00 seconds
    starting compilation...
    finished in 0.01 seconds. Local cache hits 6 (0.06s CPU time), remote cache hits 0 (0.00s CPU time), compiled 0 variants (0.00s CPU time), skipped 0 variants
Compiling mesh data optimization processing for "Standard" pass "FORWARD":
    Cached mesh channel usage data found for 540 variants. 540 variants require compilation to get this data.
    Processed in 0.00 seconds
    starting compilation...
    finished in 0.37 seconds. Local cache hits 540 (5.90s CPU time), remote cache hits 0 (0.00s CPU time), compiled 0 variants (0.00s CPU time), skipped 0 variants
Compiling mesh data optimization processing for "Standard" pass "FORWARD_DELTA":
    Cached mesh channel usage data found for 630 variants. 630 variants require compilation to get this data.
    Processed in 0.00 seconds
    starting compilation...
    finished in 0.40 seconds. Local cache hits 630 (4.43s CPU time), remote cache hits 0 (0.00s CPU time), compiled 0 variants (0.00s CPU time), skipped 0 variants
Compiling mesh data optimization processing for "Standard" pass "ShadowCaster":
    Cached mesh channel usage data found for 36 variants. 36 variants require compilation to get this data.
    Processed in 0.00 seconds
    starting compilation...
    finished in 0.03 seconds. Local cache hits 36 (0.20s CPU time), remote cache hits 0 (0.00s CPU time), compiled 0 variants (0.00s CPU time), skipped 0 variants
Compiling mesh data optimization processing for "Standard" pass "META":
    Cached mesh channel usage data found for 12 variants. 6 variants require compilation to get this data.
    Processed in 0.00 seconds
    starting compilation...
    finished in 0.01 seconds. Local cache hits 6 (0.03s CPU time), remote cache hits 0 (0.00s CPU time), compiled 0 variants (0.00s CPU time), skipped 0 variants
Compiling mesh data optimization processing for "Legacy Shaders/VertexLit" pass "":
    Cached mesh channel usage data found for 18 variants. 0 variants require compilation to get this data.
    Processed in 0.00 seconds
Compiling mesh data optimization processing for "Legacy Shaders/VertexLit" pass "":
    Cached mesh channel usage data found for 6 variants. 0 variants require compilation to get this data.
    Processed in 0.00 seconds
Compiling mesh data optimization processing for "Legacy Shaders/VertexLit" pass "ShadowCaster":
    Cached mesh channel usage data found for 12 variants. 0 variants require compilation to get this data.
    Processed in 0.00 seconds
Compiling mesh data optimization processing for "Unlit/Transparent Cutout" pass "":
    Cached mesh channel usage data found for 6 variants. 6 variants require compilation to get this data.
    Processed in 0.00 seconds
    starting compilation...
    finished in 0.01 seconds. Local cache hits 6 (0.06s CPU time), remote cache hits 0 (0.00s CPU time), compiled 0 variants (0.00s CPU time), skipped 0 variants
Compiling mesh data optimization processing for "Particles/Standard Unlit" pass "ShadowCaster":
    Cached mesh channel usage data found for 48 variants. 48 variants require compilation to get this data.
    Processed in 0.00 seconds
    starting compilation...
    finished in 0.02 seconds. Local cache hits 48 (0.26s CPU time), remote cache hits 0 (0.00s CPU time), compiled 0 variants (0.00s CPU time), skipped 0 variants
Compiling mesh data optimization processing for "Particles/Standard Unlit" pass "SceneSelectionPass":
    Cached mesh channel usage data found for 24 variants. 24 variants require compilation to get this data.
    Processed in 0.00 seconds
    starting compilation...
    finished in 0.02 seconds. Local cache hits 24 (0.30s CPU time), remote cache hits 0 (0.00s CPU time), compiled 0 variants (0.00s CPU time), skipped 0 variants
Compiling mesh data optimization processing for "Particles/Standard Unlit" pass "ScenePickingPass":
    Cached mesh channel usage data found for 24 variants. 24 variants require compilation to get this data.
    Processed in 0.00 seconds
    starting compilation...
    finished in 0.02 seconds. Local cache hits 24 (0.30s CPU time), remote cache hits 0 (0.00s CPU time), compiled 0 variants (0.00s CPU time), skipped 0 variants
Compiling mesh data optimization processing for "Particles/Standard Unlit" pass "":
    Cached mesh channel usage data found for 48 variants. 48 variants require compilation to get this data.
    Processed in 0.00 seconds
    starting compilation...
    finished in 0.02 seconds. Local cache hits 48 (0.29s CPU time), remote cache hits 0 (0.00s CPU time), compiled 0 variants (0.00s CPU time), skipped 0 variants
Compiling mesh data optimization processing for "Legacy Shaders/VertexLit" pass "":
    Cached mesh channel usage data found for 18 variants. 0 variants require compilation to get this data.
    Processed in 0.00 seconds
Compiling mesh data optimization processing for "Legacy Shaders/VertexLit" pass "":
    Cached mesh channel usage data found for 6 variants. 0 variants require compilation to get this data.
    Processed in 0.00 seconds
Compiling mesh data optimization processing for "Legacy Shaders/VertexLit" pass "ShadowCaster":
    Cached mesh channel usage data found for 12 variants. 0 variants require compilation to get this data.
    Processed in 0.00 seconds
Compiling mesh data optimization processing for "Mobile/Unlit (Supports Lightmap)" pass "":
    Cached mesh channel usage data found for 6 variants. 6 variants require compilation to get this data.
    Processed in 0.00 seconds
    starting compilation...
    finished in 0.01 seconds. Local cache hits 6 (0.05s CPU time), remote cache hits 0 (0.00s CPU time), compiled 0 variants (0.00s CPU time), skipped 0 variants
Compiling mesh data optimization processing for "Mobile/Unlit (Supports Lightmap)" pass "":
    Cached mesh channel usage data found for 6 variants. 6 variants require compilation to get this data.
    Processed in 0.00 seconds
    starting compilation...
    finished in 0.01 seconds. Local cache hits 6 (0.06s CPU time), remote cache hits 0 (0.00s CPU time), compiled 0 variants (0.00s CPU time), skipped 0 variants
Script attached to 'Text (TMP)' in scene 'Assets/Scenes/Main.unity' is missing or no valid script is attached.
UnityEngine.StackTraceUtility:ExtractStackTrace ()
UnityEditor.BuildPipeline:BuildPlayerInternal (string[],string,string,UnityEditor.BuildTargetGroup,UnityEditor.BuildTarget,int,UnityEditor.BuildOptions,string[])
UnityEditor.BuildPipeline:BuildPlayer (string[],string,string,UnityEditor.BuildTargetGroup,UnityEditor.BuildTarget,int,UnityEditor.BuildOptions,string[])
UnityEditor.BuildPipeline:BuildPlayer (UnityEditor.BuildPlayerOptions)
QuestCraftCliBuild:BuildAndroid () (at Assets/Editor/QuestCraftCliBuild.cs:86)

[Assets/Editor/QuestCraftCliBuild.cs line 86]

Script attached to 'Label' in scene 'Assets/Scenes/Main.unity' is missing or no valid script is attached.
UnityEngine.StackTraceUtility:ExtractStackTrace ()
UnityEditor.BuildPipeline:BuildPlayerInternal (string[],string,string,UnityEditor.BuildTargetGroup,UnityEditor.BuildTarget,int,UnityEditor.BuildOptions,string[])
UnityEditor.BuildPipeline:BuildPlayer (string[],string,string,UnityEditor.BuildTargetGroup,UnityEditor.BuildTarget,int,UnityEditor.BuildOptions,string[])
UnityEditor.BuildPipeline:BuildPlayer (UnityEditor.BuildPlayerOptions)
QuestCraftCliBuild:BuildAndroid () (at Assets/Editor/QuestCraftCliBuild.cs:86)

[Assets/Editor/QuestCraftCliBuild.cs line 86]

Script attached to 'Text (TMP)' in scene 'Assets/Scenes/Main.unity' is missing or no valid script is attached.
UnityEngine.StackTraceUtility:ExtractStackTrace ()
UnityEditor.BuildPipeline:BuildPlayerInternal (string[],string,string,UnityEditor.BuildTargetGroup,UnityEditor.BuildTarget,int,UnityEditor.BuildOptions,string[])
UnityEditor.BuildPipeline:BuildPlayer (string[],string,string,UnityEditor.BuildTargetGroup,UnityEditor.BuildTarget,int,UnityEditor.BuildOptions,string[])
UnityEditor.BuildPipeline:BuildPlayer (UnityEditor.BuildPlayerOptions)
QuestCraftCliBuild:BuildAndroid () (at Assets/Editor/QuestCraftCliBuild.cs:86)

[Assets/Editor/QuestCraftCliBuild.cs line 86]

Script attached to 'Header' in scene 'Assets/Scenes/Main.unity' is missing or no valid script is attached.
UnityEngine.StackTraceUtility:ExtractStackTrace ()
UnityEditor.BuildPipeline:BuildPlayerInternal (string[],string,string,UnityEditor.BuildTargetGroup,UnityEditor.BuildTarget,int,UnityEditor.BuildOptions,string[])
UnityEditor.BuildPipeline:BuildPlayer (string[],string,string,UnityEditor.BuildTargetGroup,UnityEditor.BuildTarget,int,UnityEditor.BuildOptions,string[])
UnityEditor.BuildPipeline:BuildPlayer (UnityEditor.BuildPlayerOptions)
QuestCraftCliBuild:BuildAndroid () (at Assets/Editor/QuestCraftCliBuild.cs:86)

[Assets/Editor/QuestCraftCliBuild.cs line 86]

Script attached to 'Text (TMP)' in scene 'Assets/Scenes/Main.unity' is missing or no valid script is attached.
UnityEngine.StackTraceUtility:ExtractStackTrace ()
UnityEditor.BuildPipeline:BuildPlayerInternal (string[],string,string,UnityEditor.BuildTargetGroup,UnityEditor.BuildTarget,int,UnityEditor.BuildOptions,string[])
UnityEditor.BuildPipeline:BuildPlayer (string[],string,string,UnityEditor.BuildTargetGroup,UnityEditor.BuildTarget,int,UnityEditor.BuildOptions,string[])
UnityEditor.BuildPipeline:BuildPlayer (UnityEditor.BuildPlayerOptions)
QuestCraftCliBuild:BuildAndroid () (at Assets/Editor/QuestCraftCliBuild.cs:86)

[Assets/Editor/QuestCraftCliBuild.cs line 86]

Script attached to 'Subtitle' in scene 'Assets/Scenes/Main.unity' is missing or no valid script is attached.
UnityEngine.StackTraceUtility:ExtractStackTrace ()
UnityEditor.BuildPipeline:BuildPlayerInternal (string[],string,string,UnityEditor.BuildTargetGroup,UnityEditor.BuildTarget,int,UnityEditor.BuildOptions,string[])
UnityEditor.BuildPipeline:BuildPlayer (string[],string,string,UnityEditor.BuildTargetGroup,UnityEditor.BuildTarget,int,UnityEditor.BuildOptions,string[])
UnityEditor.BuildPipeline:BuildPlayer (UnityEditor.BuildPlayerOptions)
QuestCraftCliBuild:BuildAndroid () (at Assets/Editor/QuestCraftCliBuild.cs:86)

[Assets/Editor/QuestCraftCliBuild.cs line 86]

Script attached to 'Text (TMP)' in scene 'Assets/Scenes/Main.unity' is missing or no valid script is attached.
UnityEngine.StackTraceUtility:ExtractStackTrace ()
UnityEditor.BuildPipeline:BuildPlayerInternal (string[],string,string,UnityEditor.BuildTargetGroup,UnityEditor.BuildTarget,int,UnityEditor.BuildOptions,string[])
UnityEditor.BuildPipeline:BuildPlayer (string[],string,string,UnityEditor.BuildTargetGroup,UnityEditor.BuildTarget,int,UnityEditor.BuildOptions,string[])
UnityEditor.BuildPipeline:BuildPlayer (UnityEditor.BuildPlayerOptions)
QuestCraftCliBuild:BuildAndroid () (at Assets/Editor/QuestCraftCliBuild.cs:86)

[Assets/Editor/QuestCraftCliBuild.cs line 86]

Script attached to 'Text (TMP)' in scene 'Assets/Scenes/Main.unity' is missing or no valid script is attached.
UnityEngine.StackTraceUtility:ExtractStackTrace ()
UnityEditor.BuildPipeline:BuildPlayerInternal (string[],string,string,UnityEditor.BuildTargetGroup,UnityEditor.BuildTarget,int,UnityEditor.BuildOptions,string[])
UnityEditor.BuildPipeline:BuildPlayer (string[],string,string,UnityEditor.BuildTargetGroup,UnityEditor.BuildTarget,int,UnityEditor.BuildOptions,string[])
UnityEditor.BuildPipeline:BuildPlayer (UnityEditor.BuildPlayerOptions)
QuestCraftCliBuild:BuildAndroid () (at Assets/Editor/QuestCraftCliBuild.cs:86)

[Assets/Editor/QuestCraftCliBuild.cs line 86]

Script attached to 'Label' in scene 'Assets/Scenes/Main.unity' is missing or no valid script is attached.
UnityEngine.StackTraceUtility:ExtractStackTrace ()
UnityEditor.BuildPipeline:BuildPlayerInternal (string[],string,string,UnityEditor.BuildTargetGroup,UnityEditor.BuildTarget,int,UnityEditor.BuildOptions,string[])
UnityEditor.BuildPipeline:BuildPlayer (string[],string,string,UnityEditor.BuildTargetGroup,UnityEditor.BuildTarget,int,UnityEditor.BuildOptions,string[])
UnityEditor.BuildPipeline:BuildPlayer (UnityEditor.BuildPlayerOptions)
QuestCraftCliBuild:BuildAndroid () (at Assets/Editor/QuestCraftCliBuild.cs:86)

[Assets/Editor/QuestCraftCliBuild.cs line 86]

Script attached to 'Text (TMP)' in scene 'Assets/Scenes/Main.unity' is missing or no valid script is attached.
UnityEngine.StackTraceUtility:ExtractStackTrace ()
UnityEditor.BuildPipeline:BuildPlayerInternal (string[],string,string,UnityEditor.BuildTargetGroup,UnityEditor.BuildTarget,int,UnityEditor.BuildOptions,string[])
UnityEditor.BuildPipeline:BuildPlayer (string[],string,string,UnityEditor.BuildTargetGroup,UnityEditor.BuildTarget,int,UnityEditor.BuildOptions,string[])
UnityEditor.BuildPipeline:BuildPlayer (UnityEditor.BuildPlayerOptions)
QuestCraftCliBuild:BuildAndroid () (at Assets/Editor/QuestCraftCliBuild.cs:86)

[Assets/Editor/QuestCraftCliBuild.cs line 86]

Script attached to 'Text (TMP)' in scene 'Assets/Scenes/Main.unity' is missing or no valid script is attached.
UnityEngine.StackTraceUtility:ExtractStackTrace ()
UnityEditor.BuildPipeline:BuildPlayerInternal (string[],string,string,UnityEditor.BuildTargetGroup,UnityEditor.BuildTarget,int,UnityEditor.BuildOptions,string[])
UnityEditor.BuildPipeline:BuildPlayer (string[],string,string,UnityEditor.BuildTargetGroup,UnityEditor.BuildTarget,int,UnityEditor.BuildOptions,string[])
UnityEditor.BuildPipeline:BuildPlayer (UnityEditor.BuildPlayerOptions)
QuestCraftCliBuild:BuildAndroid () (at Assets/Editor/QuestCraftCliBuild.cs:86)

[Assets/Editor/QuestCraftCliBuild.cs line 86]

Script attached to 'Text (TMP)' in scene 'Assets/Scenes/Main.unity' is missing or no valid script is attached.
UnityEngine.StackTraceUtility:ExtractStackTrace ()
UnityEditor.BuildPipeline:BuildPlayerInternal (string[],string,string,UnityEditor.BuildTargetGroup,UnityEditor.BuildTarget,int,UnityEditor.BuildOptions,string[])
UnityEditor.BuildPipeline:BuildPlayer (string[],string,string,UnityEditor.BuildTargetGroup,UnityEditor.BuildTarget,int,UnityEditor.BuildOptions,string[])
UnityEditor.BuildPipeline:BuildPlayer (UnityEditor.BuildPlayerOptions)
QuestCraftCliBuild:BuildAndroid () (at Assets/Editor/QuestCraftCliBuild.cs:86)

[Assets/Editor/QuestCraftCliBuild.cs line 86]

Script attached to 'Text (TMP)' in scene 'Assets/Scenes/Main.unity' is missing or no valid script is attached.
UnityEngine.StackTraceUtility:ExtractStackTrace ()
UnityEditor.BuildPipeline:BuildPlayerInternal (string[],string,string,UnityEditor.BuildTargetGroup,UnityEditor.BuildTarget,int,UnityEditor.BuildOptions,string[])
UnityEditor.BuildPipeline:BuildPlayer (string[],string,string,UnityEditor.BuildTargetGroup,UnityEditor.BuildTarget,int,UnityEditor.BuildOptions,string[])
UnityEditor.BuildPipeline:BuildPlayer (UnityEditor.BuildPlayerOptions)
QuestCraftCliBuild:BuildAndroid () (at Assets/Editor/QuestCraftCliBuild.cs:86)

[Assets/Editor/QuestCraftCliBuild.cs line 86]

Script attached to 'Text (TMP)' in scene 'Assets/Scenes/Main.unity' is missing or no valid script is attached.
UnityEngine.StackTraceUtility:ExtractStackTrace ()
UnityEditor.BuildPipeline:BuildPlayerInternal (string[],string,string,UnityEditor.BuildTargetGroup,UnityEditor.BuildTarget,int,UnityEditor.BuildOptions,string[])
UnityEditor.BuildPipeline:BuildPlayer (string[],string,string,UnityEditor.BuildTargetGroup,UnityEditor.BuildTarget,int,UnityEditor.BuildOptions,string[])
UnityEditor.BuildPipeline:BuildPlayer (UnityEditor.BuildPlayerOptions)
QuestCraftCliBuild:BuildAndroid () (at Assets/Editor/QuestCraftCliBuild.cs:86)

[Assets/Editor/QuestCraftCliBuild.cs line 86]

Script attached to 'Label' in scene 'Assets/Scenes/Main.unity' is missing or no valid script is attached.
UnityEngine.StackTraceUtility:ExtractStackTrace ()
UnityEditor.BuildPipeline:BuildPlayerInternal (string[],string,string,UnityEditor.BuildTargetGroup,UnityEditor.BuildTarget,int,UnityEditor.BuildOptions,string[])
UnityEditor.BuildPipeline:BuildPlayer (string[],string,string,UnityEditor.BuildTargetGroup,UnityEditor.BuildTarget,int,UnityEditor.BuildOptions,string[])
UnityEditor.BuildPipeline:BuildPlayer (UnityEditor.BuildPlayerOptions)
QuestCraftCliBuild:BuildAndroid () (at Assets/Editor/QuestCraftCliBuild.cs:86)

[Assets/Editor/QuestCraftCliBuild.cs line 86]

Script attached to 'Text (TMP)' in scene 'Assets/Scenes/Main.unity' is missing or no valid script is attached.
UnityEngine.StackTraceUtility:ExtractStackTrace ()
UnityEditor.BuildPipeline:BuildPlayerInternal (string[],string,string,UnityEditor.BuildTargetGroup,UnityEditor.BuildTarget,int,UnityEditor.BuildOptions,string[])
UnityEditor.BuildPipeline:BuildPlayer (string[],string,string,UnityEditor.BuildTargetGroup,UnityEditor.BuildTarget,int,UnityEditor.BuildOptions,string[])
UnityEditor.BuildPipeline:BuildPlayer (UnityEditor.BuildPlayerOptions)
QuestCraftCliBuild:BuildAndroid () (at Assets/Editor/QuestCraftCliBuild.cs:86)

[Assets/Editor/QuestCraftCliBuild.cs line 86]

Script attached to 'Text (TMP)' in scene 'Assets/Scenes/Main.unity' is missing or no valid script is attached.
UnityEngine.StackTraceUtility:ExtractStackTrace ()
UnityEditor.BuildPipeline:BuildPlayerInternal (string[],string,string,UnityEditor.BuildTargetGroup,UnityEditor.BuildTarget,int,UnityEditor.BuildOptions,string[])
UnityEditor.BuildPipeline:BuildPlayer (string[],string,string,UnityEditor.BuildTargetGroup,UnityEditor.BuildTarget,int,UnityEditor.BuildOptions,string[])
UnityEditor.BuildPipeline:BuildPlayer (UnityEditor.BuildPlayerOptions)
QuestCraftCliBuild:BuildAndroid () (at Assets/Editor/QuestCraftCliBuild.cs:86)

[Assets/Editor/QuestCraftCliBuild.cs line 86]

Script attached to 'Text (TMP)' in scene 'Assets/Scenes/Main.unity' is missing or no valid script is attached.
UnityEngine.StackTraceUtility:ExtractStackTrace ()
UnityEditor.BuildPipeline:BuildPlayerInternal (string[],string,string,UnityEditor.BuildTargetGroup,UnityEditor.BuildTarget,int,UnityEditor.BuildOptions,string[])
UnityEditor.BuildPipeline:BuildPlayer (string[],string,string,UnityEditor.BuildTargetGroup,UnityEditor.BuildTarget,int,UnityEditor.BuildOptions,string[])
UnityEditor.BuildPipeline:BuildPlayer (UnityEditor.BuildPlayerOptions)
QuestCraftCliBuild:BuildAndroid () (at Assets/Editor/QuestCraftCliBuild.cs:86)

[Assets/Editor/QuestCraftCliBuild.cs line 86]

Script attached to 'Text (TMP)' in scene 'Assets/Scenes/Main.unity' is missing or no valid script is attached.
UnityEngine.StackTraceUtility:ExtractStackTrace ()
UnityEditor.BuildPipeline:BuildPlayerInternal (string[],string,string,UnityEditor.BuildTargetGroup,UnityEditor.BuildTarget,int,UnityEditor.BuildOptions,string[])
UnityEditor.BuildPipeline:BuildPlayer (string[],string,string,UnityEditor.BuildTargetGroup,UnityEditor.BuildTarget,int,UnityEditor.BuildOptions,string[])
UnityEditor.BuildPipeline:BuildPlayer (UnityEditor.BuildPlayerOptions)
QuestCraftCliBuild:BuildAndroid () (at Assets/Editor/QuestCraftCliBuild.cs:86)

[Assets/Editor/QuestCraftCliBuild.cs line 86]

Script attached to 'Text (TMP)' in scene 'Assets/Scenes/Main.unity' is missing or no valid script is attached.
UnityEngine.StackTraceUtility:ExtractStackTrace ()
UnityEditor.BuildPipeline:BuildPlayerInternal (string[],string,string,UnityEditor.BuildTargetGroup,UnityEditor.BuildTarget,int,UnityEditor.BuildOptions,string[])
UnityEditor.BuildPipeline:BuildPlayer (string[],string,string,UnityEditor.BuildTargetGroup,UnityEditor.BuildTarget,int,UnityEditor.BuildOptions,string[])
UnityEditor.BuildPipeline:BuildPlayer (UnityEditor.BuildPlayerOptions)
QuestCraftCliBuild:BuildAndroid () (at Assets/Editor/QuestCraftCliBuild.cs:86)

[Assets/Editor/QuestCraftCliBuild.cs line 86]

Script attached to 'Welcome' in scene 'Assets/Scenes/Main.unity' is missing or no valid script is attached.
UnityEngine.StackTraceUtility:ExtractStackTrace ()
UnityEditor.BuildPipeline:BuildPlayerInternal (string[],string,string,UnityEditor.BuildTargetGroup,UnityEditor.BuildTarget,int,UnityEditor.BuildOptions,string[])
UnityEditor.BuildPipeline:BuildPlayer (string[],string,string,UnityEditor.BuildTargetGroup,UnityEditor.BuildTarget,int,UnityEditor.BuildOptions,string[])
UnityEditor.BuildPipeline:BuildPlayer (UnityEditor.BuildPlayerOptions)
QuestCraftCliBuild:BuildAndroid () (at Assets/Editor/QuestCraftCliBuild.cs:86)

[Assets/Editor/QuestCraftCliBuild.cs line 86]

Script attached to 'Placeholder' in scene 'Assets/Scenes/Main.unity' is missing or no valid script is attached.
UnityEngine.StackTraceUtility:ExtractStackTrace ()
UnityEditor.BuildPipeline:BuildPlayerInternal (string[],string,string,UnityEditor.BuildTargetGroup,UnityEditor.BuildTarget,int,UnityEditor.BuildOptions,string[])
UnityEditor.BuildPipeline:BuildPlayer (string[],string,string,UnityEditor.BuildTargetGroup,UnityEditor.BuildTarget,int,UnityEditor.BuildOptions,string[])
UnityEditor.BuildPipeline:BuildPlayer (UnityEditor.BuildPlayerOptions)
QuestCraftCliBuild:BuildAndroid () (at Assets/Editor/QuestCraftCliBuild.cs:86)

[Assets/Editor/QuestCraftCliBuild.cs line 86]

Script attached to 'Text (TMP)' in scene 'Assets/Scenes/Main.unity' is missing or no valid script is attached.
UnityEngine.StackTraceUtility:ExtractStackTrace ()
UnityEditor.BuildPipeline:BuildPlayerInternal (string[],string,string,UnityEditor.BuildTargetGroup,UnityEditor.BuildTarget,int,UnityEditor.BuildOptions,string[])
UnityEditor.BuildPipeline:BuildPlayer (string[],string,string,UnityEditor.BuildTargetGroup,UnityEditor.BuildTarget,int,UnityEditor.BuildOptions,string[])
UnityEditor.BuildPipeline:BuildPlayer (UnityEditor.BuildPlayerOptions)
QuestCraftCliBuild:BuildAndroid () (at Assets/Editor/QuestCraftCliBuild.cs:86)

[Assets/Editor/QuestCraftCliBuild.cs line 86]

Script attached to 'Text (TMP)' in scene 'Assets/Scenes/Main.unity' is missing or no valid script is attached.
UnityEngine.StackTraceUtility:ExtractStackTrace ()
UnityEditor.BuildPipeline:BuildPlayerInternal (string[],string,string,UnityEditor.BuildTargetGroup,UnityEditor.BuildTarget,int,UnityEditor.BuildOptions,string[])
UnityEditor.BuildPipeline:BuildPlayer (string[],string,string,UnityEditor.BuildTargetGroup,UnityEditor.BuildTarget,int,UnityEditor.BuildOptions,string[])
UnityEditor.BuildPipeline:BuildPlayer (UnityEditor.BuildPlayerOptions)
QuestCraftCliBuild:BuildAndroid () (at Assets/Editor/QuestCraftCliBuild.cs:86)

[Assets/Editor/QuestCraftCliBuild.cs line 86]

Script attached to 'Description' in scene 'Assets/Scenes/Main.unity' is missing or no valid script is attached.
UnityEngine.StackTraceUtility:ExtractStackTrace ()
UnityEditor.BuildPipeline:BuildPlayerInternal (string[],string,string,UnityEditor.BuildTargetGroup,UnityEditor.BuildTarget,int,UnityEditor.BuildOptions,string[])
UnityEditor.BuildPipeline:BuildPlayer (string[],string,string,UnityEditor.BuildTargetGroup,UnityEditor.BuildTarget,int,UnityEditor.BuildOptions,string[])
UnityEditor.BuildPipeline:BuildPlayer (UnityEditor.BuildPlayerOptions)
QuestCraftCliBuild:BuildAndroid () (at Assets/Editor/QuestCraftCliBuild.cs:86)

[Assets/Editor/QuestCraftCliBuild.cs line 86]

Script attached to 'CopyrightNotice' in scene 'Assets/Scenes/Main.unity' is missing or no valid script is attached.
UnityEngine.StackTraceUtility:ExtractStackTrace ()
UnityEditor.BuildPipeline:BuildPlayerInternal (string[],string,string,UnityEditor.BuildTargetGroup,UnityEditor.BuildTarget,int,UnityEditor.BuildOptions,string[])
UnityEditor.BuildPipeline:BuildPlayer (string[],string,string,UnityEditor.BuildTargetGroup,UnityEditor.BuildTarget,int,UnityEditor.BuildOptions,string[])
UnityEditor.BuildPipeline:BuildPlayer (UnityEditor.BuildPlayerOptions)
QuestCraftCliBuild:BuildAndroid () (at Assets/Editor/QuestCraftCliBuild.cs:86)

[Assets/Editor/QuestCraftCliBuild.cs line 86]

Script attached to 'Header' in scene 'Assets/Scenes/Main.unity' is missing or no valid script is attached.
UnityEngine.StackTraceUtility:ExtractStackTrace ()
UnityEditor.BuildPipeline:BuildPlayerInternal (string[],string,string,UnityEditor.BuildTargetGroup,UnityEditor.BuildTarget,int,UnityEditor.BuildOptions,string[])
UnityEditor.BuildPipeline:BuildPlayer (string[],string,string,UnityEditor.BuildTargetGroup,UnityEditor.BuildTarget,int,UnityEditor.BuildOptions,string[])
UnityEditor.BuildPipeline:BuildPlayer (UnityEditor.BuildPlayerOptions)
QuestCraftCliBuild:BuildAndroid () (at Assets/Editor/QuestCraftCliBuild.cs:86)

[Assets/Editor/QuestCraftCliBuild.cs line 86]

Script attached to 'Text (TMP)' in scene 'Assets/Scenes/Main.unity' is missing or no valid script is attached.
UnityEngine.StackTraceUtility:ExtractStackTrace ()
UnityEditor.BuildPipeline:BuildPlayerInternal (string[],string,string,UnityEditor.BuildTargetGroup,UnityEditor.BuildTarget,int,UnityEditor.BuildOptions,string[])
UnityEditor.BuildPipeline:BuildPlayer (string[],string,string,UnityEditor.BuildTargetGroup,UnityEditor.BuildTarget,int,UnityEditor.BuildOptions,string[])
UnityEditor.BuildPipeline:BuildPlayer (UnityEditor.BuildPlayerOptions)
QuestCraftCliBuild:BuildAndroid () (at Assets/Editor/QuestCraftCliBuild.cs:86)

[Assets/Editor/QuestCraftCliBuild.cs line 86]

Script attached to 'Text (TMP)' in scene 'Assets/Scenes/Main.unity' is missing or no valid script is attached.
UnityEngine.StackTraceUtility:ExtractStackTrace ()
UnityEditor.BuildPipeline:BuildPlayerInternal (string[],string,string,UnityEditor.BuildTargetGroup,UnityEditor.BuildTarget,int,UnityEditor.BuildOptions,string[])
UnityEditor.BuildPipeline:BuildPlayer (string[],string,string,UnityEditor.BuildTargetGroup,UnityEditor.BuildTarget,int,UnityEditor.BuildOptions,string[])
UnityEditor.BuildPipeline:BuildPlayer (UnityEditor.BuildPlayerOptions)
QuestCraftCliBuild:BuildAndroid () (at Assets/Editor/QuestCraftCliBuild.cs:86)

[Assets/Editor/QuestCraftCliBuild.cs line 86]

Script attached to 'Label' in scene 'Assets/Scenes/Main.unity' is missing or no valid script is attached.
UnityEngine.StackTraceUtility:ExtractStackTrace ()
UnityEditor.BuildPipeline:BuildPlayerInternal (string[],string,string,UnityEditor.BuildTargetGroup,UnityEditor.BuildTarget,int,UnityEditor.BuildOptions,string[])
UnityEditor.BuildPipeline:BuildPlayer (string[],string,string,UnityEditor.BuildTargetGroup,UnityEditor.BuildTarget,int,UnityEditor.BuildOptions,string[])
UnityEditor.BuildPipeline:BuildPlayer (UnityEditor.BuildPlayerOptions)
QuestCraftCliBuild:BuildAndroid () (at Assets/Editor/QuestCraftCliBuild.cs:86)

[Assets/Editor/QuestCraftCliBuild.cs line 86]

Script attached to 'Text (TMP)' in scene 'Assets/Scenes/Main.unity' is missing or no valid script is attached.
UnityEngine.StackTraceUtility:ExtractStackTrace ()
UnityEditor.BuildPipeline:BuildPlayerInternal (string[],string,string,UnityEditor.BuildTargetGroup,UnityEditor.BuildTarget,int,UnityEditor.BuildOptions,string[])
UnityEditor.BuildPipeline:BuildPlayer (string[],string,string,UnityEditor.BuildTargetGroup,UnityEditor.BuildTarget,int,UnityEditor.BuildOptions,string[])
UnityEditor.BuildPipeline:BuildPlayer (UnityEditor.BuildPlayerOptions)
QuestCraftCliBuild:BuildAndroid () (at Assets/Editor/QuestCraftCliBuild.cs:86)

[Assets/Editor/QuestCraftCliBuild.cs line 86]

Script attached to 'Name' in scene 'Assets/Scenes/Main.unity' is missing or no valid script is attached.
UnityEngine.StackTraceUtility:ExtractStackTrace ()
UnityEditor.BuildPipeline:BuildPlayerInternal (string[],string,string,UnityEditor.BuildTargetGroup,UnityEditor.BuildTarget,int,UnityEditor.BuildOptions,string[])
UnityEditor.BuildPipeline:BuildPlayer (string[],string,string,UnityEditor.BuildTargetGroup,UnityEditor.BuildTarget,int,UnityEditor.BuildOptions,string[])
UnityEditor.BuildPipeline:BuildPlayer (UnityEditor.BuildPlayerOptions)
QuestCraftCliBuild:BuildAndroid () (at Assets/Editor/QuestCraftCliBuild.cs:86)

[Assets/Editor/QuestCraftCliBuild.cs line 86]

Script attached to 'Text (TMP)' in scene 'Assets/Scenes/Main.unity' is missing or no valid script is attached.
UnityEngine.StackTraceUtility:ExtractStackTrace ()
UnityEditor.BuildPipeline:BuildPlayerInternal (string[],string,string,UnityEditor.BuildTargetGroup,UnityEditor.BuildTarget,int,UnityEditor.BuildOptions,string[])
UnityEditor.BuildPipeline:BuildPlayer (string[],string,string,UnityEditor.BuildTargetGroup,UnityEditor.BuildTarget,int,UnityEditor.BuildOptions,string[])
UnityEditor.BuildPipeline:BuildPlayer (UnityEditor.BuildPlayerOptions)
QuestCraftCliBuild:BuildAndroid () (at Assets/Editor/QuestCraftCliBuild.cs:86)

[Assets/Editor/QuestCraftCliBuild.cs line 86]

Script attached to 'Text (TMP)' in scene 'Assets/Scenes/Main.unity' is missing or no valid script is attached.
UnityEngine.StackTraceUtility:ExtractStackTrace ()
UnityEditor.BuildPipeline:BuildPlayerInternal (string[],string,string,UnityEditor.BuildTargetGroup,UnityEditor.BuildTarget,int,UnityEditor.BuildOptions,string[])
UnityEditor.BuildPipeline:BuildPlayer (string[],string,string,UnityEditor.BuildTargetGroup,UnityEditor.BuildTarget,int,UnityEditor.BuildOptions,string[])
UnityEditor.BuildPipeline:BuildPlayer (UnityEditor.BuildPlayerOptions)
QuestCraftCliBuild:BuildAndroid () (at Assets/Editor/QuestCraftCliBuild.cs:86)

[Assets/Editor/QuestCraftCliBuild.cs line 86]

Script attached to 'Header' in scene 'Assets/Scenes/Main.unity' is missing or no valid script is attached.
UnityEngine.StackTraceUtility:ExtractStackTrace ()
UnityEditor.BuildPipeline:BuildPlayerInternal (string[],string,string,UnityEditor.BuildTargetGroup,UnityEditor.BuildTarget,int,UnityEditor.BuildOptions,string[])
UnityEditor.BuildPipeline:BuildPlayer (string[],string,string,UnityEditor.BuildTargetGroup,UnityEditor.BuildTarget,int,UnityEditor.BuildOptions,string[])
UnityEditor.BuildPipeline:BuildPlayer (UnityEditor.BuildPlayerOptions)
QuestCraftCliBuild:BuildAndroid () (at Assets/Editor/QuestCraftCliBuild.cs:86)

[Assets/Editor/QuestCraftCliBuild.cs line 86]

Script attached to 'AgreeText' in scene 'Assets/Scenes/Main.unity' is missing or no valid script is attached.
UnityEngine.StackTraceUtility:ExtractStackTrace ()
UnityEditor.BuildPipeline:BuildPlayerInternal (string[],string,string,UnityEditor.BuildTargetGroup,UnityEditor.BuildTarget,int,UnityEditor.BuildOptions,string[])
UnityEditor.BuildPipeline:BuildPlayer (string[],string,string,UnityEditor.BuildTargetGroup,UnityEditor.BuildTarget,int,UnityEditor.BuildOptions,string[])
UnityEditor.BuildPipeline:BuildPlayer (UnityEditor.BuildPlayerOptions)
QuestCraftCliBuild:BuildAndroid () (at Assets/Editor/QuestCraftCliBuild.cs:86)

[Assets/Editor/QuestCraftCliBuild.cs line 86]

Script attached to 'Pages Text' in scene 'Assets/Scenes/Main.unity' is missing or no valid script is attached.
UnityEngine.StackTraceUtility:ExtractStackTrace ()
UnityEditor.BuildPipeline:BuildPlayerInternal (string[],string,string,UnityEditor.BuildTargetGroup,UnityEditor.BuildTarget,int,UnityEditor.BuildOptions,string[])
UnityEditor.BuildPipeline:BuildPlayer (string[],string,string,UnityEditor.BuildTargetGroup,UnityEditor.BuildTarget,int,UnityEditor.BuildOptions,string[])
UnityEditor.BuildPipeline:BuildPlayer (UnityEditor.BuildPlayerOptions)
QuestCraftCliBuild:BuildAndroid () (at Assets/Editor/QuestCraftCliBuild.cs:86)

[Assets/Editor/QuestCraftCliBuild.cs line 86]

Compiling mesh data optimization processing for "Standard" pass "FORWARD":
    Cached mesh channel usage data found for 540 variants. 0 variants require compilation to get this data.
    Processed in 0.00 seconds
Compiling mesh data optimization processing for "Standard" pass "FORWARD_DELTA":
    Cached mesh channel usage data found for 846 variants. 0 variants require compilation to get this data.
    Processed in 0.00 seconds
Compiling mesh data optimization processing for "Standard" pass "ShadowCaster":
    Cached mesh channel usage data found for 36 variants. 0 variants require compilation to get this data.
    Processed in 0.00 seconds
Compiling mesh data optimization processing for "Standard" pass "DEFERRED":
    Cached mesh channel usage data found for 210 variants. 0 variants require compilation to get this data.
    Processed in 0.00 seconds
Compiling mesh data optimization processing for "Standard" pass "META":
    Cached mesh channel usage data found for 12 variants. 0 variants require compilation to get this data.
    Processed in 0.00 seconds
Compiling mesh data optimization processing for "Standard" pass "FORWARD":
    Cached mesh channel usage data found for 540 variants. 0 variants require compilation to get this data.
    Processed in 0.00 seconds
Compiling mesh data optimization processing for "Standard" pass "FORWARD_DELTA":
    Cached mesh channel usage data found for 630 variants. 0 variants require compilation to get this data.
    Processed in 0.00 seconds
Compiling mesh data optimization processing for "Standard" pass "ShadowCaster":
    Cached mesh channel usage data found for 36 variants. 0 variants require compilation to get this data.
    Processed in 0.00 seconds
Compiling mesh data optimization processing for "Standard" pass "META":
    Cached mesh channel usage data found for 12 variants. 0 variants require compilation to get this data.
    Processed in 0.00 seconds
Compiling mesh data optimization processing for "Legacy Shaders/VertexLit" pass "":
    Cached mesh channel usage data found for 18 variants. 0 variants require compilation to get this data.
    Processed in 0.00 seconds
Compiling mesh data optimization processing for "Legacy Shaders/VertexLit" pass "":
    Cached mesh channel usage data found for 6 variants. 0 variants require compilation to get this data.
    Processed in 0.00 seconds
Compiling mesh data optimization processing for "Legacy Shaders/VertexLit" pass "ShadowCaster":
    Cached mesh channel usage data found for 24 variants. 12 variants require compilation to get this data.
    Processed in 0.00 seconds
    starting compilation...
    finished in 0.01 seconds. Local cache hits 12 (0.11s CPU time), remote cache hits 0 (0.00s CPU time), compiled 0 variants (0.00s CPU time), skipped 0 variants
Compiling mesh data optimization processing for "PXR/Hand" pass "Depth":
    Cached mesh channel usage data found for 6 variants. 6 variants require compilation to get this data.
    Processed in 0.00 seconds
    starting compilation...
    finished in 0.01 seconds. Local cache hits 6 (0.05s CPU time), remote cache hits 0 (0.00s CPU time), compiled 0 variants (0.00s CPU time), skipped 0 variants
Compiling mesh data optimization processing for "PXR/Hand" pass "BaseColor":
    Cached mesh channel usage data found for 6 variants. 6 variants require compilation to get this data.
    Processed in 0.00 seconds
    starting compilation...
    finished in 0.01 seconds. Local cache hits 6 (0.04s CPU time), remote cache hits 0 (0.00s CPU time), compiled 0 variants (0.00s CPU time), skipped 0 variants
Compiling mesh data optimization processing for "PXR/Hand" pass "Depth":
    Cached mesh channel usage data found for 6 variants. 0 variants require compilation to get this data.
    Processed in 0.00 seconds
Compiling mesh data optimization processing for "PXR/Hand" pass "Interior":
    Cached mesh channel usage data found for 6 variants. 6 variants require compilation to get this data.
    Processed in 0.00 seconds
    starting compilation...
    finished in 0.00 seconds. Local cache hits 6 (0.01s CPU time), remote cache hits 0 (0.00s CPU time), compiled 0 variants (0.00s CPU time), skipped 0 variants
Compiling mesh data optimization processing for "PXR/PICO4_Power" pass "":
    Cached mesh channel usage data found for 6 variants. 6 variants require compilation to get this data.
    Processed in 0.00 seconds
    starting compilation...
    finished in 0.01 seconds. Local cache hits 6 (0.05s CPU time), remote cache hits 0 (0.00s CPU time), compiled 0 variants (0.00s CPU time), skipped 0 variants
Compiling mesh data optimization processing for "PXR/PICO4_Power" pass "":
    Cached mesh channel usage data found for 6 variants. 6 variants require compilation to get this data.
    Processed in 0.00 seconds
    starting compilation...
    finished in 0.00 seconds. Local cache hits 6 (0.01s CPU time), remote cache hits 0 (0.00s CPU time), compiled 0 variants (0.00s CPU time), skipped 0 variants
Compiling mesh data optimization processing for "o_com_shader_code" pass "Forward":
    Cached mesh channel usage data found for 6 variants. 6 variants require compilation to get this data.
    Processed in 0.00 seconds
    starting compilation...
    finished in 0.01 seconds. Local cache hits 6 (0.05s CPU time), remote cache hits 0 (0.00s CPU time), compiled 0 variants (0.00s CPU time), skipped 0 variants
Compiling mesh data optimization processing for "o_com_shader_code" pass "Depth":
    Cached mesh channel usage data found for 6 variants. 0 variants require compilation to get this data.
    Processed in 0.00 seconds
Compiling mesh data optimization processing for "o_com_shader_code" pass "Interior":
    Cached mesh channel usage data found for 6 variants. 6 variants require compilation to get this data.
    Processed in 0.00 seconds
    starting compilation...
    finished in 0.00 seconds. Local cache hits 6 (0.01s CPU time), remote cache hits 0 (0.00s CPU time), compiled 0 variants (0.00s CPU time), skipped 0 variants
Compiling mesh data optimization processing for "Unlit/Transparent" pass "":
    Cached mesh channel usage data found for 6 variants. 6 variants require compilation to get this data.
    Processed in 0.00 seconds
    starting compilation...
    finished in 0.01 seconds. Local cache hits 6 (0.04s CPU time), remote cache hits 0 (0.00s CPU time), compiled 0 variants (0.00s CPU time), skipped 0 variants
Compiling mesh data optimization processing for "PXR/G3" pass "":
    Cached mesh channel usage data found for 6 variants. 6 variants require compilation to get this data.
    Processed in 0.00 seconds
    starting compilation...
    finished in 0.01 seconds. Local cache hits 6 (0.05s CPU time), remote cache hits 0 (0.00s CPU time), compiled 0 variants (0.00s CPU time), skipped 0 variants
Compiling mesh data optimization processing for "PXR/G3" pass "":
    Cached mesh channel usage data found for 6 variants. 6 variants require compilation to get this data.
    Processed in 0.00 seconds
    starting compilation...
    finished in 0.00 seconds. Local cache hits 6 (0.01s CPU time), remote cache hits 0 (0.00s CPU time), compiled 0 variants (0.00s CPU time), skipped 0 variants
Compiling mesh data optimization processing for "PXR/Neo3" pass "":
    Cached mesh channel usage data found for 6 variants. 6 variants require compilation to get this data.
    Processed in 0.00 seconds
    starting compilation...
    finished in 0.00 seconds. Local cache hits 6 (0.01s CPU time), remote cache hits 0 (0.00s CPU time), compiled 0 variants (0.00s CPU time), skipped 0 variants
Compiling mesh data optimization processing for "PXR/Neo3" pass "":
    Cached mesh channel usage data found for 6 variants. 6 variants require compilation to get this data.
    Processed in 0.00 seconds
    starting compilation...
    finished in 0.00 seconds. Local cache hits 6 (0.01s CPU time), remote cache hits 0 (0.00s CPU time), compiled 0 variants (0.00s CPU time), skipped 0 variants
Compiling mesh data optimization processing for "PXR/PICO4" pass "":
    Cached mesh channel usage data found for 6 variants. 6 variants require compilation to get this data.
    Processed in 0.00 seconds
    starting compilation...
    finished in 0.01 seconds. Local cache hits 6 (0.05s CPU time), remote cache hits 0 (0.00s CPU time), compiled 0 variants (0.00s CPU time), skipped 0 variants
Compiling mesh data optimization processing for "PXR/PICO4" pass "":
    Cached mesh channel usage data found for 6 variants. 6 variants require compilation to get this data.
    Processed in 0.00 seconds
    starting compilation...
    finished in 0.00 seconds. Local cache hits 6 (0.01s CPU time), remote cache hits 0 (0.00s CPU time), compiled 0 variants (0.00s CPU time), skipped 0 variants


Mono dependencies included in the build
Dependency assembly - System.ServiceModel.Security.dll
Dependency assembly - System.IdentityModel.dll
Dependency assembly - System.Threading.Thread.dll
Dependency assembly - System.IO.Compression.dll
Dependency assembly - System.Reflection.Context.dll
Dependency assembly - Microsoft.Win32.Registry.dll
Dependency assembly - System.Reflection.Extensions.dll
Dependency assembly - System.Configuration.dll
Dependency assembly - System.Security.SecureString.dll
Dependency assembly - System.Runtime.Serialization.Json.dll
Dependency assembly - System.Data.Entity.dll
Dependency assembly - System.Web.RegularExpressions.dll
Dependency assembly - System.Console.dll
Dependency assembly - Newtonsoft.Json.dll
Dependency assembly - System.IO.FileSystem.Watcher.dll
Dependency assembly - System.Text.Encoding.CodePages.dll
Dependency assembly - System.Diagnostics.Contracts.dll
Dependency assembly - Unity.Timeline.dll
Dependency assembly - System.Diagnostics.TextWriterTraceListener.dll
Dependency assembly - System.IO.FileSystem.AccessControl.dll
Dependency assembly - System.Net.NameResolution.dll
Dependency assembly - System.DirectoryServices.Protocols.dll
Dependency assembly - System.Linq.Expressions.dll
Dependency assembly - System.Net.NetworkInformation.dll
Dependency assembly - Microsoft.Win32.Primitives.dll
Dependency assembly - System.IO.Pipes.dll
Dependency assembly - System.Xml.ReaderWriter.dll
Dependency assembly - System.Net.Cache.dll
Dependency assembly - System.Runtime.Loader.dll
Dependency assembly - System.Threading.Timer.dll
Dependency assembly - System.Threading.Overlapped.dll
Dependency assembly - PICO.TobSupport.dll
Dependency assembly - System.Globalization.Calendars.dll
Dependency assembly - System.Collections.Specialized.dll
Dependency assembly - System.ServiceModel.NetTcp.dll
Dependency assembly - System.Security.Cryptography.OpenSsl.dll
Dependency assembly - Unity.XR.Interaction.Toolkit.dll
Dependency assembly - Microsoft.CSharp.dll
Dependency assembly - System.Configuration.Install.dll
Dependency assembly - System.Net.WebSockets.Client.dll
Dependency assembly - System.Dynamic.Runtime.dll
Dependency assembly - System.Linq.Parallel.dll
Dependency assembly - System.Memory.dll
Dependency assembly - System.Web.Services.dll
Dependency assembly - System.Linq.dll
Dependency assembly - System.Security.Cryptography.Algorithms.dll
Dependency assembly - Mono.Data.Tds.dll
Dependency assembly - System.Threading.dll
Dependency assembly - Mono.Data.Sqlite.dll
Dependency assembly - System.Data.SqlClient.dll
Dependency assembly - System.Drawing.Primitives.dll
Dependency assembly - System.Net.dll
Dependency assembly - System.Resources.ResourceManager.dll
Dependency assembly - UnityEngine.UI.dll
Dependency assembly - System.Reflection.dll
Dependency assembly - System.Runtime.Serialization.Formatters.dll
Dependency assembly - System.IO.MemoryMappedFiles.dll
Dependency assembly - System.ServiceModel.Web.dll
Dependency assembly - System.Runtime.Numerics.dll
Dependency assembly - System.ServiceProcess.dll
Dependency assembly - System.Web.ApplicationServices.dll
Dependency assembly - System.Net.Requests.dll
Dependency assembly - PICO.Platform.dll
Dependency assembly - System.Net.HttpListener.dll
Dependency assembly - System.Runtime.Serialization.Xml.dll
Dependency assembly - System.Net.Mail.dll
Dependency assembly - Assembly-CSharp.dll
Dependency assembly - System.DirectoryServices.dll
Dependency assembly - unity.webp.dll
Dependency assembly - System.AppContext.dll
Dependency assembly - Unity.VisualScripting.State.dll
Dependency assembly - System.Net.Http.WebRequest.dll
Dependency assembly - System.Buffers.dll
Dependency assembly - System.Resources.Reader.dll
Dependency assembly - System.ComponentModel.Composition.dll
Dependency assembly - System.Diagnostics.Tools.dll
Dependency assembly - System.Core.dll
Dependency assembly - System.Messaging.dll
Dependency assembly - System.ServiceModel.Activation.dll
Dependency assembly - System.Runtime.Serialization.Formatters.Soap.dll
Dependency assembly - System.Threading.AccessControl.dll
Dependency assembly - System.Security.Cryptography.Csp.dll
Dependency assembly - Unity.XR.OpenXR.dll
Dependency assembly - System.Xml.XPath.XmlDocument.dll
Dependency assembly - System.ComponentModel.DataAnnotations.dll
Dependency assembly - System.Security.Cryptography.Cng.dll
Dependency assembly - System.Reflection.Primitives.dll
Dependency assembly - System.Collections.NonGeneric.dll
Dependency assembly - Accessibility.dll
Dependency assembly - System.Net.Ping.dll
Dependency assembly - System.Web.Extensions.dll
Dependency assembly - System.Security.Cryptography.Encryption.dll
Dependency assembly - Unity.TextMeshPro.dll
Dependency assembly - System.ServiceModel.Duplex.dll
Dependency assembly - System.Security.Cryptography.Encryption.ECDsa.dll
Dependency assembly - System.Xaml.dll
Dependency assembly - System.Data.Services.Client.dll
Dependency assembly - System.Linq.Queryable.dll
Dependency assembly - System.ServiceModel.Routing.dll
Dependency assembly - System.IO.UnmanagedMemoryStream.dll
Dependency assembly - System.Text.Encoding.Extensions.dll
Dependency assembly - System.Security.AccessControl.dll
Dependency assembly - System.Windows.Forms.DataVisualization.dll
Dependency assembly - System.Net.WebHeaderCollection.dll
Dependency assembly - ControllerSample.dll
Dependency assembly - System.Security.Principal.dll
Dependency assembly - System.Numerics.dll
Dependency assembly - System.Reflection.Emit.ILGeneration.dll
Dependency assembly - Unity.InputSystem.ForUI.dll
Dependency assembly - System.Net.WebSockets.dll
Dependency assembly - Unity.XR.OpenXR.Features.OculusQuestSupport.dll
Dependency assembly - System.Runtime.Extensions.dll
Dependency assembly - System.Runtime.CompilerServices.VisualC.dll
Dependency assembly - System.Security.Cryptography.Encoding.dll
Dependency assembly - System.ServiceModel.Discovery.dll
Dependency assembly - System.Management.dll
Dependency assembly - System.Transactions.dll
Dependency assembly - System.Security.Cryptography.ProtectedData.dll
Dependency assembly - System.Resources.Writer.dll
Dependency assembly - System.Xml.XDocument.dll
Dependency assembly - Microsoft.Win32.Registry.AccessControl.dll
Dependency assembly - System.Drawing.dll
Dependency assembly - Unity.VisualScripting.Flow.dll
Dependency assembly - System.ServiceModel.Primitives.dll
Dependency assembly - System.ValueTuple.dll
Dependency assembly - Unity.XR.OpenXR.Features.RuntimeDebugger.dll
Dependency assembly - System.Runtime.Serialization.dll
Dependency assembly - System.Data.DataSetExtensions.dll
Dependency assembly - System.Runtime.Serialization.Primitives.dll
Dependency assembly - System.Security.Cryptography.Hashing.dll
Dependency assembly - System.EnterpriseServices.dll
Dependency assembly - System.Runtime.InteropServices.WindowsRuntime.dll
Dependency assembly - mscorlib.dll
Dependency assembly - System.Resources.ReaderWriter.dll
Dependency assembly - System.Diagnostics.TraceSource.dll
Dependency assembly - System.Runtime.Remoting.dll
Dependency assembly - System.Data.dll
Dependency assembly - System.Net.Sockets.dll
Dependency assembly - System.ComponentModel.dll
Dependency assembly - System.Data.Services.dll
Dependency assembly - Unity.XR.CoreUtils.dll
Dependency assembly - System.Collections.Concurrent.dll
Dependency assembly - System.Diagnostics.Process.dll
Dependency assembly - UnityEngine.SpatialTracking.dll
Dependency assembly - Unity.XR.Interaction.Toolkit.Samples.StarterAssets.dll
Dependency assembly - System.Web.DynamicData.dll
Dependency assembly - System.Xml.dll
Dependency assembly - System.Runtime.InteropServices.RuntimeInformation.dll
Dependency assembly - Unity.XR.Management.dll
Dependency assembly - System.Threading.Tasks.dll
Dependency assembly - System.IO.FileSystem.Primitives.dll
Dependency assembly - Unity.VisualScripting.Core.dll
Dependency assembly - System.Runtime.Handles.dll
Dependency assembly - System.Security.Cryptography.X509Certificates.dll
Dependency assembly - netstandard.dll
Dependency assembly - System.IO.Compression.FileSystem.dll
Dependency assembly - Unity.XR.OpenXR.Features.MockRuntime.dll
Dependency assembly - System.Security.Principal.Windows.dll
Dependency assembly - UnityGifDecoder.dll
Dependency assembly - System.Reflection.DispatchProxy.dll
Dependency assembly - System.Xml.Xsl.Primitives.dll
Dependency assembly - System.Security.Cryptography.Encryption.ECDiffieHellman.dll
Dependency assembly - System.Text.Encoding.dll
Dependency assembly - System.Net.Primitives.dll
Dependency assembly - System.ServiceModel.Internals.dll
Dependency assembly - System.Diagnostics.StackTrace.dll
Dependency assembly - System.Web.Extensions.Design.dll
Dependency assembly - System.IO.IsolatedStorage.dll
Dependency assembly - System.Diagnostics.TraceEvent.dll
Dependency assembly - System.Threading.Tasks.Extensions.dll
Dependency assembly - System.Xml.XPath.dll
Dependency assembly - System.IO.dll
Dependency assembly - System.Security.Cryptography.Encryption.Aes.dll
Dependency assembly - System.Diagnostics.Debug.dll
Dependency assembly - System.Net.Utilities.dll
Dependency assembly - System.Runtime.dll
Dependency assembly - System.ObjectModel.dll
Dependency assembly - System.Security.Cryptography.RandomNumberGenerator.dll
Dependency assembly - System.Data.Linq.dll
Dependency assembly - System.Runtime.Caching.dll
Dependency assembly - System.Diagnostics.Tracing.dll
Dependency assembly - System.Runtime.InteropServices.dll
Dependency assembly - System.Security.Claims.dll
Dependency assembly - System.Design.dll
Dependency assembly - System.Runtime.DurableInstancing.dll
Dependency assembly - System.Numerics.Vectors.dll
Dependency assembly - System.Security.dll
Dependency assembly - System.ComponentModel.TypeConverter.dll
Dependency assembly - Unity.XR.OpenXR.Features.MetaQuestSupport.dll
Dependency assembly - System.Security.Cryptography.Primitives.dll
Dependency assembly - System.Net.Http.dll
Dependency assembly - System.ServiceModel.Http.dll
Dependency assembly - System.Windows.dll
Dependency assembly - System.ComponentModel.Primitives.dll
Dependency assembly - Unity.Mathematics.dll
Dependency assembly - System.Threading.Tasks.Parallel.dll
Dependency assembly - System.IdentityModel.Selectors.dll
Dependency assembly - System.Runtime.CompilerServices.Unsafe.dll
Dependency assembly - UnityEngine.XR.LegacyInputHelpers.dll
Dependency assembly - System.Xml.XmlDocument.dll
Dependency assembly - Unity.XR.OpenXR.Features.ConformanceAutomation.dll
Dependency assembly - Unity.XR.OpenXR.Features.PICOSupport.dll
Dependency assembly - Unity.XR.OpenXRPico.dll
Dependency assembly - System.Security.Cryptography.Pkcs.dll
Dependency assembly - System.IO.FileSystem.DriveInfo.dll
Dependency assembly - System.Diagnostics.FileVersionInfo.dll
Dependency assembly - System.ServiceModel.dll
Dependency assembly - System.Reflection.Emit.dll
Dependency assembly - System.Drawing.Design.dll
Dependency assembly - System.Windows.Forms.dll
Dependency assembly - System.Reflection.Emit.Lightweight.dll
Dependency assembly - System.Xml.Linq.dll
Dependency assembly - System.Security.Cryptography.DeriveBytes.dll
Dependency assembly - System.Text.RegularExpressions.dll
Dependency assembly - System.Web.dll
Dependency assembly - System.IO.Compression.ZipFile.dll
Dependency assembly - System.Globalization.Extensions.dll
Dependency assembly - System.dll
Dependency assembly - System.Xml.Serialization.dll
Dependency assembly - System.Globalization.dll
Dependency assembly - System.ComponentModel.Annotations.dll
Dependency assembly - System.Xml.XPath.XDocument.dll
Dependency assembly - System.Net.Security.dll
Dependency assembly - System.Net.ServicePoint.dll
Dependency assembly - System.Threading.ThreadPool.dll
Dependency assembly - System.IO.FileSystem.dll
Dependency assembly - System.ServiceProcess.ServiceController.dll
Dependency assembly - System.Reflection.TypeExtensions.dll
Dependency assembly - System.Json.dll
Dependency assembly - Mono.Security.dll
Dependency assembly - System.Data.Common.dll
Dependency assembly - System.Security.Cryptography.RSA.dll
Dependency assembly - System.Collections.dll
Dependency assembly - Unity.VisualScripting.Antlr3.Runtime.dll
Dependency assembly - System.Xml.XmlSerializer.dll
Dependency assembly - Unity.InputSystem.dll
Dependency assembly - System.Data.OracleClient.dll
Dependency assembly - System.Net.AuthenticationManager.dll
Dependency assembly - System.ComponentModel.EventBasedAsync.dll
Dependency assembly - System.Security.Cryptography.Hashing.Algorithms.dll

DisplayProgressbar: Fetching assembly references
[PhysX] Initialized MultithreadedTaskDispatcher with 16 workers.
Unloading 552 Unused Serialized files (Serialized files now loaded: 0)
Unloading 3658 unused Assets / (3.5 MB). Loaded Objects now: 5567.
Memory consumption went from 249.5 MB to 246.0 MB.
Total: 11.630400 ms (FindLiveObjects: 0.701200 ms CreateObjectMapping: 0.316700 ms MarkObjects: 4.684700 ms  DeleteObjects: 5.926600 ms)

[EnlightenBakeManager] m_Clear = false;
Unloading 0 Unused Serialized files (Serialized files now loaded: 0)
Unloading 0 unused Assets / (0.7 KB). Loaded Objects now: 5567.
Memory consumption went from 245.9 MB to 245.9 MB.
Total: 5.662800 ms (FindLiveObjects: 0.465500 ms CreateObjectMapping: 0.301400 ms MarkObjects: 4.886500 ms  DeleteObjects: 0.008600 ms)

[PhysX] Initialized MultithreadedTaskDispatcher with 16 workers.
Unloading 1 Unused Serialized files (Serialized files now loaded: 0)
Unloading 163 unused Assets / (131.8 MB). Loaded Objects now: 5567.
Memory consumption went from 320.0 MB to 188.3 MB.
Total: 20.788800 ms (FindLiveObjects: 0.407600 ms CreateObjectMapping: 0.241700 ms MarkObjects: 5.857300 ms  DeleteObjects: 14.280700 ms)

Compiling shader "Unlit/Transparent" pass "" (vp)
    Full variant space:         4
    After settings filtering:   4
    After built-in stripping:   6
    After scriptable stripping: 6
    Processed in 0.00 seconds
    starting compilation...
    finished in 0.00 seconds. Local cache hits 6 (0.00s CPU time), remote cache hits 0 (0.00s CPU time), compiled 0 variants (0.00s CPU time), skipped 0 variants
    Prepared data for serialisation in 0.00s
Serialized binary data for shader Unlit/Transparent in 0.00s
    vulkan (total internal programs: 6, unique: 2)
Compiling shader "PXR/Neo3" pass "" (vp)
    Full variant space:         1
    After settings filtering:   1
    After built-in stripping:   6
    After scriptable stripping: 6
    Processed in 0.00 seconds
    starting compilation...
    finished in 0.00 seconds. Local cache hits 6 (0.00s CPU time), remote cache hits 0 (0.00s CPU time), compiled 0 variants (0.00s CPU time), skipped 0 variants
    Prepared data for serialisation in 0.00s
Compiling shader "PXR/Neo3" pass "" (vp)
    Full variant space:         1
    After settings filtering:   1
    After built-in stripping:   6
    After scriptable stripping: 6
    Processed in 0.00 seconds
    starting compilation...
    finished in 0.00 seconds. Local cache hits 6 (0.00s CPU time), remote cache hits 0 (0.00s CPU time), compiled 0 variants (0.00s CPU time), skipped 0 variants
    Prepared data for serialisation in 0.00s
Serialized binary data for shader PXR/Neo3 in 0.00s
    vulkan (total internal programs: 12, unique: 2)
Script attached to 'CrowdinSettings' in scene '' is missing or no valid script is attached.
UnityEngine.StackTraceUtility:ExtractStackTrace ()
UnityEditor.BuildPipeline:BuildPlayerInternal (string[],string,string,UnityEditor.BuildTargetGroup,UnityEditor.BuildTarget,int,UnityEditor.BuildOptions,string[])
UnityEditor.BuildPipeline:BuildPlayer (string[],string,string,UnityEditor.BuildTargetGroup,UnityEditor.BuildTarget,int,UnityEditor.BuildOptions,string[])
UnityEditor.BuildPipeline:BuildPlayer (UnityEditor.BuildPlayerOptions)
QuestCraftCliBuild:BuildAndroid () (at Assets/Editor/QuestCraftCliBuild.cs:86)

[Assets/Editor/QuestCraftCliBuild.cs line 86]

Script attached to 'rightHand' in scene '' is missing or no valid script is attached.
UnityEngine.StackTraceUtility:ExtractStackTrace ()
UnityEditor.BuildPipeline:BuildPlayerInternal (string[],string,string,UnityEditor.BuildTargetGroup,UnityEditor.BuildTarget,int,UnityEditor.BuildOptions,string[])
UnityEditor.BuildPipeline:BuildPlayer (string[],string,string,UnityEditor.BuildTargetGroup,UnityEditor.BuildTarget,int,UnityEditor.BuildOptions,string[])
UnityEditor.BuildPipeline:BuildPlayer (UnityEditor.BuildPlayerOptions)
QuestCraftCliBuild:BuildAndroid () (at Assets/Editor/QuestCraftCliBuild.cs:86)

[Assets/Editor/QuestCraftCliBuild.cs line 86]

Compiling shader "o_com_shader_code" pass "Forward" (vp)
    Full variant space:         1
    After settings filtering:   1
    After built-in stripping:   6
    After scriptable stripping: 6
    Processed in 0.00 seconds
    starting compilation...
    finished in 0.00 seconds. Local cache hits 6 (0.00s CPU time), remote cache hits 0 (0.00s CPU time), compiled 0 variants (0.00s CPU time), skipped 0 variants
    Prepared data for serialisation in 0.00s
Compiling shader "o_com_shader_code" pass "Depth" (vp)
    Full variant space:         4
    After settings filtering:   4
    After built-in stripping:   6
    After scriptable stripping: 6
    Processed in 0.00 seconds
    starting compilation...
    finished in 0.00 seconds. Local cache hits 6 (0.01s CPU time), remote cache hits 0 (0.00s CPU time), compiled 0 variants (0.00s CPU time), skipped 0 variants
    Prepared data for serialisation in 0.00s
Compiling shader "o_com_shader_code" pass "Interior" (vp)
    Full variant space:         1
    After settings filtering:   1
    After built-in stripping:   6
    After scriptable stripping: 6
    Processed in 0.00 seconds
    starting compilation...
    finished in 0.00 seconds. Local cache hits 6 (0.00s CPU time), remote cache hits 0 (0.00s CPU time), compiled 0 variants (0.00s CPU time), skipped 0 variants
    Prepared data for serialisation in 0.00s
Serialized binary data for shader o_com_shader_code in 0.00s
    vulkan (total internal programs: 18, unique: 4)
Script attached to 'CrowdinPluginLocalization' in scene '' is missing or no valid script is attached.
UnityEngine.StackTraceUtility:ExtractStackTrace ()
UnityEditor.BuildPipeline:BuildPlayerInternal (string[],string,string,UnityEditor.BuildTargetGroup,UnityEditor.BuildTarget,int,UnityEditor.BuildOptions,string[])
UnityEditor.BuildPipeline:BuildPlayer (string[],string,string,UnityEditor.BuildTargetGroup,UnityEditor.BuildTarget,int,UnityEditor.BuildOptions,string[])
UnityEditor.BuildPipeline:BuildPlayer (UnityEditor.BuildPlayerOptions)
QuestCraftCliBuild:BuildAndroid () (at Assets/Editor/QuestCraftCliBuild.cs:86)

[Assets/Editor/QuestCraftCliBuild.cs line 86]

Compiling shader "PXR_SDK/PXR_UnderlayHole" pass "" (vp)
    Full variant space:         1
    After settings filtering:   1
    After built-in stripping:   6
    After scriptable stripping: 6
    Processed in 0.00 seconds
    starting compilation...
    finished in 0.01 seconds. Local cache hits 6 (0.07s CPU time), remote cache hits 0 (0.00s CPU time), compiled 0 variants (0.00s CPU time), skipped 0 variants
    Prepared data for serialisation in 0.00s
Serialized binary data for shader PXR_SDK/PXR_UnderlayHole in 0.00s
    vulkan (total internal programs: 6, unique: 2)
Compiling shader "PXR/Hand" pass "Depth" (vp)
    Full variant space:         4
    After settings filtering:   4
    After built-in stripping:   6
    After scriptable stripping: 6
    Processed in 0.00 seconds
    starting compilation...
    finished in 0.00 seconds. Local cache hits 6 (0.00s CPU time), remote cache hits 0 (0.00s CPU time), compiled 0 variants (0.00s CPU time), skipped 0 variants
    Prepared data for serialisation in 0.00s
Compiling shader "PXR/Hand" pass "BaseColor" (vp)
    Full variant space:         1
    After settings filtering:   1
    After built-in stripping:   6
    After scriptable stripping: 6
    Processed in 0.00 seconds
    starting compilation...
    finished in 0.00 seconds. Local cache hits 6 (0.00s CPU time), remote cache hits 0 (0.00s CPU time), compiled 0 variants (0.00s CPU time), skipped 0 variants
    Prepared data for serialisation in 0.00s
Compiling shader "PXR/Hand" pass "Depth" (vp)
    Full variant space:         4
    After settings filtering:   4
    After built-in stripping:   6
    After scriptable stripping: 6
    Processed in 0.00 seconds
    starting compilation...
    finished in 0.00 seconds. Local cache hits 6 (0.00s CPU time), remote cache hits 0 (0.00s CPU time), compiled 0 variants (0.00s CPU time), skipped 0 variants
    Prepared data for serialisation in 0.00s
Compiling shader "PXR/Hand" pass "Interior" (vp)
    Full variant space:         1
    After settings filtering:   1
    After built-in stripping:   6
    After scriptable stripping: 6
    Processed in 0.00 seconds
    starting compilation...
    finished in 0.00 seconds. Local cache hits 6 (0.00s CPU time), remote cache hits 0 (0.00s CPU time), compiled 0 variants (0.00s CPU time), skipped 0 variants
    Prepared data for serialisation in 0.00s
Serialized binary data for shader PXR/Hand in 0.00s
    vulkan (total internal programs: 24, unique: 4)
Compiling shader "PXR/PICO4" pass "" (vp)
    Full variant space:         1
    After settings filtering:   1
    After built-in stripping:   6
    After scriptable stripping: 6
    Processed in 0.00 seconds
    starting compilation...
    finished in 0.00 seconds. Local cache hits 6 (0.00s CPU time), remote cache hits 0 (0.00s CPU time), compiled 0 variants (0.00s CPU time), skipped 0 variants
    Prepared data for serialisation in 0.00s
Compiling shader "PXR/PICO4" pass "" (vp)
    Full variant space:         1
    After settings filtering:   1
    After built-in stripping:   6
    After scriptable stripping: 6
    Processed in 0.00 seconds
    starting compilation...
    finished in 0.00 seconds. Local cache hits 6 (0.00s CPU time), remote cache hits 0 (0.00s CPU time), compiled 0 variants (0.00s CPU time), skipped 0 variants
    Prepared data for serialisation in 0.00s
Serialized binary data for shader PXR/PICO4 in 0.00s
    vulkan (total internal programs: 12, unique: 2)
Compiling shader "PXR/PICO4_Power" pass "" (vp)
    Full variant space:         1
    After settings filtering:   1
    After built-in stripping:   6
    After scriptable stripping: 6
    Processed in 0.00 seconds
    starting compilation...
    finished in 0.00 seconds. Local cache hits 6 (0.00s CPU time), remote cache hits 0 (0.00s CPU time), compiled 0 variants (0.00s CPU time), skipped 0 variants
    Prepared data for serialisation in 0.00s
Compiling shader "PXR/PICO4_Power" pass "" (vp)
    Full variant space:         1
    After settings filtering:   1
    After built-in stripping:   6
    After scriptable stripping: 6
    Processed in 0.00 seconds
    starting compilation...
    finished in 0.00 seconds. Local cache hits 6 (0.00s CPU time), remote cache hits 0 (0.00s CPU time), compiled 0 variants (0.00s CPU time), skipped 0 variants
    Prepared data for serialisation in 0.00s
Serialized binary data for shader PXR/PICO4_Power in 0.00s
    vulkan (total internal programs: 12, unique: 2)
Script attached to 'CrowdinTranslations' in scene '' is missing or no valid script is attached.
UnityEngine.StackTraceUtility:ExtractStackTrace ()
UnityEditor.BuildPipeline:BuildPlayerInternal (string[],string,string,UnityEditor.BuildTargetGroup,UnityEditor.BuildTarget,int,UnityEditor.BuildOptions,string[])
UnityEditor.BuildPipeline:BuildPlayer (string[],string,string,UnityEditor.BuildTargetGroup,UnityEditor.BuildTarget,int,UnityEditor.BuildOptions,string[])
UnityEditor.BuildPipeline:BuildPlayer (UnityEditor.BuildPlayerOptions)
QuestCraftCliBuild:BuildAndroid () (at Assets/Editor/QuestCraftCliBuild.cs:86)

[Assets/Editor/QuestCraftCliBuild.cs line 86]

Script attached to 'PXR_ProjectSetting' in scene '' is missing or no valid script is attached.
UnityEngine.StackTraceUtility:ExtractStackTrace ()
UnityEditor.BuildPipeline:BuildPlayerInternal (string[],string,string,UnityEditor.BuildTargetGroup,UnityEditor.BuildTarget,int,UnityEditor.BuildOptions,string[])
UnityEditor.BuildPipeline:BuildPlayer (string[],string,string,UnityEditor.BuildTargetGroup,UnityEditor.BuildTarget,int,UnityEditor.BuildOptions,string[])
UnityEditor.BuildPipeline:BuildPlayer (UnityEditor.BuildPlayerOptions)
QuestCraftCliBuild:BuildAndroid () (at Assets/Editor/QuestCraftCliBuild.cs:86)

[Assets/Editor/QuestCraftCliBuild.cs line 86]

Compiling shader "PXR/G3" pass "" (vp)
    Full variant space:         1
    After settings filtering:   1
    After built-in stripping:   6
    After scriptable stripping: 6
    Processed in 0.00 seconds
    starting compilation...
    finished in 0.00 seconds. Local cache hits 6 (0.01s CPU time), remote cache hits 0 (0.00s CPU time), compiled 0 variants (0.00s CPU time), skipped 0 variants
    Prepared data for serialisation in 0.00s
Compiling shader "PXR/G3" pass "" (vp)
    Full variant space:         1
    After settings filtering:   1
    After built-in stripping:   6
    After scriptable stripping: 6
    Processed in 0.00 seconds
    starting compilation...
    finished in 0.00 seconds. Local cache hits 6 (0.00s CPU time), remote cache hits 0 (0.00s CPU time), compiled 0 variants (0.00s CPU time), skipped 0 variants
    Prepared data for serialisation in 0.00s
Serialized binary data for shader PXR/G3 in 0.00s
    vulkan (total internal programs: 12, unique: 2)
Compiling shader "o_com_power_code" pass "Forward" (vp)
    Full variant space:         1
    After settings filtering:   1
    After built-in stripping:   6
    After scriptable stripping: 6
    Processed in 0.00 seconds
    starting compilation...
    finished in 0.01 seconds. Local cache hits 6 (0.08s CPU time), remote cache hits 0 (0.00s CPU time), compiled 0 variants (0.00s CPU time), skipped 0 variants
    Prepared data for serialisation in 0.00s
Compiling shader "o_com_power_code" pass "Interior" (vp)
    Full variant space:         1
    After settings filtering:   1
    After built-in stripping:   6
    After scriptable stripping: 6
    Processed in 0.00 seconds
    starting compilation...
    finished in 0.00 seconds. Local cache hits 6 (0.02s CPU time), remote cache hits 0 (0.00s CPU time), compiled 0 variants (0.00s CPU time), skipped 0 variants
    Prepared data for serialisation in 0.00s
Serialized binary data for shader o_com_power_code in 0.00s
    vulkan (total internal programs: 12, unique: 2)
Script attached to 'OculusRuntimeSettings' in scene '' is missing or no valid script is attached.
UnityEngine.StackTraceUtility:ExtractStackTrace ()
UnityEditor.BuildPipeline:BuildPlayerInternal (string[],string,string,UnityEditor.BuildTargetGroup,UnityEditor.BuildTarget,int,UnityEditor.BuildOptions,string[])
UnityEditor.BuildPipeline:BuildPlayer (string[],string,string,UnityEditor.BuildTargetGroup,UnityEditor.BuildTarget,int,UnityEditor.BuildOptions,string[])
UnityEditor.BuildPipeline:BuildPlayer (UnityEditor.BuildPlayerOptions)
QuestCraftCliBuild:BuildAndroid () (at Assets/Editor/QuestCraftCliBuild.cs:86)

[Assets/Editor/QuestCraftCliBuild.cs line 86]

Script attached to 'OVRPlatformToolSettings' in scene '' is missing or no valid script is attached.
UnityEngine.StackTraceUtility:ExtractStackTrace ()
UnityEditor.BuildPipeline:BuildPlayerInternal (string[],string,string,UnityEditor.BuildTargetGroup,UnityEditor.BuildTarget,int,UnityEditor.BuildOptions,string[])
UnityEditor.BuildPipeline:BuildPlayer (string[],string,string,UnityEditor.BuildTargetGroup,UnityEditor.BuildTarget,int,UnityEditor.BuildOptions,string[])
UnityEditor.BuildPipeline:BuildPlayer (UnityEditor.BuildPlayerOptions)
QuestCraftCliBuild:BuildAndroid () (at Assets/Editor/QuestCraftCliBuild.cs:86)

[Assets/Editor/QuestCraftCliBuild.cs line 86]

Compiling shader "PXR_SDK/PXR_CubemapBlit" pass "" (vp)
    Full variant space:         1
    After settings filtering:   1
    After built-in stripping:   6
    After scriptable stripping: 6
    Processed in 0.00 seconds
    starting compilation...
    finished in 0.01 seconds. Local cache hits 6 (0.05s CPU time), remote cache hits 0 (0.00s CPU time), compiled 0 variants (0.00s CPU time), skipped 0 variants
    Prepared data for serialisation in 0.00s
Serialized binary data for shader PXR_SDK/PXR_CubemapBlit in 0.00s
    vulkan (total internal programs: 6, unique: 2)
Script attached to 'OVRBuildConfig' in scene '' is missing or no valid script is attached.
UnityEngine.StackTraceUtility:ExtractStackTrace ()
UnityEditor.BuildPipeline:BuildPlayerInternal (string[],string,string,UnityEditor.BuildTargetGroup,UnityEditor.BuildTarget,int,UnityEditor.BuildOptions,string[])
UnityEditor.BuildPipeline:BuildPlayer (string[],string,string,UnityEditor.BuildTargetGroup,UnityEditor.BuildTarget,int,UnityEditor.BuildOptions,string[])
UnityEditor.BuildPipeline:BuildPlayer (UnityEditor.BuildPlayerOptions)
QuestCraftCliBuild:BuildAndroid () (at Assets/Editor/QuestCraftCliBuild.cs:86)

[Assets/Editor/QuestCraftCliBuild.cs line 86]

Compiling shader "PXR_SDK/PXR_Fade" pass "" (vp)
    Full variant space:         4
    After settings filtering:   4
    After built-in stripping:   6
    After scriptable stripping: 6
    Processed in 0.00 seconds
    starting compilation...
    finished in 0.01 seconds. Local cache hits 6 (0.06s CPU time), remote cache hits 0 (0.00s CPU time), compiled 0 variants (0.00s CPU time), skipped 0 variants
    Prepared data for serialisation in 0.00s
Serialized binary data for shader PXR_SDK/PXR_Fade in 0.00s
    vulkan (total internal programs: 6, unique: 2)
Script attached to 'leftHand' in scene '' is missing or no valid script is attached.
UnityEngine.StackTraceUtility:ExtractStackTrace ()
UnityEditor.BuildPipeline:BuildPlayerInternal (string[],string,string,UnityEditor.BuildTargetGroup,UnityEditor.BuildTarget,int,UnityEditor.BuildOptions,string[])
UnityEditor.BuildPipeline:BuildPlayer (string[],string,string,UnityEditor.BuildTargetGroup,UnityEditor.BuildTarget,int,UnityEditor.BuildOptions,string[])
UnityEditor.BuildPipeline:BuildPlayer (UnityEditor.BuildPlayerOptions)
QuestCraftCliBuild:BuildAndroid () (at Assets/Editor/QuestCraftCliBuild.cs:86)

[Assets/Editor/QuestCraftCliBuild.cs line 86]

Script attached to 'XRSimulationPreferences' in scene '' is missing or no valid script is attached.
UnityEngine.StackTraceUtility:ExtractStackTrace ()
UnityEditor.BuildPipeline:BuildPlayerInternal (string[],string,string,UnityEditor.BuildTargetGroup,UnityEditor.BuildTarget,int,UnityEditor.BuildOptions,string[])
UnityEditor.BuildPipeline:BuildPlayer (string[],string,string,UnityEditor.BuildTargetGroup,UnityEditor.BuildTarget,int,UnityEditor.BuildOptions,string[])
UnityEditor.BuildPipeline:BuildPlayer (UnityEditor.BuildPlayerOptions)
QuestCraftCliBuild:BuildAndroid () (at Assets/Editor/QuestCraftCliBuild.cs:86)

[Assets/Editor/QuestCraftCliBuild.cs line 86]

Script attached to 'XRSimulationRuntimeSettings' in scene '' is missing or no valid script is attached.
UnityEngine.StackTraceUtility:ExtractStackTrace ()
UnityEditor.BuildPipeline:BuildPlayerInternal (string[],string,string,UnityEditor.BuildTargetGroup,UnityEditor.BuildTarget,int,UnityEditor.BuildOptions,string[])
UnityEditor.BuildPipeline:BuildPlayer (string[],string,string,UnityEditor.BuildTargetGroup,UnityEditor.BuildTarget,int,UnityEditor.BuildOptions,string[])
UnityEditor.BuildPipeline:BuildPlayer (UnityEditor.BuildPlayerOptions)
QuestCraftCliBuild:BuildAndroid () (at Assets/Editor/QuestCraftCliBuild.cs:86)

[Assets/Editor/QuestCraftCliBuild.cs line 86]

Compiling shader "TextMeshPro/Sprite" pass "Default" (vp)
    Full variant space:         4
    After settings filtering:   4
    After built-in stripping:   24
    After scriptable stripping: 24
    Processed in 0.00 seconds
    starting compilation...
    finished in 0.02 seconds. Local cache hits 24 (0.28s CPU time), remote cache hits 0 (0.00s CPU time), compiled 0 variants (0.00s CPU time), skipped 0 variants
    Prepared data for serialisation in 0.00s
Serialized binary data for shader TextMeshPro/Sprite in 0.00s
    vulkan (total internal programs: 24, unique: 8)
Script attached to 'OculusPlatformSettings' in scene '' is missing or no valid script is attached.
UnityEngine.StackTraceUtility:ExtractStackTrace ()
UnityEditor.BuildPipeline:BuildPlayerInternal (string[],string,string,UnityEditor.BuildTargetGroup,UnityEditor.BuildTarget,int,UnityEditor.BuildOptions,string[])
UnityEditor.BuildPipeline:BuildPlayer (string[],string,string,UnityEditor.BuildTargetGroup,UnityEditor.BuildTarget,int,UnityEditor.BuildOptions,string[])
UnityEditor.BuildPipeline:BuildPlayer (UnityEditor.BuildPlayerOptions)
QuestCraftCliBuild:BuildAndroid () (at Assets/Editor/QuestCraftCliBuild.cs:86)

[Assets/Editor/QuestCraftCliBuild.cs line 86]

Script attached to 'ONSPSettings' in scene '' is missing or no valid script is attached.
UnityEngine.StackTraceUtility:ExtractStackTrace ()
UnityEditor.BuildPipeline:BuildPlayerInternal (string[],string,string,UnityEditor.BuildTargetGroup,UnityEditor.BuildTarget,int,UnityEditor.BuildOptions,string[])
UnityEditor.BuildPipeline:BuildPlayer (string[],string,string,UnityEditor.BuildTargetGroup,UnityEditor.BuildTarget,int,UnityEditor.BuildOptions,string[])
UnityEditor.BuildPipeline:BuildPlayer (UnityEditor.BuildPlayerOptions)
QuestCraftCliBuild:BuildAndroid () (at Assets/Editor/QuestCraftCliBuild.cs:86)

[Assets/Editor/QuestCraftCliBuild.cs line 86]

LightingSettings: switching bake backend from 1 to 2.
Compiling shader "Standard" pass "FORWARD" (vp)
    Full variant space:         3320
    After settings filtering:   3320
    After built-in stripping:   1020
    After scriptable stripping: 1020
    Processed in 0.00 seconds
    starting compilation...
    finished in 0.02 seconds. Local cache hits 1020 (0.34s CPU time), remote cache hits 0 (0.00s CPU time), compiled 0 variants (0.00s CPU time), skipped 0 variants
    Prepared data for serialisation in 0.01s
Compiling shader "Standard" pass "FORWARD_DELTA" (vp)
    Full variant space:         564
    After settings filtering:   564
    After built-in stripping:   846
    After scriptable stripping: 846
    Processed in 0.00 seconds
    starting compilation...
    finished in 0.02 seconds. Local cache hits 846 (0.28s CPU time), remote cache hits 0 (0.00s CPU time), compiled 0 variants (0.00s CPU time), skipped 0 variants
    Prepared data for serialisation in 0.02s
Compiling shader "Standard" pass "ShadowCaster" (vp)
    Full variant space:         12
    After settings filtering:   12
    After built-in stripping:   36
    After scriptable stripping: 36
    Processed in 0.00 seconds
    starting compilation...
    finished in 0.00 seconds. Local cache hits 36 (0.01s CPU time), remote cache hits 0 (0.00s CPU time), compiled 0 variants (0.00s CPU time), skipped 0 variants
    Prepared data for serialisation in 0.00s
Compiling shader "Standard" pass "DEFERRED" (vp)
    Full variant space:         380
    After settings filtering:   380
    After built-in stripping:   450
    After scriptable stripping: 450
    Processed in 0.00 seconds
    starting compilation...
    finished in 0.01 seconds. Local cache hits 450 (0.12s CPU time), remote cache hits 0 (0.00s CPU time), compiled 0 variants (0.00s CPU time), skipped 0 variants
    Prepared data for serialisation in 0.01s
Compiling shader "Standard" pass "FORWARD" (vp)
    Full variant space:         1040
    After settings filtering:   1040
    After built-in stripping:   540
    After scriptable stripping: 540
    Processed in 0.00 seconds
    starting compilation...
    finished in 0.01 seconds. Local cache hits 540 (0.13s CPU time), remote cache hits 0 (0.00s CPU time), compiled 0 variants (0.00s CPU time), skipped 0 variants
    Prepared data for serialisation in 0.01s
Compiling shader "Standard" pass "FORWARD_DELTA" (vp)
    Full variant space:         420
    After settings filtering:   420
    After built-in stripping:   630
    After scriptable stripping: 630
    Processed in 0.00 seconds
    starting compilation...
    finished in 0.01 seconds. Local cache hits 630 (0.16s CPU time), remote cache hits 0 (0.00s CPU time), compiled 0 variants (0.00s CPU time), skipped 0 variants
    Prepared data for serialisation in 0.01s
Compiling shader "Standard" pass "ShadowCaster" (vp)
    Full variant space:         6
    After settings filtering:   6
    After built-in stripping:   36
    After scriptable stripping: 36
    Processed in 0.00 seconds
    starting compilation...
    finished in 0.00 seconds. Local cache hits 36 (0.01s CPU time), remote cache hits 0 (0.00s CPU time), compiled 0 variants (0.00s CPU time), skipped 0 variants
    Prepared data for serialisation in 0.00s
Serialized binary data for shader Standard in 0.01s
    vulkan (total internal programs: 3558, unique: 1566)
Compressed shader 'Standard' on vulkan from 11.18MB to 1.29MB
Compressed shader 'Standard' in 0.11s
Compiling shader "Skybox/Cubemap" pass "" (vp)
    Full variant space:         1
    After settings filtering:   1
    After built-in stripping:   6
    After scriptable stripping: 6
    Processed in 0.00 seconds
    starting compilation...
    finished in 0.01 seconds. Local cache hits 6 (0.05s CPU time), remote cache hits 0 (0.00s CPU time), compiled 0 variants (0.00s CPU time), skipped 0 variants
    Prepared data for serialisation in 0.00s
Serialized binary data for shader Skybox/Cubemap in 0.00s
    vulkan (total internal programs: 6, unique: 2)
Compiling shader "Legacy Shaders/Particles/Alpha Blended Premultiply" pass "" (vp)
    Full variant space:         2
    After settings filtering:   2
    After built-in stripping:   12
    After scriptable stripping: 12
    Processed in 0.00 seconds
    starting compilation...
    finished in 0.01 seconds. Local cache hits 12 (0.13s CPU time), remote cache hits 0 (0.00s CPU time), compiled 0 variants (0.00s CPU time), skipped 0 variants
    Prepared data for serialisation in 0.00s
Serialized binary data for shader Legacy Shaders/Particles/Alpha Blended Premultiply in 0.00s
    vulkan (total internal programs: 12, unique: 4)
Compiling shader "Particles/Standard Unlit" pass "ShadowCaster" (vp)
    Full variant space:         12
    After settings filtering:   12
    After built-in stripping:   48
    After scriptable stripping: 48
    Processed in 0.00 seconds
    starting compilation...
    finished in 0.00 seconds. Local cache hits 48 (0.01s CPU time), remote cache hits 0 (0.00s CPU time), compiled 0 variants (0.00s CPU time), skipped 0 variants
    Prepared data for serialisation in 0.00s
Compiling shader "Particles/Standard Unlit" pass "" (vp)
    Full variant space:         48
    After settings filtering:   48
    After built-in stripping:   48
    After scriptable stripping: 48
    Processed in 0.00 seconds
    starting compilation...
    finished in 0.00 seconds. Local cache hits 48 (0.01s CPU time), remote cache hits 0 (0.00s CPU time), compiled 0 variants (0.00s CPU time), skipped 0 variants
    Prepared data for serialisation in 0.00s
Serialized binary data for shader Particles/Standard Unlit in 0.00s
    vulkan (total internal programs: 96, unique: 32)
Compiling shader "Mobile/Unlit (Supports Lightmap)" pass "" (vp)
    Full variant space:         4
    After settings filtering:   4
    After built-in stripping:   6
    After scriptable stripping: 6
    Processed in 0.00 seconds
    starting compilation...
    finished in 0.00 seconds. Local cache hits 6 (0.00s CPU time), remote cache hits 0 (0.00s CPU time), compiled 0 variants (0.00s CPU time), skipped 0 variants
    Prepared data for serialisation in 0.00s
Compiling shader "Mobile/Unlit (Supports Lightmap)" pass "" (vp)
    Full variant space:         4
    After settings filtering:   4
    After built-in stripping:   6
    After scriptable stripping: 6
    Processed in 0.00 seconds
    starting compilation...
    finished in 0.00 seconds. Local cache hits 6 (0.00s CPU time), remote cache hits 0 (0.00s CPU time), compiled 0 variants (0.00s CPU time), skipped 0 variants
    Prepared data for serialisation in 0.00s
Serialized binary data for shader Mobile/Unlit (Supports Lightmap) in 0.00s
    vulkan (total internal programs: 12, unique: 4)
Compiling shader "Unlit/Transparent Cutout" pass "" (vp)
    Full variant space:         4
    After settings filtering:   4
    After built-in stripping:   6
    After scriptable stripping: 6
    Processed in 0.00 seconds
    starting compilation...
    finished in 0.00 seconds. Local cache hits 6 (0.00s CPU time), remote cache hits 0 (0.00s CPU time), compiled 0 variants (0.00s CPU time), skipped 0 variants
    Prepared data for serialisation in 0.00s
Serialized binary data for shader Unlit/Transparent Cutout in 0.00s
    vulkan (total internal programs: 6, unique: 2)
Compiling shader "TextMeshPro/Distance Field" pass "" (vp)
    Full variant space:         4
    After settings filtering:   4
    After built-in stripping:   24
    After scriptable stripping: 24
    Processed in 0.00 seconds
    starting compilation...
    finished in 0.03 seconds. Local cache hits 24 (0.33s CPU time), remote cache hits 0 (0.00s CPU time), compiled 0 variants (0.00s CPU time), skipped 0 variants
    Prepared data for serialisation in 0.00s
Serialized binary data for shader TextMeshPro/Distance Field in 0.00s
    vulkan (total internal programs: 24, unique: 8)
Compiling shader "TextMeshPro/Mobile/Distance Field" pass "" (vp)
    Full variant space:         16
    After settings filtering:   16
    After built-in stripping:   96
    After scriptable stripping: 96
    Processed in 0.00 seconds
    starting compilation...
    finished in 0.05 seconds. Local cache hits 96 (0.70s CPU time), remote cache hits 0 (0.00s CPU time), compiled 0 variants (0.00s CPU time), skipped 0 variants
    Prepared data for serialisation in 0.00s
Serialized binary data for shader TextMeshPro/Mobile/Distance Field in 0.00s
    vulkan (total internal programs: 96, unique: 32)
Script attached to 'Pages Text' in scene '' is missing or no valid script is attached.
UnityEngine.StackTraceUtility:ExtractStackTrace ()
UnityEditor.BuildPipeline:BuildPlayerInternal (string[],string,string,UnityEditor.BuildTargetGroup,UnityEditor.BuildTarget,int,UnityEditor.BuildOptions,string[])
UnityEditor.BuildPipeline:BuildPlayer (string[],string,string,UnityEditor.BuildTargetGroup,UnityEditor.BuildTarget,int,UnityEditor.BuildOptions,string[])
UnityEditor.BuildPipeline:BuildPlayer (UnityEditor.BuildPlayerOptions)
QuestCraftCliBuild:BuildAndroid () (at Assets/Editor/QuestCraftCliBuild.cs:86)

[Assets/Editor/QuestCraftCliBuild.cs line 86]

Compiling shader "Legacy Shaders/VertexLit" pass "" (vp)
    Full variant space:         12
    After settings filtering:   12
    After built-in stripping:   18
    After scriptable stripping: 18
    Processed in 0.00 seconds
    starting compilation...
    finished in 0.00 seconds. Local cache hits 18 (0.01s CPU time), remote cache hits 0 (0.00s CPU time), compiled 0 variants (0.00s CPU time), skipped 0 variants
    Prepared data for serialisation in 0.00s
Compiling shader "Legacy Shaders/VertexLit" pass "" (vp)
    Full variant space:         4
    After settings filtering:   4
    After built-in stripping:   6
    After scriptable stripping: 6
    Processed in 0.00 seconds
    starting compilation...
    finished in 0.00 seconds. Local cache hits 6 (0.00s CPU time), remote cache hits 0 (0.00s CPU time), compiled 0 variants (0.00s CPU time), skipped 0 variants
    Prepared data for serialisation in 0.00s
Compiling shader "Legacy Shaders/VertexLit" pass "ShadowCaster" (vp)
    Full variant space:         4
    After settings filtering:   4
    After built-in stripping:   12
    After scriptable stripping: 12
    Processed in 0.00 seconds
    starting compilation...
    finished in 0.00 seconds. Local cache hits 12 (0.00s CPU time), remote cache hits 0 (0.00s CPU time), compiled 0 variants (0.00s CPU time), skipped 0 variants
    Prepared data for serialisation in 0.00s
Serialized binary data for shader Legacy Shaders/VertexLit in 0.00s
    vulkan (total internal programs: 36, unique: 12)
Compiling shader "Legacy Shaders/Diffuse" pass "FORWARD" (vp)
    Full variant space:         664
    After settings filtering:   664
    After built-in stripping:   204
    After scriptable stripping: 204
    Processed in 0.00 seconds
    starting compilation...
    finished in 0.15 seconds. Local cache hits 204 (1.74s CPU time), remote cache hits 0 (0.00s CPU time), compiled 0 variants (0.00s CPU time), skipped 0 variants
    Prepared data for serialisation in 0.00s
Compiling shader "Legacy Shaders/Diffuse" pass "FORWARD" (vp)
    Full variant space:         20
    After settings filtering:   20
    After built-in stripping:   30
    After scriptable stripping: 30
    Processed in 0.00 seconds
    starting compilation...
    finished in 0.06 seconds. Local cache hits 30 (0.49s CPU time), remote cache hits 0 (0.00s CPU time), compiled 0 variants (0.00s CPU time), skipped 0 variants
    Prepared data for serialisation in 0.00s
Compiling shader "Legacy Shaders/Diffuse" pass "DEFERRED" (vp)
    Full variant space:         76
    After settings filtering:   76
    After built-in stripping:   90
    After scriptable stripping: 90
    Processed in 0.00 seconds
    starting compilation...
    finished in 0.04 seconds. Local cache hits 90 (0.53s CPU time), remote cache hits 0 (0.00s CPU time), compiled 0 variants (0.00s CPU time), skipped 0 variants
    Prepared data for serialisation in 0.00s
Serialized binary data for shader Legacy Shaders/Diffuse in 0.00s
    vulkan (total internal programs: 324, unique: 108)
Compiling shader "Hidden/Internal-StencilWrite" pass "" (vp)
    Full variant space:         1
    After settings filtering:   1
    After built-in stripping:   6
    After scriptable stripping: 6
    Processed in 0.00 seconds
    starting compilation...
    finished in 0.01 seconds. Local cache hits 6 (0.05s CPU time), remote cache hits 0 (0.00s CPU time), compiled 0 variants (0.00s CPU time), skipped 0 variants
    Prepared data for serialisation in 0.00s
Serialized binary data for shader Hidden/Internal-StencilWrite in 0.00s
    vulkan (total internal programs: 6, unique: 2)
Compiling shader "Hidden/Internal-DepthNormalsTexture" pass "" (vp)
    Full variant space:         1
    After settings filtering:   1
    After built-in stripping:   6
    After scriptable stripping: 6
    Processed in 0.00 seconds
    starting compilation...
    finished in 0.01 seconds. Local cache hits 6 (0.06s CPU time), remote cache hits 0 (0.00s CPU time), compiled 0 variants (0.00s CPU time), skipped 0 variants
    Prepared data for serialisation in 0.00s
Compiling shader "Hidden/Internal-DepthNormalsTexture" pass "" (vp)
    Full variant space:         1
    After settings filtering:   1
    After built-in stripping:   6
    After scriptable stripping: 6
    Processed in 0.00 seconds
    starting compilation...
    finished in 0.01 seconds. Local cache hits 6 (0.05s CPU time), remote cache hits 0 (0.00s CPU time), compiled 0 variants (0.00s CPU time), skipped 0 variants
    Prepared data for serialisation in 0.00s
Compiling shader "Hidden/Internal-DepthNormalsTexture" pass "" (vp)
    Full variant space:         1
    After settings filtering:   1
    After built-in stripping:   6
    After scriptable stripping: 6
    Processed in 0.00 seconds
    starting compilation...
    finished in 0.01 seconds. Local cache hits 6 (0.05s CPU time), remote cache hits 0 (0.00s CPU time), compiled 0 variants (0.00s CPU time), skipped 0 variants
    Prepared data for serialisation in 0.00s
Compiling shader "Hidden/Internal-DepthNormalsTexture" pass "" (vp)
    Full variant space:         1
    After settings filtering:   1
    After built-in stripping:   6
    After scriptable stripping: 6
    Processed in 0.00 seconds
    starting compilation...
    finished in 0.01 seconds. Local cache hits 6 (0.05s CPU time), remote cache hits 0 (0.00s CPU time), compiled 0 variants (0.00s CPU time), skipped 0 variants
    Prepared data for serialisation in 0.00s
Compiling shader "Hidden/Internal-DepthNormalsTexture" pass "" (vp)
    Full variant space:         1
    After settings filtering:   1
    After built-in stripping:   6
    After scriptable stripping: 6
    Processed in 0.00 seconds
    starting compilation...
    finished in 0.01 seconds. Local cache hits 6 (0.05s CPU time), remote cache hits 0 (0.00s CPU time), compiled 0 variants (0.00s CPU time), skipped 0 variants
    Prepared data for serialisation in 0.00s
Compiling shader "Hidden/Internal-DepthNormalsTexture" pass "" (vp)
    Full variant space:         1
    After settings filtering:   1
    After built-in stripping:   6
    After scriptable stripping: 6
    Processed in 0.00 seconds
    starting compilation...
    finished in 0.01 seconds. Local cache hits 6 (0.05s CPU time), remote cache hits 0 (0.00s CPU time), compiled 0 variants (0.00s CPU time), skipped 0 variants
    Prepared data for serialisation in 0.00s
Compiling shader "Hidden/Internal-DepthNormalsTexture" pass "" (vp)
    Full variant space:         1
    After settings filtering:   1
    After built-in stripping:   6
    After scriptable stripping: 6
    Processed in 0.00 seconds
    starting compilation...
    finished in 0.01 seconds. Local cache hits 6 (0.05s CPU time), remote cache hits 0 (0.00s CPU time), compiled 0 variants (0.00s CPU time), skipped 0 variants
    Prepared data for serialisation in 0.00s
Compiling shader "Hidden/Internal-DepthNormalsTexture" pass "" (vp)
    Full variant space:         1
    After settings filtering:   1
    After built-in stripping:   6
    After scriptable stripping: 6
    Processed in 0.00 seconds
    starting compilation...
    finished in 0.01 seconds. Local cache hits 6 (0.05s CPU time), remote cache hits 0 (0.00s CPU time), compiled 0 variants (0.00s CPU time), skipped 0 variants
    Prepared data for serialisation in 0.00s
Compiling shader "Hidden/Internal-DepthNormalsTexture" pass "" (vp)
    Full variant space:         1
    After settings filtering:   1
    After built-in stripping:   6
    After scriptable stripping: 6
    Processed in 0.00 seconds
    starting compilation...
    finished in 0.01 seconds. Local cache hits 6 (0.05s CPU time), remote cache hits 0 (0.00s CPU time), compiled 0 variants (0.00s CPU time), skipped 0 variants
    Prepared data for serialisation in 0.00s
Compiling shader "Hidden/Internal-DepthNormalsTexture" pass "" (vp)
    Full variant space:         1
    After settings filtering:   1
    After built-in stripping:   6
    After scriptable stripping: 6
    Processed in 0.00 seconds
    starting compilation...
    finished in 0.01 seconds. Local cache hits 6 (0.05s CPU time), remote cache hits 0 (0.00s CPU time), compiled 0 variants (0.00s CPU time), skipped 0 variants
    Prepared data for serialisation in 0.00s
Serialized binary data for shader Hidden/Internal-DepthNormalsTexture in 0.00s
    vulkan (total internal programs: 60, unique: 20)
Compiling shader "Hidden/Internal-ScreenSpaceShadows" pass "" (vp)
    Full variant space:         4
    After settings filtering:   4
    After built-in stripping:   24
    After scriptable stripping: 24
    Processed in 0.00 seconds
    starting compilation...
    finished in 0.02 seconds. Local cache hits 24 (0.25s CPU time), remote cache hits 0 (0.00s CPU time), compiled 0 variants (0.00s CPU time), skipped 0 variants
    Prepared data for serialisation in 0.00s
Compiling shader "Hidden/Internal-ScreenSpaceShadows" pass "" (vp)
    Full variant space:         4
    After settings filtering:   4
    After built-in stripping:   24
    After scriptable stripping: 24
    Processed in 0.00 seconds
    starting compilation...
    finished in 0.09 seconds. Local cache hits 24 (0.47s CPU time), remote cache hits 0 (0.00s CPU time), compiled 0 variants (0.00s CPU time), skipped 0 variants
    Prepared data for serialisation in 0.00s
Compiling shader "Hidden/Internal-ScreenSpaceShadows" pass "" (vp)
    Full variant space:         4
    After settings filtering:   4
    After built-in stripping:   24
    After scriptable stripping: 24
    Processed in 0.00 seconds
    starting compilation...
    finished in 0.10 seconds. Local cache hits 24 (0.86s CPU time), remote cache hits 0 (0.00s CPU time), compiled 0 variants (0.00s CPU time), skipped 0 variants
    Prepared data for serialisation in 0.00s
Compiling shader "Hidden/Internal-ScreenSpaceShadows" pass "" (vp)
    Full variant space:         4
    After settings filtering:   4
    After built-in stripping:   24
    After scriptable stripping: 24
    Processed in 0.00 seconds
    starting compilation...
    finished in 0.03 seconds. Local cache hits 24 (0.34s CPU time), remote cache hits 0 (0.00s CPU time), compiled 0 variants (0.00s CPU time), skipped 0 variants
    Prepared data for serialisation in 0.00s
Serialized binary data for shader Hidden/Internal-ScreenSpaceShadows in 0.00s
    vulkan (total internal programs: 96, unique: 32)
Compiling shader "Hidden/Internal-CombineDepthNormals" pass "" (vp)
    Full variant space:         1
    After settings filtering:   1
    After built-in stripping:   6
    After scriptable stripping: 6
    Processed in 0.00 seconds
    starting compilation...
    finished in 0.01 seconds. Local cache hits 6 (0.06s CPU time), remote cache hits 0 (0.00s CPU time), compiled 0 variants (0.00s CPU time), skipped 0 variants
    Prepared data for serialisation in 0.00s
Serialized binary data for shader Hidden/Internal-CombineDepthNormals in 0.00s
    vulkan (total internal programs: 6, unique: 2)
Compiling shader "Hidden/BlitCopy" pass "" (vp)
    Full variant space:         1
    After settings filtering:   1
    After built-in stripping:   6
    After scriptable stripping: 6
    Processed in 0.00 seconds
    starting compilation...
    finished in 0.01 seconds. Local cache hits 6 (0.06s CPU time), remote cache hits 0 (0.00s CPU time), compiled 0 variants (0.00s CPU time), skipped 0 variants
    Prepared data for serialisation in 0.00s
Serialized binary data for shader Hidden/BlitCopy in 0.00s
    vulkan (total internal programs: 6, unique: 2)
Compiling shader "Hidden/BlitCopyDepth" pass "" (vp)
    Full variant space:         1
    After settings filtering:   1
    After built-in stripping:   6
    After scriptable stripping: 6
    Processed in 0.00 seconds
    starting compilation...
    finished in 0.01 seconds. Local cache hits 6 (0.05s CPU time), remote cache hits 0 (0.00s CPU time), compiled 0 variants (0.00s CPU time), skipped 0 variants
    Prepared data for serialisation in 0.00s
Serialized binary data for shader Hidden/BlitCopyDepth in 0.00s
    vulkan (total internal programs: 6, unique: 2)
Compiling shader "Hidden/ConvertTexture" pass "" (vp)
    Full variant space:         1
    After settings filtering:   1
    After built-in stripping:   6
    After scriptable stripping: 6
    Processed in 0.00 seconds
    starting compilation...
    finished in 0.01 seconds. Local cache hits 6 (0.05s CPU time), remote cache hits 0 (0.00s CPU time), compiled 0 variants (0.00s CPU time), skipped 0 variants
    Prepared data for serialisation in 0.00s
Serialized binary data for shader Hidden/ConvertTexture in 0.00s
    vulkan (total internal programs: 6, unique: 2)
Compiling shader "Hidden/Internal-DeferredShading" pass "" (vp)
    Full variant space:         94
    After settings filtering:   94
    After built-in stripping:   564
    After scriptable stripping: 564
    Processed in 0.00 seconds
    starting compilation...
    finished in 0.41 seconds. Local cache hits 564 (6.24s CPU time), remote cache hits 0 (0.00s CPU time), compiled 0 variants (0.00s CPU time), skipped 0 variants
    Prepared data for serialisation in 0.01s
Compiling shader "Hidden/Internal-DeferredShading" pass "" (vp)
    Full variant space:         1
    After settings filtering:   1
    After built-in stripping:   6
    After scriptable stripping: 6
    Processed in 0.00 seconds
    starting compilation...
    finished in 0.01 seconds. Local cache hits 6 (0.05s CPU time), remote cache hits 0 (0.00s CPU time), compiled 0 variants (0.00s CPU time), skipped 0 variants
    Prepared data for serialisation in 0.00s
Serialized binary data for shader Hidden/Internal-DeferredShading in 0.00s
    vulkan (total internal programs: 570, unique: 378)
Compressed shader 'Hidden/Internal-DeferredShading' on vulkan from 2.26MB to 0.31MB
Compressed shader 'Hidden/Internal-DeferredShading' in 0.03s
Compiling shader "Hidden/Internal-DeferredReflections" pass "" (vp)
    Full variant space:         1
    After settings filtering:   1
    After built-in stripping:   6
    After scriptable stripping: 6
    Processed in 0.00 seconds
    starting compilation...
    finished in 0.01 seconds. Local cache hits 6 (0.05s CPU time), remote cache hits 0 (0.00s CPU time), compiled 0 variants (0.00s CPU time), skipped 0 variants
    Prepared data for serialisation in 0.00s
Compiling shader "Hidden/Internal-DeferredReflections" pass "" (vp)
    Full variant space:         2
    After settings filtering:   2
    After built-in stripping:   12
    After scriptable stripping: 12
    Processed in 0.00 seconds
    starting compilation...
    finished in 0.01 seconds. Local cache hits 12 (0.11s CPU time), remote cache hits 0 (0.00s CPU time), compiled 0 variants (0.00s CPU time), skipped 0 variants
    Prepared data for serialisation in 0.00s
Serialized binary data for shader Hidden/Internal-DeferredReflections in 0.00s
    vulkan (total internal programs: 18, unique: 8)
Compiling shader "Hidden/Internal-MotionVectors" pass "" (vp)
    Full variant space:         1
    After settings filtering:   1
    After built-in stripping:   6
    After scriptable stripping: 6
    Processed in 0.00 seconds
    starting compilation...
    finished in 0.01 seconds. Local cache hits 6 (0.05s CPU time), remote cache hits 0 (0.00s CPU time), compiled 0 variants (0.00s CPU time), skipped 0 variants
    Prepared data for serialisation in 0.00s
Compiling shader "Hidden/Internal-MotionVectors" pass "" (vp)
    Full variant space:         1
    After settings filtering:   1
    After built-in stripping:   6
    After scriptable stripping: 6
    Processed in 0.00 seconds
    starting compilation...
    finished in 0.01 seconds. Local cache hits 6 (0.07s CPU time), remote cache hits 0 (0.00s CPU time), compiled 0 variants (0.00s CPU time), skipped 0 variants
    Prepared data for serialisation in 0.00s
Compiling shader "Hidden/Internal-MotionVectors" pass "" (vp)
    Full variant space:         1
    After settings filtering:   1
    After built-in stripping:   6
    After scriptable stripping: 6
    Processed in 0.00 seconds
    starting compilation...
    finished in 0.01 seconds. Local cache hits 6 (0.05s CPU time), remote cache hits 0 (0.00s CPU time), compiled 0 variants (0.00s CPU time), skipped 0 variants
    Prepared data for serialisation in 0.00s
Serialized binary data for shader Hidden/Internal-MotionVectors in 0.00s
    vulkan (total internal programs: 18, unique: 6)
Compiling shader "Hidden/Internal-Flare" pass "" (vp)
    Full variant space:         1
    After settings filtering:   1
    After built-in stripping:   6
    After scriptable stripping: 6
    Processed in 0.00 seconds
    starting compilation...
    finished in 0.01 seconds. Local cache hits 6 (0.05s CPU time), remote cache hits 0 (0.00s CPU time), compiled 0 variants (0.00s CPU time), skipped 0 variants
    Prepared data for serialisation in 0.00s
Serialized binary data for shader Hidden/Internal-Flare in 0.00s
    vulkan (total internal programs: 6, unique: 2)
Compiling shader "Hidden/Internal-Halo" pass "" (vp)
    Full variant space:         4
    After settings filtering:   4
    After built-in stripping:   6
    After scriptable stripping: 6
    Processed in 0.00 seconds
    starting compilation...
    finished in 0.01 seconds. Local cache hits 6 (0.05s CPU time), remote cache hits 0 (0.00s CPU time), compiled 0 variants (0.00s CPU time), skipped 0 variants
    Prepared data for serialisation in 0.00s
Serialized binary data for shader Hidden/Internal-Halo in 0.00s
    vulkan (total internal programs: 6, unique: 2)
Compiling shader "Hidden/BlitCopyWithDepth" pass "" (vp)
    Full variant space:         1
    After settings filtering:   1
    After built-in stripping:   6
    After scriptable stripping: 6
    Processed in 0.00 seconds
    starting compilation...
    finished in 0.01 seconds. Local cache hits 6 (0.05s CPU time), remote cache hits 0 (0.00s CPU time), compiled 0 variants (0.00s CPU time), skipped 0 variants
    Prepared data for serialisation in 0.00s
Serialized binary data for shader Hidden/BlitCopyWithDepth in 0.00s
    vulkan (total internal programs: 6, unique: 2)
Compiling shader "Hidden/BlitToDepth" pass "" (vp)
    Full variant space:         1
    After settings filtering:   1
    After built-in stripping:   6
    After scriptable stripping: 6
    Processed in 0.00 seconds
    starting compilation...
    finished in 0.01 seconds. Local cache hits 6 (0.05s CPU time), remote cache hits 0 (0.00s CPU time), compiled 0 variants (0.00s CPU time), skipped 0 variants
    Prepared data for serialisation in 0.00s
Serialized binary data for shader Hidden/BlitToDepth in 0.00s
    vulkan (total internal programs: 6, unique: 2)
Compiling shader "Hidden/BlitToDepth_MSAA" pass "" (vp)
    Full variant space:         1
    After settings filtering:   1
    After built-in stripping:   6
    After scriptable stripping: 6
    Processed in 0.00 seconds
    starting compilation...
    finished in 0.01 seconds. Local cache hits 6 (0.05s CPU time), remote cache hits 0 (0.00s CPU time), compiled 0 variants (0.00s CPU time), skipped 0 variants
    Prepared data for serialisation in 0.00s
Serialized binary data for shader Hidden/BlitToDepth_MSAA in 0.00s
    vulkan (total internal programs: 6, unique: 2)
Compiling shader "Hidden/BlitCopyHDRTonemap" pass "" (vp)
    Full variant space:         1
    After settings filtering:   1
    After built-in stripping:   6
    After scriptable stripping: 6
    Processed in 0.00 seconds
    starting compilation...
    finished in 0.01 seconds. Local cache hits 6 (0.05s CPU time), remote cache hits 0 (0.00s CPU time), compiled 0 variants (0.00s CPU time), skipped 0 variants
    Prepared data for serialisation in 0.00s
Serialized binary data for shader Hidden/BlitCopyHDRTonemap in 0.00s
    vulkan (total internal programs: 6, unique: 2)
Compiling shader "Hidden/Internal-DebugPattern" pass "Target Color and DepthStencil" (vp)
    Full variant space:         1
    After settings filtering:   1
    After built-in stripping:   6
    After scriptable stripping: 6
    Processed in 0.00 seconds
    starting compilation...
    finished in 0.01 seconds. Local cache hits 6 (0.05s CPU time), remote cache hits 0 (0.00s CPU time), compiled 0 variants (0.00s CPU time), skipped 0 variants
    Prepared data for serialisation in 0.00s
Compiling shader "Hidden/Internal-DebugPattern" pass "Target only Color" (vp)
    Full variant space:         1
    After settings filtering:   1
    After built-in stripping:   6
    After scriptable stripping: 6
    Processed in 0.00 seconds
    starting compilation...
    finished in 0.01 seconds. Local cache hits 6 (0.05s CPU time), remote cache hits 0 (0.00s CPU time), compiled 0 variants (0.00s CPU time), skipped 0 variants
    Prepared data for serialisation in 0.00s
Compiling shader "Hidden/Internal-DebugPattern" pass "Target only DepthStencil" (vp)
    Full variant space:         1
    After settings filtering:   1
    After built-in stripping:   6
    After scriptable stripping: 6
    Processed in 0.00 seconds
    starting compilation...
    finished in 0.01 seconds. Local cache hits 6 (0.05s CPU time), remote cache hits 0 (0.00s CPU time), compiled 0 variants (0.00s CPU time), skipped 0 variants
    Prepared data for serialisation in 0.00s
Serialized binary data for shader Hidden/Internal-DebugPattern in 0.00s
    vulkan (total internal programs: 18, unique: 6)
Compiling shader "Hidden/Internal-GUITextureClip" pass "" (vp)
    Full variant space:         1
    After settings filtering:   1
    After built-in stripping:   6
    After scriptable stripping: 6
    Processed in 0.00 seconds
    starting compilation...
    finished in 0.01 seconds. Local cache hits 6 (0.05s CPU time), remote cache hits 0 (0.00s CPU time), compiled 0 variants (0.00s CPU time), skipped 0 variants
    Prepared data for serialisation in 0.00s
Compiling shader "Hidden/Internal-GUITextureClip" pass "" (vp)
    Full variant space:         1
    After settings filtering:   1
    After built-in stripping:   6
    After scriptable stripping: 6
    Processed in 0.00 seconds
    starting compilation...
    finished in 0.00 seconds. Local cache hits 6 (0.01s CPU time), remote cache hits 0 (0.00s CPU time), compiled 0 variants (0.00s CPU time), skipped 0 variants
    Prepared data for serialisation in 0.00s
Serialized binary data for shader Hidden/Internal-GUITextureClip in 0.00s
    vulkan (total internal programs: 12, unique: 2)
Compiling shader "Hidden/Internal-GUITextureClipText" pass "" (vp)
    Full variant space:         1
    After settings filtering:   1
    After built-in stripping:   6
    After scriptable stripping: 6
    Processed in 0.00 seconds
    starting compilation...
    finished in 0.01 seconds. Local cache hits 6 (0.05s CPU time), remote cache hits 0 (0.00s CPU time), compiled 0 variants (0.00s CPU time), skipped 0 variants
    Prepared data for serialisation in 0.00s
Compiling shader "Hidden/Internal-GUITextureClipText" pass "" (vp)
    Full variant space:         1
    After settings filtering:   1
    After built-in stripping:   6
    After scriptable stripping: 6
    Processed in 0.00 seconds
    starting compilation...
    finished in 0.00 seconds. Local cache hits 6 (0.01s CPU time), remote cache hits 0 (0.00s CPU time), compiled 0 variants (0.00s CPU time), skipped 0 variants
    Prepared data for serialisation in 0.00s
Serialized binary data for shader Hidden/Internal-GUITextureClipText in 0.00s
    vulkan (total internal programs: 12, unique: 2)
Compiling shader "Hidden/Internal-GUITexture" pass "" (vp)
    Full variant space:         1
    After settings filtering:   1
    After built-in stripping:   6
    After scriptable stripping: 6
    Processed in 0.00 seconds
    starting compilation...
    finished in 0.01 seconds. Local cache hits 6 (0.05s CPU time), remote cache hits 0 (0.00s CPU time), compiled 0 variants (0.00s CPU time), skipped 0 variants
    Prepared data for serialisation in 0.00s
Compiling shader "Hidden/Internal-GUITexture" pass "" (vp)
    Full variant space:         1
    After settings filtering:   1
    After built-in stripping:   6
    After scriptable stripping: 6
    Processed in 0.00 seconds
    starting compilation...
    finished in 0.00 seconds. Local cache hits 6 (0.01s CPU time), remote cache hits 0 (0.00s CPU time), compiled 0 variants (0.00s CPU time), skipped 0 variants
    Prepared data for serialisation in 0.00s
Serialized binary data for shader Hidden/Internal-GUITexture in 0.00s
    vulkan (total internal programs: 12, unique: 2)
Compiling shader "Hidden/Internal-GUITextureBlit" pass "" (vp)
    Full variant space:         1
    After settings filtering:   1
    After built-in stripping:   6
    After scriptable stripping: 6
    Processed in 0.00 seconds
    starting compilation...
    finished in 0.01 seconds. Local cache hits 6 (0.05s CPU time), remote cache hits 0 (0.00s CPU time), compiled 0 variants (0.00s CPU time), skipped 0 variants
    Prepared data for serialisation in 0.00s
Compiling shader "Hidden/Internal-GUITextureBlit" pass "" (vp)
    Full variant space:         1
    After settings filtering:   1
    After built-in stripping:   6
    After scriptable stripping: 6
    Processed in 0.00 seconds
    starting compilation...
    finished in 0.00 seconds. Local cache hits 6 (0.01s CPU time), remote cache hits 0 (0.00s CPU time), compiled 0 variants (0.00s CPU time), skipped 0 variants
    Prepared data for serialisation in 0.00s
Serialized binary data for shader Hidden/Internal-GUITextureBlit in 0.00s
    vulkan (total internal programs: 12, unique: 2)
Compiling shader "Hidden/Internal-GUIRoundedRect" pass "" (vp)
    Full variant space:         1
    After settings filtering:   1
    After built-in stripping:   6
    After scriptable stripping: 6
    Processed in 0.00 seconds
    starting compilation...
    finished in 0.01 seconds. Local cache hits 6 (0.05s CPU time), remote cache hits 0 (0.00s CPU time), compiled 0 variants (0.00s CPU time), skipped 0 variants
    Prepared data for serialisation in 0.00s
Compiling shader "Hidden/Internal-GUIRoundedRect" pass "" (vp)
    Full variant space:         1
    After settings filtering:   1
    After built-in stripping:   6
    After scriptable stripping: 6
    Processed in 0.00 seconds
    starting compilation...
    finished in 0.00 seconds. Local cache hits 6 (0.01s CPU time), remote cache hits 0 (0.00s CPU time), compiled 0 variants (0.00s CPU time), skipped 0 variants
    Prepared data for serialisation in 0.00s
Serialized binary data for shader Hidden/Internal-GUIRoundedRect in 0.00s
    vulkan (total internal programs: 12, unique: 2)
Compiling shader "Hidden/Internal-GUIRoundedRectWithColorPerBorder" pass "" (vp)
    Full variant space:         1
    After settings filtering:   1
    After built-in stripping:   6
    After scriptable stripping: 6
    Processed in 0.00 seconds
    starting compilation...
    finished in 0.01 seconds. Local cache hits 6 (0.05s CPU time), remote cache hits 0 (0.00s CPU time), compiled 0 variants (0.00s CPU time), skipped 0 variants
    Prepared data for serialisation in 0.00s
Compiling shader "Hidden/Internal-GUIRoundedRectWithColorPerBorder" pass "" (vp)
    Full variant space:         1
    After settings filtering:   1
    After built-in stripping:   6
    After scriptable stripping: 6
    Processed in 0.00 seconds
    starting compilation...
    finished in 0.00 seconds. Local cache hits 6 (0.01s CPU time), remote cache hits 0 (0.00s CPU time), compiled 0 variants (0.00s CPU time), skipped 0 variants
    Prepared data for serialisation in 0.00s
Serialized binary data for shader Hidden/Internal-GUIRoundedRectWithColorPerBorder in 0.00s
    vulkan (total internal programs: 12, unique: 2)
Compiling shader "Hidden/Internal-UIRDefault" pass "" (vp)
    Full variant space:         1
    After settings filtering:   1
    After built-in stripping:   6
    After scriptable stripping: 6
    Processed in 0.00 seconds
    starting compilation...
    finished in 0.01 seconds. Local cache hits 6 (0.05s CPU time), remote cache hits 0 (0.00s CPU time), compiled 0 variants (0.00s CPU time), skipped 0 variants
    Prepared data for serialisation in 0.00s
Compiling shader "Hidden/Internal-UIRDefault" pass "" (vp)
    Full variant space:         1
    After settings filtering:   1
    After built-in stripping:   6
    After scriptable stripping: 6
    Processed in 0.00 seconds
    starting compilation...
    finished in 0.01 seconds. Local cache hits 6 (0.05s CPU time), remote cache hits 0 (0.00s CPU time), compiled 0 variants (0.00s CPU time), skipped 0 variants
    Prepared data for serialisation in 0.00s
Serialized binary data for shader Hidden/Internal-UIRDefault in 0.00s
    vulkan (total internal programs: 12, unique: 3)
Compiling shader "Hidden/Internal-UIRAtlasBlitCopy" pass "" (vp)
    Full variant space:         1
    After settings filtering:   1
    After built-in stripping:   6
    After scriptable stripping: 6
    Processed in 0.00 seconds
    starting compilation...
    finished in 0.01 seconds. Local cache hits 6 (0.05s CPU time), remote cache hits 0 (0.00s CPU time), compiled 0 variants (0.00s CPU time), skipped 0 variants
    Prepared data for serialisation in 0.00s
Serialized binary data for shader Hidden/Internal-UIRAtlasBlitCopy in 0.00s
    vulkan (total internal programs: 6, unique: 2)
Compiling shader "Hidden/Internal-UIRDefaultWorld" pass "" (vp)
    Full variant space:         1
    After settings filtering:   1
    After built-in stripping:   6
    After scriptable stripping: 6
    Processed in 0.00 seconds
    starting compilation...
    finished in 0.01 seconds. Local cache hits 6 (0.05s CPU time), remote cache hits 0 (0.00s CPU time), compiled 0 variants (0.00s CPU time), skipped 0 variants
    Prepared data for serialisation in 0.00s
Compiling shader "Hidden/Internal-UIRDefaultWorld" pass "" (vp)
    Full variant space:         1
    After settings filtering:   1
    After built-in stripping:   6
    After scriptable stripping: 6
    Processed in 0.00 seconds
    starting compilation...
    finished in 0.01 seconds. Local cache hits 6 (0.05s CPU time), remote cache hits 0 (0.00s CPU time), compiled 0 variants (0.00s CPU time), skipped 0 variants
    Prepared data for serialisation in 0.00s
Serialized binary data for shader Hidden/Internal-UIRDefaultWorld in 0.00s
    vulkan (total internal programs: 12, unique: 3)
Compiling shader "Sprites/Default" pass "" (vp)
    Full variant space:         8
    After settings filtering:   8
    After built-in stripping:   24
    After scriptable stripping: 24
    Processed in 0.00 seconds
    starting compilation...
    finished in 0.05 seconds. Local cache hits 24 (0.37s CPU time), remote cache hits 0 (0.00s CPU time), compiled 0 variants (0.00s CPU time), skipped 0 variants
    Prepared data for serialisation in 0.00s
Serialized binary data for shader Sprites/Default in 0.00s
    vulkan (total internal programs: 24, unique: 8)
Compiling shader "Sprites/Mask" pass "" (vp)
    Full variant space:         4
    After settings filtering:   4
    After built-in stripping:   24
    After scriptable stripping: 24
    Processed in 0.00 seconds
    starting compilation...
    finished in 0.05 seconds. Local cache hits 24 (0.42s CPU time), remote cache hits 0 (0.00s CPU time), compiled 0 variants (0.00s CPU time), skipped 0 variants
    Prepared data for serialisation in 0.00s
Serialized binary data for shader Sprites/Mask in 0.00s
    vulkan (total internal programs: 24, unique: 8)
Compiling shader "UI/Default" pass "Default" (vp)
    Full variant space:         4
    After settings filtering:   4
    After built-in stripping:   24
    After scriptable stripping: 24
    Processed in 0.00 seconds
    starting compilation...
    finished in 0.02 seconds. Local cache hits 24 (0.26s CPU time), remote cache hits 0 (0.00s CPU time), compiled 0 variants (0.00s CPU time), skipped 0 variants
    Prepared data for serialisation in 0.00s
Serialized binary data for shader UI/Default in 0.00s
    vulkan (total internal programs: 24, unique: 8)
Compiling shader "Hidden/CubeBlur" pass "" (vp)
    Full variant space:         1
    After settings filtering:   1
    After built-in stripping:   6
    After scriptable stripping: 6
    Processed in 0.00 seconds
    starting compilation...
    finished in 0.02 seconds. Local cache hits 6 (0.10s CPU time), remote cache hits 0 (0.00s CPU time), compiled 0 variants (0.00s CPU time), skipped 0 variants
    Prepared data for serialisation in 0.00s
Compiling shader "Hidden/CubeBlur" pass "" (vp)
    Full variant space:         1
    After settings filtering:   1
    After built-in stripping:   6
    After scriptable stripping: 6
    Processed in 0.00 seconds
    starting compilation...
    finished in 0.01 seconds. Local cache hits 6 (0.03s CPU time), remote cache hits 0 (0.00s CPU time), compiled 0 variants (0.00s CPU time), skipped 0 variants
    Prepared data for serialisation in 0.00s
Serialized binary data for shader Hidden/CubeBlur in 0.00s
    vulkan (total internal programs: 12, unique: 3)
Compiling shader "Hidden/CubeCopy" pass "" (vp)
    Full variant space:         1
    After settings filtering:   1
    After built-in stripping:   6
    After scriptable stripping: 6
    Processed in 0.00 seconds
    starting compilation...
    finished in 0.01 seconds. Local cache hits 6 (0.05s CPU time), remote cache hits 0 (0.00s CPU time), compiled 0 variants (0.00s CPU time), skipped 0 variants
    Prepared data for serialisation in 0.00s
Compiling shader "Hidden/CubeCopy" pass "" (vp)
    Full variant space:         1
    After settings filtering:   1
    After built-in stripping:   6
    After scriptable stripping: 6
    Processed in 0.00 seconds
    starting compilation...
    finished in 0.00 seconds. Local cache hits 6 (0.01s CPU time), remote cache hits 0 (0.00s CPU time), compiled 0 variants (0.00s CPU time), skipped 0 variants
    Prepared data for serialisation in 0.00s
Serialized binary data for shader Hidden/CubeCopy in 0.00s
    vulkan (total internal programs: 12, unique: 2)
Compiling shader "Hidden/CubeBlend" pass "" (vp)
    Full variant space:         1
    After settings filtering:   1
    After built-in stripping:   6
    After scriptable stripping: 6
    Processed in 0.00 seconds
    starting compilation...
    finished in 0.01 seconds. Local cache hits 6 (0.06s CPU time), remote cache hits 0 (0.00s CPU time), compiled 0 variants (0.00s CPU time), skipped 0 variants
    Prepared data for serialisation in 0.00s
Compiling shader "Hidden/CubeBlend" pass "" (vp)
    Full variant space:         1
    After settings filtering:   1
    After built-in stripping:   6
    After scriptable stripping: 6
    Processed in 0.00 seconds
    starting compilation...
    finished in 0.00 seconds. Local cache hits 6 (0.01s CPU time), remote cache hits 0 (0.00s CPU time), compiled 0 variants (0.00s CPU time), skipped 0 variants
    Prepared data for serialisation in 0.00s
Serialized binary data for shader Hidden/CubeBlend in 0.00s
    vulkan (total internal programs: 12, unique: 2)
Compiling shader "Hidden/VR/BlitTexArraySlice" pass "" (vp)
    Full variant space:         1
    After settings filtering:   1
    After built-in stripping:   6
    After scriptable stripping: 6
    Processed in 0.00 seconds
    starting compilation...
    finished in 0.01 seconds. Local cache hits 6 (0.05s CPU time), remote cache hits 0 (0.00s CPU time), compiled 0 variants (0.00s CPU time), skipped 0 variants
    Prepared data for serialisation in 0.00s
Serialized binary data for shader Hidden/VR/BlitTexArraySlice in 0.00s
    vulkan (total internal programs: 6, unique: 2)
Compiling shader "Hidden/VR/BlitTexArraySliceToDepth" pass "" (vp)
    Full variant space:         1
    After settings filtering:   1
    After built-in stripping:   6
    After scriptable stripping: 6
    Processed in 0.00 seconds
    starting compilation...
    finished in 0.01 seconds. Local cache hits 6 (0.05s CPU time), remote cache hits 0 (0.00s CPU time), compiled 0 variants (0.00s CPU time), skipped 0 variants
    Prepared data for serialisation in 0.00s
Serialized binary data for shader Hidden/VR/BlitTexArraySliceToDepth in 0.00s
    vulkan (total internal programs: 6, unique: 2)
Compiling shader "Hidden/VR/BlitTexArraySliceToDepth_MSAA" pass "" (vp)
    Full variant space:         1
    After settings filtering:   1
    After built-in stripping:   6
    After scriptable stripping: 6
    Processed in 0.00 seconds
    starting compilation...
    finished in 0.01 seconds. Local cache hits 6 (0.05s CPU time), remote cache hits 0 (0.00s CPU time), compiled 0 variants (0.00s CPU time), skipped 0 variants
    Prepared data for serialisation in 0.00s
Serialized binary data for shader Hidden/VR/BlitTexArraySliceToDepth_MSAA in 0.00s
    vulkan (total internal programs: 6, unique: 2)
Compiling shader "Hidden/Internal-ODSWorldTexture" pass "" (vp)
    Full variant space:         1
    After settings filtering:   1
    After built-in stripping:   6
    After scriptable stripping: 6
    Processed in 0.00 seconds
    starting compilation...
    finished in 0.01 seconds. Local cache hits 6 (0.05s CPU time), remote cache hits 0 (0.00s CPU time), compiled 0 variants (0.00s CPU time), skipped 0 variants
    Prepared data for serialisation in 0.00s
Compiling shader "Hidden/Internal-ODSWorldTexture" pass "" (vp)
    Full variant space:         1
    After settings filtering:   1
    After built-in stripping:   6
    After scriptable stripping: 6
    Processed in 0.00 seconds
    starting compilation...
    finished in 0.01 seconds. Local cache hits 6 (0.05s CPU time), remote cache hits 0 (0.00s CPU time), compiled 0 variants (0.00s CPU time), skipped 0 variants
    Prepared data for serialisation in 0.00s
Compiling shader "Hidden/Internal-ODSWorldTexture" pass "" (vp)
    Full variant space:         1
    After settings filtering:   1
    After built-in stripping:   6
    After scriptable stripping: 6
    Processed in 0.00 seconds
    starting compilation...
    finished in 0.01 seconds. Local cache hits 6 (0.05s CPU time), remote cache hits 0 (0.00s CPU time), compiled 0 variants (0.00s CPU time), skipped 0 variants
    Prepared data for serialisation in 0.00s
Compiling shader "Hidden/Internal-ODSWorldTexture" pass "" (vp)
    Full variant space:         1
    After settings filtering:   1
    After built-in stripping:   6
    After scriptable stripping: 6
    Processed in 0.00 seconds
    starting compilation...
    finished in 0.01 seconds. Local cache hits 6 (0.05s CPU time), remote cache hits 0 (0.00s CPU time), compiled 0 variants (0.00s CPU time), skipped 0 variants
    Prepared data for serialisation in 0.00s
Compiling shader "Hidden/Internal-ODSWorldTexture" pass "" (vp)
    Full variant space:         1
    After settings filtering:   1
    After built-in stripping:   6
    After scriptable stripping: 6
    Processed in 0.00 seconds
    starting compilation...
    finished in 0.01 seconds. Local cache hits 6 (0.05s CPU time), remote cache hits 0 (0.00s CPU time), compiled 0 variants (0.00s CPU time), skipped 0 variants
    Prepared data for serialisation in 0.00s
Compiling shader "Hidden/Internal-ODSWorldTexture" pass "" (vp)
    Full variant space:         1
    After settings filtering:   1
    After built-in stripping:   6
    After scriptable stripping: 6
    Processed in 0.00 seconds
    starting compilation...
    finished in 0.01 seconds. Local cache hits 6 (0.05s CPU time), remote cache hits 0 (0.00s CPU time), compiled 0 variants (0.00s CPU time), skipped 0 variants
    Prepared data for serialisation in 0.00s
Compiling shader "Hidden/Internal-ODSWorldTexture" pass "" (vp)
    Full variant space:         1
    After settings filtering:   1
    After built-in stripping:   6
    After scriptable stripping: 6
    Processed in 0.00 seconds
    starting compilation...
    finished in 0.00 seconds. Local cache hits 6 (0.01s CPU time), remote cache hits 0 (0.00s CPU time), compiled 0 variants (0.00s CPU time), skipped 0 variants
    Prepared data for serialisation in 0.00s
Compiling shader "Hidden/Internal-ODSWorldTexture" pass "" (vp)
    Full variant space:         1
    After settings filtering:   1
    After built-in stripping:   6
    After scriptable stripping: 6
    Processed in 0.00 seconds
    starting compilation...
    finished in 0.01 seconds. Local cache hits 6 (0.05s CPU time), remote cache hits 0 (0.00s CPU time), compiled 0 variants (0.00s CPU time), skipped 0 variants
    Prepared data for serialisation in 0.00s
Compiling shader "Hidden/Internal-ODSWorldTexture" pass "" (vp)
    Full variant space:         1
    After settings filtering:   1
    After built-in stripping:   6
    After scriptable stripping: 6
    Processed in 0.00 seconds
    starting compilation...
    finished in 0.01 seconds. Local cache hits 6 (0.05s CPU time), remote cache hits 0 (0.00s CPU time), compiled 0 variants (0.00s CPU time), skipped 0 variants
    Prepared data for serialisation in 0.00s
Compiling shader "Hidden/Internal-ODSWorldTexture" pass "" (vp)
    Full variant space:         1
    After settings filtering:   1
    After built-in stripping:   6
    After scriptable stripping: 6
    Processed in 0.00 seconds
    starting compilation...
    finished in 0.01 seconds. Local cache hits 6 (0.06s CPU time), remote cache hits 0 (0.00s CPU time), compiled 0 variants (0.00s CPU time), skipped 0 variants
    Prepared data for serialisation in 0.00s
Serialized binary data for shader Hidden/Internal-ODSWorldTexture in 0.00s
    vulkan (total internal programs: 60, unique: 18)
Compiling shader "Hidden/Internal-CubemapToEquirect" pass "" (vp)
    Full variant space:         1
    After settings filtering:   1
    After built-in stripping:   6
    After scriptable stripping: 6
    Processed in 0.00 seconds
    starting compilation...
    finished in 0.01 seconds. Local cache hits 6 (0.06s CPU time), remote cache hits 0 (0.00s CPU time), compiled 0 variants (0.00s CPU time), skipped 0 variants
    Prepared data for serialisation in 0.00s
Serialized binary data for shader Hidden/Internal-CubemapToEquirect in 0.00s
    vulkan (total internal programs: 6, unique: 2)
    Prepared data for serialisation in 0.00s
Compiling shader "Hidden/VR/BlitFromTex2DToTexArraySlice" pass "" (vp)
    Full variant space:         1
    After settings filtering:   1
    After built-in stripping:   6
    After scriptable stripping: 6
    Processed in 0.00 seconds
    starting compilation...
    finished in 0.01 seconds. Local cache hits 6 (0.05s CPU time), remote cache hits 0 (0.00s CPU time), compiled 0 variants (0.00s CPU time), skipped 0 variants
    Prepared data for serialisation in 0.00s
Serialized binary data for shader Hidden/VR/BlitFromTex2DToTexArraySlice in 0.00s
    vulkan (total internal programs: 6, unique: 2)
Compiling shader "Hidden/VideoComposite" pass "Default" (vp)
    Full variant space:         1
    After settings filtering:   1
    After built-in stripping:   6
    After scriptable stripping: 6
    Processed in 0.00 seconds
    starting compilation...
    finished in 0.01 seconds. Local cache hits 6 (0.05s CPU time), remote cache hits 0 (0.00s CPU time), compiled 0 variants (0.00s CPU time), skipped 0 variants
    Prepared data for serialisation in 0.00s
Serialized binary data for shader Hidden/VideoComposite in 0.00s
    vulkan (total internal programs: 6, unique: 2)
Compiling shader "Hidden/VideoDecode" pass "YCbCr_To_RGB1" (vp)
    Full variant space:         2
    After settings filtering:   2
    After built-in stripping:   12
    After scriptable stripping: 12
    Processed in 0.00 seconds
    starting compilation...
    finished in 0.01 seconds. Local cache hits 12 (0.12s CPU time), remote cache hits 0 (0.00s CPU time), compiled 0 variants (0.00s CPU time), skipped 0 variants
    Prepared data for serialisation in 0.00s
Compiling shader "Hidden/VideoDecode" pass "YCbCrA_To_RGBAFull" (vp)
    Full variant space:         2
    After settings filtering:   2
    After built-in stripping:   12
    After scriptable stripping: 12
    Processed in 0.00 seconds
    starting compilation...
    finished in 0.01 seconds. Local cache hits 12 (0.13s CPU time), remote cache hits 0 (0.00s CPU time), compiled 0 variants (0.00s CPU time), skipped 0 variants
    Prepared data for serialisation in 0.00s
Compiling shader "Hidden/VideoDecode" pass "YCbCrA_To_RGBA" (vp)
    Full variant space:         2
    After settings filtering:   2
    After built-in stripping:   12
    After scriptable stripping: 12
    Processed in 0.00 seconds
    starting compilation...
    finished in 0.01 seconds. Local cache hits 12 (0.13s CPU time), remote cache hits 0 (0.00s CPU time), compiled 0 variants (0.00s CPU time), skipped 0 variants
    Prepared data for serialisation in 0.00s
Compiling shader "Hidden/VideoDecode" pass "Flip_RGBA_To_RGBA" (vp)
    Full variant space:         2
    After settings filtering:   2
    After built-in stripping:   12
    After scriptable stripping: 12
    Processed in 0.00 seconds
    starting compilation...
    finished in 0.01 seconds. Local cache hits 12 (0.13s CPU time), remote cache hits 0 (0.00s CPU time), compiled 0 variants (0.00s CPU time), skipped 0 variants
    Prepared data for serialisation in 0.00s
Compiling shader "Hidden/VideoDecode" pass "Flip_RGBASplit_To_RGBA" (vp)
    Full variant space:         2
    After settings filtering:   2
    After built-in stripping:   12
    After scriptable stripping: 12
    Processed in 0.00 seconds
    starting compilation...
    finished in 0.01 seconds. Local cache hits 12 (0.15s CPU time), remote cache hits 0 (0.00s CPU time), compiled 0 variants (0.00s CPU time), skipped 0 variants
    Prepared data for serialisation in 0.00s
Compiling shader "Hidden/VideoDecode" pass "Flip_NV12_To_RGB1" (vp)
    Full variant space:         2
    After settings filtering:   2
    After built-in stripping:   12
    After scriptable stripping: 12
    Processed in 0.00 seconds
    starting compilation...
    finished in 0.01 seconds. Local cache hits 12 (0.13s CPU time), remote cache hits 0 (0.00s CPU time), compiled 0 variants (0.00s CPU time), skipped 0 variants
    Prepared data for serialisation in 0.00s
Compiling shader "Hidden/VideoDecode" pass "Flip_NV12_To_RGBA" (vp)
    Full variant space:         2
    After settings filtering:   2
    After built-in stripping:   12
    After scriptable stripping: 12
    Processed in 0.00 seconds
    starting compilation...
    finished in 0.01 seconds. Local cache hits 12 (0.14s CPU time), remote cache hits 0 (0.00s CPU time), compiled 0 variants (0.00s CPU time), skipped 0 variants
    Prepared data for serialisation in 0.00s
Compiling shader "Hidden/VideoDecode" pass "Flip_P010_To_RGB1" (vp)
    Full variant space:         1
    After settings filtering:   1
    After built-in stripping:   6
    After scriptable stripping: 6
    Processed in 0.00 seconds
    starting compilation...
    finished in 0.01 seconds. Local cache hits 6 (0.05s CPU time), remote cache hits 0 (0.00s CPU time), compiled 0 variants (0.00s CPU time), skipped 0 variants
    Prepared data for serialisation in 0.00s
Serialized binary data for shader Hidden/VideoDecode in 0.00s
    vulkan (total internal programs: 90, unique: 30)
    Prepared data for serialisation in 0.00s
    Prepared data for serialisation in 0.00s
Serialized binary data for shader Hidden/VideoDecodeAndroid in 0.00s
    vulkan (total internal programs: 0, unique: 0)
Compiling shader "Hidden/TextCore/Distance Field SSD" pass "" (vp)
    Full variant space:         1
    After settings filtering:   1
    After built-in stripping:   6
    After scriptable stripping: 6
    Processed in 0.00 seconds
    starting compilation...
    finished in 0.01 seconds. Local cache hits 6 (0.05s CPU time), remote cache hits 0 (0.00s CPU time), compiled 0 variants (0.00s CPU time), skipped 0 variants
    Prepared data for serialisation in 0.00s
Serialized binary data for shader Hidden/TextCore/Distance Field SSD in 0.00s
    vulkan (total internal programs: 6, unique: 2)
Compressed texture export202201252311597020 is used as icon. This might compromise visual quality of the final image. Uncompressed format might be considered as better import option.
UnityEngine.StackTraceUtility:ExtractStackTrace ()
UnityEditor.BuildPipeline:BuildPlayerInternal (string[],string,string,UnityEditor.BuildTargetGroup,UnityEditor.BuildTarget,int,UnityEditor.BuildOptions,string[])
UnityEditor.BuildPipeline:BuildPlayer (string[],string,string,UnityEditor.BuildTargetGroup,UnityEditor.BuildTarget,int,UnityEditor.BuildOptions,string[])
UnityEditor.BuildPipeline:BuildPlayer (UnityEditor.BuildPlayerOptions)
QuestCraftCliBuild:BuildAndroid () (at Assets/Editor/QuestCraftCliBuild.cs:86)

[Assets/Editor/QuestCraftCliBuild.cs line 86]

Compressed texture export202201252311597020 is used as icon. This might compromise visual quality of the final image. Uncompressed format might be considered as better import option.
UnityEngine.StackTraceUtility:ExtractStackTrace ()
UnityEditor.BuildPipeline:BuildPlayerInternal (string[],string,string,UnityEditor.BuildTargetGroup,UnityEditor.BuildTarget,int,UnityEditor.BuildOptions,string[])
UnityEditor.BuildPipeline:BuildPlayer (string[],string,string,UnityEditor.BuildTargetGroup,UnityEditor.BuildTarget,int,UnityEditor.BuildOptions,string[])
UnityEditor.BuildPipeline:BuildPlayer (UnityEditor.BuildPlayerOptions)
QuestCraftCliBuild:BuildAndroid () (at Assets/Editor/QuestCraftCliBuild.cs:86)

[Assets/Editor/QuestCraftCliBuild.cs line 86]

Compressed texture export202201252311597020 is used as icon. This might compromise visual quality of the final image. Uncompressed format might be considered as better import option.
UnityEngine.StackTraceUtility:ExtractStackTrace ()
UnityEditor.BuildPipeline:BuildPlayerInternal (string[],string,string,UnityEditor.BuildTargetGroup,UnityEditor.BuildTarget,int,UnityEditor.BuildOptions,string[])
UnityEditor.BuildPipeline:BuildPlayer (string[],string,string,UnityEditor.BuildTargetGroup,UnityEditor.BuildTarget,int,UnityEditor.BuildOptions,string[])
UnityEditor.BuildPipeline:BuildPlayer (UnityEditor.BuildPlayerOptions)
QuestCraftCliBuild:BuildAndroid () (at Assets/Editor/QuestCraftCliBuild.cs:86)

[Assets/Editor/QuestCraftCliBuild.cs line 86]

Compressed texture export202201252311597020 is used as icon. This might compromise visual quality of the final image. Uncompressed format might be considered as better import option.
UnityEngine.StackTraceUtility:ExtractStackTrace ()
UnityEditor.BuildPipeline:BuildPlayerInternal (string[],string,string,UnityEditor.BuildTargetGroup,UnityEditor.BuildTarget,int,UnityEditor.BuildOptions,string[])
UnityEditor.BuildPipeline:BuildPlayer (string[],string,string,UnityEditor.BuildTargetGroup,UnityEditor.BuildTarget,int,UnityEditor.BuildOptions,string[])
UnityEditor.BuildPipeline:BuildPlayer (UnityEditor.BuildPlayerOptions)
QuestCraftCliBuild:BuildAndroid () (at Assets/Editor/QuestCraftCliBuild.cs:86)

[Assets/Editor/QuestCraftCliBuild.cs line 86]

Compressed texture export202201252311597020 is used as icon. This might compromise visual quality of the final image. Uncompressed format might be considered as better import option.
UnityEngine.StackTraceUtility:ExtractStackTrace ()
UnityEditor.BuildPipeline:BuildPlayerInternal (string[],string,string,UnityEditor.BuildTargetGroup,UnityEditor.BuildTarget,int,UnityEditor.BuildOptions,string[])
UnityEditor.BuildPipeline:BuildPlayer (string[],string,string,UnityEditor.BuildTargetGroup,UnityEditor.BuildTarget,int,UnityEditor.BuildOptions,string[])
UnityEditor.BuildPipeline:BuildPlayer (UnityEditor.BuildPlayerOptions)
QuestCraftCliBuild:BuildAndroid () (at Assets/Editor/QuestCraftCliBuild.cs:86)

[Assets/Editor/QuestCraftCliBuild.cs line 86]

Compressed texture export202201252311597020 is used as icon. This might compromise visual quality of the final image. Uncompressed format might be considered as better import option.
UnityEngine.StackTraceUtility:ExtractStackTrace ()
UnityEditor.BuildPipeline:BuildPlayerInternal (string[],string,string,UnityEditor.BuildTargetGroup,UnityEditor.BuildTarget,int,UnityEditor.BuildOptions,string[])
UnityEditor.BuildPipeline:BuildPlayer (string[],string,string,UnityEditor.BuildTargetGroup,UnityEditor.BuildTarget,int,UnityEditor.BuildOptions,string[])
UnityEditor.BuildPipeline:BuildPlayer (UnityEditor.BuildPlayerOptions)
QuestCraftCliBuild:BuildAndroid () (at Assets/Editor/QuestCraftCliBuild.cs:86)

[Assets/Editor/QuestCraftCliBuild.cs line 86]

Compressed texture export202201252311597020 is used as icon. This might compromise visual quality of the final image. Uncompressed format might be considered as better import option.
UnityEngine.StackTraceUtility:ExtractStackTrace ()
UnityEditor.BuildPipeline:BuildPlayerInternal (string[],string,string,UnityEditor.BuildTargetGroup,UnityEditor.BuildTarget,int,UnityEditor.BuildOptions,string[])
UnityEditor.BuildPipeline:BuildPlayer (string[],string,string,UnityEditor.BuildTargetGroup,UnityEditor.BuildTarget,int,UnityEditor.BuildOptions,string[])
UnityEditor.BuildPipeline:BuildPlayer (UnityEditor.BuildPlayerOptions)
QuestCraftCliBuild:BuildAndroid () (at Assets/Editor/QuestCraftCliBuild.cs:86)

[Assets/Editor/QuestCraftCliBuild.cs line 86]

Compressed texture export202201252311597020 is used as icon. This might compromise visual quality of the final image. Uncompressed format might be considered as better import option.
UnityEngine.StackTraceUtility:ExtractStackTrace ()
UnityEditor.BuildPipeline:BuildPlayerInternal (string[],string,string,UnityEditor.BuildTargetGroup,UnityEditor.BuildTarget,int,UnityEditor.BuildOptions,string[])
UnityEditor.BuildPipeline:BuildPlayer (string[],string,string,UnityEditor.BuildTargetGroup,UnityEditor.BuildTarget,int,UnityEditor.BuildOptions,string[])
UnityEditor.BuildPipeline:BuildPlayer (UnityEditor.BuildPlayerOptions)
QuestCraftCliBuild:BuildAndroid () (at Assets/Editor/QuestCraftCliBuild.cs:86)

[Assets/Editor/QuestCraftCliBuild.cs line 86]

Compressed texture export202201252311597020 is used as icon. This might compromise visual quality of the final image. Uncompressed format might be considered as better import option.
UnityEngine.StackTraceUtility:ExtractStackTrace ()
UnityEditor.BuildPipeline:BuildPlayerInternal (string[],string,string,UnityEditor.BuildTargetGroup,UnityEditor.BuildTarget,int,UnityEditor.BuildOptions,string[])
UnityEditor.BuildPipeline:BuildPlayer (string[],string,string,UnityEditor.BuildTargetGroup,UnityEditor.BuildTarget,int,UnityEditor.BuildOptions,string[])
UnityEditor.BuildPipeline:BuildPlayer (UnityEditor.BuildPlayerOptions)
QuestCraftCliBuild:BuildAndroid () (at Assets/Editor/QuestCraftCliBuild.cs:86)

[Assets/Editor/QuestCraftCliBuild.cs line 86]

Compressed texture export202201252311597020 is used as icon. This might compromise visual quality of the final image. Uncompressed format might be considered as better import option.
UnityEngine.StackTraceUtility:ExtractStackTrace ()
UnityEditor.BuildPipeline:BuildPlayerInternal (string[],string,string,UnityEditor.BuildTargetGroup,UnityEditor.BuildTarget,int,UnityEditor.BuildOptions,string[])
UnityEditor.BuildPipeline:BuildPlayer (string[],string,string,UnityEditor.BuildTargetGroup,UnityEditor.BuildTarget,int,UnityEditor.BuildOptions,string[])
UnityEditor.BuildPipeline:BuildPlayer (UnityEditor.BuildPlayerOptions)
QuestCraftCliBuild:BuildAndroid () (at Assets/Editor/QuestCraftCliBuild.cs:86)

[Assets/Editor/QuestCraftCliBuild.cs line 86]

Compressed texture export202201252311597020 is used as icon. This might compromise visual quality of the final image. Uncompressed format might be considered as better import option.
UnityEngine.StackTraceUtility:ExtractStackTrace ()
UnityEditor.BuildPipeline:BuildPlayerInternal (string[],string,string,UnityEditor.BuildTargetGroup,UnityEditor.BuildTarget,int,UnityEditor.BuildOptions,string[])
UnityEditor.BuildPipeline:BuildPlayer (string[],string,string,UnityEditor.BuildTargetGroup,UnityEditor.BuildTarget,int,UnityEditor.BuildOptions,string[])
UnityEditor.BuildPipeline:BuildPlayer (UnityEditor.BuildPlayerOptions)
QuestCraftCliBuild:BuildAndroid () (at Assets/Editor/QuestCraftCliBuild.cs:86)

[Assets/Editor/QuestCraftCliBuild.cs line 86]

Compressed texture export202201252311597020 is used as icon. This might compromise visual quality of the final image. Uncompressed format might be considered as better import option.
UnityEngine.StackTraceUtility:ExtractStackTrace ()
UnityEditor.BuildPipeline:BuildPlayerInternal (string[],string,string,UnityEditor.BuildTargetGroup,UnityEditor.BuildTarget,int,UnityEditor.BuildOptions,string[])
UnityEditor.BuildPipeline:BuildPlayer (string[],string,string,UnityEditor.BuildTargetGroup,UnityEditor.BuildTarget,int,UnityEditor.BuildOptions,string[])
UnityEditor.BuildPipeline:BuildPlayer (UnityEditor.BuildPlayerOptions)
QuestCraftCliBuild:BuildAndroid () (at Assets/Editor/QuestCraftCliBuild.cs:86)

[Assets/Editor/QuestCraftCliBuild.cs line 86]

Compressed texture export202201252311597020 is used as icon. This might compromise visual quality of the final image. Uncompressed format might be considered as better import option.
UnityEngine.StackTraceUtility:ExtractStackTrace ()
UnityEditor.BuildPipeline:BuildPlayerInternal (string[],string,string,UnityEditor.BuildTargetGroup,UnityEditor.BuildTarget,int,UnityEditor.BuildOptions,string[])
UnityEditor.BuildPipeline:BuildPlayer (string[],string,string,UnityEditor.BuildTargetGroup,UnityEditor.BuildTarget,int,UnityEditor.BuildOptions,string[])
UnityEditor.BuildPipeline:BuildPlayer (UnityEditor.BuildPlayerOptions)
QuestCraftCliBuild:BuildAndroid () (at Assets/Editor/QuestCraftCliBuild.cs:86)

[Assets/Editor/QuestCraftCliBuild.cs line 86]

Compressed texture export202201252311597020 is used as icon. This might compromise visual quality of the final image. Uncompressed format might be considered as better import option.
UnityEngine.StackTraceUtility:ExtractStackTrace ()
UnityEditor.BuildPipeline:BuildPlayerInternal (string[],string,string,UnityEditor.BuildTargetGroup,UnityEditor.BuildTarget,int,UnityEditor.BuildOptions,string[])
UnityEditor.BuildPipeline:BuildPlayer (string[],string,string,UnityEditor.BuildTargetGroup,UnityEditor.BuildTarget,int,UnityEditor.BuildOptions,string[])
UnityEditor.BuildPipeline:BuildPlayer (UnityEditor.BuildPlayerOptions)
QuestCraftCliBuild:BuildAndroid () (at Assets/Editor/QuestCraftCliBuild.cs:86)

[Assets/Editor/QuestCraftCliBuild.cs line 86]

Compressed texture export202201252311597020 is used as icon. This might compromise visual quality of the final image. Uncompressed format might be considered as better import option.
UnityEngine.StackTraceUtility:ExtractStackTrace ()
UnityEditor.BuildPipeline:BuildPlayerInternal (string[],string,string,UnityEditor.BuildTargetGroup,UnityEditor.BuildTarget,int,UnityEditor.BuildOptions,string[])
UnityEditor.BuildPipeline:BuildPlayer (string[],string,string,UnityEditor.BuildTargetGroup,UnityEditor.BuildTarget,int,UnityEditor.BuildOptions,string[])
UnityEditor.BuildPipeline:BuildPlayer (UnityEditor.BuildPlayerOptions)
QuestCraftCliBuild:BuildAndroid () (at Assets/Editor/QuestCraftCliBuild.cs:86)

[Assets/Editor/QuestCraftCliBuild.cs line 86]

Compressed texture export202201252311597020 is used as icon. This might compromise visual quality of the final image. Uncompressed format might be considered as better import option.
UnityEngine.StackTraceUtility:ExtractStackTrace ()
UnityEditor.BuildPipeline:BuildPlayerInternal (string[],string,string,UnityEditor.BuildTargetGroup,UnityEditor.BuildTarget,int,UnityEditor.BuildOptions,string[])
UnityEditor.BuildPipeline:BuildPlayer (string[],string,string,UnityEditor.BuildTargetGroup,UnityEditor.BuildTarget,int,UnityEditor.BuildOptions,string[])
UnityEditor.BuildPipeline:BuildPlayer (UnityEditor.BuildPlayerOptions)
QuestCraftCliBuild:BuildAndroid () (at Assets/Editor/QuestCraftCliBuild.cs:86)

[Assets/Editor/QuestCraftCliBuild.cs line 86]

Compressed texture export202201252311597020 is used as icon. This might compromise visual quality of the final image. Uncompressed format might be considered as better import option.
UnityEngine.StackTraceUtility:ExtractStackTrace ()
UnityEditor.BuildPipeline:BuildPlayerInternal (string[],string,string,UnityEditor.BuildTargetGroup,UnityEditor.BuildTarget,int,UnityEditor.BuildOptions,string[])
UnityEditor.BuildPipeline:BuildPlayer (string[],string,string,UnityEditor.BuildTargetGroup,UnityEditor.BuildTarget,int,UnityEditor.BuildOptions,string[])
UnityEditor.BuildPipeline:BuildPlayer (UnityEditor.BuildPlayerOptions)
QuestCraftCliBuild:BuildAndroid () (at Assets/Editor/QuestCraftCliBuild.cs:86)

[Assets/Editor/QuestCraftCliBuild.cs line 86]

Compressed texture export202201252311597020 is used as icon. This might compromise visual quality of the final image. Uncompressed format might be considered as better import option.
UnityEngine.StackTraceUtility:ExtractStackTrace ()
UnityEditor.BuildPipeline:BuildPlayerInternal (string[],string,string,UnityEditor.BuildTargetGroup,UnityEditor.BuildTarget,int,UnityEditor.BuildOptions,string[])
UnityEditor.BuildPipeline:BuildPlayer (string[],string,string,UnityEditor.BuildTargetGroup,UnityEditor.BuildTarget,int,UnityEditor.BuildOptions,string[])
UnityEditor.BuildPipeline:BuildPlayer (UnityEditor.BuildPlayerOptions)
QuestCraftCliBuild:BuildAndroid () (at Assets/Editor/QuestCraftCliBuild.cs:86)

[Assets/Editor/QuestCraftCliBuild.cs line 86]

DisplayProgressbar: Initializing
Android PostProcess task "Initializing" took 0.4744 ms
DisplayProgressbar: Check gradle project collisions
Android PostProcess task "Check gradle project collisions" took 0.2635 ms
DisplayProgressbar: Preparing banner
Android PostProcess task "Preparing banner" took 0.416 ms
info: Microsoft.AspNetCore.Hosting.Diagnostics[1]
      Request starting HTTP/2 POST http://ilpp/UnityILPP.PostProcessing/Ping application/grpc -
info: Microsoft.AspNetCore.Routing.EndpointMiddleware[0]
      Executing endpoint 'gRPC - /UnityILPP.PostProcessing/Ping'
info: Microsoft.AspNetCore.Routing.EndpointMiddleware[1]
      Executed endpoint 'gRPC - /UnityILPP.PostProcessing/Ping'
info: Microsoft.AspNetCore.Hosting.Diagnostics[2]
      Request finished HTTP/2 POST http://ilpp/UnityILPP.PostProcessing/Ping application/grpc - - 200 - application/grpc 0.4502ms
Plugin 'Packages/com.netpyoung.webp/Plugins/Android/libs/arm64-v8a/libwebpmux.so' is not 16KB-aligned. This may cause issues on ARM64 devices running Android 15+.
More info: <a href="https://developer.android.com/guide/practices/page-sizes">https://developer.android.com/guide/practices/page-sizes</a>.
UnityEngine.StackTraceUtility:ExtractStackTrace ()
UnityEngine.DebugLogHandler:LogFormat (UnityEngine.LogType,UnityEngine.Object,string,object[])
UnityEngine.Logger:Log (UnityEngine.LogType,object)
UnityEngine.Debug:LogWarning (object)
UnityEditor.Android.AndroidBuildPostprocessor:CollectPlugin (string,Unity.Android.Types.AndroidArchitecture,System.Collections.Generic.Dictionary`2<string, UnityEditor.Android.AndroidBuildPostprocessor/AndroidSourcePlugin>,bool) (at /home/bokken/build/output/unity/unity/PlatformDependent/AndroidPlayer/Editor/Managed/ExtensionModule.cs:407)
UnityEditor.Android.AndroidBuildPostprocessor:PluginsDataFor (UnityEditor.Modules.BuildPostProcessArgs) (at /home/bokken/build/output/unity/unity/PlatformDependent/AndroidPlayer/Editor/Managed/ExtensionModule.cs:470)
UnityEditor.Modules.BeeBuildPostprocessor/<GetDataForBuildProgramFor>d__49:MoveNext ()
UnityEditor.Android.AndroidBuildPostprocessor/<GetDataForBuildProgramFor>d__29:MoveNext () (at /home/bokken/build/output/unity/unity/PlatformDependent/AndroidPlayer/Editor/Managed/ExtensionModule.cs:730)
System.Linq.Enumerable/WhereEnumerableIterator`1<object>:MoveNext ()
Bee.BeeDriver.BeeDriver:WriteDataForBuildProgram (Bee.BeeDriver.InternalState,System.Threading.Tasks.TaskCompletionSource`1<int>)
Bee.BeeDriver.BeeDriver/<>c__DisplayClass0_0:<BuildAsync>g__WriteData|0 ()
Bee.BeeDriver.BeeDriver:BuildAsync (Bee.BeeDriver.BuildRequest,System.Threading.CancellationToken)
UnityEditor.Modules.BeeBuildPostprocessor:PostProcess (UnityEditor.Modules.BuildPostProcessArgs)
UnityEditor.Modules.DefaultBuildPostprocessor:PostProcess (UnityEditor.Modules.BuildPostProcessArgs,UnityEditor.BuildProperties&)
UnityEditor.Android.AndroidBuildPostprocessor:PostProcess (UnityEditor.Modules.BuildPostProcessArgs,UnityEditor.BuildProperties&) (at /home/bokken/build/output/unity/unity/PlatformDependent/AndroidPlayer/Editor/Managed/ExtensionModule.cs:228)
UnityEditor.PostprocessBuildPlayer:Postprocess (UnityEditor.BuildTargetGroup,UnityEditor.BuildTarget,int,string,string,string,int,int,UnityEditor.BuildOptions,UnityEditor.RuntimeClassRegistry,UnityEditor.Build.Reporting.BuildReport)
UnityEditor.BuildPipeline:BuildPlayerInternal (string[],string,string,UnityEditor.BuildTargetGroup,UnityEditor.BuildTarget,int,UnityEditor.BuildOptions,string[])
UnityEditor.BuildPipeline:BuildPlayer (string[],string,string,UnityEditor.BuildTargetGroup,UnityEditor.BuildTarget,int,UnityEditor.BuildOptions,string[])
UnityEditor.BuildPipeline:BuildPlayer (UnityEditor.BuildPlayerOptions)
QuestCraftCliBuild:BuildAndroid () (at Assets/Editor/QuestCraftCliBuild.cs:86)

(Filename: /home/bokken/build/output/unity/unity/PlatformDependent/AndroidPlayer/Editor/Managed/ExtensionModule.cs Line: 407)

Plugin 'Packages/com.netpyoung.webp/Plugins/Android/libs/arm64-v8a/libwebpdemux.so' is not 16KB-aligned. This may cause issues on ARM64 devices running Android 15+.
More info: <a href="https://developer.android.com/guide/practices/page-sizes">https://developer.android.com/guide/practices/page-sizes</a>.
UnityEngine.StackTraceUtility:ExtractStackTrace ()
UnityEngine.DebugLogHandler:LogFormat (UnityEngine.LogType,UnityEngine.Object,string,object[])
UnityEngine.Logger:Log (UnityEngine.LogType,object)
UnityEngine.Debug:LogWarning (object)
UnityEditor.Android.AndroidBuildPostprocessor:CollectPlugin (string,Unity.Android.Types.AndroidArchitecture,System.Collections.Generic.Dictionary`2<string, UnityEditor.Android.AndroidBuildPostprocessor/AndroidSourcePlugin>,bool) (at /home/bokken/build/output/unity/unity/PlatformDependent/AndroidPlayer/Editor/Managed/ExtensionModule.cs:407)
UnityEditor.Android.AndroidBuildPostprocessor:PluginsDataFor (UnityEditor.Modules.BuildPostProcessArgs) (at /home/bokken/build/output/unity/unity/PlatformDependent/AndroidPlayer/Editor/Managed/ExtensionModule.cs:470)
UnityEditor.Modules.BeeBuildPostprocessor/<GetDataForBuildProgramFor>d__49:MoveNext ()
UnityEditor.Android.AndroidBuildPostprocessor/<GetDataForBuildProgramFor>d__29:MoveNext () (at /home/bokken/build/output/unity/unity/PlatformDependent/AndroidPlayer/Editor/Managed/ExtensionModule.cs:730)
System.Linq.Enumerable/WhereEnumerableIterator`1<object>:MoveNext ()
Bee.BeeDriver.BeeDriver:WriteDataForBuildProgram (Bee.BeeDriver.InternalState,System.Threading.Tasks.TaskCompletionSource`1<int>)
Bee.BeeDriver.BeeDriver/<>c__DisplayClass0_0:<BuildAsync>g__WriteData|0 ()
Bee.BeeDriver.BeeDriver:BuildAsync (Bee.BeeDriver.BuildRequest,System.Threading.CancellationToken)
UnityEditor.Modules.BeeBuildPostprocessor:PostProcess (UnityEditor.Modules.BuildPostProcessArgs)
UnityEditor.Modules.DefaultBuildPostprocessor:PostProcess (UnityEditor.Modules.BuildPostProcessArgs,UnityEditor.BuildProperties&)
UnityEditor.Android.AndroidBuildPostprocessor:PostProcess (UnityEditor.Modules.BuildPostProcessArgs,UnityEditor.BuildProperties&) (at /home/bokken/build/output/unity/unity/PlatformDependent/AndroidPlayer/Editor/Managed/ExtensionModule.cs:228)
UnityEditor.PostprocessBuildPlayer:Postprocess (UnityEditor.BuildTargetGroup,UnityEditor.BuildTarget,int,string,string,string,int,int,UnityEditor.BuildOptions,UnityEditor.RuntimeClassRegistry,UnityEditor.Build.Reporting.BuildReport)
UnityEditor.BuildPipeline:BuildPlayerInternal (string[],string,string,UnityEditor.BuildTargetGroup,UnityEditor.BuildTarget,int,UnityEditor.BuildOptions,string[])
UnityEditor.BuildPipeline:BuildPlayer (string[],string,string,UnityEditor.BuildTargetGroup,UnityEditor.BuildTarget,int,UnityEditor.BuildOptions,string[])
UnityEditor.BuildPipeline:BuildPlayer (UnityEditor.BuildPlayerOptions)
QuestCraftCliBuild:BuildAndroid () (at Assets/Editor/QuestCraftCliBuild.cs:86)

(Filename: /home/bokken/build/output/unity/unity/PlatformDependent/AndroidPlayer/Editor/Managed/ExtensionModule.cs Line: 407)

Plugin 'Packages/com.unity.xr.openxr/Runtime/android/arm64/libUnityOpenXR.so' is not 16KB-aligned. This may cause issues on ARM64 devices running Android 15+.
More info: <a href="https://developer.android.com/guide/practices/page-sizes">https://developer.android.com/guide/practices/page-sizes</a>.
UnityEngine.StackTraceUtility:ExtractStackTrace ()
UnityEngine.DebugLogHandler:LogFormat (UnityEngine.LogType,UnityEngine.Object,string,object[])
UnityEngine.Logger:Log (UnityEngine.LogType,object)
UnityEngine.Debug:LogWarning (object)
UnityEditor.Android.AndroidBuildPostprocessor:CollectPlugin (string,Unity.Android.Types.AndroidArchitecture,System.Collections.Generic.Dictionary`2<string, UnityEditor.Android.AndroidBuildPostprocessor/AndroidSourcePlugin>,bool) (at /home/bokken/build/output/unity/unity/PlatformDependent/AndroidPlayer/Editor/Managed/ExtensionModule.cs:407)
UnityEditor.Android.AndroidBuildPostprocessor:PluginsDataFor (UnityEditor.Modules.BuildPostProcessArgs) (at /home/bokken/build/output/unity/unity/PlatformDependent/AndroidPlayer/Editor/Managed/ExtensionModule.cs:470)
UnityEditor.Modules.BeeBuildPostprocessor/<GetDataForBuildProgramFor>d__49:MoveNext ()
UnityEditor.Android.AndroidBuildPostprocessor/<GetDataForBuildProgramFor>d__29:MoveNext () (at /home/bokken/build/output/unity/unity/PlatformDependent/AndroidPlayer/Editor/Managed/ExtensionModule.cs:730)
System.Linq.Enumerable/WhereEnumerableIterator`1<object>:MoveNext ()
Bee.BeeDriver.BeeDriver:WriteDataForBuildProgram (Bee.BeeDriver.InternalState,System.Threading.Tasks.TaskCompletionSource`1<int>)
Bee.BeeDriver.BeeDriver/<>c__DisplayClass0_0:<BuildAsync>g__WriteData|0 ()
Bee.BeeDriver.BeeDriver:BuildAsync (Bee.BeeDriver.BuildRequest,System.Threading.CancellationToken)
UnityEditor.Modules.BeeBuildPostprocessor:PostProcess (UnityEditor.Modules.BuildPostProcessArgs)
UnityEditor.Modules.DefaultBuildPostprocessor:PostProcess (UnityEditor.Modules.BuildPostProcessArgs,UnityEditor.BuildProperties&)
UnityEditor.Android.AndroidBuildPostprocessor:PostProcess (UnityEditor.Modules.BuildPostProcessArgs,UnityEditor.BuildProperties&) (at /home/bokken/build/output/unity/unity/PlatformDependent/AndroidPlayer/Editor/Managed/ExtensionModule.cs:228)
UnityEditor.PostprocessBuildPlayer:Postprocess (UnityEditor.BuildTargetGroup,UnityEditor.BuildTarget,int,string,string,string,int,int,UnityEditor.BuildOptions,UnityEditor.RuntimeClassRegistry,UnityEditor.Build.Reporting.BuildReport)
UnityEditor.BuildPipeline:BuildPlayerInternal (string[],string,string,UnityEditor.BuildTargetGroup,UnityEditor.BuildTarget,int,UnityEditor.BuildOptions,string[])
UnityEditor.BuildPipeline:BuildPlayer (string[],string,string,UnityEditor.BuildTargetGroup,UnityEditor.BuildTarget,int,UnityEditor.BuildOptions,string[])
UnityEditor.BuildPipeline:BuildPlayer (UnityEditor.BuildPlayerOptions)
QuestCraftCliBuild:BuildAndroid () (at Assets/Editor/QuestCraftCliBuild.cs:86)

(Filename: /home/bokken/build/output/unity/unity/PlatformDependent/AndroidPlayer/Editor/Managed/ExtensionModule.cs Line: 407)

Plugin 'Packages/com.netpyoung.webp/Plugins/Android/libs/arm64-v8a/libwebp.so' is not 16KB-aligned. This may cause issues on ARM64 devices running Android 15+.
More info: <a href="https://developer.android.com/guide/practices/page-sizes">https://developer.android.com/guide/practices/page-sizes</a>.
UnityEngine.StackTraceUtility:ExtractStackTrace ()
UnityEngine.DebugLogHandler:LogFormat (UnityEngine.LogType,UnityEngine.Object,string,object[])
UnityEngine.Logger:Log (UnityEngine.LogType,object)
UnityEngine.Debug:LogWarning (object)
UnityEditor.Android.AndroidBuildPostprocessor:CollectPlugin (string,Unity.Android.Types.AndroidArchitecture,System.Collections.Generic.Dictionary`2<string, UnityEditor.Android.AndroidBuildPostprocessor/AndroidSourcePlugin>,bool) (at /home/bokken/build/output/unity/unity/PlatformDependent/AndroidPlayer/Editor/Managed/ExtensionModule.cs:407)
UnityEditor.Android.AndroidBuildPostprocessor:PluginsDataFor (UnityEditor.Modules.BuildPostProcessArgs) (at /home/bokken/build/output/unity/unity/PlatformDependent/AndroidPlayer/Editor/Managed/ExtensionModule.cs:470)
UnityEditor.Modules.BeeBuildPostprocessor/<GetDataForBuildProgramFor>d__49:MoveNext ()
UnityEditor.Android.AndroidBuildPostprocessor/<GetDataForBuildProgramFor>d__29:MoveNext () (at /home/bokken/build/output/unity/unity/PlatformDependent/AndroidPlayer/Editor/Managed/ExtensionModule.cs:730)
System.Linq.Enumerable/WhereEnumerableIterator`1<object>:MoveNext ()
Bee.BeeDriver.BeeDriver:WriteDataForBuildProgram (Bee.BeeDriver.InternalState,System.Threading.Tasks.TaskCompletionSource`1<int>)
Bee.BeeDriver.BeeDriver/<>c__DisplayClass0_0:<BuildAsync>g__WriteData|0 ()
Bee.BeeDriver.BeeDriver:BuildAsync (Bee.BeeDriver.BuildRequest,System.Threading.CancellationToken)
UnityEditor.Modules.BeeBuildPostprocessor:PostProcess (UnityEditor.Modules.BuildPostProcessArgs)
UnityEditor.Modules.DefaultBuildPostprocessor:PostProcess (UnityEditor.Modules.BuildPostProcessArgs,UnityEditor.BuildProperties&)
UnityEditor.Android.AndroidBuildPostprocessor:PostProcess (UnityEditor.Modules.BuildPostProcessArgs,UnityEditor.BuildProperties&) (at /home/bokken/build/output/unity/unity/PlatformDependent/AndroidPlayer/Editor/Managed/ExtensionModule.cs:228)
UnityEditor.PostprocessBuildPlayer:Postprocess (UnityEditor.BuildTargetGroup,UnityEditor.BuildTarget,int,string,string,string,int,int,UnityEditor.BuildOptions,UnityEditor.RuntimeClassRegistry,UnityEditor.Build.Reporting.BuildReport)
UnityEditor.BuildPipeline:BuildPlayerInternal (string[],string,string,UnityEditor.BuildTargetGroup,UnityEditor.BuildTarget,int,UnityEditor.BuildOptions,string[])
UnityEditor.BuildPipeline:BuildPlayer (string[],string,string,UnityEditor.BuildTargetGroup,UnityEditor.BuildTarget,int,UnityEditor.BuildOptions,string[])
UnityEditor.BuildPipeline:BuildPlayer (UnityEditor.BuildPlayerOptions)
QuestCraftCliBuild:BuildAndroid () (at Assets/Editor/QuestCraftCliBuild.cs:86)

(Filename: /home/bokken/build/output/unity/unity/PlatformDependent/AndroidPlayer/Editor/Managed/ExtensionModule.cs Line: 407)

Plugin 'Packages/com.unity.xr.openxr.picoxr/Platform/Plugins/Android64/libpxrplatformloader.so' is not 16KB-aligned. This may cause issues on ARM64 devices running Android 15+.
More info: <a href="https://developer.android.com/guide/practices/page-sizes">https://developer.android.com/guide/practices/page-sizes</a>.
UnityEngine.StackTraceUtility:ExtractStackTrace ()
UnityEngine.DebugLogHandler:LogFormat (UnityEngine.LogType,UnityEngine.Object,string,object[])
UnityEngine.Logger:Log (UnityEngine.LogType,object)
UnityEngine.Debug:LogWarning (object)
UnityEditor.Android.AndroidBuildPostprocessor:CollectPlugin (string,Unity.Android.Types.AndroidArchitecture,System.Collections.Generic.Dictionary`2<string, UnityEditor.Android.AndroidBuildPostprocessor/AndroidSourcePlugin>,bool) (at /home/bokken/build/output/unity/unity/PlatformDependent/AndroidPlayer/Editor/Managed/ExtensionModule.cs:407)
UnityEditor.Android.AndroidBuildPostprocessor:PluginsDataFor (UnityEditor.Modules.BuildPostProcessArgs) (at /home/bokken/build/output/unity/unity/PlatformDependent/AndroidPlayer/Editor/Managed/ExtensionModule.cs:470)
UnityEditor.Modules.BeeBuildPostprocessor/<GetDataForBuildProgramFor>d__49:MoveNext ()
UnityEditor.Android.AndroidBuildPostprocessor/<GetDataForBuildProgramFor>d__29:MoveNext () (at /home/bokken/build/output/unity/unity/PlatformDependent/AndroidPlayer/Editor/Managed/ExtensionModule.cs:730)
System.Linq.Enumerable/WhereEnumerableIterator`1<object>:MoveNext ()
Bee.BeeDriver.BeeDriver:WriteDataForBuildProgram (Bee.BeeDriver.InternalState,System.Threading.Tasks.TaskCompletionSource`1<int>)
Bee.BeeDriver.BeeDriver/<>c__DisplayClass0_0:<BuildAsync>g__WriteData|0 ()
Bee.BeeDriver.BeeDriver:BuildAsync (Bee.BeeDriver.BuildRequest,System.Threading.CancellationToken)
UnityEditor.Modules.BeeBuildPostprocessor:PostProcess (UnityEditor.Modules.BuildPostProcessArgs)
UnityEditor.Modules.DefaultBuildPostprocessor:PostProcess (UnityEditor.Modules.BuildPostProcessArgs,UnityEditor.BuildProperties&)
UnityEditor.Android.AndroidBuildPostprocessor:PostProcess (UnityEditor.Modules.BuildPostProcessArgs,UnityEditor.BuildProperties&) (at /home/bokken/build/output/unity/unity/PlatformDependent/AndroidPlayer/Editor/Managed/ExtensionModule.cs:228)
UnityEditor.PostprocessBuildPlayer:Postprocess (UnityEditor.BuildTargetGroup,UnityEditor.BuildTarget,int,string,string,string,int,int,UnityEditor.BuildOptions,UnityEditor.RuntimeClassRegistry,UnityEditor.Build.Reporting.BuildReport)
UnityEditor.BuildPipeline:BuildPlayerInternal (string[],string,string,UnityEditor.BuildTargetGroup,UnityEditor.BuildTarget,int,UnityEditor.BuildOptions,string[])
UnityEditor.BuildPipeline:BuildPlayer (string[],string,string,UnityEditor.BuildTargetGroup,UnityEditor.BuildTarget,int,UnityEditor.BuildOptions,string[])
UnityEditor.BuildPipeline:BuildPlayer (UnityEditor.BuildPlayerOptions)
QuestCraftCliBuild:BuildAndroid () (at Assets/Editor/QuestCraftCliBuild.cs:86)

(Filename: /home/bokken/build/output/unity/unity/PlatformDependent/AndroidPlayer/Editor/Managed/ExtensionModule.cs Line: 407)

Plugin 'Packages/com.netpyoung.webp/Plugins/Android/libs/arm64-v8a/libwebpdecoder.so' is not 16KB-aligned. This may cause issues on ARM64 devices running Android 15+.
More info: <a href="https://developer.android.com/guide/practices/page-sizes">https://developer.android.com/guide/practices/page-sizes</a>.
UnityEngine.StackTraceUtility:ExtractStackTrace ()
UnityEngine.DebugLogHandler:LogFormat (UnityEngine.LogType,UnityEngine.Object,string,object[])
UnityEngine.Logger:Log (UnityEngine.LogType,object)
UnityEngine.Debug:LogWarning (object)
UnityEditor.Android.AndroidBuildPostprocessor:CollectPlugin (string,Unity.Android.Types.AndroidArchitecture,System.Collections.Generic.Dictionary`2<string, UnityEditor.Android.AndroidBuildPostprocessor/AndroidSourcePlugin>,bool) (at /home/bokken/build/output/unity/unity/PlatformDependent/AndroidPlayer/Editor/Managed/ExtensionModule.cs:407)
UnityEditor.Android.AndroidBuildPostprocessor:PluginsDataFor (UnityEditor.Modules.BuildPostProcessArgs) (at /home/bokken/build/output/unity/unity/PlatformDependent/AndroidPlayer/Editor/Managed/ExtensionModule.cs:470)
UnityEditor.Modules.BeeBuildPostprocessor/<GetDataForBuildProgramFor>d__49:MoveNext ()
UnityEditor.Android.AndroidBuildPostprocessor/<GetDataForBuildProgramFor>d__29:MoveNext () (at /home/bokken/build/output/unity/unity/PlatformDependent/AndroidPlayer/Editor/Managed/ExtensionModule.cs:730)
System.Linq.Enumerable/WhereEnumerableIterator`1<object>:MoveNext ()
Bee.BeeDriver.BeeDriver:WriteDataForBuildProgram (Bee.BeeDriver.InternalState,System.Threading.Tasks.TaskCompletionSource`1<int>)
Bee.BeeDriver.BeeDriver/<>c__DisplayClass0_0:<BuildAsync>g__WriteData|0 ()
Bee.BeeDriver.BeeDriver:BuildAsync (Bee.BeeDriver.BuildRequest,System.Threading.CancellationToken)
UnityEditor.Modules.BeeBuildPostprocessor:PostProcess (UnityEditor.Modules.BuildPostProcessArgs)
UnityEditor.Modules.DefaultBuildPostprocessor:PostProcess (UnityEditor.Modules.BuildPostProcessArgs,UnityEditor.BuildProperties&)
UnityEditor.Android.AndroidBuildPostprocessor:PostProcess (UnityEditor.Modules.BuildPostProcessArgs,UnityEditor.BuildProperties&) (at /home/bokken/build/output/unity/unity/PlatformDependent/AndroidPlayer/Editor/Managed/ExtensionModule.cs:228)
UnityEditor.PostprocessBuildPlayer:Postprocess (UnityEditor.BuildTargetGroup,UnityEditor.BuildTarget,int,string,string,string,int,int,UnityEditor.BuildOptions,UnityEditor.RuntimeClassRegistry,UnityEditor.Build.Reporting.BuildReport)
UnityEditor.BuildPipeline:BuildPlayerInternal (string[],string,string,UnityEditor.BuildTargetGroup,UnityEditor.BuildTarget,int,UnityEditor.BuildOptions,string[])
UnityEditor.BuildPipeline:BuildPlayer (string[],string,string,UnityEditor.BuildTargetGroup,UnityEditor.BuildTarget,int,UnityEditor.BuildOptions,string[])
UnityEditor.BuildPipeline:BuildPlayer (UnityEditor.BuildPlayerOptions)
QuestCraftCliBuild:BuildAndroid () (at Assets/Editor/QuestCraftCliBuild.cs:86)

(Filename: /home/bokken/build/output/unity/unity/PlatformDependent/AndroidPlayer/Editor/Managed/ExtensionModule.cs Line: 407)

Starting: C:\Program Files\Unity\Hub\Editor\2022.3.62f3\Editor\Data\bee_backend.exe --ipc --dagfile="Library/Bee/Player5c7f526e.dag" --profile="Library/Bee/backend1.traceevents" Player
WorkingDir: C:/Users/User/Documents/QuestCraft v26/QCXR-XR-Wrapper
Rebuilding DAG because FileSignature timestamp changed: Library/Bee/Player5c7f526e-inputdata.json
DisplayProgressbar: Incremental Player Build
*** Tundra requires additional run (0.09 seconds), 0 items updated, 0 evaluated
ExitCode: 4 Duration: 0s122ms
Starting: C:\Program Files\Unity\Hub\Editor\2022.3.62f3\Editor\Data\Tools\netcorerun\netcorerun.exe "C:\Program Files\Unity\Hub\Editor\2022.3.62f3\Editor\Data\PlaybackEngines\AndroidPlayer\AndroidPlayerBuildProgram.exe" "C:/Program Files/Unity/Hub/Editor/2022.3.62f3/Editor/Data/PlaybackEngines/AndroidPlayer/Bee;C:/Program Files/Unity/Hub/Editor/2022.3.62f3/Editor/Data/Tools/BuildPipeline" "Library/Bee/Player5c7f526e.dag.json" "Library/Bee/Player5c7f526e-inputdata.json" "Library\Bee\buildprogram0.traceevents"
WorkingDir: C:/Users/User/Documents/QuestCraft v26/QCXR-XR-Wrapper
ExitCode: 0 Duration: 5s285ms
Starting: C:\Program Files\Unity\Hub\Editor\2022.3.62f3\Editor\Data\bee_backend.exe --ipc --dagfile="Library/Bee/Player5c7f526e.dag" --dagfilejson="Library\Bee\Player5c7f526e.dag.json" --profile="Library/Bee/backend2.traceevents" Player
WorkingDir: C:/Users/User/Documents/QuestCraft v26/QCXR-XR-Wrapper
Finished compiling graph: 1297 nodes, 3466 flattened edges (3460 ToBuild, 10 ToUse), maximum node priority 785
[ 265/1292  0s] WriteText Library/Bee/artifacts/csharpactions/build.gradle_7fam.info
[ 317/1292  0s] CopyFiles C:/Users/User/Documents/QuestCraft v26/QCXR-XR-Wrapper/Library/Bee/Android/Prj/IL2CPP/Gradle/unityLibrary/src/main/assets/bin/Data/Resources/unity_builtin_extra
[ 318/1292  0s] CopyFiles C:/Users/User/Documents/QuestCraft v26/QCXR-XR-Wrapper/Library/Bee/Android/Prj/IL2CPP/Gradle/unityLibrary/src/main/assets/bin/Data/sharedassets0.resource
[ 319/1292  0s] CopyFiles C:/Users/User/Documents/QuestCraft v26/QCXR-XR-Wrapper/Library/Bee/Android/Prj/IL2CPP/Gradle/unityLibrary/src/main/assets/bin/Data/fee06248b02544214841be57f5bdcff9
[ 320/1292  0s] CopyFiles C:/Users/User/Documents/QuestCraft v26/QCXR-XR-Wrapper/Library/Bee/Android/Prj/IL2CPP/Gradle/unityLibrary/src/main/assets/bin/Data/fe8d9fd131b04ed4a8be3355cb9d4aa9
[ 321/1292  0s] CopyFiles C:/Users/User/Documents/QuestCraft v26/QCXR-XR-Wrapper/Library/Bee/Android/Prj/IL2CPP/Gradle/unityLibrary/src/main/assets/bin/Data/faf88df9fae0748438ea9807963c3787
[ 322/1292  0s] CopyFiles C:/Users/User/Documents/QuestCraft v26/QCXR-XR-Wrapper/Library/Bee/Android/Prj/IL2CPP/Gradle/unityLibrary/src/main/assets/bin/Data/globalgamemanagers
[ 323/1292  0s] CopyFiles C:/Users/User/Documents/QuestCraft v26/QCXR-XR-Wrapper/Library/Bee/Android/Prj/IL2CPP/Gradle/unityLibrary/src/main/assets/bin/Data/fe8f7cd36e24d495c91d49ab5dcedc71
[ 324/1292  0s] CopyFiles C:/Users/User/Documents/QuestCraft v26/QCXR-XR-Wrapper/Library/Bee/Android/Prj/IL2CPP/Gradle/unityLibrary/src/main/assets/bin/Data/fade42e8bc714b018fac513c043d323b
[ 326/1292  0s] CopyFiles C:/Users/User/Documents/QuestCraft v26/QCXR-XR-Wrapper/Library/Bee/Android/Prj/IL2CPP/Gradle/unityLibrary/src/main/assets/bin/Data/fad354696ecfc24448e5c8aa5980c951
[ 327/1292  0s] CopyFiles C:/Users/User/Documents/QuestCraft v26/QCXR-XR-Wrapper/Library/Bee/Android/Prj/IL2CPP/Gradle/unityLibrary/src/main/assets/bin/Data/f8ac02e5e051a384ea4184a3dc488e7b
[ 328/1292  0s] CopyFiles C:/Users/User/Documents/QuestCraft v26/QCXR-XR-Wrapper/Library/Bee/Android/Prj/IL2CPP/Gradle/unityLibrary/src/main/assets/bin/Data/f29a0ab70d309499c9c2d61a919d5020
[ 329/1292  0s] CopyFiles C:/Users/User/Documents/QuestCraft v26/QCXR-XR-Wrapper/Library/Bee/Android/Prj/IL2CPP/Gradle/unityLibrary/src/main/assets/bin/Data/f952c082cb03451daed3ee968ac6c63e
[ 330/1292  0s] CopyFiles C:/Users/User/Documents/QuestCraft v26/QCXR-XR-Wrapper/Library/Bee/Android/Prj/IL2CPP/Gradle/unityLibrary/src/main/assets/bin/Data/fa81cec4ef495964295e19ee18428ddf
[ 331/1292  0s] CopyFiles C:/Users/User/Documents/QuestCraft v26/QCXR-XR-Wrapper/Library/Bee/Android/Prj/IL2CPP/Gradle/unityLibrary/src/main/assets/bin/Data/ece90fd5291c52a45a802cc656ff7b36
[ 332/1292  0s] CopyFiles C:/Users/User/Documents/QuestCraft v26/QCXR-XR-Wrapper/Library/Bee/Android/Prj/IL2CPP/Gradle/unityLibrary/src/main/assets/bin/Data/f4927dbbc78847e4f841f186f5b768ec
[ 333/1292  0s] CopyFiles C:/Users/User/Documents/QuestCraft v26/QCXR-XR-Wrapper/Library/Bee/Android/Prj/IL2CPP/Gradle/unityLibrary/src/main/assets/bin/Data/eec19781926cd2248b7c9abfde8db555
[ 334/1292  0s] CopyFiles C:/Users/User/Documents/QuestCraft v26/QCXR-XR-Wrapper/Library/Bee/Android/Prj/IL2CPP/Gradle/unityLibrary/src/main/assets/bin/Data/ec194f0bc3d9ae14082c5e7cff8fb17c
[ 335/1292  0s] CopyFiles C:/Users/User/Documents/QuestCraft v26/QCXR-XR-Wrapper/Library/Bee/Android/Prj/IL2CPP/Gradle/unityLibrary/src/main/assets/bin/Data/e90f120db72d0e44dafced5e697f04ca
[ 336/1292  0s] CopyFiles C:/Users/User/Documents/QuestCraft v26/QCXR-XR-Wrapper/Library/Bee/Android/Prj/IL2CPP/Gradle/unityLibrary/src/main/assets/bin/Data/e73a58f6e2794ae7b1b7e50b7fb811b0
[ 337/1292  0s] CopyFiles C:/Users/User/Documents/QuestCraft v26/QCXR-XR-Wrapper/Library/Bee/Android/Prj/IL2CPP/Gradle/unityLibrary/src/main/assets/bin/Data/e5b6164e7d4f7e94fa1b1e7ac41fd5e9
[ 338/1292  0s] CopyFiles C:/Users/User/Documents/QuestCraft v26/QCXR-XR-Wrapper/Library/Bee/Android/Prj/IL2CPP/Gradle/unityLibrary/src/main/assets/bin/Data/e2e56f25585aba74f8b763341de4bd95
[ 339/1292  0s] CopyFiles C:/Users/User/Documents/QuestCraft v26/QCXR-XR-Wrapper/Library/Bee/Android/Prj/IL2CPP/Gradle/unityLibrary/src/main/assets/bin/Data/e5d23cb97e44b93469029f476f8ebd37
[ 340/1292  0s] CopyFiles C:/Users/User/Documents/QuestCraft v26/QCXR-XR-Wrapper/Library/Bee/Android/Prj/IL2CPP/Gradle/unityLibrary/src/main/assets/bin/Data/dffef66376be4fa480fb02b19edbe903
[ 341/1292  0s] CopyFiles C:/Users/User/Documents/QuestCraft v26/QCXR-XR-Wrapper/Library/Bee/Android/Prj/IL2CPP/Gradle/unityLibrary/src/main/assets/bin/Data/e1721d77f8f68c941899d270ca2b57f5
[ 342/1292  0s] CopyFiles C:/Users/User/Documents/QuestCraft v26/QCXR-XR-Wrapper/Library/Bee/Android/Prj/IL2CPP/Gradle/unityLibrary/src/main/assets/bin/Data/d8ac97d549ca7354c9183e745cb8d4ae
[ 343/1292  0s] CopyFiles C:/Users/User/Documents/QuestCraft v26/QCXR-XR-Wrapper/Library/Bee/Android/Prj/IL2CPP/Gradle/unityLibrary/src/main/assets/bin/Data/da2bf9c72e4199340af64e2d379620d3
[ 344/1292  0s] CopyFiles C:/Users/User/Documents/QuestCraft v26/QCXR-XR-Wrapper/Library/Bee/Android/Prj/IL2CPP/Gradle/unityLibrary/src/main/assets/bin/Data/d82c1b31c7e74239bff1220585707d2b
[ 345/1292  0s] CopyFiles C:/Users/User/Documents/QuestCraft v26/QCXR-XR-Wrapper/Library/Bee/Android/Prj/IL2CPP/Gradle/unityLibrary/src/main/assets/bin/Data/dba11ee6c324e46f8bd36ffa00d5b6a2
[ 348/1292  0s] CopyFiles C:/Users/User/Documents/QuestCraft v26/QCXR-XR-Wrapper/Library/Bee/Android/Prj/IL2CPP/Gradle/unityLibrary/src/main/assets/bin/Data/d77ad19165d84b844ac6b715a2ef6998
[ 349/1292  0s] CopyFiles C:/Users/User/Documents/QuestCraft v26/QCXR-XR-Wrapper/Library/Bee/Android/Prj/IL2CPP/Gradle/unityLibrary/src/main/assets/bin/Data/d7540181fc229e8448f8276f14347b1b
[ 350/1292  0s] CopyFiles C:/Users/User/Documents/QuestCraft v26/QCXR-XR-Wrapper/Library/Bee/Android/Prj/IL2CPP/Gradle/unityLibrary/src/main/assets/bin/Data/d289188f9ab85254ea4d42d8af878f5a
[ 351/1292  0s] CopyFiles C:/Users/User/Documents/QuestCraft v26/QCXR-XR-Wrapper/Library/Bee/Android/Prj/IL2CPP/Gradle/unityLibrary/src/main/assets/bin/Data/d600af752179d4343b26d6d3eab89e8d
[ 539/1292  0s] CopyFiles C:/Users/User/Documents/QuestCraft v26/QCXR-XR-Wrapper/Library/Bee/Android/Prj/IL2CPP/Gradle/unityLibrary/src/main/assets/bin/Data/d22bd72bebc3950409d2de288cdcabd2
[ 540/1292  0s] CopyFiles C:/Users/User/Documents/QuestCraft v26/QCXR-XR-Wrapper/Library/Bee/Android/Prj/IL2CPP/Gradle/unityLibrary/src/main/assets/bin/Data/c5365c6b6f861ed4ebbf709f331de625
[ 541/1292  0s] CopyFiles C:/Users/User/Documents/QuestCraft v26/QCXR-XR-Wrapper/Library/Bee/Android/Prj/IL2CPP/Gradle/unityLibrary/src/main/assets/bin/Data/d103d152776d96a448730ac45c026750
[ 542/1292  0s] CopyFiles C:/Users/User/Documents/QuestCraft v26/QCXR-XR-Wrapper/Library/Bee/Android/Prj/IL2CPP/Gradle/unityLibrary/src/main/assets/bin/Data/c874b39fd1d35274cb34a60847385eb5
[ 543/1292  0s] CopyFiles C:/Users/User/Documents/QuestCraft v26/QCXR-XR-Wrapper/Library/Bee/Android/Prj/IL2CPP/Gradle/unityLibrary/src/main/assets/bin/Data/cfd242c98ab12cc40b8b74aedee1ba0c
[ 544/1292  0s] CopyFiles C:/Users/User/Documents/QuestCraft v26/QCXR-XR-Wrapper/Library/Bee/Android/Prj/IL2CPP/Gradle/unityLibrary/src/main/assets/bin/Data/c8f6a9fe365b9dd40a3886228ff5b74c
[ 545/1292  0s] CopyFiles C:/Users/User/Documents/QuestCraft v26/QCXR-XR-Wrapper/Library/Bee/Android/Prj/IL2CPP/Gradle/unityLibrary/src/main/assets/bin/Data/cf81c85f95fe47e1a27f6ae460cf182c
[ 546/1292  0s] CopyFiles C:/Users/User/Documents/QuestCraft v26/QCXR-XR-Wrapper/Library/Bee/Android/Prj/IL2CPP/Gradle/unityLibrary/src/main/assets/bin/Data/c4959a0adbe7a874cb1b2b7641284ede
[ 547/1292  0s] CopyFiles C:/Users/User/Documents/QuestCraft v26/QCXR-XR-Wrapper/Library/Bee/Android/Prj/IL2CPP/Gradle/unityLibrary/src/main/assets/bin/Data/d149f1a7a38285e4f9ec7968546e12af
[ 548/1292  0s] CopyFiles C:/Users/User/Documents/QuestCraft v26/QCXR-XR-Wrapper/Library/Bee/Android/Prj/IL2CPP/Gradle/unityLibrary/src/main/assets/bin/Data/c26f3085d9135a54a94a9b180e4e3b03
[ 549/1292  0s] CopyFiles C:/Users/User/Documents/QuestCraft v26/QCXR-XR-Wrapper/Library/Bee/Android/Prj/IL2CPP/Gradle/unityLibrary/src/main/assets/bin/Data/c29eabddf8367d4429e891ca7fe078a2
[ 550/1292  0s] CopyFiles C:/Users/User/Documents/QuestCraft v26/QCXR-XR-Wrapper/Library/Bee/Android/Prj/IL2CPP/Gradle/unityLibrary/src/main/assets/bin/Data/c097f47a26972414d93241c55296c220
[ 551/1292  0s] CopyFiles C:/Users/User/Documents/QuestCraft v26/QCXR-XR-Wrapper/Library/Bee/Android/Prj/IL2CPP/Gradle/unityLibrary/src/main/assets/bin/Data/be856c9e1a47247068ebfc44ad402df6
[ 552/1292  0s] CopyFiles C:/Users/User/Documents/QuestCraft v26/QCXR-XR-Wrapper/Library/Bee/Android/Prj/IL2CPP/Gradle/unityLibrary/src/main/assets/bin/Data/bbb43fe65b38f4083bc5e644fe958f95
[ 553/1292  0s] CopyFiles C:/Users/User/Documents/QuestCraft v26/QCXR-XR-Wrapper/Library/Bee/Android/Prj/IL2CPP/Gradle/unityLibrary/src/main/assets/bin/Data/c41005c129ba4d66911b75229fd70b45
[ 554/1292  0s] CopyFiles C:/Users/User/Documents/QuestCraft v26/QCXR-XR-Wrapper/Library/Bee/Android/Prj/IL2CPP/Gradle/unityLibrary/src/main/assets/bin/Data/b6c810b4f6d1f624a876a93a6bc6191e
[ 555/1292  0s] CopyFiles C:/Users/User/Documents/QuestCraft v26/QCXR-XR-Wrapper/Library/Bee/Android/Prj/IL2CPP/Gradle/unityLibrary/libs/Pojlib-release.aar
[ 556/1292  0s] CopyFiles C:/Users/User/Documents/QuestCraft v26/QCXR-XR-Wrapper/Library/Bee/Android/Prj/IL2CPP/Gradle/unityLibrary/src/main/assets/bin/Data/bd452ee420c4d4945abec2c258c1f3b0
[ 557/1292  0s] CopyFiles C:/Users/User/Documents/QuestCraft v26/QCXR-XR-Wrapper/Library/Bee/Android/Prj/IL2CPP/Gradle/unityLibrary/src/main/assets/bin/Data/b2ed526b6f738434ea2447633f60b7bc
[ 558/1292  0s] CopyFiles C:/Users/User/Documents/QuestCraft v26/QCXR-XR-Wrapper/Library/Bee/Android/Prj/IL2CPP/Gradle/unityLibrary/src/main/assets/bin/Data/b357b560d85dd4660a59d2c642820a26
[ 559/1292  0s] CopyFiles C:/Users/User/Documents/QuestCraft v26/QCXR-XR-Wrapper/Library/Bee/Android/Prj/IL2CPP/Gradle/unityLibrary/src/main/assets/bin/Data/b164e7767f1088a458acb6f692c01d83
[ 560/1292  0s] CopyFiles C:/Users/User/Documents/QuestCraft v26/QCXR-XR-Wrapper/Library/Bee/Android/Prj/IL2CPP/Gradle/unityLibrary/src/main/assets/bin/Data/af135a35702834f20bb1e953c31f88ab
[ 561/1292  0s] CopyFiles C:/Users/User/Documents/QuestCraft v26/QCXR-XR-Wrapper/Library/Bee/Android/Prj/IL2CPP/Gradle/unityLibrary/src/main/assets/bin/Data/add26d782c2f14487a27bc09c2d6f4a6
[ 562/1292  0s] CopyFiles C:/Users/User/Documents/QuestCraft v26/QCXR-XR-Wrapper/Library/Bee/Android/Prj/IL2CPP/Gradle/unityLibrary/src/main/assets/bin/Data/ad8827df856b77c48911d03893186baa
[ 563/1292  0s] CopyFiles C:/Users/User/Documents/QuestCraft v26/QCXR-XR-Wrapper/Library/Bee/Android/Prj/IL2CPP/Gradle/unityLibrary/src/main/assets/bin/Data/b12bcf1b2bfdc440999b5f1bc7dde1a2
[ 564/1292  0s] CopyFiles C:/Users/User/Documents/QuestCraft v26/QCXR-XR-Wrapper/Library/Bee/Android/Prj/IL2CPP/Gradle/unityLibrary/src/main/assets/bin/Data/ad20dacf4b9790246baf957cfb1caf6b
[ 565/1292  0s] CopyFiles C:/Users/User/Documents/QuestCraft v26/QCXR-XR-Wrapper/Library/Bee/Android/Prj/IL2CPP/Gradle/unityLibrary/src/main/assets/bin/Data/ac8818945755185409a09289d09dda7a
[ 566/1292  0s] CopyFiles C:/Users/User/Documents/QuestCraft v26/QCXR-XR-Wrapper/Library/Bee/Android/Prj/IL2CPP/Gradle/unityLibrary/src/main/assets/bin/Data/a6cb34d0ab58a45b99e72f6e91ab2f6a
[ 567/1292  0s] CopyFiles C:/Users/User/Documents/QuestCraft v26/QCXR-XR-Wrapper/Library/Bee/Android/Prj/IL2CPP/Gradle/unityLibrary/src/main/assets/bin/Data/a993dd2c437a2b3409060ffcdd23b83f
[ 568/1292  0s] CopyFiles C:/Users/User/Documents/QuestCraft v26/QCXR-XR-Wrapper/Library/Bee/Android/Prj/IL2CPP/Gradle/unityLibrary/src/main/assets/bin/Data/ab854e81d8fcde04eb1603f397457afc
[ 569/1292  0s] CopyFiles C:/Users/User/Documents/QuestCraft v26/QCXR-XR-Wrapper/Library/Bee/Android/Prj/IL2CPP/Gradle/unityLibrary/src/main/assets/bin/Data/a9229f83992ae6c439fd8eb7c677e0e8
[ 570/1292  0s] CopyFiles C:/Users/User/Documents/QuestCraft v26/QCXR-XR-Wrapper/Library/Bee/Android/Prj/IL2CPP/Gradle/unityLibrary/src/main/assets/bin/Data/ac86ed84e9834a34aa40df8299a6dc7c
[ 571/1292  0s] CopyFiles C:/Users/User/Documents/QuestCraft v26/QCXR-XR-Wrapper/Library/Bee/Android/Prj/IL2CPP/Gradle/unityLibrary/src/main/assets/bin/Data/a4ffbc1ca8af1b9438ce9e5df01a5f18
[ 572/1292  0s] CopyFiles C:/Users/User/Documents/QuestCraft v26/QCXR-XR-Wrapper/Library/Bee/Android/Prj/IL2CPP/Gradle/unityLibrary/src/main/assets/bin/Data/a46f059c710f4d4448336f95461ea483
[ 573/1292  0s] CopyFiles C:/Users/User/Documents/QuestCraft v26/QCXR-XR-Wrapper/Library/Bee/Android/Prj/IL2CPP/Gradle/unityLibrary/src/main/assets/bin/Data/a1b3dee6f3915d041b67ebcd32db75de
[ 574/1292  0s] CopyFiles C:/Users/User/Documents/QuestCraft v26/QCXR-XR-Wrapper/Library/Bee/Android/Prj/IL2CPP/Gradle/unityLibrary/src/main/assets/bin/Data/a09616eaf656f3b4aaee64dd679858f8
[ 575/1292  0s] CopyFiles C:/Users/User/Documents/QuestCraft v26/QCXR-XR-Wrapper/Library/Bee/Android/Prj/IL2CPP/Gradle/unityLibrary/src/main/assets/bin/Data/a12a0e3ab0496e54688b85ba2e1d4ea7
[ 576/1292  0s] CopyFiles C:/Users/User/Documents/QuestCraft v26/QCXR-XR-Wrapper/Library/Bee/Android/Prj/IL2CPP/Gradle/unityLibrary/src/main/assets/bin/Data/98595991fd68c5e419d1d37fed8658ff
[ 577/1292  0s] CopyFiles C:/Users/User/Documents/QuestCraft v26/QCXR-XR-Wrapper/Library/Bee/Android/Prj/IL2CPP/Gradle/unityLibrary/src/main/assets/bin/Data/a0967be76a24d48428a3f5bff9c73fed
[ 579/1292  0s] CopyFiles C:/Users/User/Documents/QuestCraft v26/QCXR-XR-Wrapper/Library/Bee/Android/Prj/IL2CPP/Gradle/unityLibrary/src/main/assets/bin/Data/9a993e003cd304ee9b10e2c8a65fbdb1
[ 580/1292  0s] CopyFiles C:/Users/User/Documents/QuestCraft v26/QCXR-XR-Wrapper/Library/Bee/Android/Prj/IL2CPP/Gradle/unityLibrary/src/main/assets/bin/Data/a0d171ecb61251f499e61977161e37fe
[ 581/1292  0s] CopyFiles C:/Users/User/Documents/QuestCraft v26/QCXR-XR-Wrapper/Library/Bee/Android/Prj/IL2CPP/Gradle/unityLibrary/src/main/assets/bin/Data/9d3720e74aa770c4ab771954af51c36b
[ 582/1292  0s] CopyFiles C:/Users/User/Documents/QuestCraft v26/QCXR-XR-Wrapper/Library/Bee/Android/Prj/IL2CPP/Gradle/unityLibrary/src/main/assets/bin/Data/964f6c596d90fce419911a05881292e3
[ 583/1292  0s] CopyFiles C:/Users/User/Documents/QuestCraft v26/QCXR-XR-Wrapper/Library/Bee/Android/Prj/IL2CPP/Gradle/unityLibrary/src/main/assets/bin/Data/96071472ed1b841ddb13555bb3a2e3b3
[ 584/1292  0s] CopyFiles C:/Users/User/Documents/QuestCraft v26/QCXR-XR-Wrapper/Library/Bee/Android/Prj/IL2CPP/Gradle/unityLibrary/src/main/assets/bin/Data/95a295b738724764ba17fd881649b96e
[ 585/1292  0s] CopyFiles C:/Users/User/Documents/QuestCraft v26/QCXR-XR-Wrapper/Library/Bee/Android/Prj/IL2CPP/Gradle/unityLibrary/src/main/assets/bin/Data/957309af6ba10104288fdd5edd3372bf
[ 586/1292  0s] CopyFiles C:/Users/User/Documents/QuestCraft v26/QCXR-XR-Wrapper/Library/Bee/Android/Prj/IL2CPP/Gradle/unityLibrary/src/main/assets/bin/Data/8bc837c9cb3f760448bfd88ed47169ff
[ 587/1292  0s] CopyFiles C:/Users/User/Documents/QuestCraft v26/QCXR-XR-Wrapper/Library/Bee/Android/Prj/IL2CPP/Gradle/unityLibrary/src/main/assets/bin/Data/8d99b31c7444c73479bb9169420ddad9
[ 588/1292  0s] CopyFiles C:/Users/User/Documents/QuestCraft v26/QCXR-XR-Wrapper/Library/Bee/Android/Prj/IL2CPP/Gradle/unityLibrary/src/main/assets/bin/Data/89969b2a6b51f5e4a90da8a71cec1861
[ 589/1292  0s] CopyFiles C:/Users/User/Documents/QuestCraft v26/QCXR-XR-Wrapper/Library/Bee/Android/Prj/IL2CPP/Gradle/unityLibrary/src/main/assets/bin/Data/89939a917a9c35648a30ca15048f9e01
[ 590/1292  0s] CopyFiles C:/Users/User/Documents/QuestCraft v26/QCXR-XR-Wrapper/Library/Bee/Android/Prj/IL2CPP/Gradle/unityLibrary/src/main/assets/bin/Data/88d8ac3ceef6b33439f56e9ca1e2fccd
[ 591/1292  0s] CopyFiles C:/Users/User/Documents/QuestCraft v26/QCXR-XR-Wrapper/Library/Bee/Android/Prj/IL2CPP/Gradle/unityLibrary/src/main/assets/bin/Data/85601fedf8a9794499989ae0ccb88a86
[ 592/1292  0s] CopyFiles C:/Users/User/Documents/QuestCraft v26/QCXR-XR-Wrapper/Library/Bee/Android/Prj/IL2CPP/Gradle/unityLibrary/src/main/assets/bin/Data/869aeced2b97a3748ba8e16656097962
[ 593/1292  0s] CopyFiles C:/Users/User/Documents/QuestCraft v26/QCXR-XR-Wrapper/Library/Bee/Android/Prj/IL2CPP/Gradle/unityLibrary/src/main/assets/bin/Data/853840c5196b2486a97e1785f3a68575
[ 594/1292  0s] CopyFiles C:/Users/User/Documents/QuestCraft v26/QCXR-XR-Wrapper/Library/Bee/Android/Prj/IL2CPP/Gradle/unityLibrary/src/main/assets/bin/Data/850f34a4baa4b4545af156ceeb07a90d
[ 596/1292  0s] CopyFiles C:/Users/User/Documents/QuestCraft v26/QCXR-XR-Wrapper/Library/Bee/Android/Prj/IL2CPP/Gradle/unityLibrary/src/main/assets/bin/Data/85013fab55cf932458682912756a4fcb
[ 598/1292  0s] CopyFiles C:/Users/User/Documents/QuestCraft v26/QCXR-XR-Wrapper/Library/Bee/Android/Prj/IL2CPP/Gradle/unityLibrary/src/main/assets/bin/Data/839b852ee4fcea3409f7f8e239536537
[ 601/1292  0s] CopyFiles C:/Users/User/Documents/QuestCraft v26/QCXR-XR-Wrapper/Library/Bee/Android/Prj/IL2CPP/Gradle/unityLibrary/src/main/assets/bin/Data/7eff928b71cfd46f298284c8e67429ed
[ 608/1292  0s] CopyFiles C:/Users/User/Documents/QuestCraft v26/QCXR-XR-Wrapper/Library/Bee/Android/Prj/IL2CPP/Gradle/unityLibrary/src/main/assets/bin/Data/7a424ef8cd6e9456fa0284c70460ce38
[ 610/1292  0s] CopyFiles C:/Users/User/Documents/QuestCraft v26/QCXR-XR-Wrapper/Library/Bee/Android/Prj/IL2CPP/Gradle/unityLibrary/src/main/assets/bin/Data/7dfa52c3c61f61542881145b740c7635
[ 614/1292  0s] CopyFiles C:/Users/User/Documents/QuestCraft v26/QCXR-XR-Wrapper/Library/Bee/Android/Prj/IL2CPP/Gradle/unityLibrary/src/main/assets/bin/Data/7dceaed51abddf64eb52ba3f767eb4dd
[1185/1292  0s] CopyFiles C:/Users/User/Documents/QuestCraft v26/QCXR-XR-Wrapper/Library/Bee/Android/Prj/IL2CPP/Gradle/unityLibrary/src/main/assets/bin/Data/7997404fcf56df5479269bd51a28fe49
[1186/1292  0s] CopyFiles C:/Users/User/Documents/QuestCraft v26/QCXR-XR-Wrapper/Library/Bee/Android/Prj/IL2CPP/Gradle/unityLibrary/src/main/assets/bin/Data/60580f3955898e04bb2f7401cd521e89
[1187/1292  0s] CopyFiles C:/Users/User/Documents/QuestCraft v26/QCXR-XR-Wrapper/Library/Bee/Android/Prj/IL2CPP/Gradle/unityLibrary/src/main/assets/bin/Data/618e026a94e14184ca67698c5e8fa58a
[1188/1292  0s] CopyFiles C:/Users/User/Documents/QuestCraft v26/QCXR-XR-Wrapper/Library/Bee/Android/Prj/IL2CPP/Gradle/unityLibrary/src/main/assets/bin/Data/768b1dc8c63b0c44d91c84b5cf367592
[1189/1292  0s] CopyFiles C:/Users/User/Documents/QuestCraft v26/QCXR-XR-Wrapper/Library/Bee/Android/Prj/IL2CPP/Gradle/unityLibrary/src/main/assets/bin/Data/79459efec17a4d00a321bdcc27bbc385
[1190/1292  0s] CopyFiles C:/Users/User/Documents/QuestCraft v26/QCXR-XR-Wrapper/Library/Bee/Android/Prj/IL2CPP/Gradle/unityLibrary/src/main/assets/bin/Data/77c7eb2aadfa27c40bbae105b90de610
[1191/1292  0s] CopyFiles C:/Users/User/Documents/QuestCraft v26/QCXR-XR-Wrapper/Library/Bee/Android/Prj/IL2CPP/Gradle/unityLibrary/src/main/assets/bin/Data/6a8f8e966738570459db901ed84ef9b6
[1192/1292  0s] CopyFiles C:/Users/User/Documents/QuestCraft v26/QCXR-XR-Wrapper/Library/Bee/Android/Prj/IL2CPP/Gradle/unityLibrary/src/main/assets/bin/Data/60021030f78b18b42aecfc83af47bf2b
[1193/1292  0s] CopyFiles C:/Users/User/Documents/QuestCraft v26/QCXR-XR-Wrapper/Library/Bee/Android/Prj/IL2CPP/Gradle/unityLibrary/src/main/assets/bin/Data/6837ed7aa7a8c8d4597569922ffcbca5
[1194/1292  0s] CopyFiles C:/Users/User/Documents/QuestCraft v26/QCXR-XR-Wrapper/Library/Bee/Android/Prj/IL2CPP/Gradle/unityLibrary/src/main/assets/bin/Data/64029f435f4d71f4999ea9c75b80c91a
[1195/1292  0s] CopyFiles C:/Users/User/Documents/QuestCraft v26/QCXR-XR-Wrapper/Library/Bee/Android/Prj/IL2CPP/Gradle/unityLibrary/src/main/assets/bin/Data/730b35d2a61a0402999fef7755ab7266
[1196/1292  0s] CopyFiles C:/Users/User/Documents/QuestCraft v26/QCXR-XR-Wrapper/Library/Bee/Android/Prj/IL2CPP/Gradle/unityLibrary/src/main/assets/bin/Data/5b670b470d1b64368901166ffb20d7ed
[1197/1292  0s] CopyFiles C:/Users/User/Documents/QuestCraft v26/QCXR-XR-Wrapper/Library/Bee/Android/Prj/IL2CPP/Gradle/unityLibrary/src/main/assets/bin/Data/5a8e32ac3af576ad4ae5ae8404f14e71
[1198/1292  0s] CopyFiles C:/Users/User/Documents/QuestCraft v26/QCXR-XR-Wrapper/Library/Bee/Android/Prj/IL2CPP/Gradle/unityLibrary/src/main/assets/bin/Data/574ae8e957555df43b4cd9257e834e36
[1199/1292  0s] CopyFiles C:/Users/User/Documents/QuestCraft v26/QCXR-XR-Wrapper/Library/Bee/Android/Prj/IL2CPP/Gradle/unityLibrary/src/main/assets/bin/Data/5496c96b97fb7ee469f4ca36671c32d0
[1200/1292  0s] CopyFiles C:/Users/User/Documents/QuestCraft v26/QCXR-XR-Wrapper/Library/Bee/Android/Prj/IL2CPP/Gradle/unityLibrary/src/main/assets/bin/Data/4ff92632f801a7444958bb72ef6aee53
[1201/1292  0s] CopyFiles C:/Users/User/Documents/QuestCraft v26/QCXR-XR-Wrapper/Library/Bee/Android/Prj/IL2CPP/Gradle/unityLibrary/src/main/assets/bin/Data/559b0277d5f635545a7b034007f4f42c
[1202/1292  0s] CopyFiles C:/Users/User/Documents/QuestCraft v26/QCXR-XR-Wrapper/Library/Bee/Android/Prj/IL2CPP/Gradle/unityLibrary/src/main/assets/bin/Data/4ef37ef333c3dc149b842dd2a3534ca1
[1203/1292  0s] CopyFiles C:/Users/User/Documents/QuestCraft v26/QCXR-XR-Wrapper/Library/Bee/Android/Prj/IL2CPP/Gradle/unityLibrary/src/main/assets/bin/Data/4bfadd3e60167a44fa27c370bfe2ae26
[1204/1292  0s] CopyFiles C:/Users/User/Documents/QuestCraft v26/QCXR-XR-Wrapper/Library/Bee/Android/Prj/IL2CPP/Gradle/unityLibrary/src/main/assets/bin/Data/4ae4d410c1995fa4e8fea1ab6359ea37
[1205/1292  0s] CopyFiles C:/Users/User/Documents/QuestCraft v26/QCXR-XR-Wrapper/Library/Bee/Android/Prj/IL2CPP/Gradle/unityLibrary/src/main/assets/bin/Data/4f3c1260c5bd8c64985946fc6af20f00
[1206/1292  0s] CopyFiles C:/Users/User/Documents/QuestCraft v26/QCXR-XR-Wrapper/Library/Bee/Android/Prj/IL2CPP/Gradle/unityLibrary/src/main/assets/bin/Data/4a887bf25b2d04a1bae1669ae6747419
[1207/1292  0s] CopyFiles C:/Users/User/Documents/QuestCraft v26/QCXR-XR-Wrapper/Library/Bee/Android/Prj/IL2CPP/Gradle/unityLibrary/src/main/assets/bin/Data/4a1294d789b914d428541b480a16682c
[1208/1292  0s] CopyFiles C:/Users/User/Documents/QuestCraft v26/QCXR-XR-Wrapper/Library/Bee/Android/Prj/IL2CPP/Gradle/unityLibrary/src/main/assets/bin/Data/46eff69f4f8c8e64ca295ba7356521f1
[1209/1292  0s] CopyFiles C:/Users/User/Documents/QuestCraft v26/QCXR-XR-Wrapper/Library/Bee/Android/Prj/IL2CPP/Gradle/unityLibrary/src/main/assets/bin/Data/4632f3d33fc5ea94e8a7673306cbb3e2
[1210/1292  0s] CopyFiles C:/Users/User/Documents/QuestCraft v26/QCXR-XR-Wrapper/Library/Bee/Android/Prj/IL2CPP/Gradle/unityLibrary/src/main/assets/bin/Data/431bec021ead0ba4fa0f0d65d715ee81
[1211/1292  0s] CopyFiles C:/Users/User/Documents/QuestCraft v26/QCXR-XR-Wrapper/Library/Bee/Android/Prj/IL2CPP/Gradle/unityLibrary/src/main/assets/bin/Data/41938f04a6f4d884f82644a294f64a74
[1212/1292  0s] CopyFiles C:/Users/User/Documents/QuestCraft v26/QCXR-XR-Wrapper/Library/Bee/Android/Prj/IL2CPP/Gradle/unityLibrary/src/main/assets/bin/Data/3f34e3c811e618ba98e9cfcf12f5c696
[1213/1292  0s] CopyFiles C:/Users/User/Documents/QuestCraft v26/QCXR-XR-Wrapper/Library/Bee/Android/Prj/IL2CPP/Gradle/unityLibrary/src/main/assets/bin/Data/3f5b5dff67a942289a9defa416b206f3
[1214/1292  0s] CopyFiles C:/Users/User/Documents/QuestCraft v26/QCXR-XR-Wrapper/Library/Bee/Android/Prj/IL2CPP/Gradle/unityLibrary/src/main/assets/bin/Data/44423fbc73cf1334c8ab8ec0d0d79aa0
[1215/1292  0s] CopyFiles C:/Users/User/Documents/QuestCraft v26/QCXR-XR-Wrapper/Library/Bee/Android/Prj/IL2CPP/Gradle/unityLibrary/src/main/assets/bin/Data/3a5f20f82a5224d7d969e99da633fc69
[1216/1292  0s] CopyFiles C:/Users/User/Documents/QuestCraft v26/QCXR-XR-Wrapper/Library/Bee/Android/Prj/IL2CPP/Gradle/unityLibrary/src/main/assets/bin/Data/4212f1d23993b2640922b428f2748e20
[1217/1292  0s] CopyFiles C:/Users/User/Documents/QuestCraft v26/QCXR-XR-Wrapper/Library/Bee/Android/Prj/IL2CPP/Gradle/unityLibrary/src/main/assets/bin/Data/3e6da93ce58c14438a129fc637235b7d
[1218/1292  0s] CopyFiles C:/Users/User/Documents/QuestCraft v26/QCXR-XR-Wrapper/Library/Bee/Android/Prj/IL2CPP/Gradle/unityLibrary/src/main/assets/bin/Data/39b162b3758bf435f97c925ab0a320a3
[1219/1292  0s] CopyFiles C:/Users/User/Documents/QuestCraft v26/QCXR-XR-Wrapper/Library/Bee/Android/Prj/IL2CPP/Gradle/unityLibrary/src/main/assets/bin/Data/2f872c920e7224f889cde9b63d7311cc
[1220/1292  0s] CopyFiles C:/Users/User/Documents/QuestCraft v26/QCXR-XR-Wrapper/Library/Bee/Android/Prj/IL2CPP/Gradle/unityLibrary/src/main/assets/bin/Data/32e4299f223a5e74ba6c96aa836018a1
[1221/1292  0s] CopyFiles C:/Users/User/Documents/QuestCraft v26/QCXR-XR-Wrapper/Library/Bee/Android/Prj/IL2CPP/Gradle/unityLibrary/src/main/assets/bin/Data/2761596a60d95484b962b79fb927057c
[1222/1292  0s] CopyFiles C:/Users/User/Documents/QuestCraft v26/QCXR-XR-Wrapper/Library/Bee/Android/Prj/IL2CPP/Gradle/unityLibrary/src/main/assets/bin/Data/1fc5f47805e00457ca97da2351c04180
[1223/1292  0s] CopyFiles C:/Users/User/Documents/QuestCraft v26/QCXR-XR-Wrapper/Library/Bee/Android/Prj/IL2CPP/Gradle/unityLibrary/src/main/assets/bin/Data/2fc108a4d4e9d5d41bf34f493b563d76
[1224/1292  0s] CopyFiles C:/Users/User/Documents/QuestCraft v26/QCXR-XR-Wrapper/Library/Bee/Android/Prj/IL2CPP/Gradle/unityLibrary/src/main/assets/bin/Data/296b2106775d132469d4ddadfa937fc4
[1225/1292  0s] CopyFiles C:/Users/User/Documents/QuestCraft v26/QCXR-XR-Wrapper/Library/Bee/Android/Prj/IL2CPP/Gradle/unityLibrary/src/main/assets/bin/Data/2feddea28647636409e9100780016736
[1226/1292  0s] CopyFiles C:/Users/User/Documents/QuestCraft v26/QCXR-XR-Wrapper/Library/Bee/Android/Prj/IL2CPP/Gradle/unityLibrary/src/main/assets/bin/Data/1c81befc13eaf814bbcd841238c11cd4
[1227/1292  0s] CopyFiles C:/Users/User/Documents/QuestCraft v26/QCXR-XR-Wrapper/Library/Bee/Android/Prj/IL2CPP/Gradle/unityLibrary/src/main/assets/bin/Data/1a1333616d23d473a9564f02435a3d0b
[1228/1292  0s] CopyFiles C:/Users/User/Documents/QuestCraft v26/QCXR-XR-Wrapper/Library/Bee/Android/Prj/IL2CPP/Gradle/unityLibrary/src/main/assets/bin/Data/19363699162b3b842a8355f3f58473a7
[1229/1292  0s] CopyFiles C:/Users/User/Documents/QuestCraft v26/QCXR-XR-Wrapper/Library/Bee/Android/Prj/IL2CPP/Gradle/unityLibrary/src/main/assets/bin/Data/1eed3cbdadbd3b14cbc97b9efdc5d9c0
[1230/1292  0s] CopyFiles C:/Users/User/Documents/QuestCraft v26/QCXR-XR-Wrapper/Library/Bee/Android/Prj/IL2CPP/Gradle/unityLibrary/src/main/assets/bin/Data/173621e98c19c493a8f0288d8a933bed
[1231/1292  0s] CopyFiles C:/Users/User/Documents/QuestCraft v26/QCXR-XR-Wrapper/Library/Bee/Android/Prj/IL2CPP/Gradle/unityLibrary/src/main/assets/bin/Data/1367dfadc71c7d2188c386a36878725b
[1232/1292  0s] CopyFiles C:/Users/User/Documents/QuestCraft v26/QCXR-XR-Wrapper/Library/Bee/Android/Prj/IL2CPP/Gradle/unityLibrary/src/main/assets/bin/Data/174623c88ad55a443bca29e8e126b1e0
[1233/1292  0s] CopyFiles C:/Users/User/Documents/QuestCraft v26/QCXR-XR-Wrapper/Library/Bee/Android/Prj/IL2CPP/Gradle/unityLibrary/src/main/assets/bin/Data/19109cae5d3dd4a21ab383ac58d3eb7d
[1234/1292  0s] CopyFiles C:/Users/User/Documents/QuestCraft v26/QCXR-XR-Wrapper/Library/Bee/Android/Prj/IL2CPP/Gradle/unityLibrary/src/main/assets/bin/Data/166b3d4f510e047ab9e97a27b546eca5
[1235/1292  0s] CopyFiles C:/Users/User/Documents/QuestCraft v26/QCXR-XR-Wrapper/Library/Bee/Android/Prj/IL2CPP/Gradle/unityLibrary/src/main/assets/bin/Data/0f37039b4a5cd3f48bff00c92911c80c
[1236/1292  0s] CopyFiles C:/Users/User/Documents/QuestCraft v26/QCXR-XR-Wrapper/Library/Bee/Android/Prj/IL2CPP/Gradle/unityLibrary/src/main/assets/bin/Data/0f24feff59dd4034b9bc964c815fb0f4
[1237/1292  0s] CopyFiles C:/Users/User/Documents/QuestCraft v26/QCXR-XR-Wrapper/Library/Bee/Android/Prj/IL2CPP/Gradle/unityLibrary/src/main/assets/bin/Data/12a19b71643cd314291e0f6c3e9a2ac9
[1238/1292  0s] CopyFiles C:/Users/User/Documents/QuestCraft v26/QCXR-XR-Wrapper/Library/Bee/Android/Prj/IL2CPP/Gradle/unityLibrary/src/main/assets/bin/Data/081528f6308b1134db2b9871766dd820
[1239/1292  0s] CopyFiles C:/Users/User/Documents/QuestCraft v26/QCXR-XR-Wrapper/Library/Bee/Android/Prj/IL2CPP/Gradle/unityLibrary/src/main/assets/bin/Data/0000000000000000f000000000000000
[1240/1292  0s] CopyFiles C:/Users/User/Documents/QuestCraft v26/QCXR-XR-Wrapper/Library/Bee/Android/Prj/IL2CPP/Gradle/unityLibrary/src/main/assets/bin/Data/0e8851bbd4d7b2b4787a54d6d1f11f80
[1241/1292  0s] CopyFiles C:/Users/User/Documents/QuestCraft v26/QCXR-XR-Wrapper/Library/Bee/Android/Prj/IL2CPP/Gradle/unityLibrary/src/main/assets/bin/Data/00b918d38c21608499365dcf824b50ac
[1242/1292  0s] SplitFile Library/Bee/artifacts/Android/Split/globalgamemanagers.assets
[1243/1292  0s] CopyFiles C:/Users/User/Documents/QuestCraft v26/QCXR-XR-Wrapper/Library/Bee/Android/Prj/IL2CPP/Gradle/unityLibrary/src/main/assets/bin/Data/globalgamemanagers.assets.split1
[1244/1292  0s] CopyFiles C:/Users/User/Documents/QuestCraft v26/QCXR-XR-Wrapper/Library/Bee/Android/Prj/IL2CPP/Gradle/unityLibrary/src/main/assets/bin/Data/globalgamemanagers.assets.split0
[1245/1292  0s] SplitFile Library/Bee/artifacts/Android/Split/level0
[1246/1292  0s] CopyFiles C:/Users/User/Documents/QuestCraft v26/QCXR-XR-Wrapper/Library/Bee/Android/Prj/IL2CPP/Gradle/unityLibrary/src/main/assets/bin/Data/level0
[1247/1292  0s] AddBootConfigGUID Library/Bee/artifacts/Android/boot.config
[1248/1292  0s] CopyFiles C:/Users/User/Documents/QuestCraft v26/QCXR-XR-Wrapper/Library/Bee/Android/Prj/IL2CPP/Gradle/unityLibrary/src/main/assets/bin/Data/boot.config
[1249/1292  0s] SplitFile Library/Bee/artifacts/Android/Split/sharedassets0.assets
[1250/1292  0s] CopyFiles C:/Users/User/Documents/QuestCraft v26/QCXR-XR-Wrapper/Library/Bee/Android/Prj/IL2CPP/Gradle/unityLibrary/src/main/assets/bin/Data/sharedassets0.assets.split11
[1251/1292  0s] CopyFiles C:/Users/User/Documents/QuestCraft v26/QCXR-XR-Wrapper/Library/Bee/Android/Prj/IL2CPP/Gradle/unityLibrary/src/main/assets/bin/Data/sharedassets0.assets.split38
[1252/1292  0s] CopyFiles C:/Users/User/Documents/QuestCraft v26/QCXR-XR-Wrapper/Library/Bee/Android/Prj/IL2CPP/Gradle/unityLibrary/src/main/assets/bin/Data/sharedassets0.assets.split17
[1253/1292  0s] CopyFiles C:/Users/User/Documents/QuestCraft v26/QCXR-XR-Wrapper/Library/Bee/Android/Prj/IL2CPP/Gradle/unityLibrary/src/main/assets/bin/Data/sharedassets0.assets.split31
[1254/1292  0s] CopyFiles C:/Users/User/Documents/QuestCraft v26/QCXR-XR-Wrapper/Library/Bee/Android/Prj/IL2CPP/Gradle/unityLibrary/src/main/assets/bin/Data/sharedassets0.assets.split21
[1255/1292  0s] CopyFiles C:/Users/User/Documents/QuestCraft v26/QCXR-XR-Wrapper/Library/Bee/Android/Prj/IL2CPP/Gradle/unityLibrary/src/main/assets/bin/Data/sharedassets0.assets.split37
[1256/1292  0s] CopyFiles C:/Users/User/Documents/QuestCraft v26/QCXR-XR-Wrapper/Library/Bee/Android/Prj/IL2CPP/Gradle/unityLibrary/src/main/assets/bin/Data/sharedassets0.assets.split39
[1257/1292  0s] CopyFiles C:/Users/User/Documents/QuestCraft v26/QCXR-XR-Wrapper/Library/Bee/Android/Prj/IL2CPP/Gradle/unityLibrary/src/main/assets/bin/Data/sharedassets0.assets.split25
[1258/1292  0s] CopyFiles C:/Users/User/Documents/QuestCraft v26/QCXR-XR-Wrapper/Library/Bee/Android/Prj/IL2CPP/Gradle/unityLibrary/src/main/assets/bin/Data/sharedassets0.assets.split36
[1259/1292  0s] CopyFiles C:/Users/User/Documents/QuestCraft v26/QCXR-XR-Wrapper/Library/Bee/Android/Prj/IL2CPP/Gradle/unityLibrary/src/main/assets/bin/Data/sharedassets0.assets.split16
[1260/1292  0s] CopyFiles C:/Users/User/Documents/QuestCraft v26/QCXR-XR-Wrapper/Library/Bee/Android/Prj/IL2CPP/Gradle/unityLibrary/src/main/assets/bin/Data/sharedassets0.assets.split33
[1261/1292  0s] CopyFiles C:/Users/User/Documents/QuestCraft v26/QCXR-XR-Wrapper/Library/Bee/Android/Prj/IL2CPP/Gradle/unityLibrary/src/main/assets/bin/Data/sharedassets0.assets.split34
[1262/1292  0s] CopyFiles C:/Users/User/Documents/QuestCraft v26/QCXR-XR-Wrapper/Library/Bee/Android/Prj/IL2CPP/Gradle/unityLibrary/src/main/assets/bin/Data/sharedassets0.assets.split22
[1263/1292  0s] CopyFiles C:/Users/User/Documents/QuestCraft v26/QCXR-XR-Wrapper/Library/Bee/Android/Prj/IL2CPP/Gradle/unityLibrary/src/main/assets/bin/Data/sharedassets0.assets.split12
[1264/1292  0s] CopyFiles C:/Users/User/Documents/QuestCraft v26/QCXR-XR-Wrapper/Library/Bee/Android/Prj/IL2CPP/Gradle/unityLibrary/src/main/assets/bin/Data/sharedassets0.assets.split3
[1265/1292  0s] CopyFiles C:/Users/User/Documents/QuestCraft v26/QCXR-XR-Wrapper/Library/Bee/Android/Prj/IL2CPP/Gradle/unityLibrary/src/main/assets/bin/Data/sharedassets0.assets.split10
[1266/1292  0s] CopyFiles C:/Users/User/Documents/QuestCraft v26/QCXR-XR-Wrapper/Library/Bee/Android/Prj/IL2CPP/Gradle/unityLibrary/src/main/assets/bin/Data/sharedassets0.assets.split23
[1267/1292  0s] CopyFiles C:/Users/User/Documents/QuestCraft v26/QCXR-XR-Wrapper/Library/Bee/Android/Prj/IL2CPP/Gradle/unityLibrary/src/main/assets/bin/Data/sharedassets0.assets.split13
[1268/1292  0s] CopyFiles C:/Users/User/Documents/QuestCraft v26/QCXR-XR-Wrapper/Library/Bee/Android/Prj/IL2CPP/Gradle/unityLibrary/src/main/assets/bin/Data/sharedassets0.assets.split6
[1269/1292  0s] CopyFiles C:/Users/User/Documents/QuestCraft v26/QCXR-XR-Wrapper/Library/Bee/Android/Prj/IL2CPP/Gradle/unityLibrary/src/main/assets/bin/Data/sharedassets0.assets.split4
[1270/1292  0s] CopyFiles C:/Users/User/Documents/QuestCraft v26/QCXR-XR-Wrapper/Library/Bee/Android/Prj/IL2CPP/Gradle/unityLibrary/src/main/assets/bin/Data/sharedassets0.assets.split30
[1271/1292  0s] CopyFiles C:/Users/User/Documents/QuestCraft v26/QCXR-XR-Wrapper/Library/Bee/Android/Prj/IL2CPP/Gradle/unityLibrary/src/main/assets/bin/Data/sharedassets0.assets.split19
[1272/1292  0s] CopyFiles C:/Users/User/Documents/QuestCraft v26/QCXR-XR-Wrapper/Library/Bee/Android/Prj/IL2CPP/Gradle/unityLibrary/src/main/assets/bin/Data/sharedassets0.assets.split2
[1273/1292  0s] CopyFiles C:/Users/User/Documents/QuestCraft v26/QCXR-XR-Wrapper/Library/Bee/Android/Prj/IL2CPP/Gradle/unityLibrary/src/main/assets/bin/Data/sharedassets0.assets.split9
[1274/1292  0s] CopyFiles C:/Users/User/Documents/QuestCraft v26/QCXR-XR-Wrapper/Library/Bee/Android/Prj/IL2CPP/Gradle/unityLibrary/src/main/assets/bin/Data/sharedassets0.assets.split29
[1275/1292  0s] CopyFiles C:/Users/User/Documents/QuestCraft v26/QCXR-XR-Wrapper/Library/Bee/Android/Prj/IL2CPP/Gradle/unityLibrary/src/main/assets/bin/Data/sharedassets0.assets.split24
[1276/1292  0s] CopyFiles C:/Users/User/Documents/QuestCraft v26/QCXR-XR-Wrapper/Library/Bee/Android/Prj/IL2CPP/Gradle/unityLibrary/src/main/assets/bin/Data/sharedassets0.assets.split18
[1277/1292  0s] CopyFiles C:/Users/User/Documents/QuestCraft v26/QCXR-XR-Wrapper/Library/Bee/Android/Prj/IL2CPP/Gradle/unityLibrary/src/main/assets/bin/Data/sharedassets0.assets.split32
[1278/1292  0s] CopyFiles C:/Users/User/Documents/QuestCraft v26/QCXR-XR-Wrapper/Library/Bee/Android/Prj/IL2CPP/Gradle/unityLibrary/src/main/assets/bin/Data/sharedassets0.assets.split35
[1279/1292  0s] CopyFiles C:/Users/User/Documents/QuestCraft v26/QCXR-XR-Wrapper/Library/Bee/Android/Prj/IL2CPP/Gradle/unityLibrary/src/main/assets/bin/Data/sharedassets0.assets.split8
[1280/1292  0s] CopyFiles C:/Users/User/Documents/QuestCraft v26/QCXR-XR-Wrapper/Library/Bee/Android/Prj/IL2CPP/Gradle/unityLibrary/src/main/assets/bin/Data/sharedassets0.assets.split5
[1281/1292  0s] CopyFiles C:/Users/User/Documents/QuestCraft v26/QCXR-XR-Wrapper/Library/Bee/Android/Prj/IL2CPP/Gradle/unityLibrary/src/main/assets/bin/Data/sharedassets0.assets.split20
[1282/1292  0s] CopyFiles C:/Users/User/Documents/QuestCraft v26/QCXR-XR-Wrapper/Library/Bee/Android/Prj/IL2CPP/Gradle/unityLibrary/src/main/assets/bin/Data/sharedassets0.assets.split1
[1283/1292  0s] CopyFiles C:/Users/User/Documents/QuestCraft v26/QCXR-XR-Wrapper/Library/Bee/Android/Prj/IL2CPP/Gradle/unityLibrary/src/main/assets/bin/Data/sharedassets0.assets.split0
[1284/1292  0s] CopyFiles C:/Users/User/Documents/QuestCraft v26/QCXR-XR-Wrapper/Library/Bee/Android/Prj/IL2CPP/Gradle/unityLibrary/src/main/assets/bin/Data/sharedassets0.assets.split15
[1285/1292  0s] CopyFiles C:/Users/User/Documents/QuestCraft v26/QCXR-XR-Wrapper/Library/Bee/Android/Prj/IL2CPP/Gradle/unityLibrary/src/main/assets/bin/Data/sharedassets0.assets.split28
[1286/1292  0s] CopyFiles C:/Users/User/Documents/QuestCraft v26/QCXR-XR-Wrapper/Library/Bee/Android/Prj/IL2CPP/Gradle/unityLibrary/src/main/assets/bin/Data/sharedassets0.assets.split26
[1287/1292  0s] CopyFiles C:/Users/User/Documents/QuestCraft v26/QCXR-XR-Wrapper/Library/Bee/Android/Prj/IL2CPP/Gradle/unityLibrary/src/main/assets/bin/Data/sharedassets0.assets.split14
[1288/1292  0s] CopyFiles C:/Users/User/Documents/QuestCraft v26/QCXR-XR-Wrapper/Library/Bee/Android/Prj/IL2CPP/Gradle/unityLibrary/src/main/assets/bin/Data/sharedassets0.assets.split7
[1289/1292  0s] CopyFiles C:/Users/User/Documents/QuestCraft v26/QCXR-XR-Wrapper/Library/Bee/Android/Prj/IL2CPP/Gradle/unityLibrary/src/main/assets/bin/Data/sharedassets0.assets.split27
[1290/1292  0s] ActionGenerateProjectFiles C:/Users/User/Documents/QuestCraft v26/QCXR-XR-Wrapper/Library/Bee/Android/Prj/IL2CPP/Gradle/build.gradle (+8 others)
[1291/1292  0s] GuidGenerator C:/Users/User/Documents/QuestCraft v26/QCXR-XR-Wrapper/Library/Bee/Android/Prj/IL2CPP/Gradle/unityLibrary/src/main/assets/bin/Data/unity_app_guid
*** Tundra build success (0.77 seconds), 201 items updated, 1292 evaluated
ExitCode: 0 Duration: 0s799ms
DisplayProgressbar: Calling IPostGenerateGradleAndroidProject callbacks
Calling IPostGenerateGradleAndroidProject callbacks on 'C:\Users\User\Documents\QuestCraft v26\QCXR-XR-Wrapper\Library\Bee\Android\Prj\IL2CPP\Gradle\unityLibrary':
    Call "Unity.XR.OpenXR.Features.PICOSupport.PICOModifyAndroidManifest.OnPostGenerateGradleAndroidProject" from assembly 'Unity.XR.OpenXR.Features.PICOSupport.Editor'
    Call "Unity.XR.Management.AndroidManifest.Editor.AndroidManifestBuildEventReceiver.OnPostGenerateGradleAndroidProject" from assembly 'Unity.XR.Management.Editor'
    Call "UnityEditor.XR.OpenXR.Features.OculusQuestSupport.ModifyAndroidManifestOculus.OnPostGenerateGradleAndroidProject" from assembly 'Unity.XR.OpenXR.Features.OculusQuestSupport.Editor'
    Call "UnityEditor.XR.OpenXR.Features.MetaQuestSupport.ModifyAndroidManifestMeta.OnPostGenerateGradleAndroidProject" from assembly 'Unity.XR.OpenXR.Features.MetaQuestSupport.Editor'
    Call "UnityEditor.XR.OpenXR.Features.MetaQuestSupport.MetaQuestFeatureBuildHooks.OnPostGenerateGradleAndroidProject" from assembly 'Unity.XR.OpenXR.Features.MetaQuestSupport.Editor'
    Call "Pico.Platform.Editor.PlatformManifestRewrite.OnPostGenerateGradleAndroidProject" from assembly 'PICO.Platform.Editor'
Total cache size 124722306
Total cache size after purge 124722306
Android PostProcess task "Calling IPostGenerateGradleAndroidProject callbacks" took 91.5651 ms
Android PostProcess task "Cloud Diagnostics Symbol Upload" took 0.3539 ms
DisplayProgressbar: Building Gradle project

> Configure project :launcher
WARNING:The option setting 'android.aapt2FromMavenOverride=C:\Program Files\Unity\Hub\Editor\2022.3.62f3\Editor\Data\PlaybackEngines\AndroidPlayer\SDK\build-tools\34.0.0\aapt2.exe' is experimental.

> Configure project :unityLibrary:xrmanifest.androidlib
WARNING:minSdkVersion (29) is greater than targetSdkVersion (22) for variant "debug". Please change the values such that minSdkVersion is less than or equal to targetSdkVersion.
WARNING:minSdkVersion (29) is greater than targetSdkVersion (22) for variant "release". Please change the values such that minSdkVersion is less than or equal to targetSdkVersion.
WARNING:We recommend using a newer Android Gradle plugin to use compileSdk = 34

This Android Gradle plugin (7.4.2) was tested up to compileSdk = 33

This warning can be suppressed by adding
    android.suppressUnsupportedCompileSdk=34
to this project's gradle.properties

The build will continue, but you are strongly encouraged to update your project to
use a newer Android Gradle Plugin that has been tested with compileSdk = 34
Exception while marshalling C:\Program Files\Unity\Hub\Editor\2022.3.62f3\Editor\Data\PlaybackEngines\AndroidPlayer\SDK\build-tools\34.0.0\package.xml. Probably the SDK is read-only
Exception while marshalling C:\Program Files\Unity\Hub\Editor\2022.3.62f3\Editor\Data\PlaybackEngines\AndroidPlayer\SDK\platform-tools\package.xml. Probably the SDK is read-only
Exception while marshalling C:\Program Files\Unity\Hub\Editor\2022.3.62f3\Editor\Data\PlaybackEngines\AndroidPlayer\SDK\platforms\android-34\package.xml. Probably the SDK is read-only
Exception while marshalling C:\Program Files\Unity\Hub\Editor\2022.3.62f3\Editor\Data\PlaybackEngines\AndroidPlayer\SDK\platforms\android-35\package.xml. Probably the SDK is read-only
Exception while marshalling C:\Program Files\Unity\Hub\Editor\2022.3.62f3\Editor\Data\PlaybackEngines\AndroidPlayer\SDK\platforms\android-36\package.xml. Probably the SDK is read-only
Exception while marshalling C:\Program Files\Unity\Hub\Editor\2022.3.62f3\Editor\Data\PlaybackEngines\AndroidPlayer\SDK\tools\package.xml. Probably the SDK is read-only
Exception while marshalling C:\Program Files\Unity\Hub\Editor\2022.3.62f3\Editor\Data\PlaybackEngines\AndroidPlayer\SDK\build-tools\34.0.0\package.xml. Probably the SDK is read-only
Exception while marshalling C:\Program Files\Unity\Hub\Editor\2022.3.62f3\Editor\Data\PlaybackEngines\AndroidPlayer\SDK\platform-tools\package.xml. Probably the SDK is read-only
Exception while marshalling C:\Program Files\Unity\Hub\Editor\2022.3.62f3\Editor\Data\PlaybackEngines\AndroidPlayer\SDK\platforms\android-34\package.xml. Probably the SDK is read-only
Exception while marshalling C:\Program Files\Unity\Hub\Editor\2022.3.62f3\Editor\Data\PlaybackEngines\AndroidPlayer\SDK\platforms\android-35\package.xml. Probably the SDK is read-only
Exception while marshalling C:\Program Files\Unity\Hub\Editor\2022.3.62f3\Editor\Data\PlaybackEngines\AndroidPlayer\SDK\platforms\android-36\package.xml. Probably the SDK is read-only
Exception while marshalling C:\Program Files\Unity\Hub\Editor\2022.3.62f3\Editor\Data\PlaybackEngines\AndroidPlayer\SDK\tools\package.xml. Probably the SDK is read-only

> Task :unityLibrary:preBuild UP-TO-DATE
> Task :unityLibrary:xrmanifest.androidlib:preBuild UP-TO-DATE
> Task :unityLibrary:xrmanifest.androidlib:preReleaseBuild UP-TO-DATE
> Task :unityLibrary:preReleaseBuild UP-TO-DATE
> Task :launcher:preBuild UP-TO-DATE
> Task :launcher:preReleaseBuild UP-TO-DATE
> Task :unityLibrary:xrmanifest.androidlib:compileReleaseAidl NO-SOURCE
> Task :unityLibrary:xrmanifest.androidlib:packageReleaseRenderscript NO-SOURCE
> Task :unityLibrary:xrmanifest.androidlib:compileReleaseRenderscript NO-SOURCE
> Task :unityLibrary:xrmanifest.androidlib:generateReleaseResValues UP-TO-DATE
> Task :unityLibrary:xrmanifest.androidlib:generateReleaseResources UP-TO-DATE
> Task :unityLibrary:mergeReleaseJniLibFolders UP-TO-DATE
> Task :unityLibrary:compileReleaseAidl NO-SOURCE
> Task :unityLibrary:xrmanifest.androidlib:packageReleaseResources UP-TO-DATE
> Task :unityLibrary:mergeReleaseNativeLibs UP-TO-DATE
> Task :unityLibrary:stripReleaseDebugSymbols UP-TO-DATE
> Task :unityLibrary:copyReleaseJniLibsProjectAndLocalJars UP-TO-DATE
> Task :unityLibrary:compileReleaseRenderscript NO-SOURCE
> Task :unityLibrary:generateReleaseResValues UP-TO-DATE
> Task :unityLibrary:extractDeepLinksForAarRelease UP-TO-DATE
> Task :unityLibrary:generateReleaseBuildConfig UP-TO-DATE
> Task :unityLibrary:generateReleaseResources UP-TO-DATE
> Task :launcher:generateReleaseBuildConfig
> Task :launcher:compileReleaseAidl NO-SOURCE
> Task :launcher:javaPreCompileRelease UP-TO-DATE
> Task :launcher:generateReleaseResValues UP-TO-DATE
> Task :unityLibrary:xrmanifest.androidlib:parseReleaseLocalResources UP-TO-DATE
> Task :unityLibrary:packageReleaseResources UP-TO-DATE
> Task :unityLibrary:xrmanifest.androidlib:processReleaseManifest UP-TO-DATE
> Task :unityLibrary:parseReleaseLocalResources UP-TO-DATE
> Task :unityLibrary:xrmanifest.androidlib:generateReleaseRFile UP-TO-DATE
> Task :unityLibrary:xrmanifest.androidlib:generateReleaseBuildConfig UP-TO-DATE
> Task :unityLibrary:xrmanifest.androidlib:javaPreCompileRelease UP-TO-DATE
> Task :launcher:createReleaseCompatibleScreenManifests
> Task :unityLibrary:xrmanifest.androidlib:compileReleaseJavaWithJavac UP-TO-DATE
> Task :unityLibrary:xrmanifest.androidlib:bundleLibCompileToJarRelease UP-TO-DATE
> Task :launcher:extractProguardFiles UP-TO-DATE
> Task :unityLibrary:javaPreCompileRelease UP-TO-DATE
> Task :unityLibrary:xrmanifest.androidlib:mergeReleaseJniLibFolders UP-TO-DATE
> Task :launcher:mergeReleaseJniLibFolders UP-TO-DATE
> Task :unityLibrary:mergeReleaseShaders UP-TO-DATE
> Task :unityLibrary:xrmanifest.androidlib:mergeReleaseNativeLibs NO-SOURCE
> Task :unityLibrary:compileReleaseShaders NO-SOURCE
> Task :unityLibrary:generateReleaseAssets UP-TO-DATE
> Task :unityLibrary:xrmanifest.androidlib:stripReleaseDebugSymbols NO-SOURCE
> Task :unityLibrary:xrmanifest.androidlib:copyReleaseJniLibsProjectAndLocalJars UP-TO-DATE
> Task :unityLibrary:xrmanifest.androidlib:extractDeepLinksForAarRelease UP-TO-DATE
> Task :unityLibrary:xrmanifest.androidlib:extractReleaseAnnotations UP-TO-DATE
> Task :unityLibrary:xrmanifest.androidlib:mergeReleaseGeneratedProguardFiles UP-TO-DATE
> Task :unityLibrary:xrmanifest.androidlib:mergeReleaseConsumerProguardFiles UP-TO-DATE
> Task :unityLibrary:xrmanifest.androidlib:mergeReleaseShaders UP-TO-DATE
> Task :unityLibrary:xrmanifest.androidlib:compileReleaseShaders NO-SOURCE
> Task :unityLibrary:xrmanifest.androidlib:generateReleaseAssets UP-TO-DATE
> Task :unityLibrary:xrmanifest.androidlib:packageReleaseAssets UP-TO-DATE
> Task :unityLibrary:xrmanifest.androidlib:prepareLintJarForPublish UP-TO-DATE
> Task :unityLibrary:xrmanifest.androidlib:prepareReleaseArtProfile UP-TO-DATE
> Task :unityLibrary:xrmanifest.androidlib:processReleaseJavaRes NO-SOURCE
> Task :unityLibrary:xrmanifest.androidlib:mergeReleaseJavaResource UP-TO-DATE
> Task :unityLibrary:xrmanifest.androidlib:syncReleaseLibJars UP-TO-DATE
> Task :unityLibrary:xrmanifest.androidlib:writeReleaseAarMetadata UP-TO-DATE
> Task :unityLibrary:xrmanifest.androidlib:bundleReleaseLocalLintAar UP-TO-DATE
> Task :unityLibrary:xrmanifest.androidlib:extractDeepLinksRelease UP-TO-DATE
> Task :unityLibrary:xrmanifest.androidlib:compileReleaseLibraryResources UP-TO-DATE
> Task :unityLibrary:xrmanifest.androidlib:bundleLibResRelease NO-SOURCE
> Task :unityLibrary:xrmanifest.androidlib:bundleLibRuntimeToJarRelease UP-TO-DATE
> Task :unityLibrary:xrmanifest.androidlib:createFullJarRelease UP-TO-DATE
> Task :unityLibrary:xrmanifest.androidlib:writeReleaseLintModelMetadata UP-TO-DATE
> Task :unityLibrary:xrmanifest.androidlib:copyReleaseJniLibsProjectOnly UP-TO-DATE
> Task :unityLibrary:xrmanifest.androidlib:bundleLibRuntimeToDirRelease UP-TO-DATE

> Task :unityLibrary:processReleaseManifest
C:\Users\User\Documents\QuestCraft v26\QCXR-XR-Wrapper\Library\Bee\Android\Prj\IL2CPP\Gradle\unityLibrary\src\main\AndroidManifest.xml:10:3-111 Warning:
	Element uses-feature#android.hardware.vr.headtracking at AndroidManifest.xml:10:3-111 duplicated with element declared at AndroidManifest.xml:9:3-111
C:\Users\User\Documents\QuestCraft v26\QCXR-XR-Wrapper\Library\Bee\Android\Prj\IL2CPP\Gradle\unityLibrary\src\main\AndroidManifest.xml:47:5-93 Warning:
	Element meta-data#pvr.app.id at AndroidManifest.xml:47:5-93 duplicated with element declared at AndroidManifest.xml:45:5-93
C:\Users\User\Documents\QuestCraft v26\QCXR-XR-Wrapper\Library\Bee\Android\Prj\IL2CPP\Gradle\unityLibrary\src\main\AndroidManifest.xml:48:5-83 Warning:
	Element meta-data#use_record_highlight_feature at AndroidManifest.xml:48:5-83 duplicated with element declared at AndroidManifest.xml:46:5-83
C:\Users\User\Documents\QuestCraft v26\QCXR-XR-Wrapper\Library\Bee\Android\Prj\IL2CPP\Gradle\unityLibrary\src\main\AndroidManifest.xml:49:5-93 Warning:
	Element meta-data#pvr.app.id at AndroidManifest.xml:49:5-93 duplicated with element declared at AndroidManifest.xml:47:5-93
C:\Users\User\Documents\QuestCraft v26\QCXR-XR-Wrapper\Library\Bee\Android\Prj\IL2CPP\Gradle\unityLibrary\src\main\AndroidManifest.xml:50:5-83 Warning:
	Element meta-data#use_record_highlight_feature at AndroidManifest.xml:50:5-83 duplicated with element declared at AndroidManifest.xml:48:5-83
C:\Users\User\Documents\QuestCraft v26\QCXR-XR-Wrapper\Library\Bee\Android\Prj\IL2CPP\Gradle\unityLibrary\src\main\AndroidManifest.xml:51:5-93 Warning:
	Element meta-data#pvr.app.id at AndroidManifest.xml:51:5-93 duplicated with element declared at AndroidManifest.xml:49:5-93
C:\Users\User\Documents\QuestCraft v26\QCXR-XR-Wrapper\Library\Bee\Android\Prj\IL2CPP\Gradle\unityLibrary\src\main\AndroidManifest.xml:52:5-83 Warning:
	Element meta-data#use_record_highlight_feature at AndroidManifest.xml:52:5-83 duplicated with element declared at AndroidManifest.xml:50:5-83
C:\Users\User\Documents\QuestCraft v26\QCXR-XR-Wrapper\Library\Bee\Android\Prj\IL2CPP\Gradle\unityLibrary\src\main\AndroidManifest.xml:53:5-93 Warning:
	Element meta-data#pvr.app.id at AndroidManifest.xml:53:5-93 duplicated with element declared at AndroidManifest.xml:51:5-93
C:\Users\User\Documents\QuestCraft v26\QCXR-XR-Wrapper\Library\Bee\Android\Prj\IL2CPP\Gradle\unityLibrary\src\main\AndroidManifest.xml:54:5-83 Warning:
	Element meta-data#use_record_highlight_feature at AndroidManifest.xml:54:5-83 duplicated with element declared at AndroidManifest.xml:52:5-83
C:\Users\User\Documents\QuestCraft v26\QCXR-XR-Wrapper\Library\Bee\Android\Prj\IL2CPP\Gradle\unityLibrary\src\main\AndroidManifest.xml:55:5-93 Warning:
	Element meta-data#pvr.app.id at AndroidManifest.xml:55:5-93 duplicated with element declared at AndroidManifest.xml:53:5-93
C:\Users\User\Documents\QuestCraft v26\QCXR-XR-Wrapper\Library\Bee\Android\Prj\IL2CPP\Gradle\unityLibrary\src\main\AndroidManifest.xml:56:5-83 Warning:
	Element meta-data#use_record_highlight_feature at AndroidManifest.xml:56:5-83 duplicated with element declared at AndroidManifest.xml:54:5-83
C:\Users\User\Documents\QuestCraft v26\QCXR-XR-Wrapper\Library\Bee\Android\Prj\IL2CPP\Gradle\unityLibrary\src\main\AndroidManifest.xml:57:5-93 Warning:
	Element meta-data#pvr.app.id at AndroidManifest.xml:57:5-93 duplicated with element declared at AndroidManifest.xml:55:5-93
C:\Users\User\Documents\QuestCraft v26\QCXR-XR-Wrapper\Library\Bee\Android\Prj\IL2CPP\Gradle\unityLibrary\src\main\AndroidManifest.xml:58:5-83 Warning:
	Element meta-data#use_record_highlight_feature at AndroidManifest.xml:58:5-83 duplicated with element declared at AndroidManifest.xml:56:5-83
C:\Users\User\Documents\QuestCraft v26\QCXR-XR-Wrapper\Library\Bee\Android\Prj\IL2CPP\Gradle\unityLibrary\src\main\AndroidManifest.xml:59:5-93 Warning:
	Element meta-data#pvr.app.id at AndroidManifest.xml:59:5-93 duplicated with element declared at AndroidManifest.xml:57:5-93
C:\Users\User\Documents\QuestCraft v26\QCXR-XR-Wrapper\Library\Bee\Android\Prj\IL2CPP\Gradle\unityLibrary\src\main\AndroidManifest.xml:60:5-83 Warning:
	Element meta-data#use_record_highlight_feature at AndroidManifest.xml:60:5-83 duplicated with element declared at AndroidManifest.xml:58:5-83
C:\Users\User\Documents\QuestCraft v26\QCXR-XR-Wrapper\Library\Bee\Android\Prj\IL2CPP\Gradle\unityLibrary\src\main\AndroidManifest.xml:61:5-93 Warning:
	Element meta-data#pvr.app.id at AndroidManifest.xml:61:5-93 duplicated with element declared at AndroidManifest.xml:59:5-93
C:\Users\User\Documents\QuestCraft v26\QCXR-XR-Wrapper\Library\Bee\Android\Prj\IL2CPP\Gradle\unityLibrary\src\main\AndroidManifest.xml:62:5-83 Warning:
	Element meta-data#use_record_highlight_feature at AndroidManifest.xml:62:5-83 duplicated with element declared at AndroidManifest.xml:60:5-83
C:\Users\User\Documents\QuestCraft v26\QCXR-XR-Wrapper\Library\Bee\Android\Prj\IL2CPP\Gradle\unityLibrary\src\main\AndroidManifest.xml:7:3-93 Warning:
	uses-permission#android.permission.READ_PHONE_STATE was tagged at AndroidManifest.xml:7 to remove other declarations but no other declaration present

> Task :unityLibrary:packageReleaseAssets
> Task :launcher:checkReleaseDuplicateClasses FAILED
> Task :unityLibrary:generateReleaseRFile FAILED
51 actionable tasks: 6 executed, 45 up-to-date
UnityEngine.StackTraceUtility:ExtractStackTrace ()
UnityEngine.DebugLogHandler:LogFormat (UnityEngine.LogType,UnityEngine.Object,string,object[])
UnityEngine.Logger:Log (UnityEngine.LogType,object)
UnityEngine.Debug:LogError (object)
UnityEditor.Android.GradleInvokationException:ParseAndShowException () (at /home/bokken/build/output/unity/unity/PlatformDependent/AndroidPlayer/Editor/Managed/Android/Gradle.cs:138)
UnityEditor.Android.PostProcessor.PostProcessRunner:RunAllTasks (UnityEditor.Android.PostProcessor.PostProcessorContext) (at /home/bokken/build/output/unity/unity/PlatformDependent/AndroidPlayer/Editor/Managed/PostProcessor/AndroidPostProcessor.cs:121)
UnityEditor.Android.PostProcessAndroidPlayer:PostProcess (UnityEditor.Modules.BuildPostProcessArgs,AndroidPlayerBuildProgram.Data.AndroidPlayerBuildProgramOutput) (at /home/bokken/build/output/unity/unity/PlatformDependent/AndroidPlayer/Editor/Managed/PostProcessAndroidPlayer.cs:255)
UnityEditor.Android.AndroidBuildPostprocessor:PostProcess (UnityEditor.Modules.BuildPostProcessArgs,UnityEditor.BuildProperties&) (at /home/bokken/build/output/unity/unity/PlatformDependent/AndroidPlayer/Editor/Managed/ExtensionModule.cs:230)
UnityEditor.PostprocessBuildPlayer:Postprocess (UnityEditor.BuildTargetGroup,UnityEditor.BuildTarget,int,string,string,string,int,int,UnityEditor.BuildOptions,UnityEditor.RuntimeClassRegistry,UnityEditor.Build.Reporting.BuildReport)
UnityEditor.BuildPipeline:BuildPlayerInternal (string[],string,string,UnityEditor.BuildTargetGroup,UnityEditor.BuildTarget,int,UnityEditor.BuildOptions,string[])
UnityEditor.BuildPipeline:BuildPlayer (string[],string,string,UnityEditor.BuildTargetGroup,UnityEditor.BuildTarget,int,UnityEditor.BuildOptions,string[])
UnityEditor.BuildPipeline:BuildPlayer (UnityEditor.BuildPlayerOptions)
QuestCraftCliBuild:BuildAndroid () (at Assets/Editor/QuestCraftCliBuild.cs:86)

(Filename: /home/bokken/build/output/unity/unity/PlatformDependent/AndroidPlayer/Editor/Managed/Android/Gradle.cs Line: 138)


FAILURE: Build completed with 3 failures.

1: Task failed with an exception.
-----------
* What went wrong:
Execution failed for task ':launcher:checkReleaseDuplicateClasses'.
> Could not resolve all files for configuration ':launcher:releaseRuntimeClasspath'.
   > Failed to transform Pojlib-release-.aar (:Pojlib-release:) to match attributes {artifactType=enumerated-runtime-classes, org.gradle.status=integration, org.gradle.usage=java-runtime}.
      > Execution failed for JetifyTransform: C:\Users\User\Documents\QuestCraft v26\QCXR-XR-Wrapper\Library\Bee\Android\Prj\IL2CPP\Gradle\unityLibrary\libs\Pojlib-release.aar.
         > Failed to transform 'C:\Users\User\Documents\QuestCraft v26\QCXR-XR-Wrapper\Library\Bee\Android\Prj\IL2CPP\Gradle\unityLibrary\libs\Pojlib-release.aar' using Jetifier. Reason: IllegalArgumentException, message: Unsupported class file major version 65. (Run with --stacktrace for more details.)
           Suggestions:
            - Check out existing issues at https://issuetracker.google.com/issues?q=componentid:460323&s=modified_time:desc, it's possible that this issue has already been filed there.
            - If this issue has not been filed, please report it at https://issuetracker.google.com/issues/new?component=460323 (run with --stacktrace and provide a stack trace if possible).

* Try:
> Run with --stacktrace option to get the stack trace.
> Run with --info or --debug option to get more log output.
> Run with --scan to get full insights.
==============================================================================

2: Task failed with an exception.
-----------
* What went wrong:
java.lang.StackOverflowError (no error message)

* Try:
> Run with --stacktrace option to get the stack trace.
> Run with --info or --debug option to get more log output.
> Run with --scan to get full insights.
==============================================================================

3: Task failed with an exception.
-----------
* What went wrong:
Execution failed for task ':unityLibrary:generateReleaseRFile'.
> Could not resolve all files for configuration ':unityLibrary:releaseCompileClasspath'.
   > Failed to transform Pojlib-release-.aar (:Pojlib-release:) to match attributes {artifactType=android-symbol-with-package-name, org.gradle.status=integration}.
      > Execution failed for JetifyTransform: C:\Users\User\Documents\QuestCraft v26\QCXR-XR-Wrapper\Library\Bee\Android\Prj\IL2CPP\Gradle\unityLibrary\libs\Pojlib-release.aar.
         > Failed to transform 'C:\Users\User\Documents\QuestCraft v26\QCXR-XR-Wrapper\Library\Bee\Android\Prj\IL2CPP\Gradle\unityLibrary\libs\Pojlib-release.aar' using Jetifier. Reason: IllegalArgumentException, message: Unsupported class file major version 65. (Run with --stacktrace for more details.)
           Suggestions:
            - Check out existing issues at https://issuetracker.google.com/issues?q=componentid:460323&s=modified_time:desc, it's possible that this issue has already been filed there.
            - If this issue has not been filed, please report it at https://issuetracker.google.com/issues/new?component=460323 (run with --stacktrace and provide a stack trace if possible).

* Try:
> Run with --stacktrace option to get the stack trace.
> Run with --info or --debug option to get more log output.
> Run with --scan to get full insights.
==============================================================================

* Get more help at https://help.gradle.org

BUILD FAILED in 11s
UnityEngine.StackTraceUtility:ExtractStackTrace ()
UnityEngine.DebugLogHandler:LogFormat (UnityEngine.LogType,UnityEngine.Object,string,object[])
UnityEngine.Logger:Log (UnityEngine.LogType,object)
UnityEngine.Debug:LogError (object)
UnityEditor.Android.GradleInvokationException:ParseAndShowException () (at /home/bokken/build/output/unity/unity/PlatformDependent/AndroidPlayer/Editor/Managed/Android/Gradle.cs:138)
UnityEditor.Android.PostProcessor.PostProcessRunner:RunAllTasks (UnityEditor.Android.PostProcessor.PostProcessorContext) (at /home/bokken/build/output/unity/unity/PlatformDependent/AndroidPlayer/Editor/Managed/PostProcessor/AndroidPostProcessor.cs:121)
UnityEditor.Android.PostProcessAndroidPlayer:PostProcess (UnityEditor.Modules.BuildPostProcessArgs,AndroidPlayerBuildProgram.Data.AndroidPlayerBuildProgramOutput) (at /home/bokken/build/output/unity/unity/PlatformDependent/AndroidPlayer/Editor/Managed/PostProcessAndroidPlayer.cs:255)
UnityEditor.Android.AndroidBuildPostprocessor:PostProcess (UnityEditor.Modules.BuildPostProcessArgs,UnityEditor.BuildProperties&) (at /home/bokken/build/output/unity/unity/PlatformDependent/AndroidPlayer/Editor/Managed/ExtensionModule.cs:230)
UnityEditor.PostprocessBuildPlayer:Postprocess (UnityEditor.BuildTargetGroup,UnityEditor.BuildTarget,int,string,string,string,int,int,UnityEditor.BuildOptions,UnityEditor.RuntimeClassRegistry,UnityEditor.Build.Reporting.BuildReport)
UnityEditor.BuildPipeline:BuildPlayerInternal (string[],string,string,UnityEditor.BuildTargetGroup,UnityEditor.BuildTarget,int,UnityEditor.BuildOptions,string[])
UnityEditor.BuildPipeline:BuildPlayer (string[],string,string,UnityEditor.BuildTargetGroup,UnityEditor.BuildTarget,int,UnityEditor.BuildOptions,string[])
UnityEditor.BuildPipeline:BuildPlayer (UnityEditor.BuildPlayerOptions)
QuestCraftCliBuild:BuildAndroid () (at Assets/Editor/QuestCraftCliBuild.cs:86)

(Filename: /home/bokken/build/output/unity/unity/PlatformDependent/AndroidPlayer/Editor/Managed/Android/Gradle.cs Line: 138)

CommandInvokationFailure: Gradle build failed. 
C:\Program Files\Unity\Hub\Editor\2022.3.62f3\Editor\Data\PlaybackEngines\AndroidPlayer\OpenJDK\bin\java.exe -classpath "C:\Program Files\Unity\Hub\Editor\2022.3.62f3\Editor\Data\PlaybackEngines\AndroidPlayer\Tools\gradle\lib\gradle-launcher-7.5.1.jar" org.gradle.launcher.GradleMain "-Dorg.gradle.jvmargs=-Xmx4096m" "assembleRelease"

Environment Variables:
ZSH_TMUX_AUTOSTART = false
NODE_REPL_TRUSTED_CODE_PATHS = C:\Users\User\.codex
NODE_REPL_TRUSTED_BROWSER_CLIENT_SHA256S = 330cfa6875d3acd34ed3d321d03e97c0dd9ee3c1855467f2600215089f2d8279,7ed52dae165c3bc22b6d24f282e2c1fbc87f6949fbbe037767a7418d8f517f01
VK_SDK_PATH = C:\VulkanSDK\1.4.321.1
ProgramFiles = C:\Program Files
TMP = C:\Users\User\AppData\Local\Temp
ChocolateyInstall = C:\ProgramData\chocolatey
PROCESSOR_ARCHITECTURE = AMD64
CODEX_PERMISSION_PROFILE = :danger-full-access
PROCESSOR_REVISION = 7401
OS = Windows_NT
CODEX_SHELL = 1
DISABLE_AUTO_UPDATE = true
PROCESSOR_IDENTIFIER = AMD64 Family 25 Model 116 Stepping 1, AuthenticAMD
BROWSER_USE_AVAILABLE_BACKENDS = chrome,iab
OneDrive = C:\Users\User\OneDrive
ProgramW6432 = C:\Program Files
USERPROFILE = C:\Users\User
JAVA_HOME = C:\Program Files\Unity\Hub\Editor\2022.3.62f3\Editor\Data\PlaybackEngines\AndroidPlayer\OpenJDK
CommonProgramFiles = C:\Program Files\Common Files
QCXR_KEYALIAS_NAME = qcxr
ComSpec = C:\WINDOWS\system32\cmd.exe
LOGONSERVER = \\NETCATS-VIBRATO
ACSetupSvcPort = 23210
ANDROID_NDK_ROOT = C:\Program Files\Unity\Hub\Editor\2022.3.62f3\Editor\Data\PlaybackEngines\AndroidPlayer\NDK
SystemRoot = C:\WINDOWS
PSModulePath = C:\Users\User\Documents\WindowsPowerShell\Modules;C:\Program Files\WindowsPowerShell\Modules;C:\WINDOWS\system32\WindowsPowerShell\v1.0\Modules
NUMBER_OF_PROCESSORS = 16
CommonProgramFiles(x86) = C:\Program Files (x86)\Common Files
HOMEDRIVE = C:
TEMP = C:\Users\User\AppData\Local\Temp
Path = C:\Users\User\.codex\tmp\arg0\codex-arg0ggq55M;C:\Users\User\.cache\codex-runtimes\codex-primary-runtime\dependencies\bin\override;C:\Program Files (x86)\NVIDIA Corporation\PhysX\Common;C:\Program Files\Python312\Scripts\;C:\Program Files\Python312\;C:\Program Files (x86)\Common Files\Oracle\Java\java8path;C:\Program Files (x86)\Common Files\Oracle\Java\javapath;C:\VulkanSDK\1.4.321.1\Bin;C:\WINDOWS\system32;C:\WINDOWS;C:\WINDOWS\System32\Wbem;C:\WINDOWS\System32\WindowsPowerShell\v1.0\;C:\WINDOWS\System32\OpenSSH\;C:\ProgramData\chocolatey\bin;C:\Program Files\dotnet\;C:\Program Files\qemu;C:\WINDOWS\system32;C:\WINDOWS;C:\WINDOWS\System32\Wbem;C:\WINDOWS\System32\WindowsPowerShell\v1.0\;C:\WINDOWS\System32\OpenSSH\;C:\Program Files\Git\cmd;C:\Program Files\CMake\bin;C:\Users\User\scoop\shims;C:\Users\User\.cargo\bin;C:\Users\User\AppData\Local\Microsoft\WindowsApps\PythonSoftwareFoundation.Python.3.13_qbz5n2kfra8p0;C:\Users\User\AppData\Local\Microsoft\WindowsApps\PythonSoftwareFoundation.Python.3.13_qbz5n2kfra8p0\Scripts;C:\Users\User\AppData\Local\Programs\Microsoft VS Code\bin;C:\Users\User\.lmstudio\bin;C:\Users\User\AppData\Local\Microsoft\WindowsApps;C:\Users\User\AppData\Local\Programs\Ollama;C:\Users\User\.cache\codex-runtimes\codex-primary-runtime\dependencies\bin\fallback;C:\Users\User\AppData\Local\OpenAI\Codex\bin\ada252862d154cdd;C:\Program Files\WindowsApps\OpenAI.Codex_26.715.3651.0_x64__2p2nqsd0c76g0\app\resources
LOG_FORMAT = json
ACSvcPort = 17532
USERNAME = User
COMPUTERNAME = NETCATS-VIBRATO
PATHEXT = .COM;.EXE;.BAT;.CMD;.VBS;.VBE;.JS;.JSE;.WSF;.WSH;.MSC;.PY;.PYW;.CPL
QCXR_KEYSTORE_PASS = HuieanBpu56QdSt2baDWWaTwquoqwoM6Q9nycBLt
ALLUSERSPROFILE = C:\ProgramData
a =  C:\Users\User\.local\bin
SystemDrive = C:
RUST_LOG = warn
USERDOMAIN = NETCATS-VIBRATO
HOMEPATH = \Users\User
RlsSvcPort = 22112
ZSH_TMUX_AUTOSTARTED = true
ChocolateyLastPathUpdate = 134018211443924920
PUBLIC = C:\Users\Public
CODEX_INTERNAL_ORIGINATOR_OVERRIDE = Codex Desktop
APPDATA = C:\Users\User\AppData\Roaming
windir = C:\WINDOWS
DriverData = C:\Windows\System32\Drivers\DriverData
CommonProgramW6432 = C:\Program Files\Common Files
ProgramFiles(x86) = C:\Program Files (x86)
QCXR_KEYALIAS_PASS = HuieanBpu56QdSt2baDWWaTwquoqwoM6Q9nycBLt
VULKAN_SDK = C:\VulkanSDK\1.4.321.1
LOCALAPPDATA = C:\Users\User\AppData\Local
SHELL = C:\WINDOWS\System32\WindowsPowerShell\v1.0\powershell.exe
PROCESSOR_LEVEL = 25
CODEX_THREAD_ID = 019ef0ef-dc32-7c92-bfec-733b92d4159a
QCXR_KEYSTORE_PATH = C:\Users\User\.questcraft-signing\qcxr-local-release.keystore
USERDOMAIN_ROAMINGPROFILE = NETCATS-VIBRATO
ProgramData = C:\ProgramData


stderr[

FAILURE: Build completed with 3 failures.

1: Task failed with an exception.
-----------
* What went wrong:
Execution failed for task ':launcher:checkReleaseDuplicateClasses'.
> Could not resolve all files for configuration ':launcher:releaseRuntimeClasspath'.
   > Failed to transform Pojlib-release-.aar (:Pojlib-release:) to match attributes {artifactType=enumerated-runtime-classes, org.gradle.status=integration, org.gradle.usage=java-runtime}.
      > Execution failed for JetifyTransform: C:\Users\User\Documents\QuestCraft v26\QCXR-XR-Wrapper\Library\Bee\Android\Prj\IL2CPP\Gradle\unityLibrary\libs\Pojlib-release.aar.
         > Failed to transform 'C:\Users\User\Documents\QuestCraft v26\QCXR-XR-Wrapper\Library\Bee\Android\Prj\IL2CPP\Gradle\unityLibrary\libs\Pojlib-release.aar' using Jetifier. Reason: IllegalArgumentException, message: Unsupported class file major version 65. (Run with --stacktrace for more details.)
           Suggestions:
            - Check out existing issues at https://issuetracker.google.com/issues?q=componentid:460323&s=modified_time:desc, it's possible that this issue has already been filed there.
            - If this issue has not been filed, please report it at https://issuetracker.google.com/issues/new?component=460323 (run with --stacktrace and provide a stack trace if possible).

* Try:
> Run with --stacktrace option to get the stack trace.
> Run with --info or --debug option to get more log output.
> Run with --scan to get full insights.
==============================================================================

2: Task failed with an exception.
-----------
* What went wrong:
java.lang.StackOverflowError (no error message)

* Try:
> Run with --stacktrace option to get the stack trace.
> Run with --info or --debug option to get more log output.
> Run with --scan to get full insights.
==============================================================================

3: Task failed with an exception.
-----------
* What went wrong:
Execution failed for task ':unityLibrary:generateReleaseRFile'.
> Could not resolve all files for configuration ':unityLibrary:releaseCompileClasspath'.
   > Failed to transform Pojlib-release-.aar (:Pojlib-release:) to match attributes {artifactType=android-symbol-with-package-name, org.gradle.status=integration}.
      > Execution failed for JetifyTransform: C:\Users\User\Documents\QuestCraft v26\QCXR-XR-Wrapper\Library\Bee\Android\Prj\IL2CPP\Gradle\unityLibrary\libs\Pojlib-release.aar.
         > Failed to transform 'C:\Users\User\Documents\QuestCraft v26\QCXR-XR-Wrapper\Library\Bee\Android\Prj\IL2CPP\Gradle\unityLibrary\libs\Pojlib-release.aar' using Jetifier. Reason: IllegalArgumentException, message: Unsupported class file major version 65. (Run with --stacktrace for more details.)
           Suggestions:
            - Check out existing issues at https://issuetracker.google.com/issues?q=componentid:460323&s=modified_time:desc, it's possible that this issue has already been filed there.
            - If this issue has not been filed, please report it at https://issuetracker.google.com/issues/new?component=460323 (run with --stacktrace and provide a stack trace if possible).

* Try:
> Run with --stacktrace option to get the stack trace.
> Run with --info or --debug option to get more log output.
> Run with --scan to get full insights.
==============================================================================

* Get more help at https://help.gradle.org

BUILD FAILED in 11s
]
stdout[

> Configure project :launcher
WARNING:The option setting 'android.aapt2FromMavenOverride=C:\Program Files\Unity\Hub\Editor\2022.3.62f3\Editor\Data\PlaybackEngines\AndroidPlayer\SDK\build-tools\34.0.0\aapt2.exe' is experimental.

> Configure project :unityLibrary:xrmanifest.androidlib
WARNING:minSdkVersion (29) is greater than targetSdkVersion (22) for variant "debug". Please change the values such that minSdkVersion is less than or equal to targetSdkVersion.
WARNING:minSdkVersion (29) is greater than targetSdkVersion (22) for variant "release". Please change the values such that minSdkVersion is less than or equal to targetSdkVersion.
WARNING:We recommend using a newer Android Gradle plugin to use compileSdk = 34

This Android Gradle plugin (7.4.2) was tested up to compileSdk = 33

This warning can be suppressed by adding
    android.suppressUnsupportedCompileSdk=34
to this project's gradle.properties

The build will continue, but you are strongly encouraged to update your project to
use a newer Android Gradle Plugin that has been tested with compileSdk = 34
Exception while marshalling C:\Program Files\Unity\Hub\Editor\2022.3.62f3\Editor\Data\PlaybackEngines\AndroidPlayer\SDK\build-tools\34.0.0\package.xml. Probably the SDK is read-only
Exception while marshalling C:\Program Files\Unity\Hub\Editor\2022.3.62f3\Editor\Data\PlaybackEngines\AndroidPlayer\SDK\platform-tools\package.xml. Probably the SDK is read-only
Exception while marshalling C:\Program Files\Unity\Hub\Editor\2022.3.62f3\Editor\Data\PlaybackEngines\AndroidPlayer\SDK\platforms\android-34\package.xml. Probably the SDK is read-only
Exception while marshalling C:\Program Files\Unity\Hub\Editor\2022.3.62f3\Editor\Data\PlaybackEngines\AndroidPlayer\SDK\platforms\android-35\package.xml. Probably the SDK is read-only
Exception while marshalling C:\Program Files\Unity\Hub\Editor\2022.3.62f3\Editor\Data\PlaybackEngines\AndroidPlayer\SDK\platforms\android-36\package.xml. Probably the SDK is read-only
Exception while marshalling C:\Program Files\Unity\Hub\Editor\2022.3.62f3\Editor\Data\PlaybackEngines\AndroidPlayer\SDK\tools\package.xml. Probably the SDK is read-only
Exception while marshalling C:\Program Files\Unity\Hub\Editor\2022.3.62f3\Editor\Data\PlaybackEngines\AndroidPlayer\SDK\build-tools\34.0.0\package.xml. Probably the SDK is read-only
Exception while marshalling C:\Program Files\Unity\Hub\Editor\2022.3.62f3\Editor\Data\PlaybackEngines\AndroidPlayer\SDK\platform-tools\package.xml. Probably the SDK is read-only
Exception while marshalling C:\Program Files\Unity\Hub\Editor\2022.3.62f3\Editor\Data\PlaybackEngines\AndroidPlayer\SDK\platforms\android-34\package.xml. Probably the SDK is read-only
Exception while marshalling C:\Program Files\Unity\Hub\Editor\2022.3.62f3\Editor\Data\PlaybackEngines\AndroidPlayer\SDK\platforms\android-35\package.xml. Probably the SDK is read-only
Exception while marshalling C:\Program Files\Unity\Hub\Editor\2022.3.62f3\Editor\Data\PlaybackEngines\AndroidPlayer\SDK\platforms\android-36\package.xml. Probably the SDK is read-only
Exception while marshalling C:\Program Files\Unity\Hub\Editor\2022.3.62f3\Editor\Data\PlaybackEngines\AndroidPlayer\SDK\tools\package.xml. Probably the SDK is read-only

> Task :unityLibrary:preBuild UP-TO-DATE
> Task :unityLibrary:xrmanifest.androidlib:preBuild UP-TO-DATE
> Task :unityLibrary:xrmanifest.androidlib:preReleaseBuild UP-TO-DATE
> Task :unityLibrary:preReleaseBuild UP-TO-DATE
> Task :launcher:preBuild UP-TO-DATE
> Task :launcher:preReleaseBuild UP-TO-DATE
> Task :unityLibrary:xrmanifest.androidlib:compileReleaseAidl NO-SOURCE
> Task :unityLibrary:xrmanifest.androidlib:packageReleaseRenderscript NO-SOURCE
> Task :unityLibrary:xrmanifest.androidlib:compileReleaseRenderscript NO-SOURCE
> Task :unityLibrary:xrmanifest.androidlib:generateReleaseResValues UP-TO-DATE
> Task :unityLibrary:xrmanifest.androidlib:generateReleaseResources UP-TO-DATE
> Task :unityLibrary:mergeReleaseJniLibFolders UP-TO-DATE
> Task :unityLibrary:compileReleaseAidl NO-SOURCE
> Task :unityLibrary:xrmanifest.androidlib:packageReleaseResources UP-TO-DATE
> Task :unityLibrary:mergeReleaseNativeLibs UP-TO-DATE
> Task :unityLibrary:stripReleaseDebugSymbols UP-TO-DATE
> Task :unityLibrary:copyReleaseJniLibsProjectAndLocalJars UP-TO-DATE
> Task :unityLibrary:compileReleaseRenderscript NO-SOURCE
> Task :unityLibrary:generateReleaseResValues UP-TO-DATE
> Task :unityLibrary:extractDeepLinksForAarRelease UP-TO-DATE
> Task :unityLibrary:generateReleaseBuildConfig UP-TO-DATE
> Task :unityLibrary:generateReleaseResources UP-TO-DATE
> Task :launcher:generateReleaseBuildConfig
> Task :launcher:compileReleaseAidl NO-SOURCE
> Task :launcher:javaPreCompileRelease UP-TO-DATE
> Task :launcher:generateReleaseResValues UP-TO-DATE
> Task :unityLibrary:xrmanifest.androidlib:parseReleaseLocalResources UP-TO-DATE
> Task :unityLibrary:packageReleaseResources UP-TO-DATE
> Task :unityLibrary:xrmanifest.androidlib:processReleaseManifest UP-TO-DATE
> Task :unityLibrary:parseReleaseLocalResources UP-TO-DATE
> Task :unityLibrary:xrmanifest.androidlib:generateReleaseRFile UP-TO-DATE
> Task :unityLibrary:xrmanifest.androidlib:generateReleaseBuildConfig UP-TO-DATE
> Task :unityLibrary:xrmanifest.androidlib:javaPreCompileRelease UP-TO-DATE
> Task :launcher:createReleaseCompatibleScreenManifests
> Task :unityLibrary:xrmanifest.androidlib:compileReleaseJavaWithJavac UP-TO-DATE
> Task :unityLibrary:xrmanifest.androidlib:bundleLibCompileToJarRelease UP-TO-DATE
> Task :launcher:extractProguardFiles UP-TO-DATE
> Task :unityLibrary:javaPreCompileRelease UP-TO-DATE
> Task :unityLibrary:xrmanifest.androidlib:mergeReleaseJniLibFolders UP-TO-DATE
> Task :launcher:mergeReleaseJniLibFolders UP-TO-DATE
> Task :unityLibrary:mergeReleaseShaders UP-TO-DATE
> Task :unityLibrary:xrmanifest.androidlib:mergeReleaseNativeLibs NO-SOURCE
> Task :unityLibrary:compileReleaseShaders NO-SOURCE
> Task :unityLibrary:generateReleaseAssets UP-TO-DATE
> Task :unityLibrary:xrmanifest.androidlib:stripReleaseDebugSymbols NO-SOURCE
> Task :unityLibrary:xrmanifest.androidlib:copyReleaseJniLibsProjectAndLocalJars UP-TO-DATE
> Task :unityLibrary:xrmanifest.androidlib:extractDeepLinksForAarRelease UP-TO-DATE
> Task :unityLibrary:xrmanifest.androidlib:extractReleaseAnnotations UP-TO-DATE
> Task :unityLibrary:xrmanifest.androidlib:mergeReleaseGeneratedProguardFiles UP-TO-DATE
> Task :unityLibrary:xrmanifest.androidlib:mergeReleaseConsumerProguardFiles UP-TO-DATE
> Task :unityLibrary:xrmanifest.androidlib:mergeReleaseShaders UP-TO-DATE
> Task :unityLibrary:xrmanifest.androidlib:compileReleaseShaders NO-SOURCE
> Task :unityLibrary:xrmanifest.androidlib:generateReleaseAssets UP-TO-DATE
> Task :unityLibrary:xrmanifest.androidlib:packageReleaseAssets UP-TO-DATE
> Task :unityLibrary:xrmanifest.androidlib:prepareLintJarForPublish UP-TO-DATE
> Task :unityLibrary:xrmanifest.androidlib:prepareReleaseArtProfile UP-TO-DATE
> Task :unityLibrary:xrmanifest.androidlib:processReleaseJavaRes NO-SOURCE
> Task :unityLibrary:xrmanifest.androidlib:mergeReleaseJavaResource UP-TO-DATE
> Task :unityLibrary:xrmanifest.androidlib:syncReleaseLibJars UP-TO-DATE
> Task :unityLibrary:xrmanifest.androidlib:writeReleaseAarMetadata UP-TO-DATE
> Task :unityLibrary:xrmanifest.androidlib:bundleReleaseLocalLintAar UP-TO-DATE
> Task :unityLibrary:xrmanifest.androidlib:extractDeepLinksRelease UP-TO-DATE
> Task :unityLibrary:xrmanifest.androidlib:compileReleaseLibraryResources UP-TO-DATE
> Task :unityLibrary:xrmanifest.androidlib:bundleLibResRelease NO-SOURCE
> Task :unityLibrary:xrmanifest.androidlib:bundleLibRuntimeToJarRelease UP-TO-DATE
> Task :unityLibrary:xrmanifest.androidlib:createFullJarRelease UP-TO-DATE
> Task :unityLibrary:xrmanifest.androidlib:writeReleaseLintModelMetadata UP-TO-DATE
> Task :unityLibrary:xrmanifest.androidlib:copyReleaseJniLibsProjectOnly UP-TO-DATE
> Task :unityLibrary:xrmanifest.androidlib:bundleLibRuntimeToDirRelease UP-TO-DATE

> Task :unityLibrary:processReleaseManifest
C:\Users\User\Documents\QuestCraft v26\QCXR-XR-Wrapper\Library\Bee\Android\Prj\IL2CPP\Gradle\unityLibrary\src\main\AndroidManifest.xml:10:3-111 Warning:
	Element uses-feature#android.hardware.vr.headtracking at AndroidManifest.xml:10:3-111 duplicated with element declared at AndroidManifest.xml:9:3-111
C:\Users\User\Documents\QuestCraft v26\QCXR-XR-Wrapper\Library\Bee\Android\Prj\IL2CPP\Gradle\unityLibrary\src\main\AndroidManifest.xml:47:5-93 Warning:
	Element meta-data#pvr.app.id at AndroidManifest.xml:47:5-93 duplicated with element declared at AndroidManifest.xml:45:5-93
C:\Users\User\Documents\QuestCraft v26\QCXR-XR-Wrapper\Library\Bee\Android\Prj\IL2CPP\Gradle\unityLibrary\src\main\AndroidManifest.xml:48:5-83 Warning:
	Element meta-data#use_record_highlight_feature at AndroidManifest.xml:48:5-83 duplicated with element declared at AndroidManifest.xml:46:5-83
C:\Users\User\Documents\QuestCraft v26\QCXR-XR-Wrapper\Library\Bee\Android\Prj\IL2CPP\Gradle\unityLibrary\src\main\AndroidManifest.xml:49:5-93 Warning:
	Element meta-data#pvr.app.id at AndroidManifest.xml:49:5-93 duplicated with element declared at AndroidManifest.xml:47:5-93
C:\Users\User\Documents\QuestCraft v26\QCXR-XR-Wrapper\Library\Bee\Android\Prj\IL2CPP\Gradle\unityLibrary\src\main\AndroidManifest.xml:50:5-83 Warning:
	Element meta-data#use_record_highlight_feature at AndroidManifest.xml:50:5-83 duplicated with element declared at AndroidManifest.xml:48:5-83
C:\Users\User\Documents\QuestCraft v26\QCXR-XR-Wrapper\Library\Bee\Android\Prj\IL2CPP\Gradle\unityLibrary\src\main\AndroidManifest.xml:51:5-93 Warning:
	Element meta-data#pvr.app.id at AndroidManifest.xml:51:5-93 duplicated with element declared at AndroidManifest.xml:49:5-93
C:\Users\User\Documents\QuestCraft v26\QCXR-XR-Wrapper\Library\Bee\Android\Prj\IL2CPP\Gradle\unityLibrary\src\main\AndroidManifest.xml:52:5-83 Warning:
	Element meta-data#use_record_highlight_feature at AndroidManifest.xml:52:5-83 duplicated with element declared at AndroidManifest.xml:50:5-83
C:\Users\User\Documents\QuestCraft v26\QCXR-XR-Wrapper\Library\Bee\Android\Prj\IL2CPP\Gradle\unityLibrary\src\main\AndroidManifest.xml:53:5-93 Warning:
	Element meta-data#pvr.app.id at AndroidManifest.xml:53:5-93 duplicated with element declared at AndroidManifest.xml:51:5-93
C:\Users\User\Documents\QuestCraft v26\QCXR-XR-Wrapper\Library\Bee\Android\Prj\IL2CPP\Gradle\unityLibrary\src\main\AndroidManifest.xml:54:5-83 Warning:
	Element meta-data#use_record_highlight_feature at AndroidManifest.xml:54:5-83 duplicated with element declared at AndroidManifest.xml:52:5-83
C:\Users\User\Documents\QuestCraft v26\QCXR-XR-Wrapper\Library\Bee\Android\Prj\IL2CPP\Gradle\unityLibrary\src\main\AndroidManifest.xml:55:5-93 Warning:
	Element meta-data#pvr.app.id at AndroidManifest.xml:55:5-93 duplicated with element declared at AndroidManifest.xml:53:5-93
C:\Users\User\Documents\QuestCraft v26\QCXR-XR-Wrapper\Library\Bee\Android\Prj\IL2CPP\Gradle\unityLibrary\src\main\AndroidManifest.xml:56:5-83 Warning:
	Element meta-data#use_record_highlight_feature at AndroidManifest.xml:56:5-83 duplicated with element declared at AndroidManifest.xml:54:5-83
C:\Users\User\Documents\QuestCraft v26\QCXR-XR-Wrapper\Library\Bee\Android\Prj\IL2CPP\Gradle\unityLibrary\src\main\AndroidManifest.xml:57:5-93 Warning:
	Element meta-data#pvr.app.id at AndroidManifest.xml:57:5-93 duplicated with element declared at AndroidManifest.xml:55:5-93
C:\Users\User\Documents\QuestCraft v26\QCXR-XR-Wrapper\Library\Bee\Android\Prj\IL2CPP\Gradle\unityLibrary\src\main\AndroidManifest.xml:58:5-83 Warning:
	Element meta-data#use_record_highlight_feature at AndroidManifest.xml:58:5-83 duplicated with element declared at AndroidManifest.xml:56:5-83
C:\Users\User\Documents\QuestCraft v26\QCXR-XR-Wrapper\Library\Bee\Android\Prj\IL2CPP\Gradle\unityLibrary\src\main\AndroidManifest.xml:59:5-93 Warning:
	Element meta-data#pvr.app.id at AndroidManifest.xml:59:5-93 duplicated with element declared at AndroidManifest.xml:57:5-93
C:\Users\User\Documents\QuestCraft v26\QCXR-XR-Wrapper\Library\Bee\Android\Prj\IL2CPP\Gradle\unityLibrary\src\main\AndroidManifest.xml:60:5-83 Warning:
	Element meta-data#use_record_highlight_feature at AndroidManifest.xml:60:5-83 duplicated with element declared at AndroidManifest.xml:58:5-83
C:\Users\User\Documents\QuestCraft v26\QCXR-XR-Wrapper\Library\Bee\Android\Prj\IL2CPP\Gradle\unityLibrary\src\main\AndroidManifest.xml:61:5-93 Warning:
	Element meta-data#pvr.app.id at AndroidManifest.xml:61:5-93 duplicated with element declared at AndroidManifest.xml:59:5-93
C:\Users\User\Documents\QuestCraft v26\QCXR-XR-Wrapper\Library\Bee\Android\Prj\IL2CPP\Gradle\unityLibrary\src\main\AndroidManifest.xml:62:5-83 Warning:
	Element meta-data#use_record_highlight_feature at AndroidManifest.xml:62:5-83 duplicated with element declared at AndroidManifest.xml:60:5-83
C:\Users\User\Documents\QuestCraft v26\QCXR-XR-Wrapper\Library\Bee\Android\Prj\IL2CPP\Gradle\unityLibrary\src\main\AndroidManifest.xml:7:3-93 Warning:
	uses-permission#android.permission.READ_PHONE_STATE was tagged at AndroidManifest.xml:7 to remove other declarations but no other declaration present

> Task :unityLibrary:packageReleaseAssets
> Task :launcher:checkReleaseDuplicateClasses FAILED
> Task :unityLibrary:generateReleaseRFile FAILED
51 actionable tasks: 6 executed, 45 up-to-date
]
exit code: 1
  at UnityEditor.Android.Command.WaitForProgramToRun (UnityEditor.Utils.Program p, UnityEditor.Android.Command+WaitingForProcessToExit waitingForProcessToExit, System.String errorMsg) [0x00099] in /home/bokken/build/output/unity/unity/PlatformDependent/AndroidPlayer/Editor/Managed/Android/Command.cs:218 
  at UnityEditor.Android.Command.Run (System.Diagnostics.ProcessStartInfo psi, UnityEditor.Android.Command+WaitingForProcessToExit waitingForProcessToExit, System.String errorMsg) [0x00017] in /home/bokken/build/output/unity/unity/PlatformDependent/AndroidPlayer/Editor/Managed/Android/Command.cs:157 
  at UnityEditor.Android.Command.Run (System.String command, System.String args, System.String workingdir, UnityEditor.Android.Command+WaitingForProcessToExit waitingForProcessToExit, System.String errorMsg) [0x0000a] in /home/bokken/build/output/unity/unity/PlatformDependent/AndroidPlayer/Editor/Managed/Android/Command.cs:116 
  at UnityEditor.Android.AndroidJavaTools.RunJava (System.String args, System.String workingdir, System.Action`1[T] progress, System.String error) [0x00019] in /home/bokken/build/output/unity/unity/PlatformDependent/AndroidPlayer/Editor/Managed/Android/AndroidJavaTools.cs:113 
  at UnityEditor.Android.GradleWrapper.Run (UnityEditor.Android.AndroidJavaTools javaTools, Unity.Android.Gradle.AndroidGradle androidGradle, System.String workingdir, System.String task, System.Action`1[T] progress) [0x0002b] in /home/bokken/build/output/unity/unity/PlatformDependent/AndroidPlayer/Editor/Managed/Android/Gradle.cs:226 
Rethrow as GradleInvokationException: Gradle build failed
  at UnityEditor.Android.GradleWrapper.Run (UnityEditor.Android.AndroidJavaTools javaTools, Unity.Android.Gradle.AndroidGradle androidGradle, System.String workingdir, System.String task, System.Action`1[T] progress) [0x00040] in /home/bokken/build/output/unity/unity/PlatformDependent/AndroidPlayer/Editor/Managed/Android/Gradle.cs:231 
  at UnityEditor.Android.PostProcessor.Tasks.BuildGradleProject.Execute (UnityEditor.Android.PostProcessor.PostProcessorContext context) [0x0008e] in /home/bokken/build/output/unity/unity/PlatformDependent/AndroidPlayer/Editor/Managed/PostProcessor/Tasks/BuildGradleProject.cs:39 
  at UnityEditor.Android.PostProcessor.PostProcessRunner.RunAllTasks (UnityEditor.Android.PostProcessor.PostProcessorContext context) [0x00078] in /home/bokken/build/output/unity/unity/PlatformDependent/AndroidPlayer/Editor/Managed/PostProcessor/AndroidPostProcessor.cs:112 
UnityEditor.BuildPipeline:BuildPlayerInternalNoCheck(String[], String, String, BuildTargetGroup, BuildTarget, Int32, BuildOptions, String[], Boolean)
UnityEditor.BuildPipeline:BuildPlayerInternal(String[], String, String, BuildTargetGroup, BuildTarget, Int32, BuildOptions, String[])
UnityEditor.BuildPipeline:BuildPlayer(String[], String, String, BuildTargetGroup, BuildTarget, Int32, BuildOptions, String[])
UnityEditor.BuildPipeline:BuildPlayer(BuildPlayerOptions)
QuestCraftCliBuild:BuildAndroid() (at Assets\Editor\QuestCraftCliBuild.cs:86)

(Filename: /home/bokken/build/output/unity/unity/PlatformDependent/AndroidPlayer/Editor/Managed/Android/Command.cs Line: 218)

Unloading 692 Unused Serialized files (Serialized files now loaded: 0)
Unloading 2326 unused Assets / (2.7 MB). Loaded Objects now: 5718.
Memory consumption went from 223.9 MB to 221.2 MB.
Total: 12.941100 ms (FindLiveObjects: 1.183100 ms CreateObjectMapping: 0.600300 ms MarkObjects: 7.123500 ms  DeleteObjects: 4.031200 ms)

Build Finished, Result: Failure.
##utp:{"type":"PlayerBuildInfo","version":2,"phase":"Immediate","time":1784404121621,"processId":9228,"steps":[{"description":"Preprocess Player","duration":415},{"description":"Prepare For Build","duration":3600},{"description":"ProducePlayerScriptAssemblies","duration":2552},{"description":"Verify Build setup","duration":612},{"description":"Prepare assets for target platform","duration":825},{"description":"Prepare splash screen","duration":50},{"description":"Building scenes","duration":10418},{"description":"Build scripts DLLs","duration":85},{"description":"Build GlobalGameManagers file","duration":208},{"description":"Writing asset files","duration":1455},{"description":"Building Resources/unity_builtin_extra","duration":1772},{"description":"Write data build dirty tracking information","duration":295},{"description":"Postprocess built player","duration":26042}],"duration":48329}
[PhysX] Initialized MultithreadedTaskDispatcher with 16 workers.
Unloading 0 Unused Serialized files (Serialized files now loaded: 0)
Loaded scene 'Temp/__Backupscenes/0.backup'
	Deserialize:            0.904 ms
	Integration:            20.002 ms
	Integration of assets:  0.002 ms
	Thread Wait Time:       0.011 ms
	Total Operation Time:   20.920 ms
Unloading 0 unused Assets / (0 B). Loaded Objects now: 5711.
Memory consumption went from 163.2 MB to 163.2 MB.
Total: 6.821200 ms (FindLiveObjects: 0.685600 ms CreateObjectMapping: 0.175000 ms MarkObjects: 5.947200 ms  DeleteObjects: 0.011600 ms)

InvalidOperationException: Android build failed: Failed with 39 errors.
  at QuestCraftCliBuild.BuildAndroid () [0x0023a] in C:\Users\User\Documents\QuestCraft v26\QCXR-XR-Wrapper\Assets\Editor\QuestCraftCliBuild.cs:89 

(Filename: Assets/Editor/QuestCraftCliBuild.cs Line: 89)

executeMethod method QuestCraftCliBuild.BuildAndroid threw exception.
Exiting without the bug reporter. Application will terminate with return code 1