[Licensing::Module] Trying to connect to existing licensing client channel...
[Licensing::IpcConnector] Channel LicenseClient-User doesn't exist
[Licensing::Module] Successfully launched the LicensingClient (PId: 15840)
[Licensing::IpcConnector] Successfully connected to: "LicenseClient-User" at "2026-06-30T05:03:04.5255987Z"
[Licensing::Client] Code 10 while verifying Licensing Client signature (process Id: 15840, path: "C:/Program Files/Unity/Hub/Editor/2022.3.62f3/Editor/Data/Resources/Licensing/Client/Unity.Licensing.Client.exe")
[Licensing::Module] LicensingClient has failed validation; ignoring
[Licensing::Client] Handshaking with LicensingClient:
  Version:                 1.16.2+bdef8f5
  Session Id:              a303b16e8bc244d195637e128f58d5d1
  Correlation Id:          27eddbe112201636dc28b48ed91ed58d
  External correlation Id: 7839428174458479398
  Machine Id:              Jq9BtygUimSA+fW3p/p42m4cWug=
[Licensing::Module] Successfully connected to LicensingClient on channel: "LicenseClient-User" (connect: 1.29s, validation: 0.09s, handshake: 0.39s)
[Licensing::IpcConnector] Successfully connected to: "LicenseClient-User-notifications" at "2026-06-30T05:03:05.0061816Z"
[Licensing::Module] Connected to LicensingClient (PId: 15840, launch time: 0.01, total connection time: 1.77s)
[Licensing::Module] Error: Access token is unavailable; failed to update
[Licensing::Client] Error: Code 500 while processing request (status: Unable to update licenses. Errors: No ULF license found.,Token not found in cache)
[Licensing::Client] Error: Code 500 while updating license in client (status: Unable to update licenses. Errors: No ULF license found.,Token not found in cache)
Built from '2022.3/respin/2022.3.62f2-4af31df585-v2' branch; Version is '2022.3.62f3 (96770f904ca7) revision 9860879'; Using compiler version '192829333'; Build Type 'Release'
OS: 'Windows 11  (10.0.26200) 64bit Enterprise' Language: 'en' Physical Memory: 10961 MB
[Licensing::Client] Successfully resolved entitlement details
[Licensing::Module] Serial number assigned to: "2474517393173-UnityPersXXXX"
BatchMode: 1, IsHumanControllingUs: 0, StartBugReporterOnCrash: 0, Is64bit: 1, IsPro: 0
[Licensing::Client] Successfully resolved entitlement details

COMMAND LINE ARGUMENTS:
C:\Program Files\Unity\Hub\Editor\2022.3.62f3\Editor\Unity.exe
-batchmode
-quit
-projectPath
C:\Users\User\Documents\QuestCraft v26\QCXR-XR-Wrapper
-executeMethod
QuestCraftCliBuild.BuildAndroid
-outputPath
Builds/QuestCraft-26.2-opengl-java25-procfix-unity-release.apk
-release
-logFile
C:\Users\User\Documents\QuestCraft v26\QCXR-XR-Wrapper\unity-apk-build-26.2-opengl-java25-procfix.log
Successfully changed project path to: C:\Users\User\Documents\QuestCraft v26\QCXR-XR-Wrapper
C:/Users/User/Documents/QuestCraft v26/QCXR-XR-Wrapper
[UnityMemory] Configuration Parameters - Can be set up in boot.config
    "memorysetup-bucket-allocator-granularity=16"
    "memorysetup-bucket-allocator-bucket-count=8"
    "memorysetup-bucket-allocator-block-size=33554432"
    "memorysetup-bucket-allocator-block-count=8"
    "memorysetup-main-allocator-block-size=16777216"
    "memorysetup-thread-allocator-block-size=16777216"
    "memorysetup-gfx-main-allocator-block-size=16777216"
    "memorysetup-gfx-thread-allocator-block-size=16777216"
    "memorysetup-cache-allocator-block-size=4194304"
    "memorysetup-typetree-allocator-block-size=2097152"
    "memorysetup-profiler-bucket-allocator-granularity=16"
    "memorysetup-profiler-bucket-allocator-bucket-count=8"
    "memorysetup-profiler-bucket-allocator-block-size=33554432"
    "memorysetup-profiler-bucket-allocator-block-count=8"
    "memorysetup-profiler-allocator-block-size=16777216"
    "memorysetup-profiler-editor-allocator-block-size=1048576"
    "memorysetup-temp-allocator-size-main=16777216"
    "memorysetup-job-temp-allocator-block-size=2097152"
    "memorysetup-job-temp-allocator-block-size-background=1048576"
    "memorysetup-job-temp-allocator-reduction-small-platforms=262144"
    "memorysetup-allocator-temp-initial-block-size-main=262144"
    "memorysetup-allocator-temp-initial-block-size-worker=262144"
    "memorysetup-temp-allocator-size-background-worker=32768"
    "memorysetup-temp-allocator-size-job-worker=262144"
    "memorysetup-temp-allocator-size-preload-manager=33554432"
    "memorysetup-temp-allocator-size-nav-mesh-worker=65536"
    "memorysetup-temp-allocator-size-audio-worker=65536"
    "memorysetup-temp-allocator-size-cloud-worker=32768"
    "memorysetup-temp-allocator-size-gi-baking-worker=262144"
    "memorysetup-temp-allocator-size-gfx=262144"
Player connection [9360]  Target information:

Player connection [9360]  * "[IP] 10.0.0.227 [Port] 55504 [Flags] 2 [Guid] 1449132024 [EditorId] 1449132024 [Version] 1048832 [Id] WindowsEditor(7,netcats-vibrator) [Debug] 1 [PackageName] WindowsEditor [ProjectName] Editor" 

Player connection [9360] Host joined multi-casting on [225.0.0.222:54997]...
Player connection [9360] Host joined alternative multi-casting on [225.0.0.222:34997]...
Input System module state changed to: Initialized.
[PhysX] Initialized MultithreadedTaskDispatcher with 16 workers.
[Package Manager] UpmClient::Connect -- Connected to IPC stream "Upm-14992" after 0.8 seconds.
[Package Manager] Restoring resolved packages state from cache
[Licensing::Client] Successfully resolved entitlement details
[Package Manager] Registered 61 packages:
  Packages from [https://packages.unity.com]:
    com.unity.collab-proxy@2.7.1 (location: C:\Users\User\Documents\QuestCraft v26\QCXR-XR-Wrapper\Library\PackageCache\com.unity.collab-proxy@2.7.1)
    com.unity.ide.rider@3.0.36 (location: C:\Users\User\Documents\QuestCraft v26\QCXR-XR-Wrapper\Library\PackageCache\com.unity.ide.rider@3.0.36)
    com.unity.ide.visualstudio@2.0.22 (location: C:\Users\User\Documents\QuestCraft v26\QCXR-XR-Wrapper\Library\PackageCache\com.unity.ide.visualstudio@2.0.22)
    com.unity.test-framework@1.3.9 (location: C:\Users\User\Documents\QuestCraft v26\QCXR-XR-Wrapper\Library\PackageCache\com.unity.test-framework@1.3.9)
    com.unity.textmeshpro@3.0.9 (location: C:\Users\User\Documents\QuestCraft v26\QCXR-XR-Wrapper\Library\PackageCache\com.unity.textmeshpro@3.0.9)
    com.unity.timeline@1.8.6 (location: C:\Users\User\Documents\QuestCraft v26\QCXR-XR-Wrapper\Library\PackageCache\com.unity.timeline@1.8.6)
    com.unity.toolchain.win-x86_64-linux-x86_64@2.0.10 (location: C:\Users\User\Documents\QuestCraft v26\QCXR-XR-Wrapper\Library\PackageCache\com.unity.toolchain.win-x86_64-linux-x86_64@2.0.10)
    com.unity.visualscripting@1.9.4 (location: C:\Users\User\Documents\QuestCraft v26\QCXR-XR-Wrapper\Library\PackageCache\com.unity.visualscripting@1.9.4)
    com.unity.xr.core-utils@2.5.2 (location: C:\Users\User\Documents\QuestCraft v26\QCXR-XR-Wrapper\Library\PackageCache\com.unity.xr.core-utils@2.5.2)
    com.unity.xr.interaction.toolkit@3.0.5 (location: C:\Users\User\Documents\QuestCraft v26\QCXR-XR-Wrapper\Library\PackageCache\com.unity.xr.interaction.toolkit@3.0.5)
    com.unity.xr.management@4.5.1 (location: C:\Users\User\Documents\QuestCraft v26\QCXR-XR-Wrapper\Library\PackageCache\com.unity.xr.management@4.5.1)
    com.unity.xr.openxr@1.14.3 (location: C:\Users\User\Documents\QuestCraft v26\QCXR-XR-Wrapper\Library\PackageCache\com.unity.xr.openxr@1.14.3)
    com.unity.xr.legacyinputhelpers@2.1.12 (location: C:\Users\User\Documents\QuestCraft v26\QCXR-XR-Wrapper\Library\PackageCache\com.unity.xr.legacyinputhelpers@2.1.12)
    com.unity.inputsystem@1.14.0 (location: C:\Users\User\Documents\QuestCraft v26\QCXR-XR-Wrapper\Library\PackageCache\com.unity.inputsystem@1.14.0)
    com.unity.mathematics@1.2.6 (location: C:\Users\User\Documents\QuestCraft v26\QCXR-XR-Wrapper\Library\PackageCache\com.unity.mathematics@1.2.6)
    com.unity.sysroot@2.0.10 (location: C:\Users\User\Documents\QuestCraft v26\QCXR-XR-Wrapper\Library\PackageCache\com.unity.sysroot@2.0.10)
    com.unity.sysroot.linux-x86_64@2.0.9 (location: C:\Users\User\Documents\QuestCraft v26\QCXR-XR-Wrapper\Library\PackageCache\com.unity.sysroot.linux-x86_64@2.0.9)
    com.unity.ext.nunit@2.0.3 (location: C:\Users\User\Documents\QuestCraft v26\QCXR-XR-Wrapper\Library\PackageCache\com.unity.ext.nunit@2.0.3)
    com.unity.ide.vscode@1.2.5 (location: C:\Users\User\Documents\QuestCraft v26\QCXR-XR-Wrapper\Library\PackageCache\com.unity.ide.vscode@1.2.5)
    com.unity.editorcoroutines@1.0.0 (location: C:\Users\User\Documents\QuestCraft v26\QCXR-XR-Wrapper\Library\PackageCache\com.unity.editorcoroutines@1.0.0)
    com.unity.performance.profile-analyzer@1.2.3 (location: C:\Users\User\Documents\QuestCraft v26\QCXR-XR-Wrapper\Library\PackageCache\com.unity.performance.profile-analyzer@1.2.3)
    com.unity.testtools.codecoverage@1.2.6 (location: C:\Users\User\Documents\QuestCraft v26\QCXR-XR-Wrapper\Library\PackageCache\com.unity.testtools.codecoverage@1.2.6)
    com.unity.settings-manager@2.1.0 (location: C:\Users\User\Documents\QuestCraft v26\QCXR-XR-Wrapper\Library\PackageCache\com.unity.settings-manager@2.1.0)
  Packages from [https://unitynuget-registry.openupm.com]:
    org.nuget.system.runtime.compilerservices.unsafe@6.0.0 (location: C:\Users\User\Documents\QuestCraft v26\QCXR-XR-Wrapper\Library\PackageCache\org.nuget.system.runtime.compilerservices.unsafe@6.0.0)
  Built-in packages:
    com.unity.2d.sprite@1.0.0 (location: C:\Users\User\Documents\QuestCraft v26\QCXR-XR-Wrapper\Library\PackageCache\com.unity.2d.sprite@1.0.0)
    com.unity.feature.development@1.0.1 (location: C:\Users\User\Documents\QuestCraft v26\QCXR-XR-Wrapper\Library\PackageCache\com.unity.feature.development@1.0.1)
    com.unity.ugui@1.0.0 (location: C:\Users\User\Documents\QuestCraft v26\QCXR-XR-Wrapper\Library\PackageCache\com.unity.ugui@1.0.0)
    com.unity.modules.ai@1.0.0 (location: C:\Users\User\Documents\QuestCraft v26\QCXR-XR-Wrapper\Library\PackageCache\com.unity.modules.ai@1.0.0)
    com.unity.modules.androidjni@1.0.0 (location: C:\Users\User\Documents\QuestCraft v26\QCXR-XR-Wrapper\Library\PackageCache\com.unity.modules.androidjni@1.0.0)
    com.unity.modules.animation@1.0.0 (location: C:\Users\User\Documents\QuestCraft v26\QCXR-XR-Wrapper\Library\PackageCache\com.unity.modules.animation@1.0.0)
    com.unity.modules.assetbundle@1.0.0 (location: C:\Users\User\Documents\QuestCraft v26\QCXR-XR-Wrapper\Library\PackageCache\com.unity.modules.assetbundle@1.0.0)
    com.unity.modules.audio@1.0.0 (location: C:\Users\User\Documents\QuestCraft v26\QCXR-XR-Wrapper\Library\PackageCache\com.unity.modules.audio@1.0.0)
    com.unity.modules.cloth@1.0.0 (location: C:\Users\User\Documents\QuestCraft v26\QCXR-XR-Wrapper\Library\PackageCache\com.unity.modules.cloth@1.0.0)
    com.unity.modules.director@1.0.0 (location: C:\Users\User\Documents\QuestCraft v26\QCXR-XR-Wrapper\Library\PackageCache\com.unity.modules.director@1.0.0)
    com.unity.modules.imageconversion@1.0.0 (location: C:\Users\User\Documents\QuestCraft v26\QCXR-XR-Wrapper\Library\PackageCache\com.unity.modules.imageconversion@1.0.0)
    com.unity.modules.imgui@1.0.0 (location: C:\Users\User\Documents\QuestCraft v26\QCXR-XR-Wrapper\Library\PackageCache\com.unity.modules.imgui@1.0.0)
    com.unity.modules.jsonserialize@1.0.0 (location: C:\Users\User\Documents\QuestCraft v26\QCXR-XR-Wrapper\Library\PackageCache\com.unity.modules.jsonserialize@1.0.0)
    com.unity.modules.particlesystem@1.0.0 (location: C:\Users\User\Documents\QuestCraft v26\QCXR-XR-Wrapper\Library\PackageCache\com.unity.modules.particlesystem@1.0.0)
    com.unity.modules.physics@1.0.0 (location: C:\Users\User\Documents\QuestCraft v26\QCXR-XR-Wrapper\Library\PackageCache\com.unity.modules.physics@1.0.0)
    com.unity.modules.physics2d@1.0.0 (location: C:\Users\User\Documents\QuestCraft v26\QCXR-XR-Wrapper\Library\PackageCache\com.unity.modules.physics2d@1.0.0)
    com.unity.modules.screencapture@1.0.0 (location: C:\Users\User\Documents\QuestCraft v26\QCXR-XR-Wrapper\Library\PackageCache\com.unity.modules.screencapture@1.0.0)
    com.unity.modules.terrain@1.0.0 (location: C:\Users\User\Documents\QuestCraft v26\QCXR-XR-Wrapper\Library\PackageCache\com.unity.modules.terrain@1.0.0)
    com.unity.modules.terrainphysics@1.0.0 (location: C:\Users\User\Documents\QuestCraft v26\QCXR-XR-Wrapper\Library\PackageCache\com.unity.modules.terrainphysics@1.0.0)
    com.unity.modules.tilemap@1.0.0 (location: C:\Users\User\Documents\QuestCraft v26\QCXR-XR-Wrapper\Library\PackageCache\com.unity.modules.tilemap@1.0.0)
    com.unity.modules.ui@1.0.0 (location: C:\Users\User\Documents\QuestCraft v26\QCXR-XR-Wrapper\Library\PackageCache\com.unity.modules.ui@1.0.0)
    com.unity.modules.uielements@1.0.0 (location: C:\Users\User\Documents\QuestCraft v26\QCXR-XR-Wrapper\Library\PackageCache\com.unity.modules.uielements@1.0.0)
    com.unity.modules.umbra@1.0.0 (location: C:\Users\User\Documents\QuestCraft v26\QCXR-XR-Wrapper\Library\PackageCache\com.unity.modules.umbra@1.0.0)
    com.unity.modules.unityanalytics@1.0.0 (location: C:\Users\User\Documents\QuestCraft v26\QCXR-XR-Wrapper\Library\PackageCache\com.unity.modules.unityanalytics@1.0.0)
    com.unity.modules.unitywebrequest@1.0.0 (location: C:\Users\User\Documents\QuestCraft v26\QCXR-XR-Wrapper\Library\PackageCache\com.unity.modules.unitywebrequest@1.0.0)
    com.unity.modules.unitywebrequestassetbundle@1.0.0 (location: C:\Users\User\Documents\QuestCraft v26\QCXR-XR-Wrapper\Library\PackageCache\com.unity.modules.unitywebrequestassetbundle@1.0.0)
    com.unity.modules.unitywebrequestaudio@1.0.0 (location: C:\Users\User\Documents\QuestCraft v26\QCXR-XR-Wrapper\Library\PackageCache\com.unity.modules.unitywebrequestaudio@1.0.0)
    com.unity.modules.unitywebrequesttexture@1.0.0 (location: C:\Users\User\Documents\QuestCraft v26\QCXR-XR-Wrapper\Library\PackageCache\com.unity.modules.unitywebrequesttexture@1.0.0)
    com.unity.modules.unitywebrequestwww@1.0.0 (location: C:\Users\User\Documents\QuestCraft v26\QCXR-XR-Wrapper\Library\PackageCache\com.unity.modules.unitywebrequestwww@1.0.0)
    com.unity.modules.vehicles@1.0.0 (location: C:\Users\User\Documents\QuestCraft v26\QCXR-XR-Wrapper\Library\PackageCache\com.unity.modules.vehicles@1.0.0)
    com.unity.modules.video@1.0.0 (location: C:\Users\User\Documents\QuestCraft v26\QCXR-XR-Wrapper\Library\PackageCache\com.unity.modules.video@1.0.0)
    com.unity.modules.vr@1.0.0 (location: C:\Users\User\Documents\QuestCraft v26\QCXR-XR-Wrapper\Library\PackageCache\com.unity.modules.vr@1.0.0)
    com.unity.modules.wind@1.0.0 (location: C:\Users\User\Documents\QuestCraft v26\QCXR-XR-Wrapper\Library\PackageCache\com.unity.modules.wind@1.0.0)
    com.unity.modules.xr@1.0.0 (location: C:\Users\User\Documents\QuestCraft v26\QCXR-XR-Wrapper\Library\PackageCache\com.unity.modules.xr@1.0.0)
    com.unity.modules.subsystems@1.0.0 (location: C:\Users\User\Documents\QuestCraft v26\QCXR-XR-Wrapper\Library\PackageCache\com.unity.modules.subsystems@1.0.0)
  Local packages:
    com.netpyoung.webp@file:C:\Users\User\Documents\QuestCraft v26\QCXR-XR-Wrapper\Packages\LocalPackages\unity.webp (location: C:\Users\User\Documents\QuestCraft v26\QCXR-XR-Wrapper\Packages\LocalPackages\unity.webp)
    com.unity.xr.openxr.picoxr@file:C:\Users\User\Documents\QuestCraft v26\QCXR-XR-Wrapper\Packages\LocalPackages\PICO Unity OpenXR Integration SDK-1.3.0 (location: C:\Users\User\Documents\QuestCraft v26\QCXR-XR-Wrapper\Packages\LocalPackages\PICO Unity OpenXR Integration SDK-1.3.0)
[Subsystems] Looking for new subsystems at path C:\Users\User\Documents\QuestCraft v26\QCXR-XR-Wrapper\Library\PackageCache\com.unity.xr.openxr@1.14.3
[Subsystems] Novel subsystem found at Library/PackageCache/com.unity.xr.openxr@1.14.3/Runtime/UnitySubsystemsManifest.json
[Subsystems] Discovering subsystems at path C:/Program Files/Unity/Hub/Editor/2022.3.62f3/Editor/Data/Resources/UnitySubsystems
[Subsystems] Discovering subsystems at path C:/Users/User/Documents/QuestCraft v26/QCXR-XR-Wrapper/Assets
[Subsystems] Discovering subsystems at path C:\Users\User\Documents\QuestCraft v26\QCXR-XR-Wrapper\Library\PackageCache\com.unity.xr.openxr@1.14.3
[Subsystems] No descriptors matched for  examples in Library/PackageCache/com.unity.xr.openxr@1.14.3/Runtime/UnitySubsystemsManifest.json.
[Subsystems] 1 'inputs' descriptors matched in Library/PackageCache/com.unity.xr.openxr@1.14.3/Runtime/UnitySubsystemsManifest.json
[Subsystems] 1 'displays' descriptors matched in Library/PackageCache/com.unity.xr.openxr@1.14.3/Runtime/UnitySubsystemsManifest.json
[Subsystems] No descriptors matched for  meshings in Library/PackageCache/com.unity.xr.openxr@1.14.3/Runtime/UnitySubsystemsManifest.json.
[Subsystems] Discovering subsystems at path C:\Users\User\Documents\QuestCraft v26\QCXR-XR-Wrapper\Packages\LocalPackages\PICO Unity OpenXR Integration SDK-1.3.0
[Subsystems] No descriptors matched for  examples in Packages/LocalPackages/PICO Unity OpenXR Integration SDK-1.3.0/Runtime/UnitySubsystemsManifest.json.
[Subsystems] No descriptors matched for  inputs in Packages/LocalPackages/PICO Unity OpenXR Integration SDK-1.3.0/Runtime/UnitySubsystemsManifest.json.
[Subsystems] No descriptors matched for  displays in Packages/LocalPackages/PICO Unity OpenXR Integration SDK-1.3.0/Runtime/UnitySubsystemsManifest.json.
[Subsystems] 1 'meshings' descriptors matched in Packages/LocalPackages/PICO Unity OpenXR Integration SDK-1.3.0/Runtime/UnitySubsystemsManifest.json
Package Manager log level set to [2]
[Package Manager] Done registering packages in 0.25 seconds
[Licensing::Client] Successfully resolved entitlement details
Refreshing native plugins compatible for Editor in 5594.69 ms, found 19 plugins.
Preloading 0 native plugins for Editor in 0.00 ms.
Initialize engine version: 2022.3.62f3 (96770f904ca7)
[Subsystems] Discovering subsystems at path C:/Program Files/Unity/Hub/Editor/2022.3.62f3/Editor/Data/Resources/UnitySubsystems
[Subsystems] Discovering subsystems at path C:/Users/User/Documents/QuestCraft v26/QCXR-XR-Wrapper/Assets
[Subsystems] Discovering subsystems at path C:\Users\User\Documents\QuestCraft v26\QCXR-XR-Wrapper\Library\PackageCache\com.unity.xr.openxr@1.14.3
[Subsystems] No descriptors matched for  examples in Library/PackageCache/com.unity.xr.openxr@1.14.3/Runtime/UnitySubsystemsManifest.json.
[Subsystems] 1 'inputs' descriptors matched in Library/PackageCache/com.unity.xr.openxr@1.14.3/Runtime/UnitySubsystemsManifest.json
[Subsystems] 1 'displays' descriptors matched in Library/PackageCache/com.unity.xr.openxr@1.14.3/Runtime/UnitySubsystemsManifest.json
[Subsystems] No descriptors matched for  meshings in Library/PackageCache/com.unity.xr.openxr@1.14.3/Runtime/UnitySubsystemsManifest.json.
[Subsystems] Discovering subsystems at path C:\Users\User\Documents\QuestCraft v26\QCXR-XR-Wrapper\Packages\LocalPackages\PICO Unity OpenXR Integration SDK-1.3.0
[Subsystems] No descriptors matched for  examples in Packages/LocalPackages/PICO Unity OpenXR Integration SDK-1.3.0/Runtime/UnitySubsystemsManifest.json.
[Subsystems] No descriptors matched for  inputs in Packages/LocalPackages/PICO Unity OpenXR Integration SDK-1.3.0/Runtime/UnitySubsystemsManifest.json.
[Subsystems] No descriptors matched for  displays in Packages/LocalPackages/PICO Unity OpenXR Integration SDK-1.3.0/Runtime/UnitySubsystemsManifest.json.
[Subsystems] 1 'meshings' descriptors matched in Packages/LocalPackages/PICO Unity OpenXR Integration SDK-1.3.0/Runtime/UnitySubsystemsManifest.json
GfxDevice: creating device client; threaded=0; jobified=0
Direct3D:
    Version:  Direct3D 11.0 [level 11.1]
    Renderer: AMD Radeon Graphics (ID=0x15bf)
    Vendor:   ATI
    VRAM:     5480 MB
    Driver:   32.0.23027.3001
[Licensing::Client] Successfully resolved entitlement details
Initialize mono
Mono path[0] = 'C:/Program Files/Unity/Hub/Editor/2022.3.62f3/Editor/Data/Managed'
Mono path[1] = 'C:/Program Files/Unity/Hub/Editor/2022.3.62f3/Editor/Data/MonoBleedingEdge/lib/mono/unityjit-win32'
Mono config path = 'C:/Program Files/Unity/Hub/Editor/2022.3.62f3/Editor/Data/MonoBleedingEdge/etc'
Using monoOptions --debugger-agent=transport=dt_socket,embedding=1,server=y,suspend=n,address=127.0.0.1:56992
Using cacheserver namespaces - metadata:defaultmetadata, artifacts:defaultartifacts
Using cacheserver namespaces - metadata:defaultmetadata, artifacts:defaultartifacts
ImportWorker Server TCP listen port: 0
Begin MonoManager ReloadAssembly
Registering precompiled unity dll's ...
Register platform support module: C:/Program Files/Unity/Hub/Editor/2022.3.62f3/Editor/Data/PlaybackEngines/AndroidPlayer/UnityEditor.Android.Extensions.dll
Register platform support module: C:/Program Files/Unity/Hub/Editor/2022.3.62f3/Editor/Data/PlaybackEngines/WindowsStandaloneSupport/UnityEditor.WindowsStandalone.Extensions.dll
Register platform support module: C:/Program Files/Unity/Hub/Editor/2022.3.62f3/Editor/Data/PlaybackEngines/LinuxStandaloneSupport/UnityEditor.LinuxStandalone.Extensions.dll
[Licensing::Client] Successfully resolved entitlement details
Register platform support module: C:/Program Files/Unity/Hub/Editor/2022.3.62f3/Editor/Data/PlaybackEngines/MetroSupport/UnityEditor.UWP.Extensions.dll
Registered in 0.685828 seconds.
- Loaded All Assemblies, in 12.982 seconds
Native extension for UWP target not found
Native extension for LinuxStandalone target not found
Native extension for WindowsStandalone target not found
Native extension for Android target not found
Android Extension - Scanning For ADB Devices 2520 ms
Mono: successfully reloaded assembly
- Finished resetting the current domain, in  3.095 seconds
Domain Reload Profiling: 16075ms
	BeginReloadAssembly (9069ms)
		ExecutionOrderSort (0ms)
		DisableScriptedObjects (0ms)
		BackupInstance (0ms)
		ReleaseScriptingObjects (0ms)
		CreateAndSetChildDomain (1ms)
	RebuildCommonClasses (707ms)
	RebuildNativeTypeToScriptingClass (8ms)
	initialDomainReloadingComplete (747ms)
	LoadAllAssembliesAndSetupDomain (2448ms)
		LoadAssemblies (9099ms)
		RebuildTransferFunctionScriptingTraits (0ms)
		AnalyzeDomain (2412ms)
			TypeCache.Refresh (2410ms)
				TypeCache.ScanAssembly (1903ms)
			ScanForSourceGeneratedMonoScriptInfo (1ms)
			ResolveRequiredComponents (1ms)
	FinalizeReload (3096ms)
		ReleaseScriptCaches (0ms)
		RebuildScriptCaches (0ms)
		SetupLoadedEditorAssemblies (3052ms)
			LogAssemblyErrors (0ms)
			InitializePlatformSupportModulesInManaged (2868ms)
			SetLoadedEditorAssemblies (3ms)
			RefreshPlugins (0ms)
			BeforeProcessingInitializeOnLoad (2ms)
			ProcessInitializeOnLoadAttributes (125ms)
			ProcessInitializeOnLoadMethodAttributes (53ms)
			AfterProcessingInitializeOnLoad (0ms)
			EditorAssembliesLoaded (0ms)
		ExecutionOrderSort2 (0ms)
		AwakeInstancesAfterBackupRestoration (0ms)
[Licensing::Client] Successfully resolved entitlement details
[Licensing::Client] Successfully resolved entitlement details
Application.AssetDatabase Initial Refresh Start
info: Microsoft.Hosting.Lifetime[14]
      Now listening on: http://localhost:80
info: Microsoft.Hosting.Lifetime[0]
      Application started. Press Ctrl+C to shut down.
info: Microsoft.Hosting.Lifetime[0]
      Hosting environment: Production
info: Microsoft.Hosting.Lifetime[0]
      Content root path: C:\Users\User\Documents\QuestCraft v26\QCXR-XR-Wrapper\
info: Microsoft.AspNetCore.Hosting.Diagnostics[1]
      Request starting HTTP/2 POST http://ilpp/UnityILPP.PostProcessing/Ping application/grpc -
info: Microsoft.AspNetCore.Routing.EndpointMiddleware[0]
      Executing endpoint 'gRPC - /UnityILPP.PostProcessing/Ping'
info: Microsoft.AspNetCore.Routing.EndpointMiddleware[1]
      Executed endpoint 'gRPC - /UnityILPP.PostProcessing/Ping'
info: Microsoft.AspNetCore.Hosting.Diagnostics[2]
      Request finished HTTP/2 POST http://ilpp/UnityILPP.PostProcessing/Ping application/grpc - - 200 - application/grpc 66.6097ms
Starting: C:\Program Files\Unity\Hub\Editor\2022.3.62f3\Editor\Data\bee_backend.exe --ipc --defer-dag-verification --dagfile="Library/Bee/1300b0aE.dag" --continue-on-failure --profile="Library/Bee/backend1.traceevents" ScriptAssemblies
WorkingDir: C:/Users/User/Documents/QuestCraft v26/QCXR-XR-Wrapper
DisplayProgressbar: Compiling Scripts
ExitCode: 0 Duration: 0s275ms
*** Tundra build success (0.24 seconds), 0 items updated, 717 evaluated
AssetDatabase: script compilation time: 1.366991s
Begin MonoManager ReloadAssembly
Total cache size 78247351
Total cache size after purge 78247351
- Loaded All Assemblies, in 16.179 seconds
Refreshing native plugins compatible for Editor in 38.87 ms, found 19 plugins.
Refreshing native plugins compatible for Editor in 41.91 ms, found 19 plugins.
Preloading 0 native plugins for Editor in 0.00 ms.
Start importing Assets/Plugins/Android/Pojlib-release.aar using Guid(55d89ee4baf555941bcffc8ec872188a) Importer(-1,00000000000000000000000000000000) [PhysX] Initialized MultithreadedTaskDispatcher with 16 workers.
 -> (artifact id: 'c1627b33ccb903176b5fdd0eb12adf36') in 0.085275 seconds
Refreshing native plugins compatible for Editor in 35.84 ms, found 19 plugins.
Native extension for UWP target not found
Native extension for LinuxStandalone target not found
Native extension for WindowsStandalone target not found
Native extension for Android target not found
DisplayProgressbar: Restoring NuGet Packages
Mono: successfully reloaded assembly
- Finished resetting the current domain, in  0.974 seconds
Domain Reload Profiling: 17149ms
	BeginReloadAssembly (146ms)
		ExecutionOrderSort (0ms)
		DisableScriptedObjects (5ms)
		BackupInstance (0ms)
		ReleaseScriptingObjects (0ms)
		CreateAndSetChildDomain (39ms)
	RebuildCommonClasses (31ms)
	RebuildNativeTypeToScriptingClass (8ms)
	initialDomainReloadingComplete (29ms)
	LoadAllAssembliesAndSetupDomain (15961ms)
		LoadAssemblies (14957ms)
		RebuildTransferFunctionScriptingTraits (0ms)
		AnalyzeDomain (1076ms)
			TypeCache.Refresh (1046ms)
				TypeCache.ScanAssembly (961ms)
			ScanForSourceGeneratedMonoScriptInfo (22ms)
			ResolveRequiredComponents (7ms)
	FinalizeReload (975ms)
		ReleaseScriptCaches (0ms)
		RebuildScriptCaches (0ms)
		SetupLoadedEditorAssemblies (815ms)
			LogAssemblyErrors (0ms)
			InitializePlatformSupportModulesInManaged (22ms)
			SetLoadedEditorAssemblies (5ms)
			RefreshPlugins (0ms)
			BeforeProcessingInitializeOnLoad (83ms)
			ProcessInitializeOnLoadAttributes (625ms)
			ProcessInitializeOnLoadMethodAttributes (73ms)
			AfterProcessingInitializeOnLoad (8ms)
			EditorAssembliesLoaded (0ms)
		ExecutionOrderSort2 (0ms)
		AwakeInstancesAfterBackupRestoration (7ms)
Refreshing native plugins compatible for Editor in 53.12 ms, found 19 plugins.
Preloading 0 native plugins for Editor in 0.00 ms.
Asset Pipeline Refresh (id=31d71d677670061479cc1390a2dd10f0): Total: 37.183 seconds - Initiated by InitialRefreshV2(ForceSynchronousImport)
	Summary:
		Imports: total=1 (actual=1, local cache=0, cache server=0)
		Asset DB Process Time: managed=63 ms, native=17563 ms
		Asset DB Callback time: managed=298 ms, native=80 ms
		Scripting: domain reloads=1, domain reload time=17755 ms, compile time=1369 ms, other=51 ms
		Project Asset Count: scripts=6270, non-scripts=1668
		Asset File Changes: new=0, changed=1, moved=0, deleted=0
		Scan Filter Count: 0
	InvokeBeforeRefreshCallbacks: 1.630ms
	ApplyChangesToAssetFolders: 0.083ms
	Scan: 1172.182ms
	OnSourceAssetsModified: 2.686ms
	GetAllGuidsForCategorization: 1.660ms
	CategorizeAssets: 181.315ms
	ImportOutOfDateAssets: 1644.904ms (142.145ms without children)
		ImportManagerImport: 91.314ms (3.907ms without children)
			ImportInProcess: 87.162ms
			UpdateCategorizedAssets: 0.245ms
		CompileScripts: 1369.117ms
		ReloadNativeAssets: 0.018ms
		UnloadImportedAssets: 35.796ms
		ReloadImportedAssets: 0.001ms
		EnsureUptoDateAssetsAreRegisteredWithGuidPM: 3.720ms
		InitializingProgressBar: 0.618ms
		PostProcessAllAssetNotificationsAddChangedAssets: 0.001ms
		OnDemandSchedulerStart: 2.173ms
	PostProcessAllAssets: 319.511ms
	Hotreload: 55.352ms
	GatherAllCurrentPrimaryArtifactRevisions: 0.001ms
	UnloadStreamsBegin: 0.617ms
	PersistCurrentRevisions: 0.415ms
	UnloadStreamsEnd: 0.080ms
	GenerateScriptTypeHashes: 3.577ms
	Untracked: 33802.334ms
Application.AssetDatabase Initial Refresh End
Launched and connected shader compiler UnityShaderCompiler.exe after 0.08 seconds
Scanning for USB devices : 6.099ms
Initializing Unity extensions:
[Licensing::Client] Successfully resolved entitlement details
[Licensing::Client] Successfully resolved entitlement details
[MODES] ModeService[none].Initialize
[MODES] ModeService[none].LoadModes
[MODES] Loading mode Default (0) for mode-current-id-QuestCraft
[PhysX] Initialized MultithreadedTaskDispatcher with 16 workers.
ProgressiveSceneManager::Cancel()
Unloading 5 Unused Serialized files (Serialized files now loaded: 0)
Unloading 203 unused Assets / (0.5 MB). Loaded Objects now: 5525.
Memory consumption went from 169.1 MB to 168.5 MB.
Total: 7.887100 ms (FindLiveObjects: 0.490500 ms CreateObjectMapping: 0.131900 ms MarkObjects: 6.682400 ms  DeleteObjects: 0.581100 ms)

Start importing ProjectSettings/ProjectSettings.asset using Guid(00000000000000004000000000000000) Importer(-1,00000000000000000000000000000000) [PhysX] Initialized MultithreadedTaskDispatcher with 16 workers.
 -> (artifact id: '48c46e9a5bff0f8c4a5b953bc2719c9a') in 0.005189 seconds
Start importing Assets/XR/Settings/OpenXR Package Settings.asset using Guid(7b5da002d83fb8f42ac49c354e6f6d31) Importer(-1,00000000000000000000000000000000) [PhysX] Initialized MultithreadedTaskDispatcher with 16 workers.
 -> (artifact id: '565b4b24089409ba296007943a2c9e48') in 0.014190 seconds
Refreshing native plugins compatible for Editor in 40.11 ms, found 19 plugins.
Preloading 0 native plugins for Editor in 0.00 ms.
Asset Pipeline Refresh (id=52c285a64f5d69647a59b1bc5adbdf3d): Total: 0.095 seconds - Initiated by StopAssetImportingV2(NoUpdateAssetOptions)
DisplayProgressbar: Checking prerequisites
Android PostProcess task "Checking prerequisites" took 23.717 ms
DisplayProgressbar: Detect Java Development Kit (JDK)
Android PostProcess task "Detect Java Development Kit (JDK)" took 250.3245 ms
DisplayProgressbar: Detecting Android SDK
AndroidSDKTools:

	root          : C:\Program Files\Unity\Hub\Editor\2022.3.62f3\Editor\Data\PlaybackEngines\AndroidPlayer\SDK
	cmdline-tools : C:\Program Files\Unity\Hub\Editor\2022.3.62f3\Editor\Data\PlaybackEngines\AndroidPlayer\SDK\cmdline-tools\6.0
	platform-tools: C:\Program Files\Unity\Hub\Editor\2022.3.62f3\Editor\Data\PlaybackEngines\AndroidPlayer\SDK\platform-tools
	build-tools   : C:\Program Files\Unity\Hub\Editor\2022.3.62f3\Editor\Data\PlaybackEngines\AndroidPlayer\SDK\build-tools\34.0.0

	adb           : C:\Program Files\Unity\Hub\Editor\2022.3.62f3\Editor\Data\PlaybackEngines\AndroidPlayer\SDK\platform-tools\adb.exe

Android PostProcess task "Detecting Android SDK" took 3185.1986 ms
DisplayProgressbar: Detect Android NDK
Android PostProcess task "Detect Android NDK" took 14.3621 ms
Android PostProcess task "Trying to find a suitable Android device" took 0.4697 ms
DisplayProgressbar: Checking Graphics API compatibility
Android PostProcess task "Checking Graphics API compatibility" took 1.3301 ms
DisplayProgressbar: Check resources
Android PostProcess task "Check resources" took 0.2574 ms
DisplayProgressbar: Check Android Player Settings
Android PostProcess task "Check Android Player Settings" took 0.4251 ms
info: Microsoft.AspNetCore.Hosting.Diagnostics[1]
      Request starting HTTP/2 POST http://ilpp/UnityILPP.PostProcessing/Ping application/grpc -
info: Microsoft.AspNetCore.Routing.EndpointMiddleware[0]
      Executing endpoint 'gRPC - /UnityILPP.PostProcessing/Ping'
info: Microsoft.AspNetCore.Routing.EndpointMiddleware[1]
      Executed endpoint 'gRPC - /UnityILPP.PostProcessing/Ping'
info: Microsoft.AspNetCore.Hosting.Diagnostics[2]
      Request finished HTTP/2 POST http://ilpp/UnityILPP.PostProcessing/Ping application/grpc - - 200 - application/grpc 2.1162ms
Starting: C:\Program Files\Unity\Hub\Editor\2022.3.62f3\Editor\Data\bee_backend.exe --ipc --defer-dag-verification --dagfile="Library/Bee/1300b0aESkipCompile.dag" --continue-on-failure --profile="Library/Bee/backend1.traceevents" ScriptAssembliesAndTypeDB
WorkingDir: C:/Users/User/Documents/QuestCraft v26/QCXR-XR-Wrapper
DisplayProgressbar: Compiling Scripts
ExitCode: 0 Duration: 0s117ms
*** Tundra build success (0.07 seconds), 0 items updated, 3 evaluated
Asset Pipeline Refresh (id=7318bc32270f12448a283a052b7b89a6): Total: 0.008 seconds - Initiated by RefreshV2(NoUpdateAssetOptions)
[ScriptCompilation] Requested script compilation because: Recompiling scripts for player build.
BuildPlayer: start building target 13
Total cache size 78247351
Total cache size after purge 78247351
info: Microsoft.AspNetCore.Hosting.Diagnostics[1]
      Request starting HTTP/2 POST http://ilpp/UnityILPP.PostProcessing/Ping application/grpc -
info: Microsoft.AspNetCore.Routing.EndpointMiddleware[0]
      Executing endpoint 'gRPC - /UnityILPP.PostProcessing/Ping'
info: Microsoft.AspNetCore.Routing.EndpointMiddleware[1]
      Executed endpoint 'gRPC - /UnityILPP.PostProcessing/Ping'
info: Microsoft.AspNetCore.Hosting.Diagnostics[2]
      Request finished HTTP/2 POST http://ilpp/UnityILPP.PostProcessing/Ping application/grpc - - 200 - application/grpc 0.5065ms
Starting: C:\Program Files\Unity\Hub\Editor\2022.3.62f3\Editor\Data\bee_backend.exe --ipc --defer-dag-verification --dagfile="Library/Bee/1300b0aP.dag" --continue-on-failure --profile="Library/Bee/backend1.traceevents" ScriptAssembliesAndTypeDB
WorkingDir: C:/Users/User/Documents/QuestCraft v26/QCXR-XR-Wrapper
ExitCode: 0 Duration: 2s884ms
[222/322    0s] CopyFiles Library/Bee/PlayerScriptAssemblies/UnityEngine.UI.pdb
[227/322    0s] CopyFiles Library/Bee/PlayerScriptAssemblies/unity.webp.dll
[228/322    0s] CopyFiles Library/Bee/PlayerScriptAssemblies/Unity.TextMeshPro.dll
[229/322    0s] CopyFiles Library/Bee/PlayerScriptAssemblies/Unity.Timeline.pdb
[230/322    0s] CopyFiles Library/Bee/PlayerScriptAssemblies/Unity.XR.Management.pdb
[231/322    0s] CopyFiles Library/Bee/PlayerScriptAssemblies/Unity.XR.Management.dll
[232/322    0s] CopyFiles Library/Bee/PlayerScriptAssemblies/unity.webp.pdb
[233/322    0s] CopyFiles Library/Bee/PlayerScriptAssemblies/Unity.Mathematics.dll
[234/322    0s] CopyFiles Library/Bee/PlayerScriptAssemblies/UnityGifDecoder.dll
[239/322    0s] CopyFiles Library/Bee/PlayerScriptAssemblies/Unity.Timeline.dll
[241/322    0s] CopyFiles Library/Bee/PlayerScriptAssemblies/Unity.Mathematics.pdb
[242/322    0s] CopyFiles Library/Bee/PlayerScriptAssemblies/UnityEngine.SpatialTracking.dll
[243/322    0s] CopyFiles Library/Bee/PlayerScriptAssemblies/UnityEngine.UI.dll
[246/322    0s] CopyFiles Library/Bee/PlayerScriptAssemblies/UnityGifDecoder.pdb
[260/322    0s] CopyFiles Library/Bee/PlayerScriptAssemblies/Unity.XR.OpenXRPico.dll
[270/322    0s] CopyFiles Library/Bee/PlayerScriptAssemblies/Unity.XR.OpenXR.dll
[271/322    0s] CopyFiles Library/Bee/PlayerScriptAssemblies/Unity.XR.CoreUtils.dll
[277/322    0s] CopyFiles Library/Bee/PlayerScriptAssemblies/Unity.VisualScripting.Core.dll
[278/322    0s] CopyFiles Library/Bee/PlayerScriptAssemblies/Unity.InputSystem.dll
[279/322    0s] CopyFiles Library/Bee/PlayerScriptAssemblies/ControllerSample.dll
[280/322    0s] CopyFiles Library/Bee/PlayerScriptAssemblies/Unity.InputSystem.ForUI.pdb
[281/322    0s] CopyFiles Library/Bee/PlayerScriptAssemblies/UnityEngine.XR.LegacyInputHelpers.dll
[282/322    0s] CopyFiles Library/Bee/PlayerScriptAssemblies/Unity.XR.OpenXR.Features.MockRuntime.dll
[283/322    0s] CopyFiles Library/Bee/PlayerScriptAssemblies/Unity.InputSystem.ForUI.dll
[284/322    0s] CopyFiles Library/Bee/PlayerScriptAssemblies/Unity.XR.OpenXR.Features.RuntimeDebugger.dll
[286/322    0s] CopyFiles Library/Bee/PlayerScriptAssemblies/Unity.XR.Interaction.Toolkit.dll
[287/322    0s] CopyFiles Library/Bee/PlayerScriptAssemblies/Unity.XR.OpenXR.Features.PICOSupport.dll
[289/322    0s] CopyFiles Library/Bee/PlayerScriptAssemblies/PICO.Platform.dll
[290/322    0s] CopyFiles Library/Bee/PlayerScriptAssemblies/Unity.XR.Interaction.Toolkit.Samples.StarterAssets.dll
[291/322    0s] CopyFiles Library/Bee/PlayerScriptAssemblies/Unity.VisualScripting.Flow.dll
[292/322    0s] CopyFiles Library/Bee/PlayerScriptAssemblies/PICO.TobSupport.dll
[293/322    0s] CopyFiles Library/Bee/PlayerScriptAssemblies/Unity.XR.OpenXR.Features.OculusQuestSupport.dll
[294/322    0s] CopyFiles Library/Bee/PlayerScriptAssemblies/Unity.XR.OpenXR.Features.ConformanceAutomation.dll
[295/322    0s] CopyFiles Library/Bee/PlayerScriptAssemblies/Unity.VisualScripting.State.dll
[296/322    0s] CopyFiles Library/Bee/PlayerScriptAssemblies/Unity.VisualScripting.State.pdb
[297/322    0s] CopyFiles Library/Bee/PlayerScriptAssemblies/Unity.XR.OpenXR.Features.MetaQuestSupport.dll
[298/322    0s] CopyFiles Library/Bee/PlayerScriptAssemblies/PICO.Platform.pdb
[299/322    0s] CopyFiles Library/Bee/PlayerScriptAssemblies/Unity.XR.OpenXR.Features.OculusQuestSupport.pdb
[300/322    0s] CopyFiles Library/Bee/PlayerScriptAssemblies/PICO.TobSupport.pdb
[301/322    0s] CopyFiles Library/Bee/PlayerScriptAssemblies/Unity.VisualScripting.Flow.pdb
[302/322    0s] CopyFiles Library/Bee/PlayerScriptAssemblies/Assembly-CSharp.pdb
[303/322    0s] CopyFiles Library/Bee/PlayerScriptAssemblies/Unity.XR.OpenXR.Features.PICOSupport.pdb
[304/322    0s] CopyFiles Library/Bee/PlayerScriptAssemblies/Unity.XR.Interaction.Toolkit.Samples.StarterAssets.pdb
[305/322    0s] CopyFiles Library/Bee/PlayerScriptAssemblies/Assembly-CSharp.dll
[306/322    0s] CopyFiles Library/Bee/PlayerScriptAssemblies/Unity.XR.Interaction.Toolkit.pdb
[307/322    0s] CopyFiles Library/Bee/PlayerScriptAssemblies/Unity.XR.OpenXR.Features.MetaQuestSupport.pdb
[308/322    0s] CopyFiles Library/Bee/PlayerScriptAssemblies/Unity.XR.OpenXR.Features.RuntimeDebugger.pdb
[309/322    0s] CopyFiles Library/Bee/PlayerScriptAssemblies/ControllerSample.pdb
[310/322    0s] CopyFiles Library/Bee/PlayerScriptAssemblies/Unity.XR.OpenXR.Features.MockRuntime.pdb
[311/322    0s] CopyFiles Library/Bee/PlayerScriptAssemblies/Unity.VisualScripting.Core.pdb
[312/322    0s] CopyFiles Library/Bee/PlayerScriptAssemblies/Unity.XR.OpenXRPico.pdb
[313/322    0s] CopyFiles Library/Bee/PlayerScriptAssemblies/Unity.XR.CoreUtils.pdb
[314/322    0s] CopyFiles Library/Bee/PlayerScriptAssemblies/Unity.XR.OpenXR.pdb
[315/322    0s] CopyFiles Library/Bee/PlayerScriptAssemblies/UnityEngine.XR.LegacyInputHelpers.pdb
[316/322    0s] CopyFiles Library/Bee/PlayerScriptAssemblies/Unity.TextMeshPro.pdb
[317/322    0s] CopyFiles Library/Bee/PlayerScriptAssemblies/Unity.XR.OpenXR.Features.ConformanceAutomation.pdb
[318/322    0s] CopyFiles Library/Bee/PlayerScriptAssemblies/Unity.InputSystem.pdb
[319/322    0s] CopyFiles Library/Bee/PlayerScriptAssemblies/UnityEngine.SpatialTracking.pdb
*** Tundra build success (2.86 seconds), 58 items updated, 322 evaluated
Total cache size 78247351
Total cache size after purge 78247351
Not rebuilding Data files -- no changes
Asset Pipeline Refresh (id=194b6a111bf70534487f7a1ae75628dc): Total: 0.062 seconds - Initiated by RefreshV2(NoUpdateAssetOptions)
Warning! Using more than 1 pixel lights on a mobile device may decrease performance severely. You can change the mobile quality settings in 'Project Settings -> Quality Settings'.


Mono dependencies included in the build
Dependency assembly - System.ServiceModel.Security.dll
Dependency assembly - System.IdentityModel.dll
Dependency assembly - System.Threading.Thread.dll
Dependency assembly - System.IO.Compression.dll
Dependency assembly - System.Reflection.Context.dll
Dependency assembly - Microsoft.Win32.Registry.dll
Dependency assembly - System.Reflection.Extensions.dll
Dependency assembly - System.Configuration.dll
Dependency assembly - System.Security.SecureString.dll
Dependency assembly - System.Runtime.Serialization.Json.dll
Dependency assembly - System.Data.Entity.dll
Dependency assembly - System.Web.RegularExpressions.dll
Dependency assembly - System.Console.dll
Dependency assembly - Newtonsoft.Json.dll
Dependency assembly - System.IO.FileSystem.Watcher.dll
Dependency assembly - System.Text.Encoding.CodePages.dll
Dependency assembly - System.Diagnostics.Contracts.dll
Dependency assembly - Unity.Timeline.dll
Dependency assembly - System.Diagnostics.TextWriterTraceListener.dll
Dependency assembly - System.IO.FileSystem.AccessControl.dll
Dependency assembly - System.Net.NameResolution.dll
Dependency assembly - System.DirectoryServices.Protocols.dll
Dependency assembly - System.Linq.Expressions.dll
Dependency assembly - System.Net.NetworkInformation.dll
Dependency assembly - Microsoft.Win32.Primitives.dll
Dependency assembly - System.IO.Pipes.dll
Dependency assembly - System.Xml.ReaderWriter.dll
Dependency assembly - System.Net.Cache.dll
Dependency assembly - System.Runtime.Loader.dll
Dependency assembly - System.Threading.Timer.dll
Dependency assembly - System.Threading.Overlapped.dll
Dependency assembly - PICO.TobSupport.dll
Dependency assembly - System.Globalization.Calendars.dll
Dependency assembly - System.Collections.Specialized.dll
Dependency assembly - System.ServiceModel.NetTcp.dll
Dependency assembly - System.Security.Cryptography.OpenSsl.dll
Dependency assembly - Unity.XR.Interaction.Toolkit.dll
Dependency assembly - Microsoft.CSharp.dll
Dependency assembly - System.Configuration.Install.dll
Dependency assembly - System.Net.WebSockets.Client.dll
Dependency assembly - System.Dynamic.Runtime.dll
Dependency assembly - System.Linq.Parallel.dll
Dependency assembly - System.Memory.dll
Dependency assembly - System.Web.Services.dll
Dependency assembly - System.Linq.dll
Dependency assembly - System.Security.Cryptography.Algorithms.dll
Dependency assembly - Mono.Data.Tds.dll
Dependency assembly - System.Threading.dll
Dependency assembly - Mono.Data.Sqlite.dll
Dependency assembly - System.Data.SqlClient.dll
Dependency assembly - System.Drawing.Primitives.dll
Dependency assembly - System.Net.dll
Dependency assembly - System.Resources.ResourceManager.dll
Dependency assembly - UnityEngine.UI.dll
Dependency assembly - System.Reflection.dll
Dependency assembly - System.Runtime.Serialization.Formatters.dll
Dependency assembly - System.IO.MemoryMappedFiles.dll
Dependency assembly - System.ServiceModel.Web.dll
Dependency assembly - System.Runtime.Numerics.dll
Dependency assembly - System.ServiceProcess.dll
Dependency assembly - System.Web.ApplicationServices.dll
Dependency assembly - System.Net.Requests.dll
Dependency assembly - PICO.Platform.dll
Dependency assembly - System.Net.HttpListener.dll
Dependency assembly - System.Runtime.Serialization.Xml.dll
Dependency assembly - System.Net.Mail.dll
Dependency assembly - Assembly-CSharp.dll
Dependency assembly - System.DirectoryServices.dll
Dependency assembly - unity.webp.dll
Dependency assembly - System.AppContext.dll
Dependency assembly - Unity.VisualScripting.State.dll
Dependency assembly - System.Net.Http.WebRequest.dll
Dependency assembly - System.Buffers.dll
Dependency assembly - System.Resources.Reader.dll
Dependency assembly - System.ComponentModel.Composition.dll
Dependency assembly - System.Diagnostics.Tools.dll
Dependency assembly - System.Core.dll
Dependency assembly - System.Messaging.dll
Dependency assembly - System.ServiceModel.Activation.dll
Dependency assembly - System.Runtime.Serialization.Formatters.Soap.dll
Dependency assembly - System.Threading.AccessControl.dll
Dependency assembly - System.Security.Cryptography.Csp.dll
Dependency assembly - Unity.XR.OpenXR.dll
Dependency assembly - System.Xml.XPath.XmlDocument.dll
Dependency assembly - System.ComponentModel.DataAnnotations.dll
Dependency assembly - System.Security.Cryptography.Cng.dll
Dependency assembly - System.Reflection.Primitives.dll
Dependency assembly - System.Collections.NonGeneric.dll
Dependency assembly - Accessibility.dll
Dependency assembly - System.Net.Ping.dll
Dependency assembly - System.Web.Extensions.dll
Dependency assembly - System.Security.Cryptography.Encryption.dll
Dependency assembly - Unity.TextMeshPro.dll
Dependency assembly - System.ServiceModel.Duplex.dll
Dependency assembly - System.Security.Cryptography.Encryption.ECDsa.dll
Dependency assembly - System.Xaml.dll
Dependency assembly - System.Data.Services.Client.dll
Dependency assembly - System.Linq.Queryable.dll
Dependency assembly - System.ServiceModel.Routing.dll
Dependency assembly - System.IO.UnmanagedMemoryStream.dll
Dependency assembly - System.Text.Encoding.Extensions.dll
Dependency assembly - System.Security.AccessControl.dll
Dependency assembly - System.Windows.Forms.DataVisualization.dll
Dependency assembly - System.Net.WebHeaderCollection.dll
Dependency assembly - ControllerSample.dll
Dependency assembly - System.Security.Principal.dll
Dependency assembly - System.Numerics.dll
Dependency assembly - System.Reflection.Emit.ILGeneration.dll
Dependency assembly - Unity.InputSystem.ForUI.dll
Dependency assembly - System.Net.WebSockets.dll
Dependency assembly - Unity.XR.OpenXR.Features.OculusQuestSupport.dll
Dependency assembly - System.Runtime.Extensions.dll
Dependency assembly - System.Runtime.CompilerServices.VisualC.dll
Dependency assembly - System.Security.Cryptography.Encoding.dll
Dependency assembly - System.ServiceModel.Discovery.dll
Dependency assembly - System.Management.dll
Dependency assembly - System.Transactions.dll
Dependency assembly - System.Security.Cryptography.ProtectedData.dll
Dependency assembly - System.Resources.Writer.dll
Dependency assembly - System.Xml.XDocument.dll
Dependency assembly - Microsoft.Win32.Registry.AccessControl.dll
Dependency assembly - System.Drawing.dll
Dependency assembly - Unity.VisualScripting.Flow.dll
Dependency assembly - System.ServiceModel.Primitives.dll
Dependency assembly - System.ValueTuple.dll
Dependency assembly - Unity.XR.OpenXR.Features.RuntimeDebugger.dll
Dependency assembly - System.Runtime.Serialization.dll
Dependency assembly - System.Data.DataSetExtensions.dll
Dependency assembly - System.Runtime.Serialization.Primitives.dll
Dependency assembly - System.Security.Cryptography.Hashing.dll
Dependency assembly - System.EnterpriseServices.dll
Dependency assembly - System.Runtime.InteropServices.WindowsRuntime.dll
Dependency assembly - mscorlib.dll
Dependency assembly - System.Resources.ReaderWriter.dll
Dependency assembly - System.Diagnostics.TraceSource.dll
Dependency assembly - System.Runtime.Remoting.dll
Dependency assembly - System.Data.dll
Dependency assembly - System.Net.Sockets.dll
Dependency assembly - System.ComponentModel.dll
Dependency assembly - System.Data.Services.dll
Dependency assembly - Unity.XR.CoreUtils.dll
Dependency assembly - System.Collections.Concurrent.dll
Dependency assembly - System.Diagnostics.Process.dll
Dependency assembly - UnityEngine.SpatialTracking.dll
Dependency assembly - Unity.XR.Interaction.Toolkit.Samples.StarterAssets.dll
Dependency assembly - System.Web.DynamicData.dll
Dependency assembly - System.Xml.dll
Dependency assembly - System.Runtime.InteropServices.RuntimeInformation.dll
Dependency assembly - Unity.XR.Management.dll
Dependency assembly - System.Threading.Tasks.dll
Dependency assembly - System.IO.FileSystem.Primitives.dll
Dependency assembly - Unity.VisualScripting.Core.dll
Dependency assembly - System.Runtime.Handles.dll
Dependency assembly - System.Security.Cryptography.X509Certificates.dll
Dependency assembly - netstandard.dll
Dependency assembly - System.IO.Compression.FileSystem.dll
Dependency assembly - Unity.XR.OpenXR.Features.MockRuntime.dll
Dependency assembly - System.Security.Principal.Windows.dll
Dependency assembly - UnityGifDecoder.dll
Dependency assembly - System.Reflection.DispatchProxy.dll
Dependency assembly - System.Xml.Xsl.Primitives.dll
Dependency assembly - System.Security.Cryptography.Encryption.ECDiffieHellman.dll
Dependency assembly - System.Text.Encoding.dll
Dependency assembly - System.Net.Primitives.dll
Dependency assembly - System.ServiceModel.Internals.dll
Dependency assembly - System.Diagnostics.StackTrace.dll
Dependency assembly - System.Web.Extensions.Design.dll
Dependency assembly - System.IO.IsolatedStorage.dll
Dependency assembly - System.Diagnostics.TraceEvent.dll
Dependency assembly - System.Threading.Tasks.Extensions.dll
Dependency assembly - System.Xml.XPath.dll
Dependency assembly - System.IO.dll
Dependency assembly - System.Security.Cryptography.Encryption.Aes.dll
Dependency assembly - System.Diagnostics.Debug.dll
Dependency assembly - System.Net.Utilities.dll
Dependency assembly - System.Runtime.dll
Dependency assembly - System.ObjectModel.dll
Dependency assembly - System.Security.Cryptography.RandomNumberGenerator.dll
Dependency assembly - System.Data.Linq.dll
Dependency assembly - System.Runtime.Caching.dll
Dependency assembly - System.Diagnostics.Tracing.dll
Dependency assembly - System.Runtime.InteropServices.dll
Dependency assembly - System.Security.Claims.dll
Dependency assembly - System.Design.dll
Dependency assembly - System.Runtime.DurableInstancing.dll
Dependency assembly - System.Numerics.Vectors.dll
Dependency assembly - System.Security.dll
Dependency assembly - System.ComponentModel.TypeConverter.dll
Dependency assembly - Unity.XR.OpenXR.Features.MetaQuestSupport.dll
Dependency assembly - System.Security.Cryptography.Primitives.dll
Dependency assembly - System.Net.Http.dll
Dependency assembly - System.ServiceModel.Http.dll
Dependency assembly - System.Windows.dll
Dependency assembly - System.ComponentModel.Primitives.dll
Dependency assembly - Unity.Mathematics.dll
Dependency assembly - System.Threading.Tasks.Parallel.dll
Dependency assembly - System.IdentityModel.Selectors.dll
Dependency assembly - System.Runtime.CompilerServices.Unsafe.dll
Dependency assembly - UnityEngine.XR.LegacyInputHelpers.dll
Dependency assembly - System.Xml.XmlDocument.dll
Dependency assembly - Unity.XR.OpenXR.Features.ConformanceAutomation.dll
Dependency assembly - Unity.XR.OpenXR.Features.PICOSupport.dll
Dependency assembly - Unity.XR.OpenXRPico.dll
Dependency assembly - System.Security.Cryptography.Pkcs.dll
Dependency assembly - System.IO.FileSystem.DriveInfo.dll
Dependency assembly - System.Diagnostics.FileVersionInfo.dll
Dependency assembly - System.ServiceModel.dll
Dependency assembly - System.Reflection.Emit.dll
Dependency assembly - System.Drawing.Design.dll
Dependency assembly - System.Windows.Forms.dll
Dependency assembly - System.Reflection.Emit.Lightweight.dll
Dependency assembly - System.Xml.Linq.dll
Dependency assembly - System.Security.Cryptography.DeriveBytes.dll
Dependency assembly - System.Text.RegularExpressions.dll
Dependency assembly - System.Web.dll
Dependency assembly - System.IO.Compression.ZipFile.dll
Dependency assembly - System.Globalization.Extensions.dll
Dependency assembly - System.dll
Dependency assembly - System.Xml.Serialization.dll
Dependency assembly - System.Globalization.dll
Dependency assembly - System.ComponentModel.Annotations.dll
Dependency assembly - System.Xml.XPath.XDocument.dll
Dependency assembly - System.Net.Security.dll
Dependency assembly - System.Net.ServicePoint.dll
Dependency assembly - System.Threading.ThreadPool.dll
Dependency assembly - System.IO.FileSystem.dll
Dependency assembly - System.ServiceProcess.ServiceController.dll
Dependency assembly - System.Reflection.TypeExtensions.dll
Dependency assembly - System.Json.dll
Dependency assembly - Mono.Security.dll
Dependency assembly - System.Data.Common.dll
Dependency assembly - System.Security.Cryptography.RSA.dll
Dependency assembly - System.Collections.dll
Dependency assembly - Unity.VisualScripting.Antlr3.Runtime.dll
Dependency assembly - System.Xml.XmlSerializer.dll
Dependency assembly - Unity.InputSystem.dll
Dependency assembly - System.Data.OracleClient.dll
Dependency assembly - System.Net.AuthenticationManager.dll
Dependency assembly - System.ComponentModel.EventBasedAsync.dll
Dependency assembly - System.Security.Cryptography.Hashing.Algorithms.dll

Compressed texture export202201252311597020 is used as icon. This might compromise visual quality of the final image. Uncompressed format might be considered as better import option.
UnityEngine.StackTraceUtility:ExtractStackTrace ()
UnityEditor.BuildPipeline:BuildPlayerInternal (string[],string,string,UnityEditor.BuildTargetGroup,UnityEditor.BuildTarget,int,UnityEditor.BuildOptions,string[])
UnityEditor.BuildPipeline:BuildPlayer (string[],string,string,UnityEditor.BuildTargetGroup,UnityEditor.BuildTarget,int,UnityEditor.BuildOptions,string[])
UnityEditor.BuildPipeline:BuildPlayer (UnityEditor.BuildPlayerOptions)
QuestCraftCliBuild:BuildAndroid () (at Q:/QCXR-XR-Wrapper/Assets/Editor/QuestCraftCliBuild.cs:86)

[Q:/QCXR-XR-Wrapper/Assets/Editor/QuestCraftCliBuild.cs line 86]

Compressed texture export202201252311597020 is used as icon. This might compromise visual quality of the final image. Uncompressed format might be considered as better import option.
UnityEngine.StackTraceUtility:ExtractStackTrace ()
UnityEditor.BuildPipeline:BuildPlayerInternal (string[],string,string,UnityEditor.BuildTargetGroup,UnityEditor.BuildTarget,int,UnityEditor.BuildOptions,string[])
UnityEditor.BuildPipeline:BuildPlayer (string[],string,string,UnityEditor.BuildTargetGroup,UnityEditor.BuildTarget,int,UnityEditor.BuildOptions,string[])
UnityEditor.BuildPipeline:BuildPlayer (UnityEditor.BuildPlayerOptions)
QuestCraftCliBuild:BuildAndroid () (at Q:/QCXR-XR-Wrapper/Assets/Editor/QuestCraftCliBuild.cs:86)

[Q:/QCXR-XR-Wrapper/Assets/Editor/QuestCraftCliBuild.cs line 86]

Compressed texture export202201252311597020 is used as icon. This might compromise visual quality of the final image. Uncompressed format might be considered as better import option.
UnityEngine.StackTraceUtility:ExtractStackTrace ()
UnityEditor.BuildPipeline:BuildPlayerInternal (string[],string,string,UnityEditor.BuildTargetGroup,UnityEditor.BuildTarget,int,UnityEditor.BuildOptions,string[])
UnityEditor.BuildPipeline:BuildPlayer (string[],string,string,UnityEditor.BuildTargetGroup,UnityEditor.BuildTarget,int,UnityEditor.BuildOptions,string[])
UnityEditor.BuildPipeline:BuildPlayer (UnityEditor.BuildPlayerOptions)
QuestCraftCliBuild:BuildAndroid () (at Q:/QCXR-XR-Wrapper/Assets/Editor/QuestCraftCliBuild.cs:86)

[Q:/QCXR-XR-Wrapper/Assets/Editor/QuestCraftCliBuild.cs line 86]

Compressed texture export202201252311597020 is used as icon. This might compromise visual quality of the final image. Uncompressed format might be considered as better import option.
UnityEngine.StackTraceUtility:ExtractStackTrace ()
UnityEditor.BuildPipeline:BuildPlayerInternal (string[],string,string,UnityEditor.BuildTargetGroup,UnityEditor.BuildTarget,int,UnityEditor.BuildOptions,string[])
UnityEditor.BuildPipeline:BuildPlayer (string[],string,string,UnityEditor.BuildTargetGroup,UnityEditor.BuildTarget,int,UnityEditor.BuildOptions,string[])
UnityEditor.BuildPipeline:BuildPlayer (UnityEditor.BuildPlayerOptions)
QuestCraftCliBuild:BuildAndroid () (at Q:/QCXR-XR-Wrapper/Assets/Editor/QuestCraftCliBuild.cs:86)

[Q:/QCXR-XR-Wrapper/Assets/Editor/QuestCraftCliBuild.cs line 86]

Compressed texture export202201252311597020 is used as icon. This might compromise visual quality of the final image. Uncompressed format might be considered as better import option.
UnityEngine.StackTraceUtility:ExtractStackTrace ()
UnityEditor.BuildPipeline:BuildPlayerInternal (string[],string,string,UnityEditor.BuildTargetGroup,UnityEditor.BuildTarget,int,UnityEditor.BuildOptions,string[])
UnityEditor.BuildPipeline:BuildPlayer (string[],string,string,UnityEditor.BuildTargetGroup,UnityEditor.BuildTarget,int,UnityEditor.BuildOptions,string[])
UnityEditor.BuildPipeline:BuildPlayer (UnityEditor.BuildPlayerOptions)
QuestCraftCliBuild:BuildAndroid () (at Q:/QCXR-XR-Wrapper/Assets/Editor/QuestCraftCliBuild.cs:86)

[Q:/QCXR-XR-Wrapper/Assets/Editor/QuestCraftCliBuild.cs line 86]

Compressed texture export202201252311597020 is used as icon. This might compromise visual quality of the final image. Uncompressed format might be considered as better import option.
UnityEngine.StackTraceUtility:ExtractStackTrace ()
UnityEditor.BuildPipeline:BuildPlayerInternal (string[],string,string,UnityEditor.BuildTargetGroup,UnityEditor.BuildTarget,int,UnityEditor.BuildOptions,string[])
UnityEditor.BuildPipeline:BuildPlayer (string[],string,string,UnityEditor.BuildTargetGroup,UnityEditor.BuildTarget,int,UnityEditor.BuildOptions,string[])
UnityEditor.BuildPipeline:BuildPlayer (UnityEditor.BuildPlayerOptions)
QuestCraftCliBuild:BuildAndroid () (at Q:/QCXR-XR-Wrapper/Assets/Editor/QuestCraftCliBuild.cs:86)

[Q:/QCXR-XR-Wrapper/Assets/Editor/QuestCraftCliBuild.cs line 86]

Compressed texture export202201252311597020 is used as icon. This might compromise visual quality of the final image. Uncompressed format might be considered as better import option.
UnityEngine.StackTraceUtility:ExtractStackTrace ()
UnityEditor.BuildPipeline:BuildPlayerInternal (string[],string,string,UnityEditor.BuildTargetGroup,UnityEditor.BuildTarget,int,UnityEditor.BuildOptions,string[])
UnityEditor.BuildPipeline:BuildPlayer (string[],string,string,UnityEditor.BuildTargetGroup,UnityEditor.BuildTarget,int,UnityEditor.BuildOptions,string[])
UnityEditor.BuildPipeline:BuildPlayer (UnityEditor.BuildPlayerOptions)
QuestCraftCliBuild:BuildAndroid () (at Q:/QCXR-XR-Wrapper/Assets/Editor/QuestCraftCliBuild.cs:86)

[Q:/QCXR-XR-Wrapper/Assets/Editor/QuestCraftCliBuild.cs line 86]

Compressed texture export202201252311597020 is used as icon. This might compromise visual quality of the final image. Uncompressed format might be considered as better import option.
UnityEngine.StackTraceUtility:ExtractStackTrace ()
UnityEditor.BuildPipeline:BuildPlayerInternal (string[],string,string,UnityEditor.BuildTargetGroup,UnityEditor.BuildTarget,int,UnityEditor.BuildOptions,string[])
UnityEditor.BuildPipeline:BuildPlayer (string[],string,string,UnityEditor.BuildTargetGroup,UnityEditor.BuildTarget,int,UnityEditor.BuildOptions,string[])
UnityEditor.BuildPipeline:BuildPlayer (UnityEditor.BuildPlayerOptions)
QuestCraftCliBuild:BuildAndroid () (at Q:/QCXR-XR-Wrapper/Assets/Editor/QuestCraftCliBuild.cs:86)

[Q:/QCXR-XR-Wrapper/Assets/Editor/QuestCraftCliBuild.cs line 86]

Compressed texture export202201252311597020 is used as icon. This might compromise visual quality of the final image. Uncompressed format might be considered as better import option.
UnityEngine.StackTraceUtility:ExtractStackTrace ()
UnityEditor.BuildPipeline:BuildPlayerInternal (string[],string,string,UnityEditor.BuildTargetGroup,UnityEditor.BuildTarget,int,UnityEditor.BuildOptions,string[])
UnityEditor.BuildPipeline:BuildPlayer (string[],string,string,UnityEditor.BuildTargetGroup,UnityEditor.BuildTarget,int,UnityEditor.BuildOptions,string[])
UnityEditor.BuildPipeline:BuildPlayer (UnityEditor.BuildPlayerOptions)
QuestCraftCliBuild:BuildAndroid () (at Q:/QCXR-XR-Wrapper/Assets/Editor/QuestCraftCliBuild.cs:86)

[Q:/QCXR-XR-Wrapper/Assets/Editor/QuestCraftCliBuild.cs line 86]

Compressed texture export202201252311597020 is used as icon. This might compromise visual quality of the final image. Uncompressed format might be considered as better import option.
UnityEngine.StackTraceUtility:ExtractStackTrace ()
UnityEditor.BuildPipeline:BuildPlayerInternal (string[],string,string,UnityEditor.BuildTargetGroup,UnityEditor.BuildTarget,int,UnityEditor.BuildOptions,string[])
UnityEditor.BuildPipeline:BuildPlayer (string[],string,string,UnityEditor.BuildTargetGroup,UnityEditor.BuildTarget,int,UnityEditor.BuildOptions,string[])
UnityEditor.BuildPipeline:BuildPlayer (UnityEditor.BuildPlayerOptions)
QuestCraftCliBuild:BuildAndroid () (at Q:/QCXR-XR-Wrapper/Assets/Editor/QuestCraftCliBuild.cs:86)

[Q:/QCXR-XR-Wrapper/Assets/Editor/QuestCraftCliBuild.cs line 86]

Compressed texture export202201252311597020 is used as icon. This might compromise visual quality of the final image. Uncompressed format might be considered as better import option.
UnityEngine.StackTraceUtility:ExtractStackTrace ()
UnityEditor.BuildPipeline:BuildPlayerInternal (string[],string,string,UnityEditor.BuildTargetGroup,UnityEditor.BuildTarget,int,UnityEditor.BuildOptions,string[])
UnityEditor.BuildPipeline:BuildPlayer (string[],string,string,UnityEditor.BuildTargetGroup,UnityEditor.BuildTarget,int,UnityEditor.BuildOptions,string[])
UnityEditor.BuildPipeline:BuildPlayer (UnityEditor.BuildPlayerOptions)
QuestCraftCliBuild:BuildAndroid () (at Q:/QCXR-XR-Wrapper/Assets/Editor/QuestCraftCliBuild.cs:86)

[Q:/QCXR-XR-Wrapper/Assets/Editor/QuestCraftCliBuild.cs line 86]

Compressed texture export202201252311597020 is used as icon. This might compromise visual quality of the final image. Uncompressed format might be considered as better import option.
UnityEngine.StackTraceUtility:ExtractStackTrace ()
UnityEditor.BuildPipeline:BuildPlayerInternal (string[],string,string,UnityEditor.BuildTargetGroup,UnityEditor.BuildTarget,int,UnityEditor.BuildOptions,string[])
UnityEditor.BuildPipeline:BuildPlayer (string[],string,string,UnityEditor.BuildTargetGroup,UnityEditor.BuildTarget,int,UnityEditor.BuildOptions,string[])
UnityEditor.BuildPipeline:BuildPlayer (UnityEditor.BuildPlayerOptions)
QuestCraftCliBuild:BuildAndroid () (at Q:/QCXR-XR-Wrapper/Assets/Editor/QuestCraftCliBuild.cs:86)

[Q:/QCXR-XR-Wrapper/Assets/Editor/QuestCraftCliBuild.cs line 86]

Compressed texture export202201252311597020 is used as icon. This might compromise visual quality of the final image. Uncompressed format might be considered as better import option.
UnityEngine.StackTraceUtility:ExtractStackTrace ()
UnityEditor.BuildPipeline:BuildPlayerInternal (string[],string,string,UnityEditor.BuildTargetGroup,UnityEditor.BuildTarget,int,UnityEditor.BuildOptions,string[])
UnityEditor.BuildPipeline:BuildPlayer (string[],string,string,UnityEditor.BuildTargetGroup,UnityEditor.BuildTarget,int,UnityEditor.BuildOptions,string[])
UnityEditor.BuildPipeline:BuildPlayer (UnityEditor.BuildPlayerOptions)
QuestCraftCliBuild:BuildAndroid () (at Q:/QCXR-XR-Wrapper/Assets/Editor/QuestCraftCliBuild.cs:86)

[Q:/QCXR-XR-Wrapper/Assets/Editor/QuestCraftCliBuild.cs line 86]

Compressed texture export202201252311597020 is used as icon. This might compromise visual quality of the final image. Uncompressed format might be considered as better import option.
UnityEngine.StackTraceUtility:ExtractStackTrace ()
UnityEditor.BuildPipeline:BuildPlayerInternal (string[],string,string,UnityEditor.BuildTargetGroup,UnityEditor.BuildTarget,int,UnityEditor.BuildOptions,string[])
UnityEditor.BuildPipeline:BuildPlayer (string[],string,string,UnityEditor.BuildTargetGroup,UnityEditor.BuildTarget,int,UnityEditor.BuildOptions,string[])
UnityEditor.BuildPipeline:BuildPlayer (UnityEditor.BuildPlayerOptions)
QuestCraftCliBuild:BuildAndroid () (at Q:/QCXR-XR-Wrapper/Assets/Editor/QuestCraftCliBuild.cs:86)

[Q:/QCXR-XR-Wrapper/Assets/Editor/QuestCraftCliBuild.cs line 86]

Compressed texture export202201252311597020 is used as icon. This might compromise visual quality of the final image. Uncompressed format might be considered as better import option.
UnityEngine.StackTraceUtility:ExtractStackTrace ()
UnityEditor.BuildPipeline:BuildPlayerInternal (string[],string,string,UnityEditor.BuildTargetGroup,UnityEditor.BuildTarget,int,UnityEditor.BuildOptions,string[])
UnityEditor.BuildPipeline:BuildPlayer (string[],string,string,UnityEditor.BuildTargetGroup,UnityEditor.BuildTarget,int,UnityEditor.BuildOptions,string[])
UnityEditor.BuildPipeline:BuildPlayer (UnityEditor.BuildPlayerOptions)
QuestCraftCliBuild:BuildAndroid () (at Q:/QCXR-XR-Wrapper/Assets/Editor/QuestCraftCliBuild.cs:86)

[Q:/QCXR-XR-Wrapper/Assets/Editor/QuestCraftCliBuild.cs line 86]

Compressed texture export202201252311597020 is used as icon. This might compromise visual quality of the final image. Uncompressed format might be considered as better import option.
UnityEngine.StackTraceUtility:ExtractStackTrace ()
UnityEditor.BuildPipeline:BuildPlayerInternal (string[],string,string,UnityEditor.BuildTargetGroup,UnityEditor.BuildTarget,int,UnityEditor.BuildOptions,string[])
UnityEditor.BuildPipeline:BuildPlayer (string[],string,string,UnityEditor.BuildTargetGroup,UnityEditor.BuildTarget,int,UnityEditor.BuildOptions,string[])
UnityEditor.BuildPipeline:BuildPlayer (UnityEditor.BuildPlayerOptions)
QuestCraftCliBuild:BuildAndroid () (at Q:/QCXR-XR-Wrapper/Assets/Editor/QuestCraftCliBuild.cs:86)

[Q:/QCXR-XR-Wrapper/Assets/Editor/QuestCraftCliBuild.cs line 86]

Compressed texture export202201252311597020 is used as icon. This might compromise visual quality of the final image. Uncompressed format might be considered as better import option.
UnityEngine.StackTraceUtility:ExtractStackTrace ()
UnityEditor.BuildPipeline:BuildPlayerInternal (string[],string,string,UnityEditor.BuildTargetGroup,UnityEditor.BuildTarget,int,UnityEditor.BuildOptions,string[])
UnityEditor.BuildPipeline:BuildPlayer (string[],string,string,UnityEditor.BuildTargetGroup,UnityEditor.BuildTarget,int,UnityEditor.BuildOptions,string[])
UnityEditor.BuildPipeline:BuildPlayer (UnityEditor.BuildPlayerOptions)
QuestCraftCliBuild:BuildAndroid () (at Q:/QCXR-XR-Wrapper/Assets/Editor/QuestCraftCliBuild.cs:86)

[Q:/QCXR-XR-Wrapper/Assets/Editor/QuestCraftCliBuild.cs line 86]

Compressed texture export202201252311597020 is used as icon. This might compromise visual quality of the final image. Uncompressed format might be considered as better import option.
UnityEngine.StackTraceUtility:ExtractStackTrace ()
UnityEditor.BuildPipeline:BuildPlayerInternal (string[],string,string,UnityEditor.BuildTargetGroup,UnityEditor.BuildTarget,int,UnityEditor.BuildOptions,string[])
UnityEditor.BuildPipeline:BuildPlayer (string[],string,string,UnityEditor.BuildTargetGroup,UnityEditor.BuildTarget,int,UnityEditor.BuildOptions,string[])
UnityEditor.BuildPipeline:BuildPlayer (UnityEditor.BuildPlayerOptions)
QuestCraftCliBuild:BuildAndroid () (at Q:/QCXR-XR-Wrapper/Assets/Editor/QuestCraftCliBuild.cs:86)

[Q:/QCXR-XR-Wrapper/Assets/Editor/QuestCraftCliBuild.cs line 86]

DisplayProgressbar: Initializing
Android PostProcess task "Initializing" took 0.5807 ms
DisplayProgressbar: Check gradle project collisions
Android PostProcess task "Check gradle project collisions" took 0.2793 ms
DisplayProgressbar: Preparing banner
Android PostProcess task "Preparing banner" took 0.4282 ms
info: Microsoft.AspNetCore.Hosting.Diagnostics[1]
      Request starting HTTP/2 POST http://ilpp/UnityILPP.PostProcessing/Ping application/grpc -
info: Microsoft.AspNetCore.Routing.EndpointMiddleware[0]
      Executing endpoint 'gRPC - /UnityILPP.PostProcessing/Ping'
info: Microsoft.AspNetCore.Routing.EndpointMiddleware[1]
      Executed endpoint 'gRPC - /UnityILPP.PostProcessing/Ping'
info: Microsoft.AspNetCore.Hosting.Diagnostics[2]
      Request finished HTTP/2 POST http://ilpp/UnityILPP.PostProcessing/Ping application/grpc - - 200 - application/grpc 0.5646ms
Plugin 'Packages/com.netpyoung.webp/Plugins/Android/libs/arm64-v8a/libwebpmux.so' is not 16KB-aligned. This may cause issues on ARM64 devices running Android 15+.
More info: <a href="https://developer.android.com/guide/practices/page-sizes">https://developer.android.com/guide/practices/page-sizes</a>.
UnityEngine.StackTraceUtility:ExtractStackTrace ()
UnityEngine.DebugLogHandler:LogFormat (UnityEngine.LogType,UnityEngine.Object,string,object[])
UnityEngine.Logger:Log (UnityEngine.LogType,object)
UnityEngine.Debug:LogWarning (object)
UnityEditor.Android.AndroidBuildPostprocessor:CollectPlugin (string,Unity.Android.Types.AndroidArchitecture,System.Collections.Generic.Dictionary`2<string, UnityEditor.Android.AndroidBuildPostprocessor/AndroidSourcePlugin>,bool) (at /home/bokken/build/output/unity/unity/PlatformDependent/AndroidPlayer/Editor/Managed/ExtensionModule.cs:407)
UnityEditor.Android.AndroidBuildPostprocessor:PluginsDataFor (UnityEditor.Modules.BuildPostProcessArgs) (at /home/bokken/build/output/unity/unity/PlatformDependent/AndroidPlayer/Editor/Managed/ExtensionModule.cs:470)
UnityEditor.Modules.BeeBuildPostprocessor/<GetDataForBuildProgramFor>d__49:MoveNext ()
UnityEditor.Android.AndroidBuildPostprocessor/<GetDataForBuildProgramFor>d__29:MoveNext () (at /home/bokken/build/output/unity/unity/PlatformDependent/AndroidPlayer/Editor/Managed/ExtensionModule.cs:730)
System.Linq.Enumerable/WhereEnumerableIterator`1<object>:MoveNext ()
Bee.BeeDriver.BeeDriver:WriteDataForBuildProgram (Bee.BeeDriver.InternalState,System.Threading.Tasks.TaskCompletionSource`1<int>)
Bee.BeeDriver.BeeDriver/<>c__DisplayClass0_0:<BuildAsync>g__WriteData|0 ()
Bee.BeeDriver.BeeDriver:BuildAsync (Bee.BeeDriver.BuildRequest,System.Threading.CancellationToken)
UnityEditor.Modules.BeeBuildPostprocessor:PostProcess (UnityEditor.Modules.BuildPostProcessArgs)
UnityEditor.Modules.DefaultBuildPostprocessor:PostProcess (UnityEditor.Modules.BuildPostProcessArgs,UnityEditor.BuildProperties&)
UnityEditor.Android.AndroidBuildPostprocessor:PostProcess (UnityEditor.Modules.BuildPostProcessArgs,UnityEditor.BuildProperties&) (at /home/bokken/build/output/unity/unity/PlatformDependent/AndroidPlayer/Editor/Managed/ExtensionModule.cs:228)
UnityEditor.PostprocessBuildPlayer:Postprocess (UnityEditor.BuildTargetGroup,UnityEditor.BuildTarget,int,string,string,string,int,int,UnityEditor.BuildOptions,UnityEditor.RuntimeClassRegistry,UnityEditor.Build.Reporting.BuildReport)
UnityEditor.BuildPipeline:BuildPlayerInternal (string[],string,string,UnityEditor.BuildTargetGroup,UnityEditor.BuildTarget,int,UnityEditor.BuildOptions,string[])
UnityEditor.BuildPipeline:BuildPlayer (string[],string,string,UnityEditor.BuildTargetGroup,UnityEditor.BuildTarget,int,UnityEditor.BuildOptions,string[])
UnityEditor.BuildPipeline:BuildPlayer (UnityEditor.BuildPlayerOptions)
QuestCraftCliBuild:BuildAndroid () (at Q:/QCXR-XR-Wrapper/Assets/Editor/QuestCraftCliBuild.cs:86)

(Filename: /home/bokken/build/output/unity/unity/PlatformDependent/AndroidPlayer/Editor/Managed/ExtensionModule.cs Line: 407)

Plugin 'Packages/com.netpyoung.webp/Plugins/Android/libs/arm64-v8a/libwebpdemux.so' is not 16KB-aligned. This may cause issues on ARM64 devices running Android 15+.
More info: <a href="https://developer.android.com/guide/practices/page-sizes">https://developer.android.com/guide/practices/page-sizes</a>.
UnityEngine.StackTraceUtility:ExtractStackTrace ()
UnityEngine.DebugLogHandler:LogFormat (UnityEngine.LogType,UnityEngine.Object,string,object[])
UnityEngine.Logger:Log (UnityEngine.LogType,object)
UnityEngine.Debug:LogWarning (object)
UnityEditor.Android.AndroidBuildPostprocessor:CollectPlugin (string,Unity.Android.Types.AndroidArchitecture,System.Collections.Generic.Dictionary`2<string, UnityEditor.Android.AndroidBuildPostprocessor/AndroidSourcePlugin>,bool) (at /home/bokken/build/output/unity/unity/PlatformDependent/AndroidPlayer/Editor/Managed/ExtensionModule.cs:407)
UnityEditor.Android.AndroidBuildPostprocessor:PluginsDataFor (UnityEditor.Modules.BuildPostProcessArgs) (at /home/bokken/build/output/unity/unity/PlatformDependent/AndroidPlayer/Editor/Managed/ExtensionModule.cs:470)
UnityEditor.Modules.BeeBuildPostprocessor/<GetDataForBuildProgramFor>d__49:MoveNext ()
UnityEditor.Android.AndroidBuildPostprocessor/<GetDataForBuildProgramFor>d__29:MoveNext () (at /home/bokken/build/output/unity/unity/PlatformDependent/AndroidPlayer/Editor/Managed/ExtensionModule.cs:730)
System.Linq.Enumerable/WhereEnumerableIterator`1<object>:MoveNext ()
Bee.BeeDriver.BeeDriver:WriteDataForBuildProgram (Bee.BeeDriver.InternalState,System.Threading.Tasks.TaskCompletionSource`1<int>)
Bee.BeeDriver.BeeDriver/<>c__DisplayClass0_0:<BuildAsync>g__WriteData|0 ()
Bee.BeeDriver.BeeDriver:BuildAsync (Bee.BeeDriver.BuildRequest,System.Threading.CancellationToken)
UnityEditor.Modules.BeeBuildPostprocessor:PostProcess (UnityEditor.Modules.BuildPostProcessArgs)
UnityEditor.Modules.DefaultBuildPostprocessor:PostProcess (UnityEditor.Modules.BuildPostProcessArgs,UnityEditor.BuildProperties&)
UnityEditor.Android.AndroidBuildPostprocessor:PostProcess (UnityEditor.Modules.BuildPostProcessArgs,UnityEditor.BuildProperties&) (at /home/bokken/build/output/unity/unity/PlatformDependent/AndroidPlayer/Editor/Managed/ExtensionModule.cs:228)
UnityEditor.PostprocessBuildPlayer:Postprocess (UnityEditor.BuildTargetGroup,UnityEditor.BuildTarget,int,string,string,string,int,int,UnityEditor.BuildOptions,UnityEditor.RuntimeClassRegistry,UnityEditor.Build.Reporting.BuildReport)
UnityEditor.BuildPipeline:BuildPlayerInternal (string[],string,string,UnityEditor.BuildTargetGroup,UnityEditor.BuildTarget,int,UnityEditor.BuildOptions,string[])
UnityEditor.BuildPipeline:BuildPlayer (string[],string,string,UnityEditor.BuildTargetGroup,UnityEditor.BuildTarget,int,UnityEditor.BuildOptions,string[])
UnityEditor.BuildPipeline:BuildPlayer (UnityEditor.BuildPlayerOptions)
QuestCraftCliBuild:BuildAndroid () (at Q:/QCXR-XR-Wrapper/Assets/Editor/QuestCraftCliBuild.cs:86)

(Filename: /home/bokken/build/output/unity/unity/PlatformDependent/AndroidPlayer/Editor/Managed/ExtensionModule.cs Line: 407)

Plugin 'Packages/com.unity.xr.openxr/Runtime/android/arm64/libUnityOpenXR.so' is not 16KB-aligned. This may cause issues on ARM64 devices running Android 15+.
More info: <a href="https://developer.android.com/guide/practices/page-sizes">https://developer.android.com/guide/practices/page-sizes</a>.
UnityEngine.StackTraceUtility:ExtractStackTrace ()
UnityEngine.DebugLogHandler:LogFormat (UnityEngine.LogType,UnityEngine.Object,string,object[])
UnityEngine.Logger:Log (UnityEngine.LogType,object)
UnityEngine.Debug:LogWarning (object)
UnityEditor.Android.AndroidBuildPostprocessor:CollectPlugin (string,Unity.Android.Types.AndroidArchitecture,System.Collections.Generic.Dictionary`2<string, UnityEditor.Android.AndroidBuildPostprocessor/AndroidSourcePlugin>,bool) (at /home/bokken/build/output/unity/unity/PlatformDependent/AndroidPlayer/Editor/Managed/ExtensionModule.cs:407)
UnityEditor.Android.AndroidBuildPostprocessor:PluginsDataFor (UnityEditor.Modules.BuildPostProcessArgs) (at /home/bokken/build/output/unity/unity/PlatformDependent/AndroidPlayer/Editor/Managed/ExtensionModule.cs:470)
UnityEditor.Modules.BeeBuildPostprocessor/<GetDataForBuildProgramFor>d__49:MoveNext ()
UnityEditor.Android.AndroidBuildPostprocessor/<GetDataForBuildProgramFor>d__29:MoveNext () (at /home/bokken/build/output/unity/unity/PlatformDependent/AndroidPlayer/Editor/Managed/ExtensionModule.cs:730)
System.Linq.Enumerable/WhereEnumerableIterator`1<object>:MoveNext ()
Bee.BeeDriver.BeeDriver:WriteDataForBuildProgram (Bee.BeeDriver.InternalState,System.Threading.Tasks.TaskCompletionSource`1<int>)
Bee.BeeDriver.BeeDriver/<>c__DisplayClass0_0:<BuildAsync>g__WriteData|0 ()
Bee.BeeDriver.BeeDriver:BuildAsync (Bee.BeeDriver.BuildRequest,System.Threading.CancellationToken)
UnityEditor.Modules.BeeBuildPostprocessor:PostProcess (UnityEditor.Modules.BuildPostProcessArgs)
UnityEditor.Modules.DefaultBuildPostprocessor:PostProcess (UnityEditor.Modules.BuildPostProcessArgs,UnityEditor.BuildProperties&)
UnityEditor.Android.AndroidBuildPostprocessor:PostProcess (UnityEditor.Modules.BuildPostProcessArgs,UnityEditor.BuildProperties&) (at /home/bokken/build/output/unity/unity/PlatformDependent/AndroidPlayer/Editor/Managed/ExtensionModule.cs:228)
UnityEditor.PostprocessBuildPlayer:Postprocess (UnityEditor.BuildTargetGroup,UnityEditor.BuildTarget,int,string,string,string,int,int,UnityEditor.BuildOptions,UnityEditor.RuntimeClassRegistry,UnityEditor.Build.Reporting.BuildReport)
UnityEditor.BuildPipeline:BuildPlayerInternal (string[],string,string,UnityEditor.BuildTargetGroup,UnityEditor.BuildTarget,int,UnityEditor.BuildOptions,string[])
UnityEditor.BuildPipeline:BuildPlayer (string[],string,string,UnityEditor.BuildTargetGroup,UnityEditor.BuildTarget,int,UnityEditor.BuildOptions,string[])
UnityEditor.BuildPipeline:BuildPlayer (UnityEditor.BuildPlayerOptions)
QuestCraftCliBuild:BuildAndroid () (at Q:/QCXR-XR-Wrapper/Assets/Editor/QuestCraftCliBuild.cs:86)

(Filename: /home/bokken/build/output/unity/unity/PlatformDependent/AndroidPlayer/Editor/Managed/ExtensionModule.cs Line: 407)

Plugin 'Packages/com.netpyoung.webp/Plugins/Android/libs/arm64-v8a/libwebp.so' is not 16KB-aligned. This may cause issues on ARM64 devices running Android 15+.
More info: <a href="https://developer.android.com/guide/practices/page-sizes">https://developer.android.com/guide/practices/page-sizes</a>.
UnityEngine.StackTraceUtility:ExtractStackTrace ()
UnityEngine.DebugLogHandler:LogFormat (UnityEngine.LogType,UnityEngine.Object,string,object[])
UnityEngine.Logger:Log (UnityEngine.LogType,object)
UnityEngine.Debug:LogWarning (object)
UnityEditor.Android.AndroidBuildPostprocessor:CollectPlugin (string,Unity.Android.Types.AndroidArchitecture,System.Collections.Generic.Dictionary`2<string, UnityEditor.Android.AndroidBuildPostprocessor/AndroidSourcePlugin>,bool) (at /home/bokken/build/output/unity/unity/PlatformDependent/AndroidPlayer/Editor/Managed/ExtensionModule.cs:407)
UnityEditor.Android.AndroidBuildPostprocessor:PluginsDataFor (UnityEditor.Modules.BuildPostProcessArgs) (at /home/bokken/build/output/unity/unity/PlatformDependent/AndroidPlayer/Editor/Managed/ExtensionModule.cs:470)
UnityEditor.Modules.BeeBuildPostprocessor/<GetDataForBuildProgramFor>d__49:MoveNext ()
UnityEditor.Android.AndroidBuildPostprocessor/<GetDataForBuildProgramFor>d__29:MoveNext () (at /home/bokken/build/output/unity/unity/PlatformDependent/AndroidPlayer/Editor/Managed/ExtensionModule.cs:730)
System.Linq.Enumerable/WhereEnumerableIterator`1<object>:MoveNext ()
Bee.BeeDriver.BeeDriver:WriteDataForBuildProgram (Bee.BeeDriver.InternalState,System.Threading.Tasks.TaskCompletionSource`1<int>)
Bee.BeeDriver.BeeDriver/<>c__DisplayClass0_0:<BuildAsync>g__WriteData|0 ()
Bee.BeeDriver.BeeDriver:BuildAsync (Bee.BeeDriver.BuildRequest,System.Threading.CancellationToken)
UnityEditor.Modules.BeeBuildPostprocessor:PostProcess (UnityEditor.Modules.BuildPostProcessArgs)
UnityEditor.Modules.DefaultBuildPostprocessor:PostProcess (UnityEditor.Modules.BuildPostProcessArgs,UnityEditor.BuildProperties&)
UnityEditor.Android.AndroidBuildPostprocessor:PostProcess (UnityEditor.Modules.BuildPostProcessArgs,UnityEditor.BuildProperties&) (at /home/bokken/build/output/unity/unity/PlatformDependent/AndroidPlayer/Editor/Managed/ExtensionModule.cs:228)
UnityEditor.PostprocessBuildPlayer:Postprocess (UnityEditor.BuildTargetGroup,UnityEditor.BuildTarget,int,string,string,string,int,int,UnityEditor.BuildOptions,UnityEditor.RuntimeClassRegistry,UnityEditor.Build.Reporting.BuildReport)
UnityEditor.BuildPipeline:BuildPlayerInternal (string[],string,string,UnityEditor.BuildTargetGroup,UnityEditor.BuildTarget,int,UnityEditor.BuildOptions,string[])
UnityEditor.BuildPipeline:BuildPlayer (string[],string,string,UnityEditor.BuildTargetGroup,UnityEditor.BuildTarget,int,UnityEditor.BuildOptions,string[])
UnityEditor.BuildPipeline:BuildPlayer (UnityEditor.BuildPlayerOptions)
QuestCraftCliBuild:BuildAndroid () (at Q:/QCXR-XR-Wrapper/Assets/Editor/QuestCraftCliBuild.cs:86)

(Filename: /home/bokken/build/output/unity/unity/PlatformDependent/AndroidPlayer/Editor/Managed/ExtensionModule.cs Line: 407)

Plugin 'Packages/com.unity.xr.openxr.picoxr/Platform/Plugins/Android64/libpxrplatformloader.so' is not 16KB-aligned. This may cause issues on ARM64 devices running Android 15+.
More info: <a href="https://developer.android.com/guide/practices/page-sizes">https://developer.android.com/guide/practices/page-sizes</a>.
UnityEngine.StackTraceUtility:ExtractStackTrace ()
UnityEngine.DebugLogHandler:LogFormat (UnityEngine.LogType,UnityEngine.Object,string,object[])
UnityEngine.Logger:Log (UnityEngine.LogType,object)
UnityEngine.Debug:LogWarning (object)
UnityEditor.Android.AndroidBuildPostprocessor:CollectPlugin (string,Unity.Android.Types.AndroidArchitecture,System.Collections.Generic.Dictionary`2<string, UnityEditor.Android.AndroidBuildPostprocessor/AndroidSourcePlugin>,bool) (at /home/bokken/build/output/unity/unity/PlatformDependent/AndroidPlayer/Editor/Managed/ExtensionModule.cs:407)
UnityEditor.Android.AndroidBuildPostprocessor:PluginsDataFor (UnityEditor.Modules.BuildPostProcessArgs) (at /home/bokken/build/output/unity/unity/PlatformDependent/AndroidPlayer/Editor/Managed/ExtensionModule.cs:470)
UnityEditor.Modules.BeeBuildPostprocessor/<GetDataForBuildProgramFor>d__49:MoveNext ()
UnityEditor.Android.AndroidBuildPostprocessor/<GetDataForBuildProgramFor>d__29:MoveNext () (at /home/bokken/build/output/unity/unity/PlatformDependent/AndroidPlayer/Editor/Managed/ExtensionModule.cs:730)
System.Linq.Enumerable/WhereEnumerableIterator`1<object>:MoveNext ()
Bee.BeeDriver.BeeDriver:WriteDataForBuildProgram (Bee.BeeDriver.InternalState,System.Threading.Tasks.TaskCompletionSource`1<int>)
Bee.BeeDriver.BeeDriver/<>c__DisplayClass0_0:<BuildAsync>g__WriteData|0 ()
Bee.BeeDriver.BeeDriver:BuildAsync (Bee.BeeDriver.BuildRequest,System.Threading.CancellationToken)
UnityEditor.Modules.BeeBuildPostprocessor:PostProcess (UnityEditor.Modules.BuildPostProcessArgs)
UnityEditor.Modules.DefaultBuildPostprocessor:PostProcess (UnityEditor.Modules.BuildPostProcessArgs,UnityEditor.BuildProperties&)
UnityEditor.Android.AndroidBuildPostprocessor:PostProcess (UnityEditor.Modules.BuildPostProcessArgs,UnityEditor.BuildProperties&) (at /home/bokken/build/output/unity/unity/PlatformDependent/AndroidPlayer/Editor/Managed/ExtensionModule.cs:228)
UnityEditor.PostprocessBuildPlayer:Postprocess (UnityEditor.BuildTargetGroup,UnityEditor.BuildTarget,int,string,string,string,int,int,UnityEditor.BuildOptions,UnityEditor.RuntimeClassRegistry,UnityEditor.Build.Reporting.BuildReport)
UnityEditor.BuildPipeline:BuildPlayerInternal (string[],string,string,UnityEditor.BuildTargetGroup,UnityEditor.BuildTarget,int,UnityEditor.BuildOptions,string[])
UnityEditor.BuildPipeline:BuildPlayer (string[],string,string,UnityEditor.BuildTargetGroup,UnityEditor.BuildTarget,int,UnityEditor.BuildOptions,string[])
UnityEditor.BuildPipeline:BuildPlayer (UnityEditor.BuildPlayerOptions)
QuestCraftCliBuild:BuildAndroid () (at Q:/QCXR-XR-Wrapper/Assets/Editor/QuestCraftCliBuild.cs:86)

(Filename: /home/bokken/build/output/unity/unity/PlatformDependent/AndroidPlayer/Editor/Managed/ExtensionModule.cs Line: 407)

Plugin 'Packages/com.netpyoung.webp/Plugins/Android/libs/arm64-v8a/libwebpdecoder.so' is not 16KB-aligned. This may cause issues on ARM64 devices running Android 15+.
More info: <a href="https://developer.android.com/guide/practices/page-sizes">https://developer.android.com/guide/practices/page-sizes</a>.
UnityEngine.StackTraceUtility:ExtractStackTrace ()
UnityEngine.DebugLogHandler:LogFormat (UnityEngine.LogType,UnityEngine.Object,string,object[])
UnityEngine.Logger:Log (UnityEngine.LogType,object)
UnityEngine.Debug:LogWarning (object)
UnityEditor.Android.AndroidBuildPostprocessor:CollectPlugin (string,Unity.Android.Types.AndroidArchitecture,System.Collections.Generic.Dictionary`2<string, UnityEditor.Android.AndroidBuildPostprocessor/AndroidSourcePlugin>,bool) (at /home/bokken/build/output/unity/unity/PlatformDependent/AndroidPlayer/Editor/Managed/ExtensionModule.cs:407)
UnityEditor.Android.AndroidBuildPostprocessor:PluginsDataFor (UnityEditor.Modules.BuildPostProcessArgs) (at /home/bokken/build/output/unity/unity/PlatformDependent/AndroidPlayer/Editor/Managed/ExtensionModule.cs:470)
UnityEditor.Modules.BeeBuildPostprocessor/<GetDataForBuildProgramFor>d__49:MoveNext ()
UnityEditor.Android.AndroidBuildPostprocessor/<GetDataForBuildProgramFor>d__29:MoveNext () (at /home/bokken/build/output/unity/unity/PlatformDependent/AndroidPlayer/Editor/Managed/ExtensionModule.cs:730)
System.Linq.Enumerable/WhereEnumerableIterator`1<object>:MoveNext ()
Bee.BeeDriver.BeeDriver:WriteDataForBuildProgram (Bee.BeeDriver.InternalState,System.Threading.Tasks.TaskCompletionSource`1<int>)
Bee.BeeDriver.BeeDriver/<>c__DisplayClass0_0:<BuildAsync>g__WriteData|0 ()
Bee.BeeDriver.BeeDriver:BuildAsync (Bee.BeeDriver.BuildRequest,System.Threading.CancellationToken)
UnityEditor.Modules.BeeBuildPostprocessor:PostProcess (UnityEditor.Modules.BuildPostProcessArgs)
UnityEditor.Modules.DefaultBuildPostprocessor:PostProcess (UnityEditor.Modules.BuildPostProcessArgs,UnityEditor.BuildProperties&)
UnityEditor.Android.AndroidBuildPostprocessor:PostProcess (UnityEditor.Modules.BuildPostProcessArgs,UnityEditor.BuildProperties&) (at /home/bokken/build/output/unity/unity/PlatformDependent/AndroidPlayer/Editor/Managed/ExtensionModule.cs:228)
UnityEditor.PostprocessBuildPlayer:Postprocess (UnityEditor.BuildTargetGroup,UnityEditor.BuildTarget,int,string,string,string,int,int,UnityEditor.BuildOptions,UnityEditor.RuntimeClassRegistry,UnityEditor.Build.Reporting.BuildReport)
UnityEditor.BuildPipeline:BuildPlayerInternal (string[],string,string,UnityEditor.BuildTargetGroup,UnityEditor.BuildTarget,int,UnityEditor.BuildOptions,string[])
UnityEditor.BuildPipeline:BuildPlayer (string[],string,string,UnityEditor.BuildTargetGroup,UnityEditor.BuildTarget,int,UnityEditor.BuildOptions,string[])
UnityEditor.BuildPipeline:BuildPlayer (UnityEditor.BuildPlayerOptions)
QuestCraftCliBuild:BuildAndroid () (at Q:/QCXR-XR-Wrapper/Assets/Editor/QuestCraftCliBuild.cs:86)

(Filename: /home/bokken/build/output/unity/unity/PlatformDependent/AndroidPlayer/Editor/Managed/ExtensionModule.cs Line: 407)

Starting: C:\Program Files\Unity\Hub\Editor\2022.3.62f3\Editor\Data\bee_backend.exe --ipc --dagfile="Library/Bee/Player5c7f526e.dag" --profile="Library/Bee/backend1.traceevents" Player
WorkingDir: C:/Users/User/Documents/QuestCraft v26/QCXR-XR-Wrapper
DisplayProgressbar: Incremental Player Build
[ 271/1292  0s] CopyFiles C:/Users/User/Documents/QuestCraft v26/QCXR-XR-Wrapper/Library/Bee/Android/Prj/IL2CPP/Gradle/unityLibrary/src/main/jniLibs/arm64-v8a/libmain.so
[ 272/1292  0s] CopyFiles C:/Users/User/Documents/QuestCraft v26/QCXR-XR-Wrapper/Library/Bee/Android/Prj/IL2CPP/Gradle/unityLibrary/src/main/assets/bin/Data/sharedassets0.assets.split38
[ 273/1292  0s] CopyFiles C:/Users/User/Documents/QuestCraft v26/QCXR-XR-Wrapper/Library/Bee/Android/Prj/IL2CPP/Gradle/unityLibrary/src/main/assets/bin/Data/sharedassets0.assets.split39
[ 274/1292  0s] CopyFiles C:/Users/User/Documents/QuestCraft v26/QCXR-XR-Wrapper/Library/Bee/Android/Prj/IL2CPP/Gradle/unityLibrary/src/main/assets/bin/Data/sharedassets0.assets.split36
[ 275/1292  0s] CopyFiles C:/Users/User/Documents/QuestCraft v26/QCXR-XR-Wrapper/Library/Bee/Android/Prj/IL2CPP/Gradle/unityLibrary/src/main/assets/bin/Data/sharedassets0.assets.split33
[ 277/1292  0s] CopyFiles C:/Users/User/Documents/QuestCraft v26/QCXR-XR-Wrapper/Library/Bee/Android/Prj/IL2CPP/Gradle/unityLibrary/src/main/assets/bin/Data/sharedassets0.assets.split12
[ 278/1292  0s] CopyFiles C:/Users/User/Documents/QuestCraft v26/QCXR-XR-Wrapper/Library/Bee/Android/Prj/IL2CPP/Gradle/unityLibrary/src/main/assets/bin/Data/level0
[ 279/1292  0s] CopyFiles C:/Users/User/Documents/QuestCraft v26/QCXR-XR-Wrapper/Library/Bee/Android/Prj/IL2CPP/Gradle/unityLibrary/src/main/assets/bin/Data/sharedassets0.assets.split22
[ 280/1292  0s] CopyFiles C:/Users/User/Documents/QuestCraft v26/QCXR-XR-Wrapper/Library/Bee/Android/Prj/IL2CPP/Gradle/unityLibrary/src/main/assets/bin/Data/globalgamemanagers.assets.split1
[ 281/1292  0s] CopyFiles C:/Users/User/Documents/QuestCraft v26/QCXR-XR-Wrapper/Library/Bee/Android/Prj/IL2CPP/Gradle/unityLibrary/src/main/assets/bin/Data/sharedassets0.assets.split16
[ 282/1292  0s] CopyFiles C:/Users/User/Documents/QuestCraft v26/QCXR-XR-Wrapper/Library/Bee/Android/Prj/IL2CPP/Gradle/unityLibrary/src/main/assets/bin/Data/globalgamemanagers.assets.split0
[ 283/1292  0s] CopyFiles C:/Users/User/Documents/QuestCraft v26/QCXR-XR-Wrapper/Library/Bee/Android/Prj/IL2CPP/Gradle/unityLibrary/src/main/assets/bin/Data/boot.config
[ 284/1292  0s] CopyFiles C:/Users/User/Documents/QuestCraft v26/QCXR-XR-Wrapper/Library/Bee/Android/Prj/IL2CPP/Gradle/unityLibrary/src/main/assets/bin/Data/sharedassets0.assets.split11
[ 285/1292  0s] CopyFiles C:/Users/User/Documents/QuestCraft v26/QCXR-XR-Wrapper/Library/Bee/Android/Prj/IL2CPP/Gradle/unityLibrary/src/main/assets/bin/Data/sharedassets0.assets.split3
[ 286/1292  0s] CopyFiles C:/Users/User/Documents/QuestCraft v26/QCXR-XR-Wrapper/Library/Bee/Android/Prj/IL2CPP/Gradle/unityLibrary/src/main/assets/bin/Data/sharedassets0.assets.split31
[ 287/1292  0s] CopyFiles C:/Users/User/Documents/QuestCraft v26/QCXR-XR-Wrapper/Library/Bee/Android/Prj/IL2CPP/Gradle/unityLibrary/src/main/assets/bin/Data/sharedassets0.assets.split10
[ 288/1292  0s] CopyFiles C:/Users/User/Documents/QuestCraft v26/QCXR-XR-Wrapper/Library/Bee/Android/Prj/IL2CPP/Gradle/unityLibrary/src/main/assets/bin/Data/sharedassets0.assets.split37
[ 289/1292  0s] CopyFiles C:/Users/User/Documents/QuestCraft v26/QCXR-XR-Wrapper/Library/Bee/Android/Prj/IL2CPP/Gradle/unityLibrary/src/main/assets/bin/Data/sharedassets0.assets.split25
[ 290/1292  0s] CopyFiles C:/Users/User/Documents/QuestCraft v26/QCXR-XR-Wrapper/Library/Bee/Android/Prj/IL2CPP/Gradle/unityLibrary/src/main/assets/bin/Data/sharedassets0.assets.split23
[ 291/1292  0s] CopyFiles C:/Users/User/Documents/QuestCraft v26/QCXR-XR-Wrapper/Library/Bee/Android/Prj/IL2CPP/Gradle/unityLibrary/src/main/assets/bin/Data/sharedassets0.assets.split6
[ 292/1292  0s] CopyFiles C:/Users/User/Documents/QuestCraft v26/QCXR-XR-Wrapper/Library/Bee/Android/Prj/IL2CPP/Gradle/unityLibrary/src/main/assets/bin/Data/sharedassets0.assets.split34
[ 293/1292  0s] CopyFiles C:/Users/User/Documents/QuestCraft v26/QCXR-XR-Wrapper/Library/Bee/Android/Prj/IL2CPP/Gradle/unityLibrary/src/main/assets/bin/Data/sharedassets0.assets.split13
[ 294/1292  0s] CopyFiles C:/Users/User/Documents/QuestCraft v26/QCXR-XR-Wrapper/Library/Bee/Android/Prj/IL2CPP/Gradle/unityLibrary/src/main/assets/bin/Data/sharedassets0.assets.split24
[ 295/1292  0s] CopyFiles C:/Users/User/Documents/QuestCraft v26/QCXR-XR-Wrapper/Library/Bee/Android/Prj/IL2CPP/Gradle/unityLibrary/src/main/assets/bin/Data/sharedassets0.assets.split17
[ 296/1292  0s] CopyFiles C:/Users/User/Documents/QuestCraft v26/QCXR-XR-Wrapper/Library/Bee/Android/Prj/IL2CPP/Gradle/unityLibrary/src/main/assets/bin/Data/sharedassets0.assets.split30
[ 297/1292  0s] CopyFiles C:/Users/User/Documents/QuestCraft v26/QCXR-XR-Wrapper/Library/Bee/Android/Prj/IL2CPP/Gradle/unityLibrary/src/main/assets/bin/Data/sharedassets0.assets.split2
[ 298/1292  0s] CopyFiles C:/Users/User/Documents/QuestCraft v26/QCXR-XR-Wrapper/Library/Bee/Android/Prj/IL2CPP/Gradle/unityLibrary/src/main/assets/bin/Data/sharedassets0.assets.split32
[ 299/1292  0s] CopyFiles C:/Users/User/Documents/QuestCraft v26/QCXR-XR-Wrapper/Library/Bee/Android/Prj/IL2CPP/Gradle/unityLibrary/src/main/assets/bin/Data/sharedassets0.assets.split4
[ 300/1292  0s] CopyFiles C:/Users/User/Documents/QuestCraft v26/QCXR-XR-Wrapper/Library/Bee/Android/Prj/IL2CPP/Gradle/unityLibrary/src/main/assets/bin/Data/sharedassets0.assets.split19
[ 301/1292  0s] CopyFiles C:/Users/User/Documents/QuestCraft v26/QCXR-XR-Wrapper/Library/Bee/Android/Prj/IL2CPP/Gradle/unityLibrary/src/main/assets/bin/Data/sharedassets0.assets.split9
[ 302/1292  0s] CopyFiles C:/Users/User/Documents/QuestCraft v26/QCXR-XR-Wrapper/Library/Bee/Android/Prj/IL2CPP/Gradle/unityLibrary/src/main/assets/bin/Data/sharedassets0.assets.split8
[ 303/1292  0s] CopyFiles C:/Users/User/Documents/QuestCraft v26/QCXR-XR-Wrapper/Library/Bee/Android/Prj/IL2CPP/Gradle/unityLibrary/src/main/assets/bin/Data/sharedassets0.assets.split26
[ 304/1292  0s] CopyFiles C:/Users/User/Documents/QuestCraft v26/QCXR-XR-Wrapper/Library/Bee/Android/Prj/IL2CPP/Gradle/unityLibrary/src/main/assets/bin/Data/sharedassets0.assets.split18
[ 305/1292  0s] CopyFiles C:/Users/User/Documents/QuestCraft v26/QCXR-XR-Wrapper/Library/Bee/Android/Prj/IL2CPP/Gradle/unityLibrary/src/main/assets/bin/Data/sharedassets0.assets.split29
[ 306/1292  0s] CopyFiles C:/Users/User/Documents/QuestCraft v26/QCXR-XR-Wrapper/Library/Bee/Android/Prj/IL2CPP/Gradle/unityLibrary/src/main/assets/bin/Data/sharedassets0.assets.split1
[ 307/1292  0s] CopyFiles C:/Users/User/Documents/QuestCraft v26/QCXR-XR-Wrapper/Library/Bee/Android/Prj/IL2CPP/Gradle/unityLibrary/src/main/assets/bin/Data/sharedassets0.assets.split35
[ 308/1292  0s] CopyFiles C:/Users/User/Documents/QuestCraft v26/QCXR-XR-Wrapper/Library/Bee/Android/Prj/IL2CPP/Gradle/unityLibrary/src/main/assets/bin/Data/sharedassets0.assets.split27
[ 309/1292  0s] CopyFiles C:/Users/User/Documents/QuestCraft v26/QCXR-XR-Wrapper/Library/Bee/Android/Prj/IL2CPP/Gradle/unityLibrary/src/main/assets/bin/Data/sharedassets0.assets.split0
[ 310/1292  0s] CopyFiles C:/Users/User/Documents/QuestCraft v26/QCXR-XR-Wrapper/Library/Bee/Android/Prj/IL2CPP/Gradle/unityLibrary/src/main/assets/bin/Data/sharedassets0.assets.split5
[ 311/1292  0s] CopyFiles C:/Users/User/Documents/QuestCraft v26/QCXR-XR-Wrapper/Library/Bee/Android/Prj/IL2CPP/Gradle/unityLibrary/src/main/assets/bin/Data/sharedassets0.assets.split15
[ 312/1292  0s] CopyFiles C:/Users/User/Documents/QuestCraft v26/QCXR-XR-Wrapper/Library/Bee/Android/Prj/IL2CPP/Gradle/unityLibrary/src/main/assets/bin/Data/sharedassets0.assets.split20
[ 313/1292  0s] CopyFiles C:/Users/User/Documents/QuestCraft v26/QCXR-XR-Wrapper/Library/Bee/Android/Prj/IL2CPP/Gradle/unityLibrary/src/main/assets/bin/Data/sharedassets0.assets.split7
[ 314/1292  0s] CopyFiles C:/Users/User/Documents/QuestCraft v26/QCXR-XR-Wrapper/Library/Bee/Android/Prj/IL2CPP/Gradle/unityLibrary/src/main/assets/bin/Data/sharedassets0.assets.split28
[ 315/1292  0s] CopyFiles C:/Users/User/Documents/QuestCraft v26/QCXR-XR-Wrapper/Library/Bee/Android/Prj/IL2CPP/Gradle/unityLibrary/src/main/assets/bin/Data/sharedassets0.assets.split14
[ 316/1292  0s] CopyFiles C:/Users/User/Documents/QuestCraft v26/QCXR-XR-Wrapper/Library/Bee/Android/Prj/IL2CPP/Gradle/unityLibrary/src/main/assets/bin/Data/sharedassets0.assets.split21
[ 317/1292  0s] CopyFiles C:/Users/User/Documents/QuestCraft v26/QCXR-XR-Wrapper/Library/Bee/Android/Prj/IL2CPP/Gradle/launcher/src/main/res/mipmap-xxhdpi/ic_launcher_foreground.png
[ 318/1292  0s] CopyFiles C:/Users/User/Documents/QuestCraft v26/QCXR-XR-Wrapper/Library/Bee/Android/Prj/IL2CPP/Gradle/launcher/src/main/res/mipmap-xxxhdpi/ic_launcher_foreground.png
[ 319/1292  0s] CopyFiles C:/Users/User/Documents/QuestCraft v26/QCXR-XR-Wrapper/Library/Bee/Android/Prj/IL2CPP/Gradle/launcher/src/main/res/mipmap-hdpi/ic_launcher_foreground.png
[ 320/1292  0s] CopyFiles C:/Users/User/Documents/QuestCraft v26/QCXR-XR-Wrapper/Library/Bee/Android/Prj/IL2CPP/Gradle/launcher/src/main/res/mipmap-ldpi/ic_launcher_foreground.png
[ 321/1292  0s] CopyFiles C:/Users/User/Documents/QuestCraft v26/QCXR-XR-Wrapper/Library/Bee/Android/Prj/IL2CPP/Gradle/launcher/src/main/res/mipmap-xxhdpi/app_icon.png
[ 322/1292  0s] CopyFiles C:/Users/User/Documents/QuestCraft v26/QCXR-XR-Wrapper/Library/Bee/Android/Prj/IL2CPP/Gradle/launcher/src/main/res/mipmap-xhdpi/ic_launcher_foreground.png
[ 323/1292  0s] CopyFiles C:/Users/User/Documents/QuestCraft v26/QCXR-XR-Wrapper/Library/Bee/Android/Prj/IL2CPP/Gradle/launcher/src/main/res/mipmap-xhdpi/app_icon_round.png
[ 324/1292  0s] CopyFiles C:/Users/User/Documents/QuestCraft v26/QCXR-XR-Wrapper/Library/Bee/Android/Prj/IL2CPP/Gradle/launcher/src/main/res/mipmap-hdpi/app_icon_round.png
[ 325/1292  0s] CopyFiles C:/Users/User/Documents/QuestCraft v26/QCXR-XR-Wrapper/Library/Bee/Android/Prj/IL2CPP/Gradle/launcher/src/main/res/mipmap-hdpi/app_icon.png
[ 326/1292  0s] CopyFiles C:/Users/User/Documents/QuestCraft v26/QCXR-XR-Wrapper/Library/Bee/Android/Prj/IL2CPP/Gradle/launcher/src/main/res/mipmap-xxxhdpi/app_icon.png
[ 327/1292  0s] CopyFiles C:/Users/User/Documents/QuestCraft v26/QCXR-XR-Wrapper/Library/Bee/Android/Prj/IL2CPP/Gradle/launcher/src/main/res/mipmap-ldpi/app_icon.png
[ 328/1292  0s] CopyFiles C:/Users/User/Documents/QuestCraft v26/QCXR-XR-Wrapper/Library/Bee/Android/Prj/IL2CPP/Gradle/launcher/src/main/res/mipmap-ldpi/app_icon_round.png
[ 329/1292  0s] CopyFiles C:/Users/User/Documents/QuestCraft v26/QCXR-XR-Wrapper/Library/Bee/Android/Prj/IL2CPP/Gradle/launcher/src/main/res/mipmap-xxxhdpi/app_icon_round.png
[ 330/1292  0s] CopyFiles C:/Users/User/Documents/QuestCraft v26/QCXR-XR-Wrapper/Library/Bee/Android/Prj/IL2CPP/Gradle/launcher/src/main/res/mipmap-mdpi/app_icon_round.png
[ 331/1292  0s] WriteText C:/Users/User/Documents/QuestCraft v26/QCXR-XR-Wrapper/Library/Bee/Android/Prj/IL2CPP/Gradle/unityLibrary/src/main/res/values/colors.xml
[ 332/1292  0s] CopyFiles C:/Users/User/Documents/QuestCraft v26/QCXR-XR-Wrapper/Library/Bee/Android/Prj/IL2CPP/Gradle/unityLibrary/src/main/res/values-v30/freeformwindow.xml
[ 333/1292  0s] CopyFiles C:/Users/User/Documents/QuestCraft v26/QCXR-XR-Wrapper/Library/Bee/Android/Prj/IL2CPP/Gradle/unityLibrary/src/main/res/values-v31/styles.xml
[ 334/1292  0s] CopyFiles C:/Users/User/Documents/QuestCraft v26/QCXR-XR-Wrapper/Library/Bee/Android/Prj/IL2CPP/Gradle/unityLibrary/src/main/res/values/freeformwindow.xml
[ 335/1292  0s] CopyFiles C:/Users/User/Documents/QuestCraft v26/QCXR-XR-Wrapper/Library/Bee/Android/Prj/IL2CPP/Gradle/launcher/src/main/res/mipmap-xxhdpi/app_icon_round.png
[ 336/1292  0s] CopyFiles C:/Users/User/Documents/QuestCraft v26/QCXR-XR-Wrapper/Library/Bee/Android/Prj/IL2CPP/Gradle/unityLibrary/src/main/res/values/styles.xml
[ 337/1292  0s] CopyFiles C:/Users/User/Documents/QuestCraft v26/QCXR-XR-Wrapper/Library/Bee/Android/Prj/IL2CPP/Gradle/launcher/src/main/res/mipmap-mdpi/ic_launcher_foreground.png
[ 338/1292  0s] CopyFiles C:/Users/User/Documents/QuestCraft v26/QCXR-XR-Wrapper/Library/Bee/Android/Prj/IL2CPP/Gradle/unityLibrary/src/main/res/values/ids.xml
[ 339/1292  0s] CopyFiles C:/Users/User/Documents/QuestCraft v26/QCXR-XR-Wrapper/Library/Bee/Android/Prj/IL2CPP/Gradle/unityLibrary/src/main/res/values-v21/styles.xml
[ 340/1292  0s] CopyFiles C:/Users/User/Documents/QuestCraft v26/QCXR-XR-Wrapper/Library/Bee/Android/Prj/IL2CPP/Gradle/launcher/src/main/res/mipmap-mdpi/ic_launcher_background.png
[ 341/1292  0s] CopyFiles C:/Users/User/Documents/QuestCraft v26/QCXR-XR-Wrapper/Library/Bee/Android/Prj/IL2CPP/Gradle/launcher/src/main/res/mipmap-anydpi-v26/app_icon.xml
[ 342/1292  0s] CopyFiles C:/Users/User/Documents/QuestCraft v26/QCXR-XR-Wrapper/Library/Bee/Android/Prj/IL2CPP/Gradle/launcher/src/main/res/mipmap-mdpi/app_icon.png
[ 343/1292  0s] CopyFiles C:/Users/User/Documents/QuestCraft v26/QCXR-XR-Wrapper/Library/Bee/Android/Prj/IL2CPP/Gradle/launcher/src/main/res/mipmap-anydpi-v26/app_icon_round.xml
[ 344/1292  0s] WriteText C:/Users/User/Documents/QuestCraft v26/QCXR-XR-Wrapper/Library/Bee/Android/Prj/IL2CPP/Gradle/launcher/src/main/res/values/strings.xml
[ 345/1292  0s] WriteText C:/Users/User/Documents/QuestCraft v26/QCXR-XR-Wrapper/Library/Bee/Android/Prj/IL2CPP/Gradle/unityLibrary/src/main/resources/META-INF/com.android.games.engine.build_fingerprint
[ 346/1292  0s] CopyFiles C:/Users/User/Documents/QuestCraft v26/QCXR-XR-Wrapper/Library/Bee/Android/Prj/IL2CPP/Gradle/unityLibrary/src/main/assets/bin/Data/unity default resources
[ 347/1292  0s] CopyFiles C:/Users/User/Documents/QuestCraft v26/QCXR-XR-Wrapper/Library/Bee/Android/Prj/IL2CPP/Gradle/launcher/src/main/res/mipmap-xhdpi/app_icon.png
[ 348/1292  0s] CopyFiles C:/Users/User/Documents/QuestCraft v26/QCXR-XR-Wrapper/Library/Bee/Android/Prj/IL2CPP/Gradle/unityLibrary/xrmanifest.androidlib/AndroidManifest.xml
[ 349/1292  0s] CopyFiles C:/Users/User/Documents/QuestCraft v26/QCXR-XR-Wrapper/Library/Bee/Android/Prj/IL2CPP/Gradle/unityLibrary/src/main/jniLibs/arm64-v8a/libwebpdecoder.so
[ 350/1292  0s] CopyFiles C:/Users/User/Documents/QuestCraft v26/QCXR-XR-Wrapper/Library/Bee/Android/Prj/IL2CPP/Gradle/unityLibrary/libs/unity-classes.jar
[ 351/1292  0s] CopyFiles C:/Users/User/Documents/QuestCraft v26/QCXR-XR-Wrapper/Library/Bee/Android/Prj/IL2CPP/Gradle/unityLibrary/src/main/java/com/unity3d/player/UnityPlayerActivity.java
[ 352/1292  0s] CopyFiles C:/Users/User/Documents/QuestCraft v26/QCXR-XR-Wrapper/Library/Bee/Android/Prj/IL2CPP/Gradle/unityLibrary/src/main/assets/bin/Data/UnitySubsystems/UnityOpenXR/UnitySubsystemsManifest.json
[ 353/1292  0s] CopyFiles C:/Users/User/Documents/QuestCraft v26/QCXR-XR-Wrapper/Library/Bee/Android/Prj/IL2CPP/Gradle/unityLibrary/src/main/jniLibs/arm64-v8a/libpxrplatformloader.so
[ 354/1292  0s] CopyFiles C:/Users/User/Documents/QuestCraft v26/QCXR-XR-Wrapper/Library/Bee/Android/Prj/IL2CPP/Gradle/unityLibrary/src/main/jniLibs/arm64-v8a/libwebp.so
[ 355/1292  0s] CopyFiles C:/Users/User/Documents/QuestCraft v26/QCXR-XR-Wrapper/Library/Bee/Android/Prj/IL2CPP/Gradle/unityLibrary/src/main/jniLibs/arm64-v8a/libwebpmux.so
[ 356/1292  0s] CopyFiles C:/Users/User/Documents/QuestCraft v26/QCXR-XR-Wrapper/Library/Bee/Android/Prj/IL2CPP/Gradle/unityLibrary/src/main/jniLibs/arm64-v8a/libwebpdemux.so
[ 357/1292  0s] CopyFiles C:/Users/User/Documents/QuestCraft v26/QCXR-XR-Wrapper/Library/Bee/Android/Prj/IL2CPP/Gradle/unityLibrary/src/main/assets/bin/Data/UnitySubsystems/openxr_pico/UnitySubsystemsManifest.json
[ 358/1292  0s] CopyFiles C:/Users/User/Documents/QuestCraft v26/QCXR-XR-Wrapper/Library/Bee/Android/Prj/IL2CPP/Gradle/unityLibrary/libs/BAuthLib-1.0.0.aar
[ 359/1292  0s] CopyFiles C:/Users/User/Documents/QuestCraft v26/QCXR-XR-Wrapper/Library/Bee/Android/Prj/IL2CPP/Gradle/unityLibrary/libs/openxr_loader.aar
[ 360/1292  0s] CopyFiles C:/Users/User/Documents/QuestCraft v26/QCXR-XR-Wrapper/Library/Bee/Android/Prj/IL2CPP/Gradle/unityLibrary/libs/tob_api-release.aar
[ 361/1292  0s] CopyFiles C:/Users/User/Documents/QuestCraft v26/QCXR-XR-Wrapper/Library/Bee/Android/Prj/IL2CPP/Gradle/unityLibrary/src/main/assets/bin/Data/sharedassets0.resource
[ 362/1292  0s] CopyFiles C:/Users/User/Documents/QuestCraft v26/QCXR-XR-Wrapper/Library/Bee/Android/Prj/IL2CPP/Gradle/unityLibrary/libs/tobservicelib-release.aar
[ 363/1292  0s] CopyFiles C:/Users/User/Documents/QuestCraft v26/QCXR-XR-Wrapper/Library/Bee/Android/Prj/IL2CPP/Gradle/unityLibrary/src/main/assets/bin/Data/ScriptingAssemblies.json
[ 364/1292  0s] CopyFiles C:/Users/User/Documents/QuestCraft v26/QCXR-XR-Wrapper/Library/Bee/Android/Prj/IL2CPP/Gradle/unityLibrary/src/main/jniLibs/arm64-v8a/libUnityOpenXR.so
[ 365/1292  0s] CopyFiles C:/Users/User/Documents/QuestCraft v26/QCXR-XR-Wrapper/Library/Bee/Android/Prj/IL2CPP/Gradle/unityLibrary/libs/gson-2.10.1.jar
[ 366/1292  0s] CopyFiles C:/Users/User/Documents/QuestCraft v26/QCXR-XR-Wrapper/Library/Bee/Android/Prj/IL2CPP/Gradle/unityLibrary/src/main/assets/bin/Data/fade42e8bc714b018fac513c043d323b
[ 367/1292  0s] CopyFiles C:/Users/User/Documents/QuestCraft v26/QCXR-XR-Wrapper/Library/Bee/Android/Prj/IL2CPP/Gradle/unityLibrary/src/main/assets/bin/Data/faf88df9fae0748438ea9807963c3787
[ 368/1292  0s] CopyFiles C:/Users/User/Documents/QuestCraft v26/QCXR-XR-Wrapper/Library/Bee/Android/Prj/IL2CPP/Gradle/unityLibrary/src/main/assets/bin/Data/RuntimeInitializeOnLoads.json
[ 369/1292  0s] CopyFiles C:/Users/User/Documents/QuestCraft v26/QCXR-XR-Wrapper/Library/Bee/Android/Prj/IL2CPP/Gradle/unityLibrary/src/main/assets/bin/Data/Resources/unity_builtin_extra
[ 370/1292  0s] CopyFiles C:/Users/User/Documents/QuestCraft v26/QCXR-XR-Wrapper/Library/Bee/Android/Prj/IL2CPP/Gradle/unityLibrary/src/main/assets/bin/Data/globalgamemanagers
[ 371/1292  0s] CopyFiles C:/Users/User/Documents/QuestCraft v26/QCXR-XR-Wrapper/Library/Bee/Android/Prj/IL2CPP/Gradle/unityLibrary/src/main/assets/bin/Data/fad354696ecfc24448e5c8aa5980c951
[ 372/1292  0s] CopyFiles C:/Users/User/Documents/QuestCraft v26/QCXR-XR-Wrapper/Library/Bee/Android/Prj/IL2CPP/Gradle/unityLibrary/src/main/assets/bin/Data/fe8d9fd131b04ed4a8be3355cb9d4aa9
[ 373/1292  0s] CopyFiles C:/Users/User/Documents/QuestCraft v26/QCXR-XR-Wrapper/Library/Bee/Android/Prj/IL2CPP/Gradle/unityLibrary/src/main/assets/bin/Data/fa81cec4ef495964295e19ee18428ddf
[ 374/1292  0s] CopyFiles C:/Users/User/Documents/QuestCraft v26/QCXR-XR-Wrapper/Library/Bee/Android/Prj/IL2CPP/Gradle/unityLibrary/src/main/assets/bin/Data/f952c082cb03451daed3ee968ac6c63e
[ 375/1292  0s] CopyFiles C:/Users/User/Documents/QuestCraft v26/QCXR-XR-Wrapper/Library/Bee/Android/Prj/IL2CPP/Gradle/unityLibrary/src/main/assets/bin/Data/fe8f7cd36e24d495c91d49ab5dcedc71
[ 376/1292  0s] CopyFiles C:/Users/User/Documents/QuestCraft v26/QCXR-XR-Wrapper/Library/Bee/Android/Prj/IL2CPP/Gradle/unityLibrary/src/main/assets/bin/Data/f4927dbbc78847e4f841f186f5b768ec
[ 377/1292  0s] CopyFiles C:/Users/User/Documents/QuestCraft v26/QCXR-XR-Wrapper/Library/Bee/Android/Prj/IL2CPP/Gradle/unityLibrary/src/main/assets/bin/Data/fee06248b02544214841be57f5bdcff9
[ 378/1292  0s] CopyFiles C:/Users/User/Documents/QuestCraft v26/QCXR-XR-Wrapper/Library/Bee/Android/Prj/IL2CPP/Gradle/unityLibrary/src/main/assets/bin/Data/f29a0ab70d309499c9c2d61a919d5020
[ 379/1292  0s] CopyFiles C:/Users/User/Documents/QuestCraft v26/QCXR-XR-Wrapper/Library/Bee/Android/Prj/IL2CPP/Gradle/unityLibrary/src/main/assets/bin/Data/eec19781926cd2248b7c9abfde8db555
[ 380/1292  0s] CopyFiles C:/Users/User/Documents/QuestCraft v26/QCXR-XR-Wrapper/Library/Bee/Android/Prj/IL2CPP/Gradle/unityLibrary/src/main/assets/bin/Data/f8ac02e5e051a384ea4184a3dc488e7b
[ 381/1292  0s] CopyFiles C:/Users/User/Documents/QuestCraft v26/QCXR-XR-Wrapper/Library/Bee/Android/Prj/IL2CPP/Gradle/unityLibrary/src/main/assets/bin/Data/e73a58f6e2794ae7b1b7e50b7fb811b0
[ 382/1292  0s] CopyFiles C:/Users/User/Documents/QuestCraft v26/QCXR-XR-Wrapper/Library/Bee/Android/Prj/IL2CPP/Gradle/unityLibrary/src/main/assets/bin/Data/ec194f0bc3d9ae14082c5e7cff8fb17c
[ 383/1292  0s] CopyFiles C:/Users/User/Documents/QuestCraft v26/QCXR-XR-Wrapper/Library/Bee/Android/Prj/IL2CPP/Gradle/unityLibrary/src/main/assets/bin/Data/ece90fd5291c52a45a802cc656ff7b36
[ 384/1292  0s] CopyFiles C:/Users/User/Documents/QuestCraft v26/QCXR-XR-Wrapper/Library/Bee/Android/Prj/IL2CPP/Gradle/unityLibrary/src/main/assets/bin/Data/da2bf9c72e4199340af64e2d379620d3
[ 385/1292  0s] CopyFiles C:/Users/User/Documents/QuestCraft v26/QCXR-XR-Wrapper/Library/Bee/Android/Prj/IL2CPP/Gradle/unityLibrary/src/main/assets/bin/Data/e5d23cb97e44b93469029f476f8ebd37
[ 386/1292  0s] CopyFiles C:/Users/User/Documents/QuestCraft v26/QCXR-XR-Wrapper/Library/Bee/Android/Prj/IL2CPP/Gradle/unityLibrary/src/main/assets/bin/Data/dffef66376be4fa480fb02b19edbe903
[ 387/1292  0s] CopyFiles C:/Users/User/Documents/QuestCraft v26/QCXR-XR-Wrapper/Library/Bee/Android/Prj/IL2CPP/Gradle/unityLibrary/src/main/assets/bin/Data/e2e56f25585aba74f8b763341de4bd95
[ 388/1292  0s] CopyFiles C:/Users/User/Documents/QuestCraft v26/QCXR-XR-Wrapper/Library/Bee/Android/Prj/IL2CPP/Gradle/unityLibrary/src/main/assets/bin/Data/e90f120db72d0e44dafced5e697f04ca
[ 389/1292  0s] CopyFiles C:/Users/User/Documents/QuestCraft v26/QCXR-XR-Wrapper/Library/Bee/Android/Prj/IL2CPP/Gradle/unityLibrary/src/main/assets/bin/Data/d7540181fc229e8448f8276f14347b1b
[ 390/1292  0s] CopyFiles C:/Users/User/Documents/QuestCraft v26/QCXR-XR-Wrapper/Library/Bee/Android/Prj/IL2CPP/Gradle/unityLibrary/src/main/assets/bin/Data/e5b6164e7d4f7e94fa1b1e7ac41fd5e9
[ 391/1292  0s] CopyFiles C:/Users/User/Documents/QuestCraft v26/QCXR-XR-Wrapper/Library/Bee/Android/Prj/IL2CPP/Gradle/unityLibrary/src/main/assets/bin/Data/dba11ee6c324e46f8bd36ffa00d5b6a2
[ 392/1292  0s] CopyFiles C:/Users/User/Documents/QuestCraft v26/QCXR-XR-Wrapper/Library/Bee/Android/Prj/IL2CPP/Gradle/unityLibrary/src/main/assets/bin/Data/d77ad19165d84b844ac6b715a2ef6998
[ 393/1292  0s] CopyFiles C:/Users/User/Documents/QuestCraft v26/QCXR-XR-Wrapper/Library/Bee/Android/Prj/IL2CPP/Gradle/unityLibrary/src/main/assets/bin/Data/e1721d77f8f68c941899d270ca2b57f5
[ 394/1292  0s] CopyFiles C:/Users/User/Documents/QuestCraft v26/QCXR-XR-Wrapper/Library/Bee/Android/Prj/IL2CPP/Gradle/unityLibrary/src/main/assets/bin/Data/d8ac97d549ca7354c9183e745cb8d4ae
[ 395/1292  0s] CopyFiles C:/Users/User/Documents/QuestCraft v26/QCXR-XR-Wrapper/Library/Bee/Android/Prj/IL2CPP/Gradle/unityLibrary/src/main/assets/bin/Data/d600af752179d4343b26d6d3eab89e8d
[ 396/1292  0s] CopyFiles C:/Users/User/Documents/QuestCraft v26/QCXR-XR-Wrapper/Library/Bee/Android/Prj/IL2CPP/Gradle/unityLibrary/src/main/assets/bin/Data/d82c1b31c7e74239bff1220585707d2b
[ 397/1292  0s] CopyFiles C:/Users/User/Documents/QuestCraft v26/QCXR-XR-Wrapper/Library/Bee/Android/Prj/IL2CPP/Gradle/unityLibrary/src/main/assets/bin/Data/d289188f9ab85254ea4d42d8af878f5a
[ 398/1292  0s] CopyFiles C:/Users/User/Documents/QuestCraft v26/QCXR-XR-Wrapper/Library/Bee/Android/Prj/IL2CPP/Gradle/unityLibrary/src/main/assets/bin/Data/d149f1a7a38285e4f9ec7968546e12af
[ 399/1292  0s] CopyFiles C:/Users/User/Documents/QuestCraft v26/QCXR-XR-Wrapper/Library/Bee/Android/Prj/IL2CPP/Gradle/unityLibrary/src/main/assets/bin/Data/d22bd72bebc3950409d2de288cdcabd2
[ 400/1292  0s] CopyFiles C:/Users/User/Documents/QuestCraft v26/QCXR-XR-Wrapper/Library/Bee/Android/Prj/IL2CPP/Gradle/unityLibrary/src/main/assets/bin/Data/d103d152776d96a448730ac45c026750
[ 401/1292  0s] CopyFiles C:/Users/User/Documents/QuestCraft v26/QCXR-XR-Wrapper/Library/Bee/Android/Prj/IL2CPP/Gradle/unityLibrary/src/main/assets/bin/Data/cfd242c98ab12cc40b8b74aedee1ba0c
[ 402/1292  0s] CopyFiles C:/Users/User/Documents/QuestCraft v26/QCXR-XR-Wrapper/Library/Bee/Android/Prj/IL2CPP/Gradle/unityLibrary/src/main/assets/bin/Data/cf81c85f95fe47e1a27f6ae460cf182c
[ 403/1292  0s] CopyFiles C:/Users/User/Documents/QuestCraft v26/QCXR-XR-Wrapper/Library/Bee/Android/Prj/IL2CPP/Gradle/unityLibrary/src/main/assets/bin/Data/c41005c129ba4d66911b75229fd70b45
[ 404/1292  0s] CopyFiles C:/Users/User/Documents/QuestCraft v26/QCXR-XR-Wrapper/Library/Bee/Android/Prj/IL2CPP/Gradle/unityLibrary/src/main/assets/bin/Data/c4959a0adbe7a874cb1b2b7641284ede
[ 405/1292  0s] CopyFiles C:/Users/User/Documents/QuestCraft v26/QCXR-XR-Wrapper/Library/Bee/Android/Prj/IL2CPP/Gradle/unityLibrary/src/main/assets/bin/Data/c5365c6b6f861ed4ebbf709f331de625
[ 406/1292  0s] CopyFiles C:/Users/User/Documents/QuestCraft v26/QCXR-XR-Wrapper/Library/Bee/Android/Prj/IL2CPP/Gradle/unityLibrary/src/main/assets/bin/Data/c874b39fd1d35274cb34a60847385eb5
[ 407/1292  0s] CopyFiles C:/Users/User/Documents/QuestCraft v26/QCXR-XR-Wrapper/Library/Bee/Android/Prj/IL2CPP/Gradle/unityLibrary/src/main/assets/bin/Data/c26f3085d9135a54a94a9b180e4e3b03
[ 408/1292  0s] CopyFiles C:/Users/User/Documents/QuestCraft v26/QCXR-XR-Wrapper/Library/Bee/Android/Prj/IL2CPP/Gradle/unityLibrary/src/main/assets/bin/Data/c8f6a9fe365b9dd40a3886228ff5b74c
[ 409/1292  0s] CopyFiles C:/Users/User/Documents/QuestCraft v26/QCXR-XR-Wrapper/Library/Bee/Android/Prj/IL2CPP/Gradle/unityLibrary/src/main/assets/bin/Data/c29eabddf8367d4429e891ca7fe078a2
[ 410/1292  0s] CopyFiles C:/Users/User/Documents/QuestCraft v26/QCXR-XR-Wrapper/Library/Bee/Android/Prj/IL2CPP/Gradle/unityLibrary/src/main/assets/bin/Data/c097f47a26972414d93241c55296c220
[ 411/1292  0s] CopyFiles C:/Users/User/Documents/QuestCraft v26/QCXR-XR-Wrapper/Library/Bee/Android/Prj/IL2CPP/Gradle/unityLibrary/src/main/assets/bin/Data/bd452ee420c4d4945abec2c258c1f3b0
[ 412/1292  0s] CopyFiles C:/Users/User/Documents/QuestCraft v26/QCXR-XR-Wrapper/Library/Bee/Android/Prj/IL2CPP/Gradle/unityLibrary/src/main/assets/bin/Data/be856c9e1a47247068ebfc44ad402df6
[ 413/1292  0s] CopyFiles C:/Users/User/Documents/QuestCraft v26/QCXR-XR-Wrapper/Library/Bee/Android/Prj/IL2CPP/Gradle/unityLibrary/src/main/assets/bin/Data/b357b560d85dd4660a59d2c642820a26
[ 414/1292  0s] CopyFiles C:/Users/User/Documents/QuestCraft v26/QCXR-XR-Wrapper/Library/Bee/Android/Prj/IL2CPP/Gradle/unityLibrary/src/main/assets/bin/Data/bbb43fe65b38f4083bc5e644fe958f95
[ 415/1292  0s] CopyFiles C:/Users/User/Documents/QuestCraft v26/QCXR-XR-Wrapper/Library/Bee/Android/Prj/IL2CPP/Gradle/unityLibrary/src/main/assets/bin/Data/b164e7767f1088a458acb6f692c01d83
[ 416/1292  0s] CopyFiles C:/Users/User/Documents/QuestCraft v26/QCXR-XR-Wrapper/Library/Bee/Android/Prj/IL2CPP/Gradle/unityLibrary/src/main/assets/bin/Data/b12bcf1b2bfdc440999b5f1bc7dde1a2
[ 417/1292  0s] CopyFiles C:/Users/User/Documents/QuestCraft v26/QCXR-XR-Wrapper/Library/Bee/Android/Prj/IL2CPP/Gradle/unityLibrary/src/main/assets/bin/Data/b2ed526b6f738434ea2447633f60b7bc
[ 418/1292  0s] CopyFiles C:/Users/User/Documents/QuestCraft v26/QCXR-XR-Wrapper/Library/Bee/Android/Prj/IL2CPP/Gradle/unityLibrary/src/main/assets/bin/Data/ad20dacf4b9790246baf957cfb1caf6b
[ 419/1292  0s] CopyFiles C:/Users/User/Documents/QuestCraft v26/QCXR-XR-Wrapper/Library/Bee/Android/Prj/IL2CPP/Gradle/unityLibrary/src/main/assets/bin/Data/af135a35702834f20bb1e953c31f88ab
[ 420/1292  0s] CopyFiles C:/Users/User/Documents/QuestCraft v26/QCXR-XR-Wrapper/Library/Bee/Android/Prj/IL2CPP/Gradle/unityLibrary/src/main/assets/bin/Data/b6c810b4f6d1f624a876a93a6bc6191e
[ 421/1292  0s] CopyFiles C:/Users/User/Documents/QuestCraft v26/QCXR-XR-Wrapper/Library/Bee/Android/Prj/IL2CPP/Gradle/unityLibrary/src/main/assets/bin/Data/add26d782c2f14487a27bc09c2d6f4a6
[ 422/1292  0s] CopyFiles C:/Users/User/Documents/QuestCraft v26/QCXR-XR-Wrapper/Library/Bee/Android/Prj/IL2CPP/Gradle/unityLibrary/src/main/assets/bin/Data/ac8818945755185409a09289d09dda7a
[ 423/1292  0s] CopyFiles C:/Users/User/Documents/QuestCraft v26/QCXR-XR-Wrapper/Library/Bee/Android/Prj/IL2CPP/Gradle/unityLibrary/src/main/assets/bin/Data/ab854e81d8fcde04eb1603f397457afc
[ 424/1292  0s] CopyFiles C:/Users/User/Documents/QuestCraft v26/QCXR-XR-Wrapper/Library/Bee/Android/Prj/IL2CPP/Gradle/unityLibrary/src/main/assets/bin/Data/a993dd2c437a2b3409060ffcdd23b83f
[ 425/1292  0s] CopyFiles C:/Users/User/Documents/QuestCraft v26/QCXR-XR-Wrapper/Library/Bee/Android/Prj/IL2CPP/Gradle/unityLibrary/src/main/assets/bin/Data/ad8827df856b77c48911d03893186baa
[ 426/1292  0s] CopyFiles C:/Users/User/Documents/QuestCraft v26/QCXR-XR-Wrapper/Library/Bee/Android/Prj/IL2CPP/Gradle/unityLibrary/src/main/assets/bin/Data/a9229f83992ae6c439fd8eb7c677e0e8
[ 427/1292  0s] CopyFiles C:/Users/User/Documents/QuestCraft v26/QCXR-XR-Wrapper/Library/Bee/Android/Prj/IL2CPP/Gradle/unityLibrary/src/main/assets/bin/Data/ac86ed84e9834a34aa40df8299a6dc7c
[ 428/1292  0s] CopyFiles C:/Users/User/Documents/QuestCraft v26/QCXR-XR-Wrapper/Library/Bee/Android/Prj/IL2CPP/Gradle/unityLibrary/src/main/assets/bin/Data/a4ffbc1ca8af1b9438ce9e5df01a5f18
[ 429/1292  0s] CopyFiles C:/Users/User/Documents/QuestCraft v26/QCXR-XR-Wrapper/Library/Bee/Android/Prj/IL2CPP/Gradle/unityLibrary/src/main/assets/bin/Data/a1b3dee6f3915d041b67ebcd32db75de
[ 430/1292  0s] CopyFiles C:/Users/User/Documents/QuestCraft v26/QCXR-XR-Wrapper/Library/Bee/Android/Prj/IL2CPP/Gradle/unityLibrary/src/main/assets/bin/Data/a0d171ecb61251f499e61977161e37fe
[ 431/1292  0s] CopyFiles C:/Users/User/Documents/QuestCraft v26/QCXR-XR-Wrapper/Library/Bee/Android/Prj/IL2CPP/Gradle/unityLibrary/src/main/assets/bin/Data/a6cb34d0ab58a45b99e72f6e91ab2f6a
[ 432/1292  0s] CopyFiles C:/Users/User/Documents/QuestCraft v26/QCXR-XR-Wrapper/Library/Bee/Android/Prj/IL2CPP/Gradle/unityLibrary/src/main/assets/bin/Data/a46f059c710f4d4448336f95461ea483
[ 433/1292  0s] CopyFiles C:/Users/User/Documents/QuestCraft v26/QCXR-XR-Wrapper/Library/Bee/Android/Prj/IL2CPP/Gradle/unityLibrary/src/main/assets/bin/Data/a12a0e3ab0496e54688b85ba2e1d4ea7
[ 434/1292  0s] CopyFiles C:/Users/User/Documents/QuestCraft v26/QCXR-XR-Wrapper/Library/Bee/Android/Prj/IL2CPP/Gradle/unityLibrary/src/main/assets/bin/Data/a09616eaf656f3b4aaee64dd679858f8
[ 435/1292  0s] CopyFiles C:/Users/User/Documents/QuestCraft v26/QCXR-XR-Wrapper/Library/Bee/Android/Prj/IL2CPP/Gradle/unityLibrary/src/main/assets/bin/Data/a0967be76a24d48428a3f5bff9c73fed
[ 436/1292  0s] CopyFiles C:/Users/User/Documents/QuestCraft v26/QCXR-XR-Wrapper/Library/Bee/Android/Prj/IL2CPP/Gradle/unityLibrary/src/main/assets/bin/Data/9d3720e74aa770c4ab771954af51c36b
[ 437/1292  0s] CopyFiles C:/Users/User/Documents/QuestCraft v26/QCXR-XR-Wrapper/Library/Bee/Android/Prj/IL2CPP/Gradle/unityLibrary/src/main/assets/bin/Data/964f6c596d90fce419911a05881292e3
[ 438/1292  0s] CopyFiles C:/Users/User/Documents/QuestCraft v26/QCXR-XR-Wrapper/Library/Bee/Android/Prj/IL2CPP/Gradle/unityLibrary/src/main/assets/bin/Data/9a993e003cd304ee9b10e2c8a65fbdb1
[ 439/1292  0s] CopyFiles C:/Users/User/Documents/QuestCraft v26/QCXR-XR-Wrapper/Library/Bee/Android/Prj/IL2CPP/Gradle/unityLibrary/src/main/assets/bin/Data/95a295b738724764ba17fd881649b96e
[ 440/1292  0s] CopyFiles C:/Users/User/Documents/QuestCraft v26/QCXR-XR-Wrapper/Library/Bee/Android/Prj/IL2CPP/Gradle/unityLibrary/src/main/assets/bin/Data/98595991fd68c5e419d1d37fed8658ff
[ 441/1292  0s] CopyFiles C:/Users/User/Documents/QuestCraft v26/QCXR-XR-Wrapper/Library/Bee/Android/Prj/IL2CPP/Gradle/unityLibrary/libs/Pojlib-release.aar
[ 442/1292  0s] CopyFiles C:/Users/User/Documents/QuestCraft v26/QCXR-XR-Wrapper/Library/Bee/Android/Prj/IL2CPP/Gradle/unityLibrary/src/main/assets/bin/Data/89939a917a9c35648a30ca15048f9e01
[ 443/1292  0s] CopyFiles C:/Users/User/Documents/QuestCraft v26/QCXR-XR-Wrapper/Library/Bee/Android/Prj/IL2CPP/Gradle/unityLibrary/src/main/assets/bin/Data/957309af6ba10104288fdd5edd3372bf
[ 444/1292  0s] CopyFiles C:/Users/User/Documents/QuestCraft v26/QCXR-XR-Wrapper/Library/Bee/Android/Prj/IL2CPP/Gradle/unityLibrary/src/main/assets/bin/Data/96071472ed1b841ddb13555bb3a2e3b3
[ 445/1292  0s] CopyFiles C:/Users/User/Documents/QuestCraft v26/QCXR-XR-Wrapper/Library/Bee/Android/Prj/IL2CPP/Gradle/unityLibrary/src/main/assets/bin/Data/8d99b31c7444c73479bb9169420ddad9
[ 446/1292  0s] CopyFiles C:/Users/User/Documents/QuestCraft v26/QCXR-XR-Wrapper/Library/Bee/Android/Prj/IL2CPP/Gradle/unityLibrary/src/main/assets/bin/Data/88d8ac3ceef6b33439f56e9ca1e2fccd
[ 447/1292  0s] CopyFiles C:/Users/User/Documents/QuestCraft v26/QCXR-XR-Wrapper/Library/Bee/Android/Prj/IL2CPP/Gradle/unityLibrary/src/main/assets/bin/Data/8bc837c9cb3f760448bfd88ed47169ff
[ 448/1292  0s] CopyFiles C:/Users/User/Documents/QuestCraft v26/QCXR-XR-Wrapper/Library/Bee/Android/Prj/IL2CPP/Gradle/unityLibrary/src/main/assets/bin/Data/853840c5196b2486a97e1785f3a68575
[ 449/1292  0s] CopyFiles C:/Users/User/Documents/QuestCraft v26/QCXR-XR-Wrapper/Library/Bee/Android/Prj/IL2CPP/Gradle/unityLibrary/src/main/assets/bin/Data/7dfa52c3c61f61542881145b740c7635
[ 450/1292  0s] CopyFiles C:/Users/User/Documents/QuestCraft v26/QCXR-XR-Wrapper/Library/Bee/Android/Prj/IL2CPP/Gradle/unityLibrary/src/main/assets/bin/Data/850f34a4baa4b4545af156ceeb07a90d
[ 451/1292  0s] CopyFiles C:/Users/User/Documents/QuestCraft v26/QCXR-XR-Wrapper/Library/Bee/Android/Prj/IL2CPP/Gradle/unityLibrary/src/main/assets/bin/Data/85601fedf8a9794499989ae0ccb88a86
[ 452/1292  0s] CopyFiles C:/Users/User/Documents/QuestCraft v26/QCXR-XR-Wrapper/Library/Bee/Android/Prj/IL2CPP/Gradle/unityLibrary/src/main/assets/bin/Data/7eff928b71cfd46f298284c8e67429ed
[ 453/1292  0s] CopyFiles C:/Users/User/Documents/QuestCraft v26/QCXR-XR-Wrapper/Library/Bee/Android/Prj/IL2CPP/Gradle/unityLibrary/src/main/assets/bin/Data/89969b2a6b51f5e4a90da8a71cec1861
[ 454/1292  0s] CopyFiles C:/Users/User/Documents/QuestCraft v26/QCXR-XR-Wrapper/Library/Bee/Android/Prj/IL2CPP/Gradle/unityLibrary/src/main/assets/bin/Data/7a424ef8cd6e9456fa0284c70460ce38
[ 455/1292  0s] CopyFiles C:/Users/User/Documents/QuestCraft v26/QCXR-XR-Wrapper/Library/Bee/Android/Prj/IL2CPP/Gradle/unityLibrary/src/main/assets/bin/Data/7997404fcf56df5479269bd51a28fe49
[ 456/1292  0s] CopyFiles C:/Users/User/Documents/QuestCraft v26/QCXR-XR-Wrapper/Library/Bee/Android/Prj/IL2CPP/Gradle/unityLibrary/src/main/assets/bin/Data/869aeced2b97a3748ba8e16656097962
[ 457/1292  0s] CopyFiles C:/Users/User/Documents/QuestCraft v26/QCXR-XR-Wrapper/Library/Bee/Android/Prj/IL2CPP/Gradle/unityLibrary/src/main/assets/bin/Data/768b1dc8c63b0c44d91c84b5cf367592
[ 458/1292  0s] CopyFiles C:/Users/User/Documents/QuestCraft v26/QCXR-XR-Wrapper/Library/Bee/Android/Prj/IL2CPP/Gradle/unityLibrary/src/main/assets/bin/Data/77c7eb2aadfa27c40bbae105b90de610
[ 459/1292  0s] CopyFiles C:/Users/User/Documents/QuestCraft v26/QCXR-XR-Wrapper/Library/Bee/Android/Prj/IL2CPP/Gradle/unityLibrary/src/main/assets/bin/Data/7dceaed51abddf64eb52ba3f767eb4dd
[ 460/1292  0s] CopyFiles C:/Users/User/Documents/QuestCraft v26/QCXR-XR-Wrapper/Library/Bee/Android/Prj/IL2CPP/Gradle/unityLibrary/src/main/assets/bin/Data/79459efec17a4d00a321bdcc27bbc385
[ 461/1292  0s] CopyFiles C:/Users/User/Documents/QuestCraft v26/QCXR-XR-Wrapper/Library/Bee/Android/Prj/IL2CPP/Gradle/unityLibrary/src/main/assets/bin/Data/839b852ee4fcea3409f7f8e239536537
[ 462/1292  0s] CopyFiles C:/Users/User/Documents/QuestCraft v26/QCXR-XR-Wrapper/Library/Bee/Android/Prj/IL2CPP/Gradle/unityLibrary/src/main/assets/bin/Data/730b35d2a61a0402999fef7755ab7266
[ 463/1292  0s] CopyFiles C:/Users/User/Documents/QuestCraft v26/QCXR-XR-Wrapper/Library/Bee/Android/Prj/IL2CPP/Gradle/unityLibrary/src/main/assets/bin/Data/85013fab55cf932458682912756a4fcb
[ 464/1292  0s] CopyFiles C:/Users/User/Documents/QuestCraft v26/QCXR-XR-Wrapper/Library/Bee/Android/Prj/IL2CPP/Gradle/unityLibrary/src/main/assets/bin/Data/6a8f8e966738570459db901ed84ef9b6
[ 465/1292  0s] CopyFiles C:/Users/User/Documents/QuestCraft v26/QCXR-XR-Wrapper/Library/Bee/Android/Prj/IL2CPP/Gradle/unityLibrary/src/main/assets/bin/Data/5b670b470d1b64368901166ffb20d7ed
[ 466/1292  0s] CopyFiles C:/Users/User/Documents/QuestCraft v26/QCXR-XR-Wrapper/Library/Bee/Android/Prj/IL2CPP/Gradle/unityLibrary/src/main/assets/bin/Data/64029f435f4d71f4999ea9c75b80c91a
[ 467/1292  0s] CopyFiles C:/Users/User/Documents/QuestCraft v26/QCXR-XR-Wrapper/Library/Bee/Android/Prj/IL2CPP/Gradle/unityLibrary/src/main/assets/bin/Data/618e026a94e14184ca67698c5e8fa58a
[ 468/1292  0s] CopyFiles C:/Users/User/Documents/QuestCraft v26/QCXR-XR-Wrapper/Library/Bee/Android/Prj/IL2CPP/Gradle/unityLibrary/src/main/assets/bin/Data/60021030f78b18b42aecfc83af47bf2b
[ 469/1292  0s] CopyFiles C:/Users/User/Documents/QuestCraft v26/QCXR-XR-Wrapper/Library/Bee/Android/Prj/IL2CPP/Gradle/unityLibrary/src/main/assets/bin/Data/574ae8e957555df43b4cd9257e834e36
[ 470/1292  0s] CopyFiles C:/Users/User/Documents/QuestCraft v26/QCXR-XR-Wrapper/Library/Bee/Android/Prj/IL2CPP/Gradle/unityLibrary/src/main/assets/bin/Data/60580f3955898e04bb2f7401cd521e89
[ 471/1292  0s] CopyFiles C:/Users/User/Documents/QuestCraft v26/QCXR-XR-Wrapper/Library/Bee/Android/Prj/IL2CPP/Gradle/unityLibrary/src/main/assets/bin/Data/6837ed7aa7a8c8d4597569922ffcbca5
[ 472/1292  0s] CopyFiles C:/Users/User/Documents/QuestCraft v26/QCXR-XR-Wrapper/Library/Bee/Android/Prj/IL2CPP/Gradle/unityLibrary/src/main/assets/bin/Data/559b0277d5f635545a7b034007f4f42c
[ 473/1292  0s] CopyFiles C:/Users/User/Documents/QuestCraft v26/QCXR-XR-Wrapper/Library/Bee/Android/Prj/IL2CPP/Gradle/unityLibrary/src/main/assets/bin/Data/5a8e32ac3af576ad4ae5ae8404f14e71
[ 474/1292  0s] CopyFiles C:/Users/User/Documents/QuestCraft v26/QCXR-XR-Wrapper/Library/Bee/Android/Prj/IL2CPP/Gradle/unityLibrary/src/main/assets/bin/Data/4f3c1260c5bd8c64985946fc6af20f00
[ 475/1292  0s] CopyFiles C:/Users/User/Documents/QuestCraft v26/QCXR-XR-Wrapper/Library/Bee/Android/Prj/IL2CPP/Gradle/unityLibrary/src/main/assets/bin/Data/5496c96b97fb7ee469f4ca36671c32d0
[ 476/1292  0s] CopyFiles C:/Users/User/Documents/QuestCraft v26/QCXR-XR-Wrapper/Library/Bee/Android/Prj/IL2CPP/Gradle/unityLibrary/src/main/assets/bin/Data/4ef37ef333c3dc149b842dd2a3534ca1
[ 477/1292  0s] CopyFiles C:/Users/User/Documents/QuestCraft v26/QCXR-XR-Wrapper/Library/Bee/Android/Prj/IL2CPP/Gradle/unityLibrary/src/main/assets/bin/Data/4ff92632f801a7444958bb72ef6aee53
[ 478/1292  0s] CopyFiles C:/Users/User/Documents/QuestCraft v26/QCXR-XR-Wrapper/Library/Bee/Android/Prj/IL2CPP/Gradle/unityLibrary/src/main/assets/bin/Data/4bfadd3e60167a44fa27c370bfe2ae26
[ 479/1292  0s] CopyFiles C:/Users/User/Documents/QuestCraft v26/QCXR-XR-Wrapper/Library/Bee/Android/Prj/IL2CPP/Gradle/unityLibrary/src/main/assets/bin/Data/4a1294d789b914d428541b480a16682c
[ 480/1292  0s] CopyFiles C:/Users/User/Documents/QuestCraft v26/QCXR-XR-Wrapper/Library/Bee/Android/Prj/IL2CPP/Gradle/unityLibrary/src/main/assets/bin/Data/4a887bf25b2d04a1bae1669ae6747419
[ 481/1292  0s] CopyFiles C:/Users/User/Documents/QuestCraft v26/QCXR-XR-Wrapper/Library/Bee/Android/Prj/IL2CPP/Gradle/unityLibrary/src/main/assets/bin/Data/46eff69f4f8c8e64ca295ba7356521f1
[ 482/1292  0s] CopyFiles C:/Users/User/Documents/QuestCraft v26/QCXR-XR-Wrapper/Library/Bee/Android/Prj/IL2CPP/Gradle/unityLibrary/src/main/assets/bin/Data/4632f3d33fc5ea94e8a7673306cbb3e2
[ 483/1292  0s] CopyFiles C:/Users/User/Documents/QuestCraft v26/QCXR-XR-Wrapper/Library/Bee/Android/Prj/IL2CPP/Gradle/unityLibrary/src/main/assets/bin/Data/4ae4d410c1995fa4e8fea1ab6359ea37
[ 484/1292  0s] CopyFiles C:/Users/User/Documents/QuestCraft v26/QCXR-XR-Wrapper/Library/Bee/Android/Prj/IL2CPP/Gradle/unityLibrary/src/main/assets/bin/Data/3f5b5dff67a942289a9defa416b206f3
[ 485/1292  0s] CopyFiles C:/Users/User/Documents/QuestCraft v26/QCXR-XR-Wrapper/Library/Bee/Android/Prj/IL2CPP/Gradle/unityLibrary/src/main/assets/bin/Data/44423fbc73cf1334c8ab8ec0d0d79aa0
[ 486/1292  0s] CopyFiles C:/Users/User/Documents/QuestCraft v26/QCXR-XR-Wrapper/Library/Bee/Android/Prj/IL2CPP/Gradle/unityLibrary/src/main/assets/bin/Data/431bec021ead0ba4fa0f0d65d715ee81
[ 487/1292  0s] CopyFiles C:/Users/User/Documents/QuestCraft v26/QCXR-XR-Wrapper/Library/Bee/Android/Prj/IL2CPP/Gradle/unityLibrary/src/main/assets/bin/Data/4212f1d23993b2640922b428f2748e20
[ 488/1292  0s] CopyFiles C:/Users/User/Documents/QuestCraft v26/QCXR-XR-Wrapper/Library/Bee/Android/Prj/IL2CPP/Gradle/unityLibrary/src/main/assets/bin/Data/3f34e3c811e618ba98e9cfcf12f5c696
[ 489/1292  0s] CopyFiles C:/Users/User/Documents/QuestCraft v26/QCXR-XR-Wrapper/Library/Bee/Android/Prj/IL2CPP/Gradle/unityLibrary/src/main/assets/bin/Data/41938f04a6f4d884f82644a294f64a74
[ 490/1292  0s] CopyFiles C:/Users/User/Documents/QuestCraft v26/QCXR-XR-Wrapper/Library/Bee/Android/Prj/IL2CPP/Gradle/unityLibrary/src/main/assets/bin/Data/3e6da93ce58c14438a129fc637235b7d
[ 491/1292  0s] CopyFiles C:/Users/User/Documents/QuestCraft v26/QCXR-XR-Wrapper/Library/Bee/Android/Prj/IL2CPP/Gradle/unityLibrary/src/main/assets/bin/Data/3a5f20f82a5224d7d969e99da633fc69
[ 492/1292  0s] CopyFiles C:/Users/User/Documents/QuestCraft v26/QCXR-XR-Wrapper/Library/Bee/Android/Prj/IL2CPP/Gradle/unityLibrary/src/main/assets/bin/Data/39b162b3758bf435f97c925ab0a320a3
[ 493/1292  0s] CopyFiles C:/Users/User/Documents/QuestCraft v26/QCXR-XR-Wrapper/Library/Bee/Android/Prj/IL2CPP/Gradle/unityLibrary/src/main/assets/bin/Data/2f872c920e7224f889cde9b63d7311cc
[ 494/1292  0s] CopyFiles C:/Users/User/Documents/QuestCraft v26/QCXR-XR-Wrapper/Library/Bee/Android/Prj/IL2CPP/Gradle/unityLibrary/src/main/assets/bin/Data/2feddea28647636409e9100780016736
[ 495/1292  0s] CopyFiles C:/Users/User/Documents/QuestCraft v26/QCXR-XR-Wrapper/Library/Bee/Android/Prj/IL2CPP/Gradle/unityLibrary/src/main/assets/bin/Data/2fc108a4d4e9d5d41bf34f493b563d76
[ 496/1292  0s] CopyFiles C:/Users/User/Documents/QuestCraft v26/QCXR-XR-Wrapper/Library/Bee/Android/Prj/IL2CPP/Gradle/unityLibrary/src/main/assets/bin/Data/32e4299f223a5e74ba6c96aa836018a1
[ 497/1292  0s] CopyFiles C:/Users/User/Documents/QuestCraft v26/QCXR-XR-Wrapper/Library/Bee/Android/Prj/IL2CPP/Gradle/unityLibrary/src/main/assets/bin/Data/2761596a60d95484b962b79fb927057c
[ 498/1292  0s] CopyFiles C:/Users/User/Documents/QuestCraft v26/QCXR-XR-Wrapper/Library/Bee/Android/Prj/IL2CPP/Gradle/unityLibrary/src/main/assets/bin/Data/296b2106775d132469d4ddadfa937fc4
[ 499/1292  0s] CopyFiles C:/Users/User/Documents/QuestCraft v26/QCXR-XR-Wrapper/Library/Bee/Android/Prj/IL2CPP/Gradle/unityLibrary/src/main/assets/bin/Data/1c81befc13eaf814bbcd841238c11cd4
[ 500/1292  0s] CopyFiles C:/Users/User/Documents/QuestCraft v26/QCXR-XR-Wrapper/Library/Bee/Android/Prj/IL2CPP/Gradle/unityLibrary/src/main/assets/bin/Data/19363699162b3b842a8355f3f58473a7
[ 501/1292  0s] CopyFiles C:/Users/User/Documents/QuestCraft v26/QCXR-XR-Wrapper/Library/Bee/Android/Prj/IL2CPP/Gradle/unityLibrary/src/main/assets/bin/Data/1eed3cbdadbd3b14cbc97b9efdc5d9c0
[ 502/1292  0s] CopyFiles C:/Users/User/Documents/QuestCraft v26/QCXR-XR-Wrapper/Library/Bee/Android/Prj/IL2CPP/Gradle/unityLibrary/src/main/assets/bin/Data/166b3d4f510e047ab9e97a27b546eca5
[ 503/1292  0s] CopyFiles C:/Users/User/Documents/QuestCraft v26/QCXR-XR-Wrapper/Library/Bee/Android/Prj/IL2CPP/Gradle/unityLibrary/src/main/assets/bin/Data/173621e98c19c493a8f0288d8a933bed
[ 504/1292  0s] CopyFiles C:/Users/User/Documents/QuestCraft v26/QCXR-XR-Wrapper/Library/Bee/Android/Prj/IL2CPP/Gradle/unityLibrary/src/main/assets/bin/Data/1fc5f47805e00457ca97da2351c04180
[ 505/1292  0s] CopyFiles C:/Users/User/Documents/QuestCraft v26/QCXR-XR-Wrapper/Library/Bee/Android/Prj/IL2CPP/Gradle/unityLibrary/src/main/assets/bin/Data/174623c88ad55a443bca29e8e126b1e0
[ 506/1292  0s] CopyFiles C:/Users/User/Documents/QuestCraft v26/QCXR-XR-Wrapper/Library/Bee/Android/Prj/IL2CPP/Gradle/unityLibrary/src/main/assets/bin/Data/0f37039b4a5cd3f48bff00c92911c80c
[ 507/1292  0s] CopyFiles C:/Users/User/Documents/QuestCraft v26/QCXR-XR-Wrapper/Library/Bee/Android/Prj/IL2CPP/Gradle/unityLibrary/src/main/assets/bin/Data/1a1333616d23d473a9564f02435a3d0b
[ 508/1292  0s] CopyFiles C:/Users/User/Documents/QuestCraft v26/QCXR-XR-Wrapper/Library/Bee/Android/Prj/IL2CPP/Gradle/unityLibrary/src/main/assets/bin/Data/12a19b71643cd314291e0f6c3e9a2ac9
[ 509/1292  0s] CopyFiles C:/Users/User/Documents/QuestCraft v26/QCXR-XR-Wrapper/Library/Bee/Android/Prj/IL2CPP/Gradle/unityLibrary/src/main/assets/bin/Data/19109cae5d3dd4a21ab383ac58d3eb7d
[ 510/1292  0s] CopyFiles C:/Users/User/Documents/QuestCraft v26/QCXR-XR-Wrapper/Library/Bee/Android/Prj/IL2CPP/Gradle/unityLibrary/src/main/assets/bin/Data/1367dfadc71c7d2188c386a36878725b
[ 511/1292  0s] CopyFiles C:/Users/User/Documents/QuestCraft v26/QCXR-XR-Wrapper/Library/Bee/Android/Prj/IL2CPP/Gradle/unityLibrary/src/main/assets/bin/Data/00b918d38c21608499365dcf824b50ac
[ 512/1292  0s] CopyFiles C:/Users/User/Documents/QuestCraft v26/QCXR-XR-Wrapper/Library/Bee/Android/Prj/IL2CPP/Gradle/unityLibrary/src/main/assets/bin/Data/081528f6308b1134db2b9871766dd820
[ 513/1292  0s] CopyFiles C:/Users/User/Documents/QuestCraft v26/QCXR-XR-Wrapper/Library/Bee/Android/Prj/IL2CPP/Gradle/unityLibrary/src/main/assets/bin/Data/0e8851bbd4d7b2b4787a54d6d1f11f80
[ 514/1292  0s] CopyFiles C:/Users/User/Documents/QuestCraft v26/QCXR-XR-Wrapper/Library/Bee/Android/Prj/IL2CPP/Gradle/unityLibrary/src/main/assets/bin/Data/0000000000000000f000000000000000
[ 515/1292  0s] CopyFiles C:/Users/User/Documents/QuestCraft v26/QCXR-XR-Wrapper/Library/Bee/Android/Prj/IL2CPP/Gradle/unityLibrary/src/main/assets/bin/Data/0f24feff59dd4034b9bc964c815fb0f4
[ 516/1292  4s] ActionGenerateProjectFiles C:/Users/User/Documents/QuestCraft v26/QCXR-XR-Wrapper/Library/Bee/Android/Prj/IL2CPP/Gradle/build.gradle (+8 others)
*** Tundra requires additional run (4.30 seconds), 245 items updated, 1292 evaluated
*** Additional run caused by: contents change of Library/Bee/artifacts/Android/ManagedStripped
ExitCode: 4 Duration: 4s332ms
Starting: C:\Program Files\Unity\Hub\Editor\2022.3.62f3\Editor\Data\Tools\netcorerun\netcorerun.exe "C:\Program Files\Unity\Hub\Editor\2022.3.62f3\Editor\Data\PlaybackEngines\AndroidPlayer\AndroidPlayerBuildProgram.exe" "C:/Program Files/Unity/Hub/Editor/2022.3.62f3/Editor/Data/PlaybackEngines/AndroidPlayer/Bee;C:/Program Files/Unity/Hub/Editor/2022.3.62f3/Editor/Data/Tools/BuildPipeline" "Library/Bee/Player5c7f526e.dag.json" "Library/Bee/Player5c7f526e-inputdata.json" "Library\Bee\buildprogram0.traceevents"
WorkingDir: C:/Users/User/Documents/QuestCraft v26/QCXR-XR-Wrapper
ExitCode: 0 Duration: 2s358ms
Starting: C:\Program Files\Unity\Hub\Editor\2022.3.62f3\Editor\Data\bee_backend.exe --ipc --dagfile="Library/Bee/Player5c7f526e.dag" --dagfilejson="Library\Bee\Player5c7f526e.dag.json" --profile="Library/Bee/backend2.traceevents" Player
WorkingDir: C:/Users/User/Documents/QuestCraft v26/QCXR-XR-Wrapper
Finished compiling graph: 1298 nodes, 3469 flattened edges (3463 ToBuild, 10 ToUse), maximum node priority 786
[ 588/1293  0s] CopyFiles C:/Users/User/Documents/QuestCraft v26/QCXR-XR-Wrapper/Library/Bee/Android/Prj/IL2CPP/Il2CppBackup/Managed/Unity.XR.OpenXR.Features.MockRuntime.dll
[ 589/1293  0s] CopyFiles C:/Users/User/Documents/QuestCraft v26/QCXR-XR-Wrapper/Library/Bee/Android/Prj/IL2CPP/Il2CppBackup/Managed/UnityEngine.TextCoreTextEngineModule.dll
[ 590/1293  0s] CopyFiles C:/Users/User/Documents/QuestCraft v26/QCXR-XR-Wrapper/Library/Bee/Android/Prj/IL2CPP/Il2CppBackup/Managed/unity.webp.pdb
[ 591/1293  0s] CopyFiles C:/Users/User/Documents/QuestCraft v26/QCXR-XR-Wrapper/Library/Bee/Android/Prj/IL2CPP/Il2CppBackup/Managed/analytics.json
[ 592/1293  0s] CopyFiles C:/Users/User/Documents/QuestCraft v26/QCXR-XR-Wrapper/Library/Bee/Android/Prj/IL2CPP/Il2CppBackup/Managed/System.Drawing.dll
[ 593/1293  0s] CopyFiles C:/Users/User/Documents/QuestCraft v26/QCXR-XR-Wrapper/Library/Bee/Android/Prj/IL2CPP/Il2CppBackup/Managed/UnityEngine.UI.pdb
[ 594/1293  0s] CopyFiles C:/Users/User/Documents/QuestCraft v26/QCXR-XR-Wrapper/Library/Bee/Android/Prj/IL2CPP/Il2CppBackup/Managed/ControllerSample.pdb
[ 595/1293  0s] CopyFiles C:/Users/User/Documents/QuestCraft v26/QCXR-XR-Wrapper/Library/Bee/Android/Prj/IL2CPP/Il2CppBackup/Managed/UnityEngine.UI.dll
[ 596/1293  0s] CopyFiles C:/Users/User/Documents/QuestCraft v26/QCXR-XR-Wrapper/Library/Bee/Android/Prj/IL2CPP/Il2CppBackup/Managed/Unity.XR.OpenXR.Features.PICOSupport.dll
[ 597/1293  0s] CopyFiles C:/Users/User/Documents/QuestCraft v26/QCXR-XR-Wrapper/Library/Bee/Android/Prj/IL2CPP/Il2CppBackup/Managed/ControllerSample.dll
[ 598/1293  0s] CopyFiles C:/Users/User/Documents/QuestCraft v26/QCXR-XR-Wrapper/Library/Bee/Android/Prj/IL2CPP/Il2CppBackup/Managed/UnityEngine.TextCoreFontEngineModule.dll
[ 599/1293  0s] CopyFiles C:/Users/User/Documents/QuestCraft v26/QCXR-XR-Wrapper/Library/Bee/Android/Prj/IL2CPP/Il2CppBackup/Managed/mscorlib.dll
[ 600/1293  0s] CopyFiles C:/Users/User/Documents/QuestCraft v26/QCXR-XR-Wrapper/Library/Bee/Android/Prj/IL2CPP/Il2CppBackup/Managed/Mono.Security.dll
[ 601/1293  0s] CopyFiles C:/Users/User/Documents/QuestCraft v26/QCXR-XR-Wrapper/Library/Bee/Android/Prj/IL2CPP/Il2CppBackup/Managed/PICO.Platform.pdb
[ 602/1293  0s] CopyFiles C:/Users/User/Documents/QuestCraft v26/QCXR-XR-Wrapper/Library/Bee/Android/Prj/IL2CPP/Il2CppBackup/Managed/System.Numerics.dll
[ 603/1293  0s] CopyFiles C:/Users/User/Documents/QuestCraft v26/QCXR-XR-Wrapper/Library/Bee/Android/Prj/IL2CPP/Il2CppBackup/Managed/PICO.Platform.dll
[ 604/1293  0s] CopyFiles C:/Users/User/Documents/QuestCraft v26/QCXR-XR-Wrapper/Library/Bee/Android/Prj/IL2CPP/Il2CppBackup/Managed/Assembly-CSharp.pdb
[ 605/1293  0s] CopyFiles C:/Users/User/Documents/QuestCraft v26/QCXR-XR-Wrapper/Library/Bee/Android/Prj/IL2CPP/Il2CppBackup/Managed/UnityGifDecoder.pdb
[ 606/1293  0s] CopyFiles C:/Users/User/Documents/QuestCraft v26/QCXR-XR-Wrapper/Library/Bee/Android/Prj/IL2CPP/Il2CppBackup/Managed/System.Xml.Linq.dll
[ 607/1293  0s] CopyFiles C:/Users/User/Documents/QuestCraft v26/QCXR-XR-Wrapper/Library/Bee/Android/Prj/IL2CPP/Il2CppBackup/Managed/Unity.XR.OpenXR.pdb
[ 608/1293  0s] CopyFiles C:/Users/User/Documents/QuestCraft v26/QCXR-XR-Wrapper/Library/Bee/Android/Prj/IL2CPP/Il2CppBackup/Managed/UnityGifDecoder.dll
[ 609/1293  0s] CopyFiles C:/Users/User/Documents/QuestCraft v26/QCXR-XR-Wrapper/Library/Bee/Android/Prj/IL2CPP/Il2CppBackup/Managed/UnityEngine.pdb
[ 610/1293  0s] CopyFiles C:/Users/User/Documents/QuestCraft v26/QCXR-XR-Wrapper/Library/Bee/Android/Prj/IL2CPP/Il2CppBackup/Managed/Newtonsoft.Json.dll
[ 611/1293  0s] CopyFiles C:/Users/User/Documents/QuestCraft v26/QCXR-XR-Wrapper/Library/Bee/Android/Prj/IL2CPP/Il2CppBackup/Managed/Unity.XR.OpenXR.dll
[ 612/1293  0s] CopyFiles C:/Users/User/Documents/QuestCraft v26/QCXR-XR-Wrapper/Library/Bee/Android/Prj/IL2CPP/Il2CppBackup/Managed/Unity.XR.OpenXR.Features.ConformanceAutomation.dll
[ 613/1293  0s] CopyFiles C:/Users/User/Documents/QuestCraft v26/QCXR-XR-Wrapper/Library/Bee/Android/Prj/IL2CPP/Il2CppBackup/Managed/Assembly-CSharp.dll
[ 615/1293  0s] CopyFiles C:/Users/User/Documents/QuestCraft v26/QCXR-XR-Wrapper/Library/Bee/Android/Prj/IL2CPP/Il2CppBackup/Managed/UnityEngine.TilemapModule.pdb
[ 616/1293  0s] CopyFiles C:/Users/User/Documents/QuestCraft v26/QCXR-XR-Wrapper/Library/Bee/Android/Prj/IL2CPP/Il2CppBackup/Managed/UnityEngine.PhysicsModule.dll
[ 617/1293  0s] CopyFiles C:/Users/User/Documents/QuestCraft v26/QCXR-XR-Wrapper/Library/Bee/Android/Prj/IL2CPP/Il2CppBackup/Managed/UnityEngine.TilemapModule.dll
[ 618/1293  0s] CopyFiles C:/Users/User/Documents/QuestCraft v26/QCXR-XR-Wrapper/Library/Bee/Android/Prj/IL2CPP/Il2CppBackup/Managed/UnityEngine.UnityWebRequestModule.dll
[ 619/1293  0s] CopyFiles C:/Users/User/Documents/QuestCraft v26/QCXR-XR-Wrapper/Library/Bee/Android/Prj/IL2CPP/Il2CppBackup/Managed/Unity.XR.Interaction.Toolkit.Samples.StarterAssets.pdb
[ 620/1293  0s] CopyFiles C:/Users/User/Documents/QuestCraft v26/QCXR-XR-Wrapper/Library/Bee/Android/Prj/IL2CPP/Il2CppBackup/Managed/UnityEngine.SharedInternalsModule.dll
[ 621/1293  0s] CopyFiles C:/Users/User/Documents/QuestCraft v26/QCXR-XR-Wrapper/Library/Bee/Android/Prj/IL2CPP/Il2CppBackup/Managed/UnityEngine.SharedInternalsModule.pdb
[ 622/1293  0s] CopyFiles C:/Users/User/Documents/QuestCraft v26/QCXR-XR-Wrapper/Library/Bee/Android/Prj/IL2CPP/Il2CppBackup/Managed/UnityEngine.UnityWebRequestModule.pdb
[ 623/1293  0s] CopyFiles C:/Users/User/Documents/QuestCraft v26/QCXR-XR-Wrapper/Library/Bee/Android/Prj/IL2CPP/Il2CppBackup/Managed/Unity.XR.OpenXR.Features.RuntimeDebugger.pdb
[ 624/1293  0s] CopyFiles C:/Users/User/Documents/QuestCraft v26/QCXR-XR-Wrapper/Library/Bee/Android/Prj/IL2CPP/Il2CppBackup/Managed/System.Configuration.dll
[ 625/1293  0s] CopyFiles C:/Users/User/Documents/QuestCraft v26/QCXR-XR-Wrapper/Library/Bee/Android/Prj/IL2CPP/Il2CppBackup/Managed/UnityEngine.VRModule.dll
[ 626/1293  0s] CopyFiles C:/Users/User/Documents/QuestCraft v26/QCXR-XR-Wrapper/Library/Bee/Android/Prj/IL2CPP/Il2CppBackup/Managed/UnityEngine.XRModule.dll
[ 627/1293  0s] CopyFiles C:/Users/User/Documents/QuestCraft v26/QCXR-XR-Wrapper/Library/Bee/Android/Prj/IL2CPP/Il2CppBackup/Managed/UnityEngine.UnityWebRequestTextureModule.pdb
[ 628/1293  0s] CopyFiles C:/Users/User/Documents/QuestCraft v26/QCXR-XR-Wrapper/Library/Bee/Android/Prj/IL2CPP/Il2CppBackup/Managed/UnityEngine.dll
[ 629/1293  0s] CopyFiles C:/Users/User/Documents/QuestCraft v26/QCXR-XR-Wrapper/Library/Bee/Android/Prj/IL2CPP/Il2CppBackup/Managed/UnityEngine.UIModule.dll
[ 630/1293  0s] CopyFiles C:/Users/User/Documents/QuestCraft v26/QCXR-XR-Wrapper/Library/Bee/Android/Prj/IL2CPP/Il2CppBackup/Managed/System.Core.dll
[ 632/1293  0s] CopyFiles C:/Users/User/Documents/QuestCraft v26/QCXR-XR-Wrapper/Library/Bee/Android/Prj/IL2CPP/Il2CppBackup/Managed/UnityEngine.XRModule.pdb
[ 634/1293  0s] CopyFiles C:/Users/User/Documents/QuestCraft v26/QCXR-XR-Wrapper/Library/Bee/Android/Prj/IL2CPP/Il2CppBackup/Managed/UnityEngine.VRModule.pdb
[ 638/1293  0s] CopyFiles C:/Users/User/Documents/QuestCraft v26/QCXR-XR-Wrapper/Library/Bee/Android/Prj/IL2CPP/Il2CppBackup/Managed/Unity.XR.OpenXR.Features.MetaQuestSupport.dll
[ 643/1293  0s] CopyFiles C:/Users/User/Documents/QuestCraft v26/QCXR-XR-Wrapper/Library/Bee/Android/Prj/IL2CPP/Il2CppBackup/Managed/UnityEngine.UIModule.pdb
[ 647/1293  0s] CopyFiles C:/Users/User/Documents/QuestCraft v26/QCXR-XR-Wrapper/Library/Bee/Android/Prj/IL2CPP/Il2CppBackup/Managed/icallsummary.txt
[ 696/1293  0s] CopyFiles C:/Users/User/Documents/QuestCraft v26/QCXR-XR-Wrapper/Library/Bee/Android/Prj/IL2CPP/Il2CppBackup/Managed/System.Data.dll
[ 730/1293  0s] CopyFiles C:/Users/User/Documents/QuestCraft v26/QCXR-XR-Wrapper/Library/Bee/Android/Prj/IL2CPP/Il2CppBackup/Managed/System.dll
[ 845/1293  0s] CopyFiles C:/Users/User/Documents/QuestCraft v26/QCXR-XR-Wrapper/Library/Bee/Android/Prj/IL2CPP/Il2CppBackup/Managed/unity.webp.dll
[ 853/1293  0s] CopyFiles C:/Users/User/Documents/QuestCraft v26/QCXR-XR-Wrapper/Library/Bee/Android/Prj/IL2CPP/Il2CppBackup/Managed/System.Xml.dll
[ 935/1293  0s] CopyFiles C:/Users/User/Documents/QuestCraft v26/QCXR-XR-Wrapper/Library/Bee/Android/Prj/IL2CPP/Il2CppBackup/il2cppOutput/UnityEngine.Physics2DModule.cpp
[ 936/1293  0s] CopyFiles C:/Users/User/Documents/QuestCraft v26/QCXR-XR-Wrapper/Library/Bee/Android/Prj/IL2CPP/Il2CppBackup/il2cppOutput/UnityEngine.AnimationModule.cpp
[ 937/1293  0s] CopyFiles C:/Users/User/Documents/QuestCraft v26/QCXR-XR-Wrapper/Library/Bee/Android/Prj/IL2CPP/Il2CppBackup/il2cppOutput/UnityEngine.CoreModule__1.cpp
[ 938/1293  0s] CopyFiles C:/Users/User/Documents/QuestCraft v26/QCXR-XR-Wrapper/Library/Bee/Android/Prj/IL2CPP/Il2CppBackup/il2cppOutput/UnityEngine.TilemapModule.cpp
[ 939/1293  0s] CopyFiles C:/Users/User/Documents/QuestCraft v26/QCXR-XR-Wrapper/Library/Bee/Android/Prj/IL2CPP/Il2CppBackup/il2cppOutput/Unity.XR.OpenXRPico_CodeGen.c
[ 940/1293  0s] CopyFiles C:/Users/User/Documents/QuestCraft v26/QCXR-XR-Wrapper/Library/Bee/Android/Prj/IL2CPP/Il2CppBackup/il2cppOutput/Unity.XR.Management_CodeGen.c
[ 941/1293  0s] CopyFiles C:/Users/User/Documents/QuestCraft v26/QCXR-XR-Wrapper/Library/Bee/Android/Prj/IL2CPP/Il2CppBackup/il2cppOutput/Il2CppCCalculateTypeValues1.cpp
[ 942/1293  0s] CopyFiles C:/Users/User/Documents/QuestCraft v26/QCXR-XR-Wrapper/Library/Bee/Android/Prj/IL2CPP/Il2CppBackup/il2cppOutput/UnityEngine.CrashReportingModule.cpp
[ 943/1293  0s] CopyFiles C:/Users/User/Documents/QuestCraft v26/QCXR-XR-Wrapper/Library/Bee/Android/Prj/IL2CPP/Il2CppBackup/il2cppOutput/UnityEngine.UIElementsModule__10.cpp
[ 944/1293  0s] CopyFiles C:/Users/User/Documents/QuestCraft v26/QCXR-XR-Wrapper/Library/Bee/Android/Prj/IL2CPP/Il2CppBackup/il2cppOutput/UnityEngine.PhysicsModule.cpp
[ 945/1293  0s] CopyFiles C:/Users/User/Documents/QuestCraft v26/QCXR-XR-Wrapper/Library/Bee/Android/Prj/IL2CPP/Il2CppBackup/il2cppOutput/UnityEngine.CoreModule__2.cpp
[ 946/1293  0s] CopyFiles C:/Users/User/Documents/QuestCraft v26/QCXR-XR-Wrapper/Library/Bee/Android/Prj/IL2CPP/Gradle/unityLibrary/src/main/jniLibs/arm64-v8a/libil2cpp.so
[ 947/1293  0s] CopyFiles C:/Users/User/Documents/QuestCraft v26/QCXR-XR-Wrapper/Library/Bee/Android/Prj/IL2CPP/Il2CppBackup/il2cppOutput/UnityEngine.UIElementsModule__11.cpp
[ 948/1293  0s] CopyFiles C:/Users/User/Documents/QuestCraft v26/QCXR-XR-Wrapper/Library/Bee/Android/Prj/IL2CPP/Il2CppBackup/il2cppOutput/UnityEngine.UIElementsModule__12.cpp
[ 949/1293  0s] CopyFiles C:/Users/User/Documents/QuestCraft v26/QCXR-XR-Wrapper/Library/Bee/Android/Prj/IL2CPP/Il2CppBackup/il2cppOutput/UnityEngine.UIElementsModule__13.cpp
[ 950/1293  0s] CopyFiles C:/Users/User/Documents/QuestCraft v26/QCXR-XR-Wrapper/Library/Bee/Android/Prj/IL2CPP/Il2CppBackup/il2cppOutput/UnityEngine.UnityAnalyticsModule.cpp
[ 951/1293  0s] CopyFiles C:/Users/User/Documents/QuestCraft v26/QCXR-XR-Wrapper/Library/Bee/Android/Prj/IL2CPP/Il2CppBackup/il2cppOutput/Il2CppReversePInvokeWrapperTable.cpp
[ 952/1293  0s] CopyFiles C:/Users/User/Documents/QuestCraft v26/QCXR-XR-Wrapper/Library/Bee/Android/Prj/IL2CPP/Il2CppBackup/il2cppOutput/UnityEngine.UIElementsModule__14.cpp
[ 953/1293  0s] CopyFiles C:/Users/User/Documents/QuestCraft v26/QCXR-XR-Wrapper/Library/Bee/Android/Prj/IL2CPP/Il2CppBackup/il2cppOutput/UnityEngine.SubsystemsModule_CodeGen.c
[ 954/1293  0s] CopyFiles C:/Users/User/Documents/QuestCraft v26/QCXR-XR-Wrapper/Library/Bee/Android/Prj/IL2CPP/Il2CppBackup/il2cppOutput/UnityEngine.PropertiesModule_CodeGen.c
[ 955/1293  0s] CopyFiles C:/Users/User/Documents/QuestCraft v26/QCXR-XR-Wrapper/Library/Bee/Android/Prj/IL2CPP/Il2CppBackup/il2cppOutput/UnityEngine.AndroidJNIModule_CodeGen.c
[ 956/1293  0s] CopyFiles C:/Users/User/Documents/QuestCraft v26/QCXR-XR-Wrapper/Library/Bee/Android/Prj/IL2CPP/Il2CppBackup/il2cppOutput/System.Runtime.Serialization_CodeGen.c
[ 957/1293  0s] CopyFiles C:/Users/User/Documents/QuestCraft v26/QCXR-XR-Wrapper/Library/Bee/Android/Prj/IL2CPP/Il2CppBackup/il2cppOutput/Unity.XR.Interaction.Toolkit_CodeGen.c
[ 958/1293  0s] CopyFiles C:/Users/User/Documents/QuestCraft v26/QCXR-XR-Wrapper/Library/Bee/Android/Prj/IL2CPP/Gradle/unityLibrary/src/main/assets/bin/Data/Managed/Resources/System.Data.dll-resources.dat
[ 959/1293  0s] CopyFiles C:/Users/User/Documents/QuestCraft v26/QCXR-XR-Wrapper/Library/Bee/Android/Prj/IL2CPP/Il2CppBackup/il2cppOutput/Unity.XR.OpenXR.Features.RuntimeDebugger.cpp
[ 960/1293  0s] CopyFiles C:/Users/User/Documents/QuestCraft v26/QCXR-XR-Wrapper/Library/Bee/Android/Prj/IL2CPP/Il2CppBackup/il2cppOutput/Unity.XR.OpenXR.Features.RuntimeDebugger_CodeGen.c
[ 961/1293  0s] CopyFiles C:/Users/User/Documents/QuestCraft v26/QCXR-XR-Wrapper/Library/Bee/Android/Prj/IL2CPP/Il2CppBackup/il2cppOutput/UnityEngine.UIElementsModule_CodeGen.c
[ 962/1293  0s] CopyFiles C:/Users/User/Documents/QuestCraft v26/QCXR-XR-Wrapper/Library/Bee/Android/Prj/IL2CPP/Il2CppBackup/il2cppOutput/Unity.XR.OpenXR.Features.OculusQuestSupport_CodeGen.c
[ 963/1293  0s] CopyFiles C:/Users/User/Documents/QuestCraft v26/QCXR-XR-Wrapper/Library/Bee/Android/Prj/IL2CPP/Il2CppBackup/il2cppOutput/UnityEngine.TextCoreFontEngineModule_CodeGen.c
[ 964/1293  0s] CopyFiles C:/Users/User/Documents/QuestCraft v26/QCXR-XR-Wrapper/Library/Bee/Android/Prj/IL2CPP/Il2CppBackup/il2cppOutput/Unity.XR.OpenXR.Features.PICOSupport.cpp
[ 965/1293  0s] CopyFiles C:/Users/User/Documents/QuestCraft v26/QCXR-XR-Wrapper/Library/Bee/Android/Prj/IL2CPP/Il2CppBackup/il2cppOutput/UnityEngine.TextCoreTextEngineModule_CodeGen.c
[ 966/1293  0s] CopyFiles C:/Users/User/Documents/QuestCraft v26/QCXR-XR-Wrapper/Library/Bee/Android/Prj/IL2CPP/Il2CppBackup/il2cppOutput/UnityEngine.TextCoreTextEngineModule__1.cpp
[ 967/1293  0s] CopyFiles C:/Users/User/Documents/QuestCraft v26/QCXR-XR-Wrapper/Library/Bee/Android/Prj/IL2CPP/Il2CppBackup/il2cppOutput/UnityEngine.UIElementsModule__15.cpp
[ 968/1293  0s] CopyFiles C:/Users/User/Documents/QuestCraft v26/QCXR-XR-Wrapper/Library/Bee/Android/Prj/IL2CPP/Il2CppBackup/il2cppOutput/Unity.InputSystem__5.cpp
[ 969/1293  0s] CopyFiles C:/Users/User/Documents/QuestCraft v26/QCXR-XR-Wrapper/Library/Bee/Android/Prj/IL2CPP/Il2CppBackup/il2cppOutput/UnityEngine.UnityWebRequestTextureModule_CodeGen.c
[ 970/1293  0s] CopyFiles C:/Users/User/Documents/QuestCraft v26/QCXR-XR-Wrapper/Library/Bee/Android/Prj/IL2CPP/Il2CppBackup/il2cppOutput/UnityEngine.TextCoreTextEngineModule__3.cpp
[ 971/1293  0s] CopyFiles C:/Users/User/Documents/QuestCraft v26/QCXR-XR-Wrapper/Library/Bee/Android/Prj/IL2CPP/Il2CppBackup/il2cppOutput/Unity.InputSystem__2.cpp
[ 972/1293  0s] CopyFiles C:/Users/User/Documents/QuestCraft v26/QCXR-XR-Wrapper/Library/Bee/Android/Prj/IL2CPP/Il2CppBackup/il2cppOutput/Unity.InputSystem__6.cpp
[ 973/1293  0s] CopyFiles C:/Users/User/Documents/QuestCraft v26/QCXR-XR-Wrapper/Library/Bee/Android/Prj/IL2CPP/Il2CppBackup/il2cppOutput/UnityEngine.VRModule.cpp
[ 974/1293  0s] CopyFiles C:/Users/User/Documents/QuestCraft v26/QCXR-XR-Wrapper/Library/Bee/Android/Prj/IL2CPP/Il2CppBackup/il2cppOutput/Unity.InputSystem__8.cpp
[ 975/1293  0s] CopyFiles C:/Users/User/Documents/QuestCraft v26/QCXR-XR-Wrapper/Library/Bee/Android/Prj/IL2CPP/Il2CppBackup/il2cppOutput/UnityEngine.XRModule.cpp
[ 976/1293  0s] CopyFiles C:/Users/User/Documents/QuestCraft v26/QCXR-XR-Wrapper/Library/Bee/Android/Prj/IL2CPP/Il2CppBackup/il2cppOutput/System.Configuration.cpp
[ 977/1293  0s] CopyFiles C:/Users/User/Documents/QuestCraft v26/QCXR-XR-Wrapper/Library/Bee/Android/Prj/IL2CPP/Il2CppBackup/il2cppOutput/Unity.TextMeshPro__2.cpp
[ 978/1293  0s] CopyFiles C:/Users/User/Documents/QuestCraft v26/QCXR-XR-Wrapper/Library/Bee/Android/Prj/IL2CPP/Il2CppBackup/il2cppOutput/UnityEngine.UIModule.cpp
[ 979/1293  0s] CopyFiles C:/Users/User/Documents/QuestCraft v26/QCXR-XR-Wrapper/Library/Bee/Android/Prj/IL2CPP/Il2CppBackup/il2cppOutput/Unity.TextMeshPro__6.cpp
[ 980/1293  0s] CopyFiles C:/Users/User/Documents/QuestCraft v26/QCXR-XR-Wrapper/Library/Bee/Android/Prj/IL2CPP/Il2CppBackup/il2cppOutput/Unity.TextMeshPro__4.cpp
[ 981/1293  0s] CopyFiles C:/Users/User/Documents/QuestCraft v26/QCXR-XR-Wrapper/Library/Bee/Android/Prj/IL2CPP/Il2CppBackup/il2cppOutput/Unity.InputSystem__9.cpp
[ 982/1293  0s] CopyFiles C:/Users/User/Documents/QuestCraft v26/QCXR-XR-Wrapper/Library/Bee/Android/Prj/IL2CPP/Il2CppBackup/il2cppOutput/Unity.TextMeshPro__3.cpp
[ 983/1293  0s] CopyFiles C:/Users/User/Documents/QuestCraft v26/QCXR-XR-Wrapper/Library/Bee/Android/Prj/IL2CPP/Il2CppBackup/il2cppOutput/Unity.InputSystem__4.cpp
[ 984/1293  0s] CopyFiles C:/Users/User/Documents/QuestCraft v26/QCXR-XR-Wrapper/Library/Bee/Android/Prj/IL2CPP/Il2CppBackup/il2cppOutput/Unity.TextMeshPro__5.cpp
[ 985/1293  0s] CopyFiles C:/Users/User/Documents/QuestCraft v26/QCXR-XR-Wrapper/Library/Bee/Android/Prj/IL2CPP/Il2CppBackup/il2cppOutput/Unity.InputSystem__7.cpp
[ 986/1293  0s] CopyFiles C:/Users/User/Documents/QuestCraft v26/QCXR-XR-Wrapper/Library/Bee/Android/Prj/IL2CPP/Il2CppBackup/il2cppOutput/Unity.InputSystem__1.cpp
[ 987/1293  0s] CopyFiles C:/Users/User/Documents/QuestCraft v26/QCXR-XR-Wrapper/Library/Bee/Android/Prj/IL2CPP/Il2CppBackup/il2cppOutput/Unity.TextMeshPro__1.cpp
[ 988/1293  0s] CopyFiles C:/Users/User/Documents/QuestCraft v26/QCXR-XR-Wrapper/Library/Bee/Android/Prj/IL2CPP/Il2CppBackup/il2cppOutput/UnityEngine.UI_CodeGen.c
[ 989/1293  0s] CopyFiles C:/Users/User/Documents/QuestCraft v26/QCXR-XR-Wrapper/Library/Bee/Android/Prj/IL2CPP/Il2CppBackup/il2cppOutput/UnityEngine.TextCoreFontEngineModule.cpp
[ 990/1293  0s] CopyFiles C:/Users/User/Documents/QuestCraft v26/QCXR-XR-Wrapper/Library/Bee/Android/Prj/IL2CPP/Il2CppBackup/il2cppOutput/Unity.InputSystem__3.cpp
[ 991/1293  0s] CopyFiles C:/Users/User/Documents/QuestCraft v26/QCXR-XR-Wrapper/Library/Bee/Android/Prj/IL2CPP/Il2CppBackup/il2cppOutput/UnityEngine.TextCoreTextEngineModule.cpp
[ 992/1293  0s] CopyFiles C:/Users/User/Documents/QuestCraft v26/QCXR-XR-Wrapper/Library/Bee/Android/Prj/IL2CPP/Il2CppBackup/il2cppOutput/Unity.XR.OpenXR.Features.OculusQuestSupport.cpp
[ 993/1293  0s] CopyFiles C:/Users/User/Documents/QuestCraft v26/QCXR-XR-Wrapper/Library/Bee/Android/Prj/IL2CPP/Il2CppBackup/il2cppOutput/Il2CppGenericMethodDefinitions.c
[ 994/1293  0s] CopyFiles C:/Users/User/Documents/QuestCraft v26/QCXR-XR-Wrapper/Library/Bee/Android/Prj/IL2CPP/Il2CppBackup/il2cppOutput/UnityEngine.GridModule_CodeGen.c
[ 995/1293  0s] CopyFiles C:/Users/User/Documents/QuestCraft v26/QCXR-XR-Wrapper/Library/Bee/Android/Prj/IL2CPP/Il2CppBackup/il2cppOutput/Il2CppCCalculateFieldValues3.cpp
[ 996/1293  0s] CopyFiles C:/Users/User/Documents/QuestCraft v26/QCXR-XR-Wrapper/Library/Bee/Android/Prj/IL2CPP/Il2CppBackup/il2cppOutput/System.Drawing_CodeGen.c
[ 997/1293  0s] CopyFiles C:/Users/User/Documents/QuestCraft v26/QCXR-XR-Wrapper/Library/Bee/Android/Prj/IL2CPP/Il2CppBackup/il2cppOutput/UnityEngine.CoreModule_CodeGen.c
[ 998/1293  0s] CopyFiles C:/Users/User/Documents/QuestCraft v26/QCXR-XR-Wrapper/Library/Bee/Android/Prj/IL2CPP/Il2CppBackup/il2cppOutput/UnityEngine.UnityWebRequestModule_CodeGen.c
[ 999/1293  0s] CopyFiles C:/Users/User/Documents/QuestCraft v26/QCXR-XR-Wrapper/Library/Bee/Android/Prj/IL2CPP/Il2CppBackup/il2cppOutput/Il2CppCCalculateFieldValues2.cpp
[1000/1293  0s] CopyFiles C:/Users/User/Documents/QuestCraft v26/QCXR-XR-Wrapper/Library/Bee/Android/Prj/IL2CPP/Il2CppBackup/il2cppOutput/UnityEngine.PropertiesModule.cpp
[1001/1293  0s] CopyFiles C:/Users/User/Documents/QuestCraft v26/QCXR-XR-Wrapper/Library/Bee/Android/Prj/IL2CPP/Il2CppBackup/il2cppOutput/Il2CppUnresolvedIndirectCallStubs.cpp
[1002/1293  0s] CopyFiles C:/Users/User/Documents/QuestCraft v26/QCXR-XR-Wrapper/Library/Bee/Android/Prj/IL2CPP/Il2CppBackup/il2cppOutput/UnityEngine.SharedInternalsModule_CodeGen.c
[1003/1293  0s] CopyFiles C:/Users/User/Documents/QuestCraft v26/QCXR-XR-Wrapper/Library/Bee/Android/Prj/IL2CPP/Il2CppBackup/il2cppOutput/Unity.XR.Interaction.Toolkit.cpp
[1004/1293  0s] CopyFiles C:/Users/User/Documents/QuestCraft v26/QCXR-XR-Wrapper/Library/Bee/Android/Prj/IL2CPP/Il2CppBackup/il2cppOutput/UnityEngine.SubsystemsModule.cpp
[1005/1293  0s] CopyFiles C:/Users/User/Documents/QuestCraft v26/QCXR-XR-Wrapper/Library/Bee/Android/Prj/IL2CPP/Il2CppBackup/il2cppOutput/UnityEngine.AndroidJNIModule.cpp
[1006/1293  0s] CopyFiles C:/Users/User/Documents/QuestCraft v26/QCXR-XR-Wrapper/Library/Bee/Android/Prj/IL2CPP/Il2CppBackup/il2cppOutput/UnityEngine.UIElementsModule.cpp
[1007/1293  0s] CopyFiles C:/Users/User/Documents/QuestCraft v26/QCXR-XR-Wrapper/Library/Bee/Android/Prj/IL2CPP/Il2CppBackup/il2cppOutput/Il2CppCCalculateFieldValues1.cpp
[1008/1293  0s] CopyFiles C:/Users/User/Documents/QuestCraft v26/QCXR-XR-Wrapper/Library/Bee/Android/Prj/IL2CPP/Il2CppBackup/il2cppOutput/Unity.XR.OpenXR.Features.MetaQuestSupport_CodeGen.c
[1009/1293  0s] CopyFiles C:/Users/User/Documents/QuestCraft v26/QCXR-XR-Wrapper/Library/Bee/Android/Prj/IL2CPP/Il2CppBackup/il2cppOutput/System.Xml_CodeGen.c
[1010/1293  0s] CopyFiles C:/Users/User/Documents/QuestCraft v26/QCXR-XR-Wrapper/Library/Bee/Android/Prj/IL2CPP/Il2CppBackup/il2cppOutput/System.Runtime.Serialization.cpp
[1011/1293  0s] CopyFiles C:/Users/User/Documents/QuestCraft v26/QCXR-XR-Wrapper/Library/Bee/Android/Prj/IL2CPP/Il2CppBackup/il2cppOutput/unity.webp_CodeGen.c
[1012/1293  0s] CopyFiles C:/Users/User/Documents/QuestCraft v26/QCXR-XR-Wrapper/Library/Bee/Android/Prj/IL2CPP/Il2CppBackup/il2cppOutput/System_CodeGen.c
[1013/1293  0s] CopyFiles C:/Users/User/Documents/QuestCraft v26/QCXR-XR-Wrapper/Library/Bee/Android/Prj/IL2CPP/Il2CppBackup/il2cppOutput/ControllerSample.cpp
[1014/1293  0s] CopyFiles C:/Users/User/Documents/QuestCraft v26/QCXR-XR-Wrapper/Library/Bee/Android/Prj/IL2CPP/Il2CppBackup/il2cppOutput/mscorlib__22.cpp
[1015/1293  0s] CopyFiles C:/Users/User/Documents/QuestCraft v26/QCXR-XR-Wrapper/Library/Bee/Android/Prj/IL2CPP/Il2CppBackup/il2cppOutput/mscorlib__10.cpp
[1016/1293  0s] CopyFiles C:/Users/User/Documents/QuestCraft v26/QCXR-XR-Wrapper/Library/Bee/Android/Prj/IL2CPP/Il2CppBackup/il2cppOutput/PICO.Platform__1.cpp
[1017/1293  0s] CopyFiles C:/Users/User/Documents/QuestCraft v26/QCXR-XR-Wrapper/Library/Bee/Android/Prj/IL2CPP/Il2CppBackup/il2cppOutput/mscorlib__15.cpp
[1018/1293  0s] CopyFiles C:/Users/User/Documents/QuestCraft v26/QCXR-XR-Wrapper/Library/Bee/Android/Prj/IL2CPP/Il2CppBackup/il2cppOutput/Mono.Security__1.cpp
[1019/1293  0s] CopyFiles C:/Users/User/Documents/QuestCraft v26/QCXR-XR-Wrapper/Library/Bee/Android/Prj/IL2CPP/Il2CppBackup/il2cppOutput/mscorlib__20.cpp
[1020/1293  0s] CopyFiles C:/Users/User/Documents/QuestCraft v26/QCXR-XR-Wrapper/Library/Bee/Android/Prj/IL2CPP/Il2CppBackup/il2cppOutput/mscorlib__14.cpp
[1021/1293  0s] CopyFiles C:/Users/User/Documents/QuestCraft v26/QCXR-XR-Wrapper/Library/Bee/Android/Prj/IL2CPP/Il2CppBackup/il2cppOutput/mscorlib__16.cpp
[1022/1293  0s] CopyFiles C:/Users/User/Documents/QuestCraft v26/QCXR-XR-Wrapper/Library/Bee/Android/Prj/IL2CPP/Il2CppBackup/il2cppOutput/mscorlib__23.cpp
[1023/1293  0s] CopyFiles C:/Users/User/Documents/QuestCraft v26/QCXR-XR-Wrapper/Library/Bee/Android/Prj/IL2CPP/Il2CppBackup/il2cppOutput/mscorlib__18.cpp
[1024/1293  0s] CopyFiles C:/Users/User/Documents/QuestCraft v26/QCXR-XR-Wrapper/Library/Bee/Android/Prj/IL2CPP/Il2CppBackup/il2cppOutput/mscorlib__11.cpp
[1025/1293  0s] CopyFiles C:/Users/User/Documents/QuestCraft v26/QCXR-XR-Wrapper/Library/Bee/Android/Prj/IL2CPP/Il2CppBackup/il2cppOutput/mscorlib__21.cpp
[1026/1293  0s] CopyFiles C:/Users/User/Documents/QuestCraft v26/QCXR-XR-Wrapper/Library/Bee/Android/Prj/IL2CPP/Il2CppBackup/il2cppOutput/mscorlib__12.cpp
[1027/1293  0s] CopyFiles C:/Users/User/Documents/QuestCraft v26/QCXR-XR-Wrapper/Library/Bee/Android/Prj/IL2CPP/Il2CppBackup/il2cppOutput/mscorlib__13.cpp
[1028/1293  0s] CopyFiles C:/Users/User/Documents/QuestCraft v26/QCXR-XR-Wrapper/Library/Bee/Android/Prj/IL2CPP/Il2CppBackup/il2cppOutput/mscorlib__19.cpp
[1029/1293  0s] CopyFiles C:/Users/User/Documents/QuestCraft v26/QCXR-XR-Wrapper/Library/Bee/Android/Prj/IL2CPP/Il2CppBackup/il2cppOutput/mscorlib__17.cpp
[1030/1293  0s] CopyFiles C:/Users/User/Documents/QuestCraft v26/QCXR-XR-Wrapper/Library/Bee/Android/Prj/IL2CPP/Il2CppBackup/il2cppOutput/Unity.XR.OpenXR.Features.MetaQuestSupport.cpp
[1031/1293  0s] CopyFiles C:/Users/User/Documents/QuestCraft v26/QCXR-XR-Wrapper/Library/Bee/Android/Prj/IL2CPP/Il2CppBackup/il2cppOutput/Unity.XR.OpenXR.Features.MockRuntime.cpp
[1032/1293  0s] CopyFiles C:/Users/User/Documents/QuestCraft v26/QCXR-XR-Wrapper/Library/Bee/Android/Prj/IL2CPP/Il2CppBackup/il2cppOutput/UnityEngine.SpriteShapeModule_CodeGen.c
[1033/1293  0s] CopyFiles C:/Users/User/Documents/QuestCraft v26/QCXR-XR-Wrapper/Library/Bee/Android/Prj/IL2CPP/Il2CppBackup/il2cppOutput/Unity.XR.Interaction.Toolkit.Samples.StarterAssets_CodeGen.c
[1034/1293  0s] CopyFiles C:/Users/User/Documents/QuestCraft v26/QCXR-XR-Wrapper/Library/Bee/Android/Prj/IL2CPP/Il2CppBackup/il2cppOutput/UnityEngine.SpatialTracking.cpp
[1035/1293  0s] CopyFiles C:/Users/User/Documents/QuestCraft v26/QCXR-XR-Wrapper/Library/Bee/Android/Prj/IL2CPP/Il2CppBackup/il2cppOutput/System__6.cpp
[1036/1293  0s] CopyFiles C:/Users/User/Documents/QuestCraft v26/QCXR-XR-Wrapper/Library/Bee/Android/Prj/IL2CPP/Il2CppBackup/il2cppOutput/UnityEngine.InputLegacyModule_CodeGen.c
[1037/1293  0s] CopyFiles C:/Users/User/Documents/QuestCraft v26/QCXR-XR-Wrapper/Library/Bee/Android/Prj/IL2CPP/Il2CppBackup/il2cppOutput/System__4.cpp
[1038/1293  0s] CopyFiles C:/Users/User/Documents/QuestCraft v26/QCXR-XR-Wrapper/Library/Bee/Android/Prj/IL2CPP/Il2CppBackup/il2cppOutput/System.cpp
[1039/1293  0s] CopyFiles C:/Users/User/Documents/QuestCraft v26/QCXR-XR-Wrapper/Library/Bee/Android/Prj/IL2CPP/Il2CppBackup/il2cppOutput/System__8.cpp
[1040/1293  0s] CopyFiles C:/Users/User/Documents/QuestCraft v26/QCXR-XR-Wrapper/Library/Bee/Android/Prj/IL2CPP/Il2CppBackup/il2cppOutput/System__7.cpp
[1041/1293  0s] CopyFiles C:/Users/User/Documents/QuestCraft v26/QCXR-XR-Wrapper/Library/Bee/Android/Prj/IL2CPP/Il2CppBackup/il2cppOutput/System__3.cpp
[1042/1293  0s] CopyFiles C:/Users/User/Documents/QuestCraft v26/QCXR-XR-Wrapper/Library/Bee/Android/Prj/IL2CPP/Il2CppBackup/il2cppOutput/System__2.cpp
[1043/1293  0s] CopyFiles C:/Users/User/Documents/QuestCraft v26/QCXR-XR-Wrapper/Library/Bee/Android/Prj/IL2CPP/Il2CppBackup/il2cppOutput/System__5.cpp
[1044/1293  0s] CopyFiles C:/Users/User/Documents/QuestCraft v26/QCXR-XR-Wrapper/Library/Bee/Android/Prj/IL2CPP/Il2CppBackup/il2cppOutput/System__9.cpp
[1045/1293  0s] CopyFiles C:/Users/User/Documents/QuestCraft v26/QCXR-XR-Wrapper/Library/Bee/Android/Prj/IL2CPP/Il2CppBackup/il2cppOutput/System__1.cpp
[1046/1293  0s] CopyFiles C:/Users/User/Documents/QuestCraft v26/QCXR-XR-Wrapper/Library/Bee/Android/Prj/IL2CPP/Il2CppBackup/il2cppOutput/mscorlib__7.cpp
[1047/1293  0s] CopyFiles C:/Users/User/Documents/QuestCraft v26/QCXR-XR-Wrapper/Library/Bee/Android/Prj/IL2CPP/Il2CppBackup/il2cppOutput/System.Core.cpp
[1048/1293  0s] CopyFiles C:/Users/User/Documents/QuestCraft v26/QCXR-XR-Wrapper/Library/Bee/Android/Prj/IL2CPP/Il2CppBackup/il2cppOutput/Generics__6.cpp
[1049/1293  0s] CopyFiles C:/Users/User/Documents/QuestCraft v26/QCXR-XR-Wrapper/Library/Bee/Android/Prj/IL2CPP/Il2CppBackup/il2cppOutput/Generics__7.cpp
[1050/1293  0s] CopyFiles C:/Users/User/Documents/QuestCraft v26/QCXR-XR-Wrapper/Library/Bee/Android/Prj/IL2CPP/Il2CppBackup/il2cppOutput/Generics__3.cpp
[1051/1293  0s] CopyFiles C:/Users/User/Documents/QuestCraft v26/QCXR-XR-Wrapper/Library/Bee/Android/Prj/IL2CPP/Il2CppBackup/il2cppOutput/mscorlib__1.cpp
[1052/1293  0s] CopyFiles C:/Users/User/Documents/QuestCraft v26/QCXR-XR-Wrapper/Library/Bee/Android/Prj/IL2CPP/Il2CppBackup/il2cppOutput/__Generated.cpp
[1053/1293  0s] CopyFiles C:/Users/User/Documents/QuestCraft v26/QCXR-XR-Wrapper/Library/Bee/Android/Prj/IL2CPP/Il2CppBackup/il2cppOutput/Generics__1.cpp
[1054/1293  0s] CopyFiles C:/Users/User/Documents/QuestCraft v26/QCXR-XR-Wrapper/Library/Bee/Android/Prj/IL2CPP/Il2CppBackup/il2cppOutput/UnityEngine.cpp
[1055/1293  0s] CopyFiles C:/Users/User/Documents/QuestCraft v26/QCXR-XR-Wrapper/Library/Bee/Android/Prj/IL2CPP/Il2CppBackup/il2cppOutput/Generics__5.cpp
[1056/1293  0s] CopyFiles C:/Users/User/Documents/QuestCraft v26/QCXR-XR-Wrapper/Library/Bee/Android/Prj/IL2CPP/Il2CppBackup/il2cppOutput/System.Data.cpp
[1057/1293  0s] CopyFiles C:/Users/User/Documents/QuestCraft v26/QCXR-XR-Wrapper/Library/Bee/Android/Prj/IL2CPP/Il2CppBackup/il2cppOutput/analytics.json
[1058/1293  0s] CopyFiles C:/Users/User/Documents/QuestCraft v26/QCXR-XR-Wrapper/Library/Bee/Android/Prj/IL2CPP/Il2CppBackup/il2cppOutput/mscorlib__5.cpp
[1059/1293  0s] CopyFiles C:/Users/User/Documents/QuestCraft v26/QCXR-XR-Wrapper/Library/Bee/Android/Prj/IL2CPP/Il2CppBackup/il2cppOutput/mscorlib__2.cpp
[1060/1293  0s] CopyFiles C:/Users/User/Documents/QuestCraft v26/QCXR-XR-Wrapper/Library/Bee/Android/Prj/IL2CPP/Il2CppBackup/il2cppOutput/mscorlib__3.cpp
[1061/1293  0s] CopyFiles C:/Users/User/Documents/QuestCraft v26/QCXR-XR-Wrapper/Library/Bee/Android/Prj/IL2CPP/Il2CppBackup/il2cppOutput/System__10.cpp
[1062/1293  0s] CopyFiles C:/Users/User/Documents/QuestCraft v26/QCXR-XR-Wrapper/Library/Bee/Android/Prj/IL2CPP/Il2CppBackup/il2cppOutput/System.Xml.cpp
[1063/1293  0s] CopyFiles C:/Users/User/Documents/QuestCraft v26/QCXR-XR-Wrapper/Library/Bee/Android/Prj/IL2CPP/Il2CppBackup/il2cppOutput/mscorlib__4.cpp
[1064/1293  0s] CopyFiles C:/Users/User/Documents/QuestCraft v26/QCXR-XR-Wrapper/Library/Bee/Android/Prj/IL2CPP/Il2CppBackup/il2cppOutput/mscorlib__8.cpp
[1065/1293  0s] CopyFiles C:/Users/User/Documents/QuestCraft v26/QCXR-XR-Wrapper/Library/Bee/Android/Prj/IL2CPP/Il2CppBackup/il2cppOutput/Generics__4.cpp
[1066/1293  0s] CopyFiles C:/Users/User/Documents/QuestCraft v26/QCXR-XR-Wrapper/Library/Bee/Android/Prj/IL2CPP/Il2CppBackup/il2cppOutput/mscorlib__9.cpp
[1067/1293  0s] CopyFiles C:/Users/User/Documents/QuestCraft v26/QCXR-XR-Wrapper/Library/Bee/Android/Prj/IL2CPP/Il2CppBackup/il2cppOutput/mscorlib.cpp
[1068/1293  0s] CopyFiles C:/Users/User/Documents/QuestCraft v26/QCXR-XR-Wrapper/Library/Bee/Android/Prj/IL2CPP/Il2CppBackup/il2cppOutput/mscorlib__6.cpp
[1069/1293  0s] CopyFiles C:/Users/User/Documents/QuestCraft v26/QCXR-XR-Wrapper/Library/Bee/Android/Prj/IL2CPP/Il2CppBackup/il2cppOutput/Generics__2.cpp
[1070/1293  0s] CopyFiles C:/Users/User/Documents/QuestCraft v26/QCXR-XR-Wrapper/Library/Bee/Android/Prj/IL2CPP/Il2CppBackup/il2cppOutput/Generics.cpp
[1071/1293  0s] CopyFiles C:/Users/User/Documents/QuestCraft v26/QCXR-XR-Wrapper/Library/Bee/Android/Prj/IL2CPP/Il2CppBackup/il2cppOutput/unity.webp.cpp
[1072/1293  0s] CopyFiles C:/Users/User/Documents/QuestCraft v26/QCXR-XR-Wrapper/Library/Bee/Android/Prj/IL2CPP/Gradle/unityLibrary/src/main/assets/bin/Data/Managed/Resources/mscorlib.dll-resources.dat
[1073/1293  0s] CopyFiles C:/Users/User/Documents/QuestCraft v26/QCXR-XR-Wrapper/Library/Bee/Android/Prj/IL2CPP/Il2CppBackup/il2cppOutput/Assembly-CSharp.cpp
[1074/1293  0s] CopyFiles C:/Users/User/Documents/QuestCraft v26/QCXR-XR-Wrapper/Library/Bee/Android/Prj/IL2CPP/Il2CppBackup/il2cppOutput/UnityEngine.TextRenderingModule_CodeGen.c
[1075/1293  0s] CopyFiles C:/Users/User/Documents/QuestCraft v26/QCXR-XR-Wrapper/Library/Bee/Android/Prj/IL2CPP/Il2CppBackup/il2cppOutput/UnityEngine.JSONSerializeModule_CodeGen.c
[1076/1293  0s] CopyFiles C:/Users/User/Documents/QuestCraft v26/QCXR-XR-Wrapper/Library/Bee/Android/Prj/IL2CPP/Il2CppBackup/il2cppOutput/UnityEngine.UnityWebRequestTextureModule.cpp
[1077/1293  0s] CopyFiles C:/Users/User/Documents/QuestCraft v26/QCXR-XR-Wrapper/Library/Bee/Android/Prj/IL2CPP/Il2CppBackup/il2cppOutput/Unity.XR.OpenXR.Features.PICOSupport__1.cpp
[1078/1293  0s] CopyFiles C:/Users/User/Documents/QuestCraft v26/QCXR-XR-Wrapper/Library/Bee/Android/Prj/IL2CPP/Il2CppBackup/il2cppOutput/Unity.XR.OpenXR.cpp
[1079/1293  0s] CopyFiles C:/Users/User/Documents/QuestCraft v26/QCXR-XR-Wrapper/Library/Bee/Android/Prj/IL2CPP/Il2CppBackup/il2cppOutput/Newtonsoft.Json.cpp
[1080/1293  0s] CopyFiles C:/Users/User/Documents/QuestCraft v26/QCXR-XR-Wrapper/Library/Bee/Android/Prj/IL2CPP/Il2CppBackup/il2cppOutput/UnityGifDecoder.cpp
[1081/1293  0s] CopyFiles C:/Users/User/Documents/QuestCraft v26/QCXR-XR-Wrapper/Library/Bee/Android/Prj/IL2CPP/Il2CppBackup/il2cppOutput/System.Numerics.cpp
[1082/1293  0s] CopyFiles C:/Users/User/Documents/QuestCraft v26/QCXR-XR-Wrapper/Library/Bee/Android/Prj/IL2CPP/Il2CppBackup/il2cppOutput/Unity.Mathematics_CodeGen.c
[1083/1293  0s] CopyFiles C:/Users/User/Documents/QuestCraft v26/QCXR-XR-Wrapper/Library/Bee/Android/Prj/IL2CPP/Il2CppBackup/il2cppOutput/System.Xml.Linq.cpp
[1084/1293  0s] CopyFiles C:/Users/User/Documents/QuestCraft v26/QCXR-XR-Wrapper/Library/Bee/Android/Prj/IL2CPP/Il2CppBackup/il2cppOutput/Unity.TextMeshPro_CodeGen.c
[1085/1293  0s] CopyFiles C:/Users/User/Documents/QuestCraft v26/QCXR-XR-Wrapper/Library/Bee/Android/Prj/IL2CPP/Il2CppBackup/il2cppOutput/UnityEngine.AudioModule.cpp
[1086/1293  0s] CopyFiles C:/Users/User/Documents/QuestCraft v26/QCXR-XR-Wrapper/Library/Bee/Android/Prj/IL2CPP/Il2CppBackup/il2cppOutput/UnityEngine.IMGUIModule.cpp
[1087/1293  0s] CopyFiles C:/Users/User/Documents/QuestCraft v26/QCXR-XR-Wrapper/Library/Bee/Android/Prj/IL2CPP/Il2CppBackup/il2cppOutput/Unity.InputSystem_CodeGen.c
[1088/1293  0s] CopyFiles C:/Users/User/Documents/QuestCraft v26/QCXR-XR-Wrapper/Library/Bee/Android/Prj/IL2CPP/Il2CppBackup/il2cppOutput/UnityEngine.InputModule.cpp
[1089/1293  0s] CopyFiles C:/Users/User/Documents/QuestCraft v26/QCXR-XR-Wrapper/Library/Bee/Android/Prj/IL2CPP/Il2CppBackup/il2cppOutput/Il2CppCCTypeValuesTable.cpp
[1090/1293  0s] CopyFiles C:/Users/User/Documents/QuestCraft v26/QCXR-XR-Wrapper/Library/Bee/Android/Prj/IL2CPP/Il2CppBackup/il2cppOutput/System.Xml__1.cpp
[1091/1293  0s] CopyFiles C:/Users/User/Documents/QuestCraft v26/QCXR-XR-Wrapper/Library/Bee/Android/Prj/IL2CPP/Il2CppBackup/il2cppOutput/System.Xml__6.cpp
[1092/1293  0s] CopyFiles C:/Users/User/Documents/QuestCraft v26/QCXR-XR-Wrapper/Library/Bee/Android/Prj/IL2CPP/Il2CppBackup/il2cppOutput/System.Xml__2.cpp
[1093/1293  0s] CopyFiles C:/Users/User/Documents/QuestCraft v26/QCXR-XR-Wrapper/Library/Bee/Android/Prj/IL2CPP/Il2CppBackup/il2cppOutput/PICO.Platform.cpp
[1094/1293  0s] CopyFiles C:/Users/User/Documents/QuestCraft v26/QCXR-XR-Wrapper/Library/Bee/Android/Prj/IL2CPP/Il2CppBackup/il2cppOutput/System.Xml__4.cpp
[1095/1293  0s] CopyFiles C:/Users/User/Documents/QuestCraft v26/QCXR-XR-Wrapper/Library/Bee/Android/Prj/IL2CPP/Il2CppBackup/il2cppOutput/System.Xml__9.cpp
[1096/1293  0s] CopyFiles C:/Users/User/Documents/QuestCraft v26/QCXR-XR-Wrapper/Library/Bee/Android/Prj/IL2CPP/Il2CppBackup/il2cppOutput/System.Xml__3.cpp
[1097/1293  0s] CopyFiles C:/Users/User/Documents/QuestCraft v26/QCXR-XR-Wrapper/Library/Bee/Android/Prj/IL2CPP/Il2CppBackup/il2cppOutput/Mono.Security.cpp
[1098/1293  0s] CopyFiles C:/Users/User/Documents/QuestCraft v26/QCXR-XR-Wrapper/Library/Bee/Android/Prj/IL2CPP/Il2CppBackup/il2cppOutput/System.Xml__5.cpp
[1099/1293  0s] CopyFiles C:/Users/User/Documents/QuestCraft v26/QCXR-XR-Wrapper/Library/Bee/Android/Prj/IL2CPP/Il2CppBackup/il2cppOutput/System.Xml__8.cpp
[1100/1293  0s] CopyFiles C:/Users/User/Documents/QuestCraft v26/QCXR-XR-Wrapper/Library/Bee/Android/Prj/IL2CPP/Il2CppBackup/il2cppOutput/Unity.XR.OpenXR.Features.ConformanceAutomation.cpp
[1101/1293  0s] CopyFiles C:/Users/User/Documents/QuestCraft v26/QCXR-XR-Wrapper/Library/Bee/Android/Prj/IL2CPP/Il2CppBackup/il2cppOutput/Unity.XR.OpenXR.Features.ConformanceAutomation_CodeGen.c
[1102/1293  0s] CopyFiles C:/Users/User/Documents/QuestCraft v26/QCXR-XR-Wrapper/Library/Bee/Android/Prj/IL2CPP/Il2CppBackup/il2cppOutput/System.Xml__7.cpp
[1103/1293  0s] CopyFiles C:/Users/User/Documents/QuestCraft v26/QCXR-XR-Wrapper/Library/Bee/Android/Prj/IL2CPP/Il2CppBackup/il2cppOutput/Unity.XR.Interaction.Toolkit.Samples.StarterAssets.cpp
[1104/1293  0s] CopyFiles C:/Users/User/Documents/QuestCraft v26/QCXR-XR-Wrapper/Library/Bee/Android/Prj/IL2CPP/Il2CppBackup/il2cppOutput/Unity.XR.OpenXR.Features.PICOSupport__2.cpp
[1105/1293  0s] CopyFiles C:/Users/User/Documents/QuestCraft v26/QCXR-XR-Wrapper/Library/Bee/Android/Prj/IL2CPP/Il2CppBackup/il2cppOutput/Mono.Security_CodeGen.c
[1106/1293  0s] CopyFiles C:/Users/User/Documents/QuestCraft v26/QCXR-XR-Wrapper/Library/Bee/Android/Prj/IL2CPP/Il2CppBackup/il2cppOutput/Unity.XR.Management.cpp
[1107/1293  0s] CopyFiles C:/Users/User/Documents/QuestCraft v26/QCXR-XR-Wrapper/Library/Bee/Android/Prj/IL2CPP/Il2CppBackup/il2cppOutput/PICO.Platform_CodeGen.c
[1108/1293  0s] CopyFiles C:/Users/User/Documents/QuestCraft v26/QCXR-XR-Wrapper/Library/Bee/Android/Prj/IL2CPP/Il2CppBackup/il2cppOutput/Unity.XR.OpenXRPico.cpp
[1109/1293  0s] CopyFiles C:/Users/User/Documents/QuestCraft v26/QCXR-XR-Wrapper/Library/Bee/Android/Prj/IL2CPP/Il2CppBackup/il2cppOutput/UnityEngine.UnityWebRequestModule.cpp
[1110/1293  0s] CopyFiles C:/Users/User/Documents/QuestCraft v26/QCXR-XR-Wrapper/Library/Bee/Android/Prj/IL2CPP/Il2CppBackup/il2cppOutput/UnityEngine.InputLegacyModule.cpp
[1111/1293  0s] CopyFiles C:/Users/User/Documents/QuestCraft v26/QCXR-XR-Wrapper/Library/Bee/Android/Prj/IL2CPP/Il2CppBackup/il2cppOutput/UnityEngine.PhysicsModule_CodeGen.c
[1112/1293  0s] CopyFiles C:/Users/User/Documents/QuestCraft v26/QCXR-XR-Wrapper/Library/Bee/Android/Prj/IL2CPP/Il2CppBackup/il2cppOutput/UnityEngine.SharedInternalsModule.cpp
[1113/1293  0s] CopyFiles C:/Users/User/Documents/QuestCraft v26/QCXR-XR-Wrapper/Library/Bee/Android/Prj/IL2CPP/Il2CppBackup/il2cppOutput/Il2CppGenericClassTable.c
[1114/1293  0s] CopyFiles C:/Users/User/Documents/QuestCraft v26/QCXR-XR-Wrapper/Library/Bee/Android/Prj/IL2CPP/Il2CppBackup/il2cppOutput/Unity.VisualScripting.Core__1.cpp
[1115/1293  0s] CopyFiles C:/Users/User/Documents/QuestCraft v26/QCXR-XR-Wrapper/Library/Bee/Android/Prj/IL2CPP/Il2CppBackup/il2cppOutput/UnityEngine.SpriteShapeModule.cpp
[1116/1293  0s] CopyFiles C:/Users/User/Documents/QuestCraft v26/QCXR-XR-Wrapper/Library/Bee/Android/Prj/IL2CPP/Il2CppBackup/il2cppOutput/Il2CppTypeDefinitions.c
[1117/1293  0s] CopyFiles C:/Users/User/Documents/QuestCraft v26/QCXR-XR-Wrapper/Library/Bee/Android/Prj/IL2CPP/Il2CppBackup/il2cppOutput/UnityEngine.TilemapModule_CodeGen.c
[1118/1293  0s] CopyFiles C:/Users/User/Documents/QuestCraft v26/QCXR-XR-Wrapper/Library/Bee/Android/Prj/IL2CPP/Il2CppBackup/il2cppOutput/Unity.InputSystem__10.cpp
[1119/1293  0s] CopyFiles C:/Users/User/Documents/QuestCraft v26/QCXR-XR-Wrapper/Library/Bee/Android/Prj/IL2CPP/Il2CppBackup/il2cppOutput/System.Numerics_CodeGen.c
[1120/1293  0s] CopyFiles C:/Users/User/Documents/QuestCraft v26/QCXR-XR-Wrapper/Library/Bee/Android/Prj/IL2CPP/Il2CppBackup/il2cppOutput/Unity.XR.OpenXR_CodeGen.c
[1121/1293  0s] CopyFiles C:/Users/User/Documents/QuestCraft v26/QCXR-XR-Wrapper/Library/Bee/Android/Prj/IL2CPP/Il2CppBackup/il2cppOutput/Newtonsoft.Json_CodeGen.c
[1122/1293  0s] CopyFiles C:/Users/User/Documents/QuestCraft v26/QCXR-XR-Wrapper/Library/Bee/Android/Prj/IL2CPP/Il2CppBackup/il2cppOutput/Assembly-CSharp_CodeGen.c
[1123/1293  0s] CopyFiles C:/Users/User/Documents/QuestCraft v26/QCXR-XR-Wrapper/Library/Bee/Android/Prj/IL2CPP/Il2CppBackup/il2cppOutput/UnityEngine.UnityAnalyticsModule_CodeGen.c
[1124/1293  0s] CopyFiles C:/Users/User/Documents/QuestCraft v26/QCXR-XR-Wrapper/Library/Bee/Android/Prj/IL2CPP/Il2CppBackup/il2cppOutput/UnityGifDecoder_CodeGen.c
[1125/1293  0s] CopyFiles C:/Users/User/Documents/QuestCraft v26/QCXR-XR-Wrapper/Library/Bee/Android/Prj/IL2CPP/Il2CppBackup/il2cppOutput/UnityEngine.CrashReportingModule_CodeGen.c
[1126/1293  0s] CopyFiles C:/Users/User/Documents/QuestCraft v26/QCXR-XR-Wrapper/Library/Bee/Android/Prj/IL2CPP/Il2CppBackup/il2cppOutput/System.Xml.Linq_CodeGen.c
[1127/1293  0s] CopyFiles C:/Users/User/Documents/QuestCraft v26/QCXR-XR-Wrapper/Library/Bee/Android/Prj/IL2CPP/Il2CppBackup/il2cppOutput/Il2CppCCalculateFieldValues.cpp
[1128/1293  0s] CopyFiles C:/Users/User/Documents/QuestCraft v26/QCXR-XR-Wrapper/Library/Bee/Android/Prj/IL2CPP/Il2CppBackup/il2cppOutput/UnityEngine.TextCoreTextEngineModule__2.cpp
[1129/1293  0s] CopyFiles C:/Users/User/Documents/QuestCraft v26/QCXR-XR-Wrapper/Library/Bee/Android/Prj/IL2CPP/Il2CppBackup/il2cppOutput/Unity.InputSystem__11.cpp
[1130/1293  0s] CopyFiles C:/Users/User/Documents/QuestCraft v26/QCXR-XR-Wrapper/Library/Bee/Android/Prj/IL2CPP/Il2CppBackup/il2cppOutput/UnityEngine.UIElementsModule__7.cpp
[1131/1293  0s] CopyFiles C:/Users/User/Documents/QuestCraft v26/QCXR-XR-Wrapper/Library/Bee/Android/Prj/IL2CPP/Il2CppBackup/il2cppOutput/UnityEngine.TextRenderingModule.cpp
[1132/1293  0s] CopyFiles C:/Users/User/Documents/QuestCraft v26/QCXR-XR-Wrapper/Library/Bee/Android/Prj/IL2CPP/Il2CppBackup/il2cppOutput/UnityEngine.UIElementsModule__3.cpp
[1133/1293  0s] CopyFiles C:/Users/User/Documents/QuestCraft v26/QCXR-XR-Wrapper/Library/Bee/Android/Prj/IL2CPP/Il2CppBackup/il2cppOutput/Unity.XR.Interaction.Toolkit__5.cpp
[1134/1293  0s] CopyFiles C:/Users/User/Documents/QuestCraft v26/QCXR-XR-Wrapper/Library/Bee/Android/Prj/IL2CPP/Il2CppBackup/il2cppOutput/UnityEngine.UIElementsModule__9.cpp
[1135/1293  0s] CopyFiles C:/Users/User/Documents/QuestCraft v26/QCXR-XR-Wrapper/Library/Bee/Android/Prj/IL2CPP/Il2CppBackup/il2cppOutput/Unity.XR.Interaction.Toolkit__2.cpp
[1136/1293  0s] CopyFiles C:/Users/User/Documents/QuestCraft v26/QCXR-XR-Wrapper/Library/Bee/Android/Prj/IL2CPP/Il2CppBackup/il2cppOutput/UnityEngine.UIElementsModule__6.cpp
[1137/1293  0s] CopyFiles C:/Users/User/Documents/QuestCraft v26/QCXR-XR-Wrapper/Library/Bee/Android/Prj/IL2CPP/Il2CppBackup/il2cppOutput/Unity.XR.Interaction.Toolkit__3.cpp
[1138/1293  0s] CopyFiles C:/Users/User/Documents/QuestCraft v26/QCXR-XR-Wrapper/Library/Bee/Android/Prj/IL2CPP/Il2CppBackup/il2cppOutput/UnityEngine.UIElementsModule__2.cpp
[1139/1293  0s] CopyFiles C:/Users/User/Documents/QuestCraft v26/QCXR-XR-Wrapper/Library/Bee/Android/Prj/IL2CPP/Il2CppBackup/il2cppOutput/UnityEngine.UIElementsModule__1.cpp
[1140/1293  0s] CopyFiles C:/Users/User/Documents/QuestCraft v26/QCXR-XR-Wrapper/Library/Bee/Android/Prj/IL2CPP/Il2CppBackup/il2cppOutput/UnityEngine.UIElementsModule__5.cpp
[1141/1293  0s] CopyFiles C:/Users/User/Documents/QuestCraft v26/QCXR-XR-Wrapper/Library/Bee/Android/Prj/IL2CPP/Il2CppBackup/il2cppOutput/UnityEngine.UIElementsModule__4.cpp
[1142/1293  0s] CopyFiles C:/Users/User/Documents/QuestCraft v26/QCXR-XR-Wrapper/Library/Bee/Android/Prj/IL2CPP/Il2CppBackup/il2cppOutput/UnityEngine.JSONSerializeModule.cpp
[1143/1293  0s] CopyFiles C:/Users/User/Documents/QuestCraft v26/QCXR-XR-Wrapper/Library/Bee/Android/Prj/IL2CPP/Il2CppBackup/il2cppOutput/Unity.XR.OpenXR.Features.PICOSupport_CodeGen.c
[1144/1293  0s] CopyFiles C:/Users/User/Documents/QuestCraft v26/QCXR-XR-Wrapper/Library/Bee/Android/Prj/IL2CPP/Il2CppBackup/il2cppOutput/Unity.XR.Interaction.Toolkit__6.cpp
[1145/1293  0s] CopyFiles C:/Users/User/Documents/QuestCraft v26/QCXR-XR-Wrapper/Library/Bee/Android/Prj/IL2CPP/Il2CppBackup/il2cppOutput/UnityEngine.UIElementsModule__8.cpp
[1146/1293  0s] CopyFiles C:/Users/User/Documents/QuestCraft v26/QCXR-XR-Wrapper/Library/Bee/Android/Prj/IL2CPP/Il2CppBackup/il2cppOutput/Unity.XR.Interaction.Toolkit__7.cpp
[1147/1293  0s] CopyFiles C:/Users/User/Documents/QuestCraft v26/QCXR-XR-Wrapper/Library/Bee/Android/Prj/IL2CPP/Il2CppBackup/il2cppOutput/Unity.XR.Interaction.Toolkit__4.cpp
[1148/1293  0s] CopyFiles C:/Users/User/Documents/QuestCraft v26/QCXR-XR-Wrapper/Library/Bee/Android/Prj/IL2CPP/Il2CppBackup/il2cppOutput/Unity.XR.Interaction.Toolkit__1.cpp
[1149/1293  0s] CopyFiles C:/Users/User/Documents/QuestCraft v26/QCXR-XR-Wrapper/Library/Bee/Android/Prj/IL2CPP/Il2CppBackup/il2cppOutput/Il2CppRgctxTable.c
[1150/1293  0s] CopyFiles C:/Users/User/Documents/QuestCraft v26/QCXR-XR-Wrapper/Library/Bee/Android/Prj/IL2CPP/Il2CppBackup/il2cppOutput/System.Xml__16.cpp
[1151/1293  0s] CopyFiles C:/Users/User/Documents/QuestCraft v26/QCXR-XR-Wrapper/Library/Bee/Android/Prj/IL2CPP/Il2CppBackup/il2cppOutput/System.Xml__14.cpp
[1152/1293  0s] CopyFiles C:/Users/User/Documents/QuestCraft v26/QCXR-XR-Wrapper/Library/Bee/Android/Prj/IL2CPP/Il2CppBackup/il2cppOutput/mscorlib_CodeGen.c
[1153/1293  0s] CopyFiles C:/Users/User/Documents/QuestCraft v26/QCXR-XR-Wrapper/Library/Bee/Android/Prj/IL2CPP/Il2CppBackup/il2cppOutput/System.Xml__10.cpp
[1154/1293  0s] CopyFiles C:/Users/User/Documents/QuestCraft v26/QCXR-XR-Wrapper/Library/Bee/Android/Prj/IL2CPP/Il2CppBackup/il2cppOutput/System.Xml__11.cpp
[1155/1293  0s] CopyFiles C:/Users/User/Documents/QuestCraft v26/QCXR-XR-Wrapper/Library/Bee/Android/Prj/IL2CPP/Il2CppBackup/il2cppOutput/System.Xml__13.cpp
[1156/1293  0s] CopyFiles C:/Users/User/Documents/QuestCraft v26/QCXR-XR-Wrapper/Library/Bee/Android/Prj/IL2CPP/Il2CppBackup/il2cppOutput/System.Data__4.cpp
[1157/1293  0s] CopyFiles C:/Users/User/Documents/QuestCraft v26/QCXR-XR-Wrapper/Library/Bee/Android/Prj/IL2CPP/Il2CppBackup/il2cppOutput/UnityEngine.UI.cpp
[1158/1293  0s] CopyFiles C:/Users/User/Documents/QuestCraft v26/QCXR-XR-Wrapper/Library/Bee/Android/Prj/IL2CPP/Il2CppBackup/il2cppOutput/System.Core__1.cpp
[1159/1293  0s] CopyFiles C:/Users/User/Documents/QuestCraft v26/QCXR-XR-Wrapper/Library/Bee/Android/Prj/IL2CPP/Il2CppBackup/il2cppOutput/System.Core__2.cpp
[1160/1293  0s] CopyFiles C:/Users/User/Documents/QuestCraft v26/QCXR-XR-Wrapper/Library/Bee/Android/Prj/IL2CPP/Il2CppBackup/il2cppOutput/System.Xml__15.cpp
[1161/1293  0s] CopyFiles C:/Users/User/Documents/QuestCraft v26/QCXR-XR-Wrapper/Library/Bee/Android/Prj/IL2CPP/Il2CppBackup/il2cppOutput/System.Data__6.cpp
[1162/1293  0s] CopyFiles C:/Users/User/Documents/QuestCraft v26/QCXR-XR-Wrapper/Library/Bee/Android/Prj/IL2CPP/Il2CppBackup/il2cppOutput/System.Data__5.cpp
[1163/1293  0s] CopyFiles C:/Users/User/Documents/QuestCraft v26/QCXR-XR-Wrapper/Library/Bee/Android/Prj/IL2CPP/Il2CppBackup/il2cppOutput/System.Data__1.cpp
[1164/1293  0s] CopyFiles C:/Users/User/Documents/QuestCraft v26/QCXR-XR-Wrapper/Library/Bee/Android/Prj/IL2CPP/Il2CppBackup/il2cppOutput/System.Data__2.cpp
[1165/1293  0s] CopyFiles C:/Users/User/Documents/QuestCraft v26/QCXR-XR-Wrapper/Library/Bee/Android/Prj/IL2CPP/Il2CppBackup/il2cppOutput/System.Data__3.cpp
[1166/1293  0s] CopyFiles C:/Users/User/Documents/QuestCraft v26/QCXR-XR-Wrapper/Library/Bee/Android/Prj/IL2CPP/Il2CppBackup/il2cppOutput/System.Core__3.cpp
[1167/1293  0s] CopyFiles C:/Users/User/Documents/QuestCraft v26/QCXR-XR-Wrapper/Library/Bee/Android/Prj/IL2CPP/Il2CppBackup/il2cppOutput/GenericMethods.cpp
[1168/1293  0s] CopyFiles C:/Users/User/Documents/QuestCraft v26/QCXR-XR-Wrapper/Library/Bee/Android/Prj/IL2CPP/Il2CppBackup/il2cppOutput/System.Core__4.cpp
[1169/1293  0s] CopyFiles C:/Users/User/Documents/QuestCraft v26/QCXR-XR-Wrapper/Library/Bee/Android/Prj/IL2CPP/Il2CppBackup/il2cppOutput/System.Data__8.cpp
[1170/1293  0s] CopyFiles C:/Users/User/Documents/QuestCraft v26/QCXR-XR-Wrapper/Library/Bee/Android/Prj/IL2CPP/Il2CppBackup/il2cppOutput/System.Data__7.cpp
[1171/1293  0s] CopyFiles C:/Users/User/Documents/QuestCraft v26/QCXR-XR-Wrapper/Library/Bee/Android/Prj/IL2CPP/Il2CppBackup/il2cppOutput/System.Xml__12.cpp
[1172/1293  0s] CopyFiles C:/Users/User/Documents/QuestCraft v26/QCXR-XR-Wrapper/Library/Bee/Android/Prj/IL2CPP/Il2CppBackup/il2cppOutput/Il2CppMetadataRegistration.c
[1173/1293  0s] CopyFiles C:/Users/User/Documents/QuestCraft v26/QCXR-XR-Wrapper/Library/Bee/Android/Prj/IL2CPP/Il2CppBackup/il2cppOutput/System.Drawing.cpp
[1174/1293  0s] CopyFiles C:/Users/User/Documents/QuestCraft v26/QCXR-XR-Wrapper/Library/Bee/Android/Prj/IL2CPP/Il2CppBackup/il2cppOutput/Unity.XR.CoreUtils_CodeGen.c
[1175/1293  0s] CopyFiles C:/Users/User/Documents/QuestCraft v26/QCXR-XR-Wrapper/Library/Bee/Android/Prj/IL2CPP/Il2CppBackup/il2cppOutput/Il2CppCCFieldValuesTable.cpp
[1176/1293  0s] CopyFiles C:/Users/User/Documents/QuestCraft v26/QCXR-XR-Wrapper/Library/Bee/Android/Prj/IL2CPP/Il2CppBackup/il2cppOutput/Unity.XR.OpenXR.Features.MockRuntime_CodeGen.c
[1177/1293  0s] CopyFiles C:/Users/User/Documents/QuestCraft v26/QCXR-XR-Wrapper/Library/Bee/Android/Prj/IL2CPP/Il2CppBackup/il2cppOutput/ControllerSample_CodeGen.c
[1178/1293  0s] CopyFiles C:/Users/User/Documents/QuestCraft v26/QCXR-XR-Wrapper/Library/Bee/Android/Prj/IL2CPP/Il2CppBackup/il2cppOutput/UnityEngine_CodeGen.c
[1179/1293  0s] CopyFiles C:/Users/User/Documents/QuestCraft v26/QCXR-XR-Wrapper/Library/Bee/Android/Prj/IL2CPP/Il2CppBackup/il2cppOutput/UnityEngine.GridModule.cpp
[1180/1293  0s] CopyFiles C:/Users/User/Documents/QuestCraft v26/QCXR-XR-Wrapper/Library/Bee/Android/Prj/IL2CPP/Il2CppBackup/il2cppOutput/Il2CppCodeRegistration.cpp
[1181/1293  0s] CopyFiles C:/Users/User/Documents/QuestCraft v26/QCXR-XR-Wrapper/Library/Bee/Android/Prj/IL2CPP/Il2CppBackup/il2cppOutput/Il2CppInteropDataTable.cpp
[1182/1293  0s] CopyFiles C:/Users/User/Documents/QuestCraft v26/QCXR-XR-Wrapper/Library/Bee/Android/Prj/IL2CPP/Il2CppBackup/il2cppOutput/Il2CppGenericMethodTable.c
[1183/1293  0s] CopyFiles C:/Users/User/Documents/QuestCraft v26/QCXR-XR-Wrapper/Library/Bee/Android/Prj/IL2CPP/Il2CppBackup/il2cppOutput/System.Core_CodeGen.c
[1184/1293  0s] CopyFiles C:/Users/User/Documents/QuestCraft v26/QCXR-XR-Wrapper/Library/Bee/Android/Prj/IL2CPP/Il2CppBackup/il2cppOutput/Unity.Mathematics.cpp
[1185/1293  0s] CopyFiles C:/Users/User/Documents/QuestCraft v26/QCXR-XR-Wrapper/Library/Bee/Android/Prj/IL2CPP/Il2CppBackup/il2cppOutput/UnityEngine.CoreModule.cpp
[1186/1293  0s] CopyFiles C:/Users/User/Documents/QuestCraft v26/QCXR-XR-Wrapper/Library/Bee/Android/Prj/IL2CPP/Il2CppBackup/il2cppOutput/__Generated_CodeGen.c
[1187/1293  0s] CopyFiles C:/Users/User/Documents/QuestCraft v26/QCXR-XR-Wrapper/Library/Bee/Android/Prj/IL2CPP/Il2CppBackup/il2cppOutput/System.Data_CodeGen.c
[1188/1293  0s] CopyFiles C:/Users/User/Documents/QuestCraft v26/QCXR-XR-Wrapper/Library/Bee/Android/Prj/IL2CPP/Il2CppBackup/il2cppOutput/Unity.TextMeshPro.cpp
[1189/1293  0s] CopyFiles C:/Users/User/Documents/QuestCraft v26/QCXR-XR-Wrapper/Library/Bee/Android/Prj/IL2CPP/Il2CppBackup/il2cppOutput/UnityEngine.UI__2.cpp
[1190/1293  0s] CopyFiles C:/Users/User/Documents/QuestCraft v26/QCXR-XR-Wrapper/Library/Bee/Android/Prj/IL2CPP/Il2CppBackup/il2cppOutput/UnityEngine.UI__1.cpp
[1191/1293  0s] Generate Manifests Library/Bee/artifacts/Android/Manifest/LauncherManifestDiag.txt (+3 others)
warning: Unable to find Unity activity in manifest. Some attributes may not be set properly and need to be set manually.
warning: Unity is trying to add element uses-permission#android.permission.INTERNET but it is already declared by the user in Assets/Plugins/Android\AndroidManifest.xml.
warning: Unity is trying to add element uses-permission#android.permission.RECORD_AUDIO but it is already declared by the user in Assets/Plugins/Android\AndroidManifest.xml.
[1192/1293  0s] CopyFiles C:/Users/User/Documents/QuestCraft v26/QCXR-XR-Wrapper/Library/Bee/Android/Prj/IL2CPP/Il2CppBackup/il2cppOutput/UnityEngine.UI__3.cpp
[1193/1293  0s] CopyFiles C:/Users/User/Documents/QuestCraft v26/QCXR-XR-Wrapper/Library/Bee/Android/Prj/IL2CPP/Gradle/unityLibrary/src/main/assets/bin/Data/Managed/Resources/System.Drawing.dll-resources.dat
[1194/1293  0s] CopyFiles C:/Users/User/Documents/QuestCraft v26/QCXR-XR-Wrapper/Library/Bee/Android/Prj/IL2CPP/Il2CppBackup/il2cppOutput/GenericMethods__1.cpp
[1195/1293  0s] CopyFiles C:/Users/User/Documents/QuestCraft v26/QCXR-XR-Wrapper/Library/Bee/Android/Prj/IL2CPP/Il2CppBackup/il2cppOutput/Newtonsoft.Json__3.cpp
[1196/1293  0s] CopyFiles C:/Users/User/Documents/QuestCraft v26/QCXR-XR-Wrapper/Library/Bee/Android/Prj/IL2CPP/Il2CppBackup/il2cppOutput/UnityEngine.AnimationModule_CodeGen.c
[1197/1293  0s] CopyFiles C:/Users/User/Documents/QuestCraft v26/QCXR-XR-Wrapper/Library/Bee/Android/Prj/IL2CPP/Il2CppBackup/il2cppOutput/GenericMethods__2.cpp
[1198/1293  0s] CopyFiles C:/Users/User/Documents/QuestCraft v26/QCXR-XR-Wrapper/Library/Bee/Android/Prj/IL2CPP/Il2CppBackup/il2cppOutput/Il2CppMetadataUsage.c
[1199/1293  0s] CopyFiles C:/Users/User/Documents/QuestCraft v26/QCXR-XR-Wrapper/Library/Bee/Android/Prj/IL2CPP/Il2CppBackup/il2cppOutput/UnityEngine.Physics2DModule_CodeGen.c
[1200/1293  0s] CopyFiles C:/Users/User/Documents/QuestCraft v26/QCXR-XR-Wrapper/Library/Bee/Android/Prj/IL2CPP/Il2CppBackup/il2cppOutput/UnityEngine.SpatialTracking_CodeGen.c
[1201/1293  0s] CopyFiles C:/Users/User/Documents/QuestCraft v26/QCXR-XR-Wrapper/Library/Bee/Android/Prj/IL2CPP/Il2CppBackup/il2cppOutput/Newtonsoft.Json__2.cpp
[1202/1293  0s] CopyFiles C:/Users/User/Documents/QuestCraft v26/QCXR-XR-Wrapper/Library/Bee/Android/Prj/IL2CPP/Il2CppBackup/il2cppOutput/Assembly-CSharp__2.cpp
[1203/1293  0s] CopyFiles C:/Users/User/Documents/QuestCraft v26/QCXR-XR-Wrapper/Library/Bee/Android/Prj/IL2CPP/Il2CppBackup/il2cppOutput/Unity.InputSystem.cpp
[1204/1293  0s] CopyFiles C:/Users/User/Documents/QuestCraft v26/QCXR-XR-Wrapper/Library/Bee/Android/Prj/IL2CPP/Il2CppBackup/il2cppOutput/Unity.XR.CoreUtils.cpp
[1205/1293  0s] CopyFiles C:/Users/User/Documents/QuestCraft v26/QCXR-XR-Wrapper/Library/Bee/Android/Prj/IL2CPP/Il2CppBackup/il2cppOutput/Il2CppInvokerTable.cpp
[1206/1293  0s] CopyFiles C:/Users/User/Documents/QuestCraft v26/QCXR-XR-Wrapper/Library/Bee/Android/Prj/IL2CPP/Il2CppBackup/il2cppOutput/Newtonsoft.Json__4.cpp
[1207/1293  0s] CopyFiles C:/Users/User/Documents/QuestCraft v26/QCXR-XR-Wrapper/Library/Bee/Android/Prj/IL2CPP/Il2CppBackup/il2cppOutput/Newtonsoft.Json__1.cpp
[1208/1293  0s] CopyFiles C:/Users/User/Documents/QuestCraft v26/QCXR-XR-Wrapper/Library/Bee/Android/Prj/IL2CPP/Il2CppBackup/il2cppOutput/Unity.XR.OpenXR__1.cpp
[1209/1293  0s] CopyFiles C:/Users/User/Documents/QuestCraft v26/QCXR-XR-Wrapper/Library/Bee/Android/Prj/IL2CPP/Il2CppBackup/il2cppOutput/Assembly-CSharp__1.cpp
[1210/1293  0s] CopyFiles C:/Users/User/Documents/QuestCraft v26/QCXR-XR-Wrapper/Library/Bee/Android/Prj/IL2CPP/Il2CppBackup/il2cppOutput/Il2CppGenericAdjustorThunkTable.c
[1211/1293  0s] CopyFiles C:/Users/User/Documents/QuestCraft v26/QCXR-XR-Wrapper/Library/Bee/Android/Prj/IL2CPP/Il2CppBackup/il2cppOutput/UnityEngine.AudioModule_CodeGen.c
[1212/1293  0s] CopyFiles C:/Users/User/Documents/QuestCraft v26/QCXR-XR-Wrapper/Library/Bee/Android/Prj/IL2CPP/Il2CppBackup/il2cppOutput/UnityEngine.IMGUIModule_CodeGen.c
[1213/1293  0s] CopyFiles C:/Users/User/Documents/QuestCraft v26/QCXR-XR-Wrapper/Library/Bee/Android/Prj/IL2CPP/Il2CppBackup/il2cppOutput/UnityEngine.InputModule_CodeGen.c
[1214/1293  0s] CopyFiles C:/Users/User/Documents/QuestCraft v26/QCXR-XR-Wrapper/Library/Bee/Android/Prj/IL2CPP/Gradle/unityLibrary/src/main/assets/bin/Data/Managed/Metadata/global-metadata.dat
[1215/1293  0s] CopyFiles C:/Users/User/Documents/QuestCraft v26/QCXR-XR-Wrapper/Library/Bee/Android/Prj/IL2CPP/Il2CppBackup/il2cppOutput/Il2CppGenericMethodPointerTable.c
[1216/1293  0s] CopyFiles C:/Users/User/Documents/QuestCraft v26/QCXR-XR-Wrapper/Library/Bee/Android/Prj/IL2CPP/Il2CppBackup/il2cppOutput/Unity.VisualScripting.Core_CodeGen.c
[1217/1293  0s] CopyFiles C:/Users/User/Documents/QuestCraft v26/QCXR-XR-Wrapper/Library/Bee/Android/Prj/IL2CPP/Il2CppBackup/il2cppOutput/System.Configuration_CodeGen.c
[1218/1293  0s] CopyFiles C:/Users/User/Documents/QuestCraft v26/QCXR-XR-Wrapper/Library/Bee/Android/Prj/IL2CPP/Il2CppBackup/Managed/Unity.Mathematics.dll
[1219/1293  0s] CopyFiles C:/Users/User/Documents/QuestCraft v26/QCXR-XR-Wrapper/Library/Bee/Android/Prj/IL2CPP/Il2CppBackup/il2cppOutput/UnityEngine.IMGUIModule__1.cpp
[1220/1293  0s] CopyFiles C:/Users/User/Documents/QuestCraft v26/QCXR-XR-Wrapper/Library/Bee/Android/Prj/IL2CPP/Il2CppBackup/il2cppOutput/Il2CppCCalculateTypeValues.cpp
[1221/1293  0s] CopyFiles C:/Users/User/Documents/QuestCraft v26/QCXR-XR-Wrapper/Library/Bee/Android/Prj/IL2CPP/Il2CppBackup/il2cppOutput/UnityEngine.XRModule_CodeGen.c
[1222/1293  0s] CopyFiles C:/Users/User/Documents/QuestCraft v26/QCXR-XR-Wrapper/Library/Bee/Android/Prj/IL2CPP/Il2CppBackup/il2cppOutput/UnityEngine.UIModule_CodeGen.c
[1223/1293  0s] CopyFiles C:/Users/User/Documents/QuestCraft v26/QCXR-XR-Wrapper/Library/Bee/Android/Prj/IL2CPP/Il2CppBackup/il2cppOutput/UnityEngine.VRModule_CodeGen.c
[1224/1293  0s] CopyFiles C:/Users/User/Documents/QuestCraft v26/QCXR-XR-Wrapper/Library/Bee/Android/Prj/IL2CPP/Il2CppBackup/Managed/UnityEngine.PropertiesModule.pdb
[1225/1293  0s] CopyFiles C:/Users/User/Documents/QuestCraft v26/QCXR-XR-Wrapper/Library/Bee/Android/Prj/IL2CPP/Il2CppBackup/il2cppOutput/Il2CppGenericInstDefinitions.c
[1226/1293  0s] CopyFiles C:/Users/User/Documents/QuestCraft v26/QCXR-XR-Wrapper/Library/Bee/Android/Prj/IL2CPP/Il2CppBackup/Managed/Unity.XR.Interaction.Toolkit.pdb
[1227/1293  0s] CopyFiles C:/Users/User/Documents/QuestCraft v26/QCXR-XR-Wrapper/Library/Bee/Android/Prj/IL2CPP/Il2CppBackup/il2cppOutput/Unity.VisualScripting.Core.cpp
[1228/1293  0s] CopyFiles C:/Users/User/Documents/QuestCraft v26/QCXR-XR-Wrapper/Library/Bee/Android/Prj/IL2CPP/Il2CppBackup/Managed/UnityEngine.AndroidJNIModule.pdb
[1229/1293  0s] CopyFiles C:/Users/User/Documents/QuestCraft v26/QCXR-XR-Wrapper/Library/Bee/Android/Prj/IL2CPP/Il2CppBackup/Managed/UnityEngine.UIElementsModule.pdb
[1230/1293  0s] CopyFiles C:/Users/User/Documents/QuestCraft v26/QCXR-XR-Wrapper/Library/Bee/Android/Prj/IL2CPP/Il2CppBackup/Managed/UnityEngine.SubsystemsModule.dll
[1231/1293  0s] CopyFiles C:/Users/User/Documents/QuestCraft v26/QCXR-XR-Wrapper/Library/Bee/Android/Prj/IL2CPP/Il2CppBackup/Managed/UnityEngine.SubsystemsModule.pdb
[1232/1293  0s] CopyFiles C:/Users/User/Documents/QuestCraft v26/QCXR-XR-Wrapper/Library/Bee/Android/Prj/IL2CPP/Il2CppBackup/Managed/UnityEngine.AndroidJNIModule.dll
[1233/1293  0s] CopyFiles C:/Users/User/Documents/QuestCraft v26/QCXR-XR-Wrapper/Library/Bee/Android/Prj/IL2CPP/Il2CppBackup/Managed/Unity.TextMeshPro.pdb
[1234/1293  0s] CopyFiles C:/Users/User/Documents/QuestCraft v26/QCXR-XR-Wrapper/Library/Bee/Android/Prj/IL2CPP/Il2CppBackup/Managed/UnityEngine.PropertiesModule.dll
[1235/1293  0s] CopyFiles C:/Users/User/Documents/QuestCraft v26/QCXR-XR-Wrapper/Library/Bee/Android/Prj/IL2CPP/Il2CppBackup/Managed/System.Runtime.Serialization.dll
[1236/1293  0s] CopyFiles C:/Users/User/Documents/QuestCraft v26/QCXR-XR-Wrapper/Library/Bee/Android/Prj/IL2CPP/Il2CppBackup/Managed/Unity.InputSystem.pdb
[1237/1293  0s] CopyFiles C:/Users/User/Documents/QuestCraft v26/QCXR-XR-Wrapper/Library/Bee/Android/Prj/IL2CPP/Il2CppBackup/Managed/UnityEngine.UIElementsModule.dll
[1238/1293  0s] CopyFiles C:/Users/User/Documents/QuestCraft v26/QCXR-XR-Wrapper/Library/Bee/Android/Prj/IL2CPP/Il2CppBackup/Managed/Unity.Mathematics.pdb
[1239/1293  0s] CopyFiles C:/Users/User/Documents/QuestCraft v26/QCXR-XR-Wrapper/Library/Bee/Android/Prj/IL2CPP/Il2CppBackup/Managed/Unity.XR.Interaction.Toolkit.dll
[1240/1293  0s] CopyFiles C:/Users/User/Documents/QuestCraft v26/QCXR-XR-Wrapper/Library/Bee/Android/Prj/IL2CPP/Il2CppBackup/Managed/Unity.XR.CoreUtils.dll
[1241/1293  0s] CopyFiles C:/Users/User/Documents/QuestCraft v26/QCXR-XR-Wrapper/Library/Bee/Android/Prj/IL2CPP/Il2CppBackup/Managed/UnityEngine.CrashReportingModule.pdb
[1242/1293  0s] CopyFiles C:/Users/User/Documents/QuestCraft v26/QCXR-XR-Wrapper/Library/Bee/Android/Prj/IL2CPP/Il2CppBackup/Managed/Unity.InputSystem.dll
[1243/1293  0s] CopyFiles C:/Users/User/Documents/QuestCraft v26/QCXR-XR-Wrapper/Library/Bee/Android/Prj/IL2CPP/Il2CppBackup/Managed/UnityEngine.PhysicsModule.pdb
[1244/1293  0s] CopyFiles C:/Users/User/Documents/QuestCraft v26/QCXR-XR-Wrapper/Library/Bee/Android/Prj/IL2CPP/Il2CppBackup/Managed/Unity.VisualScripting.Core.dll
[1245/1293  0s] CopyFiles C:/Users/User/Documents/QuestCraft v26/QCXR-XR-Wrapper/Library/Bee/Android/Prj/IL2CPP/Il2CppBackup/Managed/UnityEngine.CrashReportingModule.dll
[1246/1293  0s] CopyFiles C:/Users/User/Documents/QuestCraft v26/QCXR-XR-Wrapper/Library/Bee/Android/Prj/IL2CPP/Il2CppBackup/Managed/UnityEngine.UnityAnalyticsModule.dll
[1247/1293  0s] CopyFiles C:/Users/User/Documents/QuestCraft v26/QCXR-XR-Wrapper/Library/Bee/Android/Prj/IL2CPP/Il2CppBackup/Managed/UnityLinkerToEditorData.json
[1248/1293  0s] CopyFiles C:/Users/User/Documents/QuestCraft v26/QCXR-XR-Wrapper/Library/Bee/Android/Prj/IL2CPP/Il2CppBackup/Managed/Unity.XR.CoreUtils.pdb
[1249/1293  0s] CopyFiles C:/Users/User/Documents/QuestCraft v26/QCXR-XR-Wrapper/Library/Bee/Android/Prj/IL2CPP/Il2CppBackup/Managed/UnityEngine.UnityAnalyticsModule.pdb
[1250/1293  0s] CopyFiles C:/Users/User/Documents/QuestCraft v26/QCXR-XR-Wrapper/Library/Bee/Android/Prj/IL2CPP/Il2CppBackup/Managed/Unity.VisualScripting.Core.pdb
[1251/1293  0s] CopyFiles C:/Users/User/Documents/QuestCraft v26/QCXR-XR-Wrapper/Library/Bee/Android/Prj/IL2CPP/Il2CppBackup/Managed/Unity.XR.OpenXRPico.pdb
[1252/1293  0s] CopyFiles C:/Users/User/Documents/QuestCraft v26/QCXR-XR-Wrapper/Library/Bee/Android/Prj/IL2CPP/Il2CppBackup/Managed/Unity.XR.Interaction.Toolkit.Samples.StarterAssets.dll
[1253/1293  0s] CopyFiles C:/Users/User/Documents/QuestCraft v26/QCXR-XR-Wrapper/Library/Bee/Android/Prj/IL2CPP/Il2CppBackup/Managed/UnityEngine.UnityWebRequestTextureModule.dll
[1254/1293  0s] CopyFiles C:/Users/User/Documents/QuestCraft v26/QCXR-XR-Wrapper/Library/Bee/Android/Prj/IL2CPP/Il2CppBackup/Managed/Unity.XR.OpenXR.Features.MetaQuestSupport.pdb
[1255/1293  0s] CopyFiles C:/Users/User/Documents/QuestCraft v26/QCXR-XR-Wrapper/Library/Bee/Android/Prj/IL2CPP/Il2CppBackup/Managed/Unity.XR.OpenXR.Features.OculusQuestSupport.pdb
[1256/1293  0s] CopyFiles C:/Users/User/Documents/QuestCraft v26/QCXR-XR-Wrapper/Library/Bee/Android/Prj/IL2CPP/Il2CppBackup/Managed/Unity.XR.OpenXRPico.dll
[1257/1293  0s] CopyFiles C:/Users/User/Documents/QuestCraft v26/QCXR-XR-Wrapper/Library/Bee/Android/Prj/IL2CPP/Il2CppBackup/Managed/Unity.XR.Management.pdb
[1258/1293  0s] CopyFiles C:/Users/User/Documents/QuestCraft v26/QCXR-XR-Wrapper/Library/Bee/Android/Prj/IL2CPP/Il2CppBackup/Managed/UnityEngine.SpriteShapeModule.pdb
[1259/1293  0s] CopyFiles C:/Users/User/Documents/QuestCraft v26/QCXR-XR-Wrapper/Library/Bee/Android/Prj/IL2CPP/Il2CppBackup/Managed/Unity.XR.OpenXR.Features.ConformanceAutomation.pdb
[1260/1293  0s] CopyFiles C:/Users/User/Documents/QuestCraft v26/QCXR-XR-Wrapper/Library/Bee/Android/Prj/IL2CPP/Il2CppBackup/Managed/Unity.XR.Management.dll
[1261/1293  0s] CopyFiles C:/Users/User/Documents/QuestCraft v26/QCXR-XR-Wrapper/Library/Bee/Android/Prj/IL2CPP/Il2CppBackup/Managed/UnityEngine.AnimationModule.pdb
[1262/1293  0s] CopyFiles C:/Users/User/Documents/QuestCraft v26/QCXR-XR-Wrapper/Library/Bee/Android/Prj/IL2CPP/Il2CppBackup/Managed/UnityEngine.InputLegacyModule.pdb
[1263/1293  0s] CopyFiles C:/Users/User/Documents/QuestCraft v26/QCXR-XR-Wrapper/Library/Bee/Android/Prj/IL2CPP/Il2CppBackup/Managed/UnityEngine.Physics2DModule.pdb
[1264/1293  0s] CopyFiles C:/Users/User/Documents/QuestCraft v26/QCXR-XR-Wrapper/Library/Bee/Android/Prj/IL2CPP/Il2CppBackup/Managed/UnityEngine.InputLegacyModule.dll
[1265/1293  0s] CopyFiles C:/Users/User/Documents/QuestCraft v26/QCXR-XR-Wrapper/Library/Bee/Android/Prj/IL2CPP/Il2CppBackup/Managed/UnityEngine.SpatialTracking.dll
[1266/1293  0s] CopyFiles C:/Users/User/Documents/QuestCraft v26/QCXR-XR-Wrapper/Library/Bee/Android/Prj/IL2CPP/Il2CppBackup/Managed/UnityEngine.SpriteShapeModule.dll
[1267/1293  0s] CopyFiles C:/Users/User/Documents/QuestCraft v26/QCXR-XR-Wrapper/Library/Bee/Android/Prj/IL2CPP/Il2CppBackup/Managed/UnityEngine.AnimationModule.dll
[1268/1293  0s] CopyFiles C:/Users/User/Documents/QuestCraft v26/QCXR-XR-Wrapper/Library/Bee/Android/Prj/IL2CPP/Il2CppBackup/Managed/Unity.XR.OpenXR.Features.RuntimeDebugger.dll
[1269/1293  0s] CopyFiles C:/Users/User/Documents/QuestCraft v26/QCXR-XR-Wrapper/Library/Bee/Android/Prj/IL2CPP/Il2CppBackup/Managed/UnityEngine.GridModule.dll
[1270/1293  0s] CopyFiles C:/Users/User/Documents/QuestCraft v26/QCXR-XR-Wrapper/Library/Bee/Android/Prj/IL2CPP/Il2CppBackup/Managed/UnityEngine.SpatialTracking.pdb
[1271/1293  0s] CopyFiles C:/Users/User/Documents/QuestCraft v26/QCXR-XR-Wrapper/Library/Bee/Android/Prj/IL2CPP/Il2CppBackup/Managed/UnityEngine.GridModule.pdb
[1272/1293  0s] CopyFiles C:/Users/User/Documents/QuestCraft v26/QCXR-XR-Wrapper/Library/Bee/Android/Prj/IL2CPP/Il2CppBackup/Managed/UnityEngine.AudioModule.dll
[1273/1293  0s] CopyFiles C:/Users/User/Documents/QuestCraft v26/QCXR-XR-Wrapper/Library/Bee/Android/Prj/IL2CPP/Il2CppBackup/Managed/UnityEngine.IMGUIModule.dll
[1274/1293  0s] CopyFiles C:/Users/User/Documents/QuestCraft v26/QCXR-XR-Wrapper/Library/Bee/Android/Prj/IL2CPP/Il2CppBackup/Managed/UnityEngine.CoreModule.dll
[1275/1293  0s] CopyFiles C:/Users/User/Documents/QuestCraft v26/QCXR-XR-Wrapper/Library/Bee/Android/Prj/IL2CPP/Il2CppBackup/Managed/UnityEngine.CoreModule.pdb
[1276/1293  0s] CopyFiles C:/Users/User/Documents/QuestCraft v26/QCXR-XR-Wrapper/Library/Bee/Android/Prj/IL2CPP/Il2CppBackup/Managed/Unity.TextMeshPro.dll
[1277/1293  0s] CopyFiles C:/Users/User/Documents/QuestCraft v26/QCXR-XR-Wrapper/Library/Bee/Android/Prj/IL2CPP/Il2CppBackup/Managed/UnityEngine.IMGUIModule.pdb
[1278/1293  0s] CopyFiles C:/Users/User/Documents/QuestCraft v26/QCXR-XR-Wrapper/Library/Bee/Android/Prj/IL2CPP/Il2CppBackup/Managed/UnityEngine.InputModule.dll
[1279/1293  0s] CopyFiles C:/Users/User/Documents/QuestCraft v26/QCXR-XR-Wrapper/Library/Bee/Android/Prj/IL2CPP/Il2CppBackup/Managed/Unity.XR.OpenXR.Features.MockRuntime.pdb
[1280/1293  0s] CopyFiles C:/Users/User/Documents/QuestCraft v26/QCXR-XR-Wrapper/Library/Bee/Android/Prj/IL2CPP/Il2CppBackup/Managed/UnityEngine.Physics2DModule.dll
[1281/1293  0s] CopyFiles C:/Users/User/Documents/QuestCraft v26/QCXR-XR-Wrapper/Library/Bee/Android/Prj/IL2CPP/Il2CppBackup/Managed/Unity.XR.OpenXR.Features.OculusQuestSupport.dll
[1282/1293  0s] CopyFiles C:/Users/User/Documents/QuestCraft v26/QCXR-XR-Wrapper/Library/Bee/Android/Prj/IL2CPP/Il2CppBackup/Managed/UnityEngine.AudioModule.pdb
[1283/1293  0s] CopyFiles C:/Users/User/Documents/QuestCraft v26/QCXR-XR-Wrapper/Library/Bee/Android/Prj/IL2CPP/Il2CppBackup/Managed/UnityEngine.JSONSerializeModule.pdb
[1284/1293  0s] CopyFiles C:/Users/User/Documents/QuestCraft v26/QCXR-XR-Wrapper/Library/Bee/Android/Prj/IL2CPP/Il2CppBackup/Managed/UnityEngine.TextCoreTextEngineModule.pdb
[1285/1293  0s] CopyFiles C:/Users/User/Documents/QuestCraft v26/QCXR-XR-Wrapper/Library/Bee/Android/Prj/IL2CPP/Il2CppBackup/Managed/UnityEngine.TextCoreFontEngineModule.pdb
[1286/1293  0s] CopyFiles C:/Users/User/Documents/QuestCraft v26/QCXR-XR-Wrapper/Library/Bee/Android/Prj/IL2CPP/Il2CppBackup/Managed/UnityEngine.InputModule.pdb
[1287/1293  0s] CopyFiles C:/Users/User/Documents/QuestCraft v26/QCXR-XR-Wrapper/Library/Bee/Android/Prj/IL2CPP/Il2CppBackup/Managed/Unity.XR.OpenXR.Features.PICOSupport.pdb
[1288/1293  0s] CopyFiles C:/Users/User/Documents/QuestCraft v26/QCXR-XR-Wrapper/Library/Bee/Android/Prj/IL2CPP/Il2CppBackup/Managed/UnityEngine.TextRenderingModule.pdb
[1289/1293  0s] CopyFiles C:/Users/User/Documents/QuestCraft v26/QCXR-XR-Wrapper/Library/Bee/Android/Prj/IL2CPP/Il2CppBackup/Managed/UnityEngine.TextRenderingModule.dll
[1290/1293  0s] CopyFiles C:/Users/User/Documents/QuestCraft v26/QCXR-XR-Wrapper/Library/Bee/Android/Prj/IL2CPP/Il2CppBackup/Managed/UnityEngine.JSONSerializeModule.dll
[1291/1293  0s] GuidGenerator C:/Users/User/Documents/QuestCraft v26/QCXR-XR-Wrapper/Library/Bee/Android/Prj/IL2CPP/Gradle/unityLibrary/src/main/assets/bin/Data/unity_app_guid
[1292/1293  0s] Adding note Library/Bee/artifacts/Android/libunity/arm64-v8a/stripped/libunity.so -> C:/Users/User/Documents/QuestCraft v26/QCXR-XR-Wrapper/Library/Bee/Android/Prj/IL2CPP/Gradle/unityLibrary/src/main/jniLibs/arm64-v8a/libunity.so C:/Users/User/Documents/QuestCraft v26/QCXR-XR-Wrapper/Library/Bee/Android/Prj/IL2CPP/Gradle/unityLibrary/src/main/jniLibs/arm64-v8a/libunity.so
*** Tundra build success (1.17 seconds), 409 items updated, 1293 evaluated
ExitCode: 0 Duration: 1s195ms
Library\Bee\artifacts\Android\Manifest\LauncherManifestDiag.txt: Unable to find Unity activity in manifest. Some attributes may not be set properly and need to be set manually.
UnityEngine.StackTraceUtility:ExtractStackTrace ()
UnityEngine.DebugLogHandler:LogFormat (UnityEngine.LogType,UnityEngine.Object,string,object[])
UnityEngine.Logger:Log (UnityEngine.LogType,object)
UnityEngine.Debug:LogWarning (object)
UnityEditor.Modules.BeeBuildPostprocessor:DefaultResultProcessor (Bee.BinLog.NodeFinishedMessage,bool,bool)
UnityEditor.Modules.BeeBuildPostprocessor:ReportBuildResults ()
UnityEditor.Modules.BeeBuildPostprocessor:PostProcess (UnityEditor.Modules.BuildPostProcessArgs)
UnityEditor.Modules.DefaultBuildPostprocessor:PostProcess (UnityEditor.Modules.BuildPostProcessArgs,UnityEditor.BuildProperties&)
UnityEditor.Android.AndroidBuildPostprocessor:PostProcess (UnityEditor.Modules.BuildPostProcessArgs,UnityEditor.BuildProperties&) (at /home/bokken/build/output/unity/unity/PlatformDependent/AndroidPlayer/Editor/Managed/ExtensionModule.cs:228)
UnityEditor.PostprocessBuildPlayer:Postprocess (UnityEditor.BuildTargetGroup,UnityEditor.BuildTarget,int,string,string,string,int,int,UnityEditor.BuildOptions,UnityEditor.RuntimeClassRegistry,UnityEditor.Build.Reporting.BuildReport)
UnityEditor.BuildPipeline:BuildPlayerInternal (string[],string,string,UnityEditor.BuildTargetGroup,UnityEditor.BuildTarget,int,UnityEditor.BuildOptions,string[])
UnityEditor.BuildPipeline:BuildPlayer (string[],string,string,UnityEditor.BuildTargetGroup,UnityEditor.BuildTarget,int,UnityEditor.BuildOptions,string[])
UnityEditor.BuildPipeline:BuildPlayer (UnityEditor.BuildPlayerOptions)
QuestCraftCliBuild:BuildAndroid () (at Q:/QCXR-XR-Wrapper/Assets/Editor/QuestCraftCliBuild.cs:86)

(Filename: /home/bokken/build/output/unity/unity/PlatformDependent/AndroidPlayer/Editor/Managed/ExtensionModule.cs Line: 228)

Library\Bee\artifacts\Android\Manifest\LauncherManifestDiag.txt: Unity is trying to add element uses-permission#android.permission.INTERNET but it is already declared by the user in Assets/Plugins/Android\AndroidManifest.xml.
UnityEngine.StackTraceUtility:ExtractStackTrace ()
UnityEngine.DebugLogHandler:LogFormat (UnityEngine.LogType,UnityEngine.Object,string,object[])
UnityEngine.Logger:Log (UnityEngine.LogType,object)
UnityEngine.Debug:LogWarning (object)
UnityEditor.Modules.BeeBuildPostprocessor:DefaultResultProcessor (Bee.BinLog.NodeFinishedMessage,bool,bool)
UnityEditor.Modules.BeeBuildPostprocessor:ReportBuildResults ()
UnityEditor.Modules.BeeBuildPostprocessor:PostProcess (UnityEditor.Modules.BuildPostProcessArgs)
UnityEditor.Modules.DefaultBuildPostprocessor:PostProcess (UnityEditor.Modules.BuildPostProcessArgs,UnityEditor.BuildProperties&)
UnityEditor.Android.AndroidBuildPostprocessor:PostProcess (UnityEditor.Modules.BuildPostProcessArgs,UnityEditor.BuildProperties&) (at /home/bokken/build/output/unity/unity/PlatformDependent/AndroidPlayer/Editor/Managed/ExtensionModule.cs:228)
UnityEditor.PostprocessBuildPlayer:Postprocess (UnityEditor.BuildTargetGroup,UnityEditor.BuildTarget,int,string,string,string,int,int,UnityEditor.BuildOptions,UnityEditor.RuntimeClassRegistry,UnityEditor.Build.Reporting.BuildReport)
UnityEditor.BuildPipeline:BuildPlayerInternal (string[],string,string,UnityEditor.BuildTargetGroup,UnityEditor.BuildTarget,int,UnityEditor.BuildOptions,string[])
UnityEditor.BuildPipeline:BuildPlayer (string[],string,string,UnityEditor.BuildTargetGroup,UnityEditor.BuildTarget,int,UnityEditor.BuildOptions,string[])
UnityEditor.BuildPipeline:BuildPlayer (UnityEditor.BuildPlayerOptions)
QuestCraftCliBuild:BuildAndroid () (at Q:/QCXR-XR-Wrapper/Assets/Editor/QuestCraftCliBuild.cs:86)

(Filename: /home/bokken/build/output/unity/unity/PlatformDependent/AndroidPlayer/Editor/Managed/ExtensionModule.cs Line: 228)

Library\Bee\artifacts\Android\Manifest\LauncherManifestDiag.txt: Unity is trying to add element uses-permission#android.permission.RECORD_AUDIO but it is already declared by the user in Assets/Plugins/Android\AndroidManifest.xml.
UnityEngine.StackTraceUtility:ExtractStackTrace ()
UnityEngine.DebugLogHandler:LogFormat (UnityEngine.LogType,UnityEngine.Object,string,object[])
UnityEngine.Logger:Log (UnityEngine.LogType,object)
UnityEngine.Debug:LogWarning (object)
UnityEditor.Modules.BeeBuildPostprocessor:DefaultResultProcessor (Bee.BinLog.NodeFinishedMessage,bool,bool)
UnityEditor.Modules.BeeBuildPostprocessor:ReportBuildResults ()
UnityEditor.Modules.BeeBuildPostprocessor:PostProcess (UnityEditor.Modules.BuildPostProcessArgs)
UnityEditor.Modules.DefaultBuildPostprocessor:PostProcess (UnityEditor.Modules.BuildPostProcessArgs,UnityEditor.BuildProperties&)
UnityEditor.Android.AndroidBuildPostprocessor:PostProcess (UnityEditor.Modules.BuildPostProcessArgs,UnityEditor.BuildProperties&) (at /home/bokken/build/output/unity/unity/PlatformDependent/AndroidPlayer/Editor/Managed/ExtensionModule.cs:228)
UnityEditor.PostprocessBuildPlayer:Postprocess (UnityEditor.BuildTargetGroup,UnityEditor.BuildTarget,int,string,string,string,int,int,UnityEditor.BuildOptions,UnityEditor.RuntimeClassRegistry,UnityEditor.Build.Reporting.BuildReport)
UnityEditor.BuildPipeline:BuildPlayerInternal (string[],string,string,UnityEditor.BuildTargetGroup,UnityEditor.BuildTarget,int,UnityEditor.BuildOptions,string[])
UnityEditor.BuildPipeline:BuildPlayer (string[],string,string,UnityEditor.BuildTargetGroup,UnityEditor.BuildTarget,int,UnityEditor.BuildOptions,string[])
UnityEditor.BuildPipeline:BuildPlayer (UnityEditor.BuildPlayerOptions)
QuestCraftCliBuild:BuildAndroid () (at Q:/QCXR-XR-Wrapper/Assets/Editor/QuestCraftCliBuild.cs:86)

(Filename: /home/bokken/build/output/unity/unity/PlatformDependent/AndroidPlayer/Editor/Managed/ExtensionModule.cs Line: 228)

Total cache size 78247351
Total cache size after purge 78247351
DisplayProgressbar: Calling IPostGenerateGradleAndroidProject callbacks
Calling IPostGenerateGradleAndroidProject callbacks on 'C:\Users\User\Documents\QuestCraft v26\QCXR-XR-Wrapper\Library\Bee\Android\Prj\IL2CPP\Gradle\unityLibrary':
    Call "Unity.XR.OpenXR.Features.PICOSupport.PICOModifyAndroidManifest.OnPostGenerateGradleAndroidProject" from assembly 'Unity.XR.OpenXR.Features.PICOSupport.Editor'
    Call "Unity.XR.Management.AndroidManifest.Editor.AndroidManifestBuildEventReceiver.OnPostGenerateGradleAndroidProject" from assembly 'Unity.XR.Management.Editor'
    Call "UnityEditor.XR.OpenXR.Features.OculusQuestSupport.ModifyAndroidManifestOculus.OnPostGenerateGradleAndroidProject" from assembly 'Unity.XR.OpenXR.Features.OculusQuestSupport.Editor'
    Call "UnityEditor.XR.OpenXR.Features.MetaQuestSupport.ModifyAndroidManifestMeta.OnPostGenerateGradleAndroidProject" from assembly 'Unity.XR.OpenXR.Features.MetaQuestSupport.Editor'
    Call "UnityEditor.XR.OpenXR.Features.MetaQuestSupport.MetaQuestFeatureBuildHooks.OnPostGenerateGradleAndroidProject" from assembly 'Unity.XR.OpenXR.Features.MetaQuestSupport.Editor'
    Call "Pico.Platform.Editor.PlatformManifestRewrite.OnPostGenerateGradleAndroidProject" from assembly 'PICO.Platform.Editor'
Android PostProcess task "Calling IPostGenerateGradleAndroidProject callbacks" took 99.475 ms
Android PostProcess task "Cloud Diagnostics Symbol Upload" took 0.3168 ms
DisplayProgressbar: Building Gradle project
Android PostProcess task "Building Gradle project" took 35839.2694 ms
DisplayProgressbar: Processing Mapping File
Android PostProcess task "Processing Mapping File" took 0.2975 ms
DisplayProgressbar: Moving output package(s)
Android PostProcess task "Moving output package(s)" took 17.0051 ms
Refreshing native plugins compatible for Editor in 93.14 ms, found 19 plugins.
Preloading 0 native plugins for Editor in 0.00 ms.

-------------------------------------------------------------------------------
Build Report
Information on used Assets is not available, since player data was not rebuilt.
Do a clean build to view the Asset build report information.
-------------------------------------------------------------------------------
Unloading 5 Unused Serialized files (Serialized files now loaded: 0)
Unloading 199 unused Assets / (1.2 MB). Loaded Objects now: 5547.
Memory consumption went from 149.0 MB to 147.8 MB.
Total: 8.499100 ms (FindLiveObjects: 0.925700 ms CreateObjectMapping: 0.181100 ms MarkObjects: 5.588600 ms  DeleteObjects: 1.801100 ms)

DisplayProgressNotification: Build Successful
Build Finished, Result: Success.
##utp:{"type":"PlayerBuildInfo","version":2,"phase":"Immediate","time":1782795909802,"processId":14992,"steps":[{"description":"Preprocess Player","duration":361},{"description":"Prepare For Build","duration":3491},{"description":"ProducePlayerScriptAssemblies","duration":3505},{"description":"Verify Build setup","duration":786},{"description":"Prepare assets for target platform","duration":73},{"description":"Prepare splash screen","duration":23},{"description":"Run script only build","duration":190},{"description":"Postprocess built player","duration":45067}],"duration":53496}
[PhysX] Initialized MultithreadedTaskDispatcher with 16 workers.
Unloading 0 Unused Serialized files (Serialized files now loaded: 0)
Loaded scene 'Temp/__Backupscenes/0.backup'
	Deserialize:            1.763 ms
	Integration:            34.508 ms
	Integration of assets:  0.001 ms
	Thread Wait Time:       0.023 ms
	Total Operation Time:   36.295 ms
Unloading 0 unused Assets / (0 B). Loaded Objects now: 5547.
Memory consumption went from 135.0 MB to 135.0 MB.
Total: 4.889200 ms (FindLiveObjects: 0.449400 ms CreateObjectMapping: 0.230100 ms MarkObjects: 4.202200 ms  DeleteObjects: 0.006600 ms)

Batchmode quit successfully invoked - shutting down!
Killing ADB server in 0.1100493 seconds.
Start importing ProjectSettings/ProjectSettings.asset using Guid(00000000000000004000000000000000) Importer(-1,00000000000000000000000000000000) [PhysX] Initialized MultithreadedTaskDispatcher with 16 workers.
 -> (artifact id: 'ad36f88467732b6bdfb6ad6583bd5f95') in 0.003587 seconds
Refreshing native plugins compatible for Editor in 42.25 ms, found 19 plugins.
Preloading 0 native plugins for Editor in 0.00 ms.
Asset Pipeline Refresh (id=fe8aa8bde24d34043a437ae34ef11db9): Total: 0.239 seconds - Initiated by StopAssetImportingV2(NoUpdateAssetOptions)
[PhysX] Initialized MultithreadedTaskDispatcher with 16 workers.
Input System module state changed to: ShutdownInProgress.
Input System polling thread exited.
Input System module state changed to: Shutdown.
[Licensing::IpcConnector] LicenseClient-User-notifications channel disconnected successfully.
[Licensing::IpcConnector] LicenseClient-User channel disconnected successfully.
Cleanup mono
abort_threads: Failed aborting id: 0000000000001650, mono_thread_manage will ignore it

abort_threads: Failed aborting id: 0000000000003D14, mono_thread_manage will ignore it

abort_threads: Failed aborting id: 0000000000000C44, mono_thread_manage will ignore it

debugger-agent: Unable to listen on 7328
[Performance] WinEditorMain                                                                                                                                :        1 samples, Peak.  1.85 s (1.0x), Avg.  1.85 s, Total. 1.851 s (1.4%)
[Performance] WinEditorMain.ConfigureCrashHandler                                                                                                          :        1 samples, Peak.  30.1 us (1.0x), Avg.  30.1 us, Total. 30.10 us (0.0%)
[Performance] WinEditorMain.CurlRequestInitialize                                                                                                          :        1 samples, Peak.  2.07 ms (1.0x), Avg.  2.07 ms, Total. 2.070 ms (0.0%)
[Performance] WinEditorMain.SetupLogFile                                                                                                                   :        1 samples, Peak.   554 us (1.0x), Avg.   554 us, Total. 554.4 us (0.0%)
[Performance] WinEditorMain.RunNativeTestsIfRequiredAndExit                                                                                                :        1 samples, Peak.   100 ns (1.0x), Avg.   100 ns, Total. 100.0 ns (0.0%)
[Performance] WinEditorMain.Licensing                                                                                                                      :        1 samples, Peak.  1.81 s (1.0x), Avg.  1.81 s, Total. 1.813 s (1.4%)
[Performance] WinEditorMain.InitializeCrashHandler                                                                                                         :        1 samples, Peak.  28.7 ms (1.0x), Avg.  28.7 ms, Total. 28.75 ms (0.0%)
[Performance] WinEditorMain.CreateApplication                                                                                                              :        1 samples, Peak.  1.55 ms (1.0x), Avg.  1.55 ms, Total. 1.554 ms (0.0%)
[Performance] Application.InitializeProject                                                                                                                :        1 samples, Peak.  63.4 s (1.0x), Avg.  63.4 s, Total. 63.45 s (49.1%)
[Performance] Application.PackageManager.StartServer                                                                                                       :        1 samples, Peak.  13.3 ms (1.0x), Avg.  13.3 ms, Total. 13.34 ms (0.0%)
[Performance] Application.AcquireProjectLock                                                                                                               :        1 samples, Peak.  4.11 ms (1.0x), Avg.  4.11 ms, Total. 4.114 ms (0.0%)
[Performance] Application.InitializeEngineNoGraphics                                                                                                       :        1 samples, Peak.   183 ms (1.0x), Avg.   183 ms, Total. 183.5 ms (0.1%)
[Performance] Application.PackageManager.Initialize                                                                                                        :        1 samples, Peak.   800 ms (1.0x), Avg.   800 ms, Total. 800.4 ms (0.6%)
[Performance] Connecting to Package Manager                                                                                                                :       81 samples, Peak.  76.5 us (27.3x), Avg.  2.80 us, Total. 226.7 us (0.0%)
[Performance] Application.EngineGraphics.Initialize                                                                                                        :        1 samples, Peak.   281 ms (1.0x), Avg.   281 ms, Total. 281.1 ms (0.2%)
[Performance] Application.GI.Initialize                                                                                                                    :        1 samples, Peak.  12.3 ms (1.0x), Avg.  12.3 ms, Total. 12.30 ms (0.0%)
[Performance] Application.LoadAllDefaultResourcesFromEditor                                                                                                :        1 samples, Peak.  2.05 ms (1.0x), Avg.  2.05 ms, Total. 2.045 ms (0.0%)
[Performance] Application.LoadMonoAssemblies                                                                                                               :        1 samples, Peak.  16.1 s (1.0x), Avg.  16.1 s, Total. 16.12 s (12.5%)
[Performance] RestoreManagedReferences                                                                                                                     :        2 samples, Peak.  54.3 ms (2.0x), Avg.  27.1 ms, Total. 54.29 ms (0.0%)
[Performance] InitializeOnLoad DrivenRectTransformUndo                                                                                                     :        2 samples, Peak.   611 us (1.2x), Avg.   489 us, Total. 978.9 us (0.0%)
[Performance] InitializeOnLoad SceneSearch                                                                                                                 :        2 samples, Peak.   138 us (1.1x), Avg.   129 us, Total. 257.1 us (0.0%)
[Performance] InitializeOnLoad CloudBuild                                                                                                                  :        2 samples, Peak.  6.10 us (1.2x), Avg.  4.90 us, Total. 9.800 us (0.0%)
[Performance] InitializeOnLoad NativeFormatImporterUtility                                                                                                 :        2 samples, Peak.  2.76 ms (1.2x), Avg.  2.25 ms, Total. 4.497 ms (0.0%)
[Performance] InitializeOnLoad SearchService                                                                                                               :        2 samples, Peak.   139 us (1.0x), Avg.   136 us, Total. 272.2 us (0.0%)
[Performance] InitializeOnLoad SettingsService                                                                                                             :        2 samples, Peak.  11.9 us (1.3x), Avg.  9.25 us, Total. 18.50 us (0.0%)
[Performance] InitializeOnLoad WindowLayout                                                                                                                :        2 samples, Peak.   451 us (1.4x), Avg.   332 us, Total. 665.0 us (0.0%)
[Performance] InitializeOnLoad AssetStoreContext                                                                                                           :        2 samples, Peak.  22.8 ms (1.7x), Avg.  13.5 ms, Total. 27.07 ms (0.0%)
[Performance] InitializeOnLoad PoolManager                                                                                                                 :        2 samples, Peak.   603 us (1.0x), Avg.   596 us, Total. 1.192 ms (0.0%)
[Performance] InitializeOnLoad MixerEffectDefinitionReloader                                                                                               :        2 samples, Peak.  6.09 ms (1.6x), Avg.  3.77 ms, Total. 7.547 ms (0.0%)
[Performance] InitializeOnLoad ProjectSearch                                                                                                               :        2 samples, Peak.  78.1 us (1.1x), Avg.  70.1 us, Total. 140.2 us (0.0%)
[Performance] InitializeOnLoad UISystemProfilerRenderService                                                                                               :        2 samples, Peak.  8.50 us (1.0x), Avg.  8.35 us, Total. 16.70 us (0.0%)
[Performance] InitializeOnLoad EditMode                                                                                                                    :        2 samples, Peak.   911 us (1.5x), Avg.   615 us, Total. 1.229 ms (0.0%)
[Performance] InitializeOnLoad UnityConnect                                                                                                                :        2 samples, Peak.  54.9 us (1.1x), Avg.  48.8 us, Total. 97.70 us (0.0%)
[Performance] InitializeOnLoad ManagedDebugger                                                                                                             :        2 samples, Peak.   560 us (1.1x), Avg.   527 us, Total. 1.053 ms (0.0%)
[Performance] InitializeOnLoad ShortcutIntegration                                                                                                         :        2 samples, Peak.  47.4 us (1.0x), Avg.  47.1 us, Total. 94.20 us (0.0%)
[Performance] InitializeOnLoad AddComponentWindow                                                                                                          :        2 samples, Peak.  96.5 us (1.1x), Avg.  90.3 us, Total. 180.6 us (0.0%)
[Performance] InitializeOnLoad ManagedDebuggerWindow                                                                                                       :        2 samples, Peak.   109 us (1.0x), Avg.   103 us, Total. 206.9 us (0.0%)
[Performance] InitializeOnLoad CacheServerWindow                                                                                                           :        2 samples, Peak.  9.00 us (1.3x), Avg.  7.05 us, Total. 14.10 us (0.0%)
[Performance] InitializeOnLoad PlayModeDownload                                                                                                            :        2 samples, Peak.  2.67 ms (1.9x), Avg.  1.39 ms, Total. 2.771 ms (0.0%)
[Performance] InitializeOnLoad MenuItems                                                                                                                   :        2 samples, Peak.   149 us (1.3x), Avg.   116 us, Total. 231.7 us (0.0%)
[Performance] InitializeOnLoad PrefabInstanceChangedListener                                                                                               :        2 samples, Peak.   123 us (1.1x), Avg.   116 us, Total. 231.9 us (0.0%)
[Performance] InitializeOnLoad ObjectSelectorSearch                                                                                                        :        2 samples, Peak.  39.7 us (1.1x), Avg.  37.2 us, Total. 74.30 us (0.0%)
[Performance] InitializeOnLoad EditorMonitor                                                                                                               :        2 samples, Peak.   617 us (1.2x), Avg.   509 us, Total. 1.018 ms (0.0%)
[Performance] InitializeOnLoad RetainedMode                                                                                                                :        2 samples, Peak.  2.66 ms (1.1x), Avg.  2.42 ms, Total. 4.838 ms (0.0%)
[Performance] InitializeOnLoad EditorShaderLoader                                                                                                          :        2 samples, Peak.  1.12 ms (1.3x), Avg.   858 us, Total. 1.715 ms (0.0%)
[Performance] InitializeOnLoad EditorDelegateRegistration                                                                                                  :        2 samples, Peak.   513 us (1.0x), Avg.   502 us, Total. 1.003 ms (0.0%)
[Performance] InitializeOnLoad UIDocumentHierarchyWatcher                                                                                                  :        2 samples, Peak.  81.7 us (1.0x), Avg.  80.9 us, Total. 161.7 us (0.0%)
[Performance] InitializeOnLoad LiveReloadTrackerCreator                                                                                                    :        2 samples, Peak.   257 us (1.2x), Avg.   206 us, Total. 412.2 us (0.0%)
[Performance] InitializeOnLoad UxmlObjectEditorFactories                                                                                                   :        2 samples, Peak.   529 us (1.0x), Avg.   514 us, Total. 1.028 ms (0.0%)
[Performance] InitializeOnLoad UXMLEditorFactories                                                                                                         :        2 samples, Peak.  67.0 ms (1.1x), Avg.  58.3 ms, Total. 116.6 ms (0.1%)
[Performance] InitializeOnLoad PurchasingService                                                                                                           :        2 samples, Peak.  19.1 ms (1.6x), Avg.  11.8 ms, Total. 23.55 ms (0.0%)
[Performance] InitializeOnLoad CloudBuildPoller                                                                                                            :        2 samples, Peak.   206 us (1.2x), Avg.   175 us, Total. 351.0 us (0.0%)
[Performance] InitializeOnLoad EditorGameServicesAnalytics                                                                                                 :        2 samples, Peak.  3.33 ms (1.5x), Avg.  2.16 ms, Total. 4.322 ms (0.0%)
[Performance] InitializeOnLoad AnalyticsService                                                                                                            :        2 samples, Peak.   264 us (1.0x), Avg.   262 us, Total. 524.5 us (0.0%)
[Performance] InitializeOnLoad BuildService                                                                                                                :        2 samples, Peak.   205 us (1.1x), Avg.   194 us, Total. 388.4 us (0.0%)
[Performance] InitializeOnLoad AdsService                                                                                                                  :        2 samples, Peak.  1.29 ms (1.4x), Avg.   899 us, Total. 1.798 ms (0.0%)
[Performance] InitializeOnLoad UDPService                                                                                                                  :        2 samples, Peak.   282 us (1.2x), Avg.   240 us, Total. 480.5 us (0.0%)
[Performance] InitializeOnLoad CrashService                                                                                                                :        2 samples, Peak.   187 us (1.1x), Avg.   167 us, Total. 333.2 us (0.0%)
[Performance] InitializeOnLoad ServicesRepository                                                                                                          :        2 samples, Peak.  1.10 us (1.3x), Avg.   850 ns, Total. 1.700 us (0.0%)
[Performance] InitializeOnLoad SearchWindow                                                                                                                :        2 samples, Peak.   149 us (1.1x), Avg.   134 us, Total. 268.4 us (0.0%)
[Performance] InitializeOnLoad CustomIndexers                                                                                                              :        2 samples, Peak.  17.9 ms (1.2x), Avg.  15.4 ms, Total. 30.89 ms (0.0%)
[Performance] InitializeOnLoad SearchMonitor                                                                                                               :        2 samples, Peak.  1.59 ms (1.1x), Avg.  1.39 ms, Total. 2.779 ms (0.0%)
[Performance] InitializeOnLoad ParameterControllerEditor                                                                                                   :        2 samples, Peak.  31.4 us (1.1x), Avg.  27.8 us, Total. 55.70 us (0.0%)
[Performance] InitializeOnLoad LayerSettingsWindow                                                                                                         :        2 samples, Peak.  31.3 us (1.7x), Avg.  18.0 us, Total. 36.00 us (0.0%)
[Performance] InitializeOnLoad PackageManagerHookGUIDConverter.RegisterPackagesEventHandler                                                                :        2 samples, Peak.   827 us (1.8x), Avg.   462 us, Total. 924.2 us (0.0%)
[Performance] InitializeOnLoad EditorDragAndDrop.RegisterEditorClient                                                                                      :        2 samples, Peak.   309 us (1.2x), Avg.   251 us, Total. 501.0 us (0.0%)
[Performance] InitializeOnLoad EditorEventCallbacks.InitializeFontAssetResourceChangeCallBacks                                                             :        2 samples, Peak.  1.29 ms (1.0x), Avg.  1.25 ms, Total. 2.507 ms (0.0%)
[Performance] InitializeOnLoad SceneTemplateService.Init                                                                                                   :        2 samples, Peak.  1.27 ms (1.1x), Avg.  1.20 ms, Total. 2.395 ms (0.0%)
[Performance] InitializeOnLoad DiagnosticSwitchesConsoleMessage.Init                                                                                       :        2 samples, Peak.  7.66 ms (1.8x), Avg.  4.19 ms, Total. 8.390 ms (0.0%)
[Performance] InitializeOnLoad PackageManagerWindow.EditorInitializedInSafeMode                                                                            :        2 samples, Peak.  32.6 ms (2.0x), Avg.  16.4 ms, Total. 32.78 ms (0.0%)
[Performance] InitializeOnLoad ToolShortcutContext.Init                                                                                                    :        2 samples, Peak.   212 us (1.2x), Avg.   174 us, Total. 347.8 us (0.0%)
[Performance] InitializeOnLoad MemoryProfilerCompilationGuard.InjectCompileGuard                                                                           :        2 samples, Peak.   267 us (1.3x), Avg.   205 us, Total. 409.4 us (0.0%)
[Performance] InitializeOnLoad AssetPostprocessingInternal.RefreshCustomDependencies                                                                       :        2 samples, Peak.  3.96 ms (1.6x), Avg.  2.48 ms, Total. 4.957 ms (0.0%)
[Performance] InitializeOnLoad SysrootManager.Initialize                                                                                                   :        2 samples, Peak.  17.0 us (1.0x), Avg.  16.8 us, Total. 33.60 us (0.0%)
[Performance] InitializeOnLoad ScopedRegistryAddedPopup.SubscribeToRegistriesAdded                                                                         :        2 samples, Peak.  9.67 ms (2.0x), Avg.  4.89 ms, Total. 9.787 ms (0.0%)
[Performance] InitializeOnLoad SceneVisibilityManager.Initialize                                                                                           :        2 samples, Peak.  3.36 ms (1.5x), Avg.  2.23 ms, Total. 4.465 ms (0.0%)
[Performance] InitializeOnLoad EditorWindow.Initialize                                                                                                     :        2 samples, Peak.   447 us (1.4x), Avg.   331 us, Total. 662.6 us (0.0%)
[Performance] AssemblyReloadEvents.afterAssemblyReload: UnityEditor.SceneTemplate.SceneTemplateService.AfterAssemblyReload                                 :        2 samples, Peak.  4.85 ms (1.9x), Avg.  2.56 ms, Total. 5.122 ms (0.0%)
[Performance] ProcessService.EditorAfterLoadAllAssemblies                                                                                                  :        2 samples, Peak.   375 us (1.1x), Avg.   357 us, Total. 714.0 us (0.0%)
[Performance] Application.ReadLicenseInfo                                                                                                                  :        1 samples, Peak.  27.2 ms (1.0x), Avg.  27.2 ms, Total. 27.19 ms (0.0%)
[Performance] Application.InitialRefresh                                                                                                                   :        1 samples, Peak.  37.2 s (1.0x), Avg.  37.2 s, Total. 37.19 s (28.7%)
[Performance] ShaderImporter.SourceAssetModified                                                                                                           :        4 samples, Peak.  1.30 us (1.3x), Avg.   975 ns, Total. 3.900 us (0.0%)
[Performance] ShaderIncludeImporter.SourceAssetModified                                                                                                    :        4 samples, Peak.  1.30 us (1.4x), Avg.   950 ns, Total. 3.800 us (0.0%)
[Performance] Compiling Scripts                                                                                                                            :        1 samples, Peak.  1.37 s (1.0x), Avg.  1.37 s, Total. 1.367 s (1.1%)
[Performance] AssemblyReloadEvents.beforeAssemblyReload: UnityEditor.SceneTemplate.SceneTemplateService.BeforeAssemblyReload                               :        1 samples, Peak.   574 us (1.0x), Avg.   574 us, Total. 573.6 us (0.0%)
[Performance] PresetManagerPostProcessor.OnPreprocessAsset                                                                                                 :        4 samples, Peak.  1.28 ms (2.6x), Avg.   488 us, Total. 1.952 ms (0.0%)
[Performance] NugetPackageAssetPostprocessor.OnPreprocessAsset                                                                                             :        4 samples, Peak.  59.3 ms (4.0x), Avg.  14.8 ms, Total. 59.36 ms (0.0%)
[Performance] CancelSplashScreenOnAssetChange.OnPreprocessAsset                                                                                            :        4 samples, Peak.   958 us (4.0x), Avg.   241 us, Total. 965.1 us (0.0%)
[Performance] InitializeOnLoad TouchSimulation                                                                                                             :        1 samples, Peak.   245 us (1.0x), Avg.   245 us, Total. 244.6 us (0.0%)
[Performance] InitializeOnLoad InputSystem                                                                                                                 :        1 samples, Peak.  50.8 ms (1.0x), Avg.  50.8 ms, Total. 50.82 ms (0.0%)
[Performance] InitializeOnLoad InputSystemUIInputModuleEditor                                                                                              :        1 samples, Peak.   137 us (1.0x), Avg.   137 us, Total. 137.5 us (0.0%)
[Performance] InitializeOnLoad EnableUITKEditor                                                                                                            :        1 samples, Peak.  24.5 us (1.0x), Avg.  24.5 us, Total. 24.50 us (0.0%)
[Performance] InitializeOnLoad ScriptableSettingsInitializer                                                                                               :        1 samples, Peak.   205 us (1.0x), Avg.   205 us, Total. 204.9 us (0.0%)
[Performance] InitializeOnLoad BuildValidator                                                                                                              :        1 samples, Peak.   868 us (1.0x), Avg.   868 us, Total. 867.9 us (0.0%)
[Performance] InitializeOnLoad XRGeneralSettingsPerBuildTarget                                                                                             :        1 samples, Peak.   525 us (1.0x), Avg.   525 us, Total. 525.1 us (0.0%)
[Performance] InitializeOnLoad XRPackageMetadataStore                                                                                                      :        1 samples, Peak.   401 us (1.0x), Avg.   401 us, Total. 400.6 us (0.0%)
[Performance] InitializeOnLoad XRPackageInitializationBootstrap                                                                                            :        1 samples, Peak.  53.0 us (1.0x), Avg.  53.0 us, Total. 53.00 us (0.0%)
[Performance] InitializeOnLoad XRLegacyUninstaller                                                                                                         :        1 samples, Peak.  8.05 ms (1.0x), Avg.  8.05 ms, Total. 8.049 ms (0.0%)
[Performance] InitializeOnLoad BuildHelperUtils                                                                                                            :        1 samples, Peak.  15.6 us (1.0x), Avg.  15.6 us, Total. 15.60 us (0.0%)
[Performance] InitializeOnLoad SectorInteraction                                                                                                           :        1 samples, Peak.   514 us (1.0x), Avg.   514 us, Total. 514.1 us (0.0%)
[Performance] InitializeOnLoad QuaternionFallbackComposite                                                                                                 :        1 samples, Peak.   115 us (1.0x), Avg.   115 us, Total. 114.6 us (0.0%)
[Performance] InitializeOnLoad Vector3FallbackComposite                                                                                                    :        1 samples, Peak.  61.9 us (1.0x), Avg.  61.9 us, Total. 61.90 us (0.0%)
[Performance] InitializeOnLoad SimulatedInputLayoutLoader                                                                                                  :        1 samples, Peak.   209 us (1.0x), Avg.   209 us, Total. 208.7 us (0.0%)
[Performance] InitializeOnLoad ButtonFallbackComposite                                                                                                     :        1 samples, Peak.  74.6 us (1.0x), Avg.  74.6 us, Total. 74.60 us (0.0%)
[Performance] InitializeOnLoad IntegerFallbackComposite                                                                                                    :        1 samples, Peak.  52.7 us (1.0x), Avg.  52.7 us, Total. 52.70 us (0.0%)
[Performance] InitializeOnLoad UnityTestProtocolStarter                                                                                                    :        1 samples, Peak.   253 us (1.0x), Avg.   253 us, Total. 252.9 us (0.0%)
[Performance] InitializeOnLoad BackgroundWatcher                                                                                                           :        1 samples, Peak.  64.5 us (1.0x), Avg.  64.5 us, Total. 64.50 us (0.0%)
[Performance] InitializeOnLoad RiderScriptEditor                                                                                                           :        1 samples, Peak.  43.0 ms (1.0x), Avg.  43.0 ms, Total. 43.00 ms (0.0%)
[Performance] InitializeOnLoad CallbackInitializer                                                                                                         :        1 samples, Peak.  2.19 ms (1.0x), Avg.  2.19 ms, Total. 2.192 ms (0.0%)
[Performance] InitializeOnLoad SpriteEditorWindow                                                                                                          :        1 samples, Peak.   420 us (1.0x), Avg.   420 us, Total. 420.0 us (0.0%)
[Performance] InitializeOnLoad PXR_PlatformSetting                                                                                                         :        1 samples, Peak.  9.40 us (1.0x), Avg.  9.40 us, Total. 9.400 us (0.0%)
[Performance] InitializeOnLoad CoverageReporterStarter                                                                                                     :        1 samples, Peak.  5.48 ms (1.0x), Avg.  5.48 ms, Total. 5.482 ms (0.0%)
[Performance] InitializeOnLoad PlasticPlugin                                                                                                               :        1 samples, Peak.  77.5 ms (1.0x), Avg.  77.5 ms, Total. 77.53 ms (0.1%)
[Performance] InitializeOnLoad ToolbarBootstrap                                                                                                            :        1 samples, Peak.  57.7 ms (1.0x), Avg.  57.7 ms, Total. 57.66 ms (0.0%)
[Performance] InitializeOnLoad VSCodeScriptEditor                                                                                                          :        1 samples, Peak.  8.54 ms (1.0x), Avg.  8.54 ms, Total. 8.542 ms (0.0%)
[Performance] InitializeOnLoad VSUsageUtility                                                                                                              :        1 samples, Peak.  29.2 ms (1.0x), Avg.  29.2 ms, Total. 29.16 ms (0.0%)
[Performance] InitializeOnLoad VisualStudioEditor                                                                                                          :        1 samples, Peak.  6.30 ms (1.0x), Avg.  6.30 ms, Total. 6.304 ms (0.0%)
[Performance] InitializeOnLoad TestRunnerApiListener                                                                                                       :        1 samples, Peak.   385 us (1.0x), Avg.   385 us, Total. 384.9 us (0.0%)
[Performance] InitializeOnLoad VisualStudioIntegration                                                                                                     :        1 samples, Peak.  1.40 ms (1.0x), Avg.  1.40 ms, Total. 1.400 ms (0.0%)
[Performance] InitializeOnLoad PrefabLayoutRebuilder                                                                                                       :        1 samples, Peak.   271 us (1.0x), Avg.   271 us, Total. 270.8 us (0.0%)
[Performance] InitializeOnLoad OnLoadNuGetPackageRestorer                                                                                                  :        1 samples, Peak.   201 ms (1.0x), Avg.   201 ms, Total. 201.3 ms (0.2%)
[Performance] AssetDatabase.Refresh                                                                                                                        :        2 samples, Peak.  8.47 ms (2.0x), Avg.  4.24 ms, Total. 8.472 ms (0.0%)
[Performance] InitializeOnLoad SysrootPackage.IssueWarningIfLinuxIL2CPPNotPresent                                                                          :        1 samples, Peak.   286 us (1.0x), Avg.   286 us, Total. 286.1 us (0.0%)
[Performance] InitializeOnLoad OpenXRProjectValidationRulesSetup.OpenXRProjectValidationCheck                                                              :        1 samples, Peak.  26.8 ms (1.0x), Avg.  26.8 ms, Total. 26.80 ms (0.0%)
[Performance] InitializeOnLoad OpenXRFeatureSetManager.InitializeOnLoad                                                                                    :        1 samples, Peak.   650 us (1.0x), Avg.   650 us, Total. 650.5 us (0.0%)
[Performance] InitializeOnLoad OpenXRChooseRuntimeLibraries.InitializeOnLoad                                                                               :        1 samples, Peak.  5.41 ms (1.0x), Avg.  5.41 ms, Total. 5.413 ms (0.0%)
[Performance] InitializeOnLoad InputSystemPackageControl.SubscribePackageManagerEvent                                                                      :        1 samples, Peak.   198 us (1.0x), Avg.   198 us, Total. 197.6 us (0.0%)
[Performance] InitializeOnLoad InputSystemPluginControl.CheckForExtension                                                                                  :        1 samples, Peak.  3.14 ms (1.0x), Avg.  3.14 ms, Total. 3.138 ms (0.0%)
[Performance] InitializeOnLoad VisualStudioEditor.LegacyVisualStudioCodePackageDisabler                                                                    :        1 samples, Peak.  3.37 ms (1.0x), Avg.  3.37 ms, Total. 3.368 ms (0.0%)
[Performance] InitializeOnLoad CoreUtilsAnalytics.RegisterEvents                                                                                           :        1 samples, Peak.  1.57 ms (1.0x), Avg.  1.57 ms, Total. 1.575 ms (0.0%)
[Performance] InitializeOnLoad XRPluginManagementProjectValidation.RegisterProjectValidationRules                                                          :        1 samples, Peak.  1.66 ms (1.0x), Avg.  1.66 ms, Total. 1.663 ms (0.0%)
[Performance] InitializeOnLoad OpenXRInput.RegisterFeatureLayouts                                                                                          :        1 samples, Peak.  1.54 ms (1.0x), Avg.  1.54 ms, Total. 1.543 ms (0.0%)
[Performance] InitializeOnLoad AnalyticsReporter.RegisterCallbacks                                                                                         :        1 samples, Peak.  4.00 ms (1.0x), Avg.  4.00 ms, Total. 4.004 ms (0.0%)
[Performance] InitializeOnLoad TestJobDataHolder.ResumeRunningJobs                                                                                         :        1 samples, Peak.  1.71 ms (1.0x), Avg.  1.71 ms, Total. 1.711 ms (0.0%)
[Performance] InitializeOnLoad TestStarter.Initialize                                                                                                      :        1 samples, Peak.  2.99 ms (1.0x), Avg.  2.99 ms, Total. 2.993 ms (0.0%)
[Performance] DidReloadScriptsAdvancedDropdownWindow.OnScriptReload                                                                                        :        2 samples, Peak.   363 us (1.2x), Avg.   311 us, Total. 622.8 us (0.0%)
[Performance] DidReloadScriptsPackageVersionUtility.OnReloadScripts                                                                                        :        1 samples, Peak.   111 us (1.0x), Avg.   111 us, Total. 110.8 us (0.0%)
[Performance] DidReloadScriptsTestListCache.ScriptReloaded                                                                                                 :        1 samples, Peak.  2.21 ms (1.0x), Avg.  2.21 ms, Total. 2.209 ms (0.0%)
[Performance] DidReloadScriptsTestRunnerWindow.CompilationCallback                                                                                         :        1 samples, Peak.  1.47 ms (1.0x), Avg.  1.47 ms, Total. 1.473 ms (0.0%)
[Performance] AssemblyReloadEvents.afterAssemblyReload: UnityEditor.XR.Management.Metadata.XRPackageMetadataStore.AssemblyReloadEvents_afterAssemblyReload :        1 samples, Peak.  3.80 ms (1.0x), Avg.  3.80 ms, Total. 3.804 ms (0.0%)
[Performance] AssetDatabase.ImportAssets                                                                                                                   :        7 samples, Peak.   239 ms (5.0x), Avg.  47.8 ms, Total. 334.7 ms (0.3%)
[Performance] VersionControl.Task.Wait                                                                                                                     :        1 samples, Peak.   540 us (1.0x), Avg.   540 us, Total. 540.4 us (0.0%)
[Performance] TMPro_TexturePostProcessor.OnPostprocessAllAssets                                                                                            :        6 samples, Peak.   595 us (1.9x), Avg.   313 us, Total. 1.879 ms (0.0%)
[Performance] AssetPostprocessor.OnPostprocessAllAssets                                                                                                    :        6 samples, Peak.  1.21 ms (3.0x), Avg.   407 us, Total. 2.443 ms (0.0%)
[Performance] BuilderAssetPostprocessor.OnPostprocessAllAssets                                                                                             :        6 samples, Peak.  2.63 ms (2.9x), Avg.   902 us, Total. 5.410 ms (0.0%)
[Performance] ArtifactBrowserPostProcessor.OnPostprocessAllAssets                                                                                          :        6 samples, Peak.   684 us (3.0x), Avg.   231 us, Total. 1.384 ms (0.0%)
[Performance] AssetEvents.OnPostprocessAllAssets                                                                                                           :       12 samples, Peak.   227 us (4.6x), Avg.  49.9 us, Total. 598.6 us (0.0%)
[Performance] AudioMixerPostprocessor.OnPostprocessAllAssets                                                                                               :        6 samples, Peak.   327 us (3.0x), Avg.   110 us, Total. 662.1 us (0.0%)
[Performance] StyleCatalogPostProcessor.OnPostprocessAllAssets                                                                                             :        6 samples, Peak.  40.0 ms (3.0x), Avg.  13.3 ms, Total. 80.08 ms (0.1%)
[Performance] BuildCatalog                                                                                                                                 :        1 samples, Peak.  38.3 ms (1.0x), Avg.  38.3 ms, Total. 38.31 ms (0.0%)
[Performance] ModelImporterPostProcessor.OnPostprocessAllAssets                                                                                            :        6 samples, Peak.  2.22 ms (3.0x), Avg.   743 us, Total. 4.459 ms (0.0%)
[Performance] RetainedModeAssetPostprocessor.OnPostprocessAllAssets                                                                                        :        6 samples, Peak.  4.43 ms (3.0x), Avg.  1.49 ms, Total. 8.926 ms (0.0%)
[Performance] AssetChangedListener.OnPostprocessAllAssets                                                                                                  :        6 samples, Peak.  2.29 ms (2.7x), Avg.   861 us, Total. 5.169 ms (0.0%)
[Performance] SpeedTreePostProcessor.OnPostprocessAllAssets                                                                                                :        6 samples, Peak.   324 us (2.8x), Avg.   115 us, Total. 690.7 us (0.0%)
[Performance] TextAssetPostProcessor.OnPostprocessAllAssets                                                                                                :        6 samples, Peak.   720 us (2.5x), Avg.   290 us, Total. 1.740 ms (0.0%)
[Performance] SpriteEditorTexturePostprocessor.OnPostprocessAllAssets                                                                                      :        6 samples, Peak.   419 us (2.3x), Avg.   179 us, Total. 1.073 ms (0.0%)
[Performance] AssetCallbacks.OnPostprocessAllAssets                                                                                                        :        6 samples, Peak.   186 ms (3.0x), Avg.  62.0 ms, Total. 371.9 ms (0.3%)
[Performance] InputActionAssetPostprocessor.OnPostprocessAllAssets                                                                                         :        6 samples, Peak.   705 us (3.0x), Avg.   238 us, Total. 1.426 ms (0.0%)
[Performance] InputActionJsonNameModifierAssetProcessor.OnPostprocessAllAssets                                                                             :        6 samples, Peak.   138 us (2.8x), Avg.  48.7 us, Total. 292.4 us (0.0%)
[Performance] ProjectSettingsPostprocessor.OnPostprocessAllAssets                                                                                          :        6 samples, Peak.   286 us (2.9x), Avg.  99.6 us, Total. 597.9 us (0.0%)
[Performance] SyncVS.PostprocessSyncProject                                                                                                                :        3 samples, Peak.  37.2 ms (2.7x), Avg.  13.6 ms, Total. 40.72 ms (0.0%)
[Performance] Application.ImportPackagesAndSetTemplateWhenCreatingProject                                                                                  :        1 samples, Peak.  88.8 ms (1.0x), Avg.  88.8 ms, Total. 88.85 ms (0.1%)
[Performance] Application.SyncCurrentColorSpace                                                                                                            :        1 samples, Peak.   927 ms (1.0x), Avg.   927 ms, Total. 926.8 ms (0.7%)
[Performance] Application.OnUsbDevicesChanged                                                                                                              :        1 samples, Peak.  6.17 ms (1.0x), Avg.  6.17 ms, Total. 6.175 ms (0.0%)
[Performance] Application.AssetInstanceCacheUpdate                                                                                                         :        1 samples, Peak.   600 ns (1.0x), Avg.   600 ns, Total. 600.0 ns (0.0%)
[Performance] Application.UnityExtensions.Initialize                                                                                                       :        1 samples, Peak.  7.88 ms (1.0x), Avg.  7.88 ms, Total. 7.884 ms (0.0%)
[Performance] CodeEditorProjectSync.SyncEditorProject                                                                                                      :        1 samples, Peak.   639 ms (1.0x), Avg.   639 ms, Total. 638.5 ms (0.5%)
[Performance] Application.ExecuteStartups                                                                                                                  :        1 samples, Peak.   116 ms (1.0x), Avg.   116 ms, Total. 116.2 ms (0.1%)
[Performance] Menu.RegisterMenuInterface                                                                                                                   :       26 samples, Peak.  4.00 us (7.4x), Avg.   538 ns, Total. 14.00 us (0.0%)
[Performance] Gizmo.RebuildRenderers                                                                                                                       :        2 samples, Peak.   110 ms (1.7x), Avg.  64.3 ms, Total. 128.6 ms (0.1%)
[Performance] Gizmo.AddGizmoRenderers                                                                                                                      :      216 samples, Peak.  2.55 ms (136.0x), Avg.  18.8 us, Total. 4.057 ms (0.0%)
[Performance] Application.editorInitializingProject                                                                                                        :        1 samples, Peak.   108 ms (1.0x), Avg.   108 ms, Total. 108.5 ms (0.1%)
[Performance] Application.InitializeMenu                                                                                                                   :        1 samples, Peak.  6.04 s (1.0x), Avg.  6.04 s, Total. 6.042 s (4.7%)
[Performance] Menu.RebuildAll                                                                                                                              :        1 samples, Peak.  6.04 s (1.0x), Avg.  6.04 s, Total. 6.042 s (4.7%)
[Performance] Menu.BuildRegisteredMenuInterfaces                                                                                                           :        1 samples, Peak.  6.03 s (1.0x), Avg.  6.03 s, Total. 6.026 s (4.7%)
[Performance] Menu.FilterMenuItem                                                                                                                          :      797 samples, Peak.  27.5 ms (787.5x), Avg.  34.9 us, Total. 27.82 ms (0.0%)
[Performance] UpdateAllMenus                                                                                                                               :        1 samples, Peak.  9.29 ms (1.0x), Avg.  9.29 ms, Total. 9.293 ms (0.0%)
[Performance] Menu.RebuildOSMainMenu                                                                                                                       :        3 samples, Peak.  6.62 ms (1.7x), Avg.  3.90 ms, Total. 11.70 ms (0.0%)
[Performance] EditorSceneManager.sceneClosing: UnityEditor.SceneVisibilityManager.EditorSceneManagerOnSceneClosing                                         :        2 samples, Peak.   591 us (2.0x), Avg.   299 us, Total. 599.0 us (0.0%)
[Performance] GUIView.RepaintAll.PlayerLoopController                                                                                                      :        2 samples, Peak.   285 us (2.0x), Avg.   144 us, Total. 287.0 us (0.0%)
[Performance] EditorSceneManager.newSceneCreated: UnityEditor.SceneTemplate.SceneTemplateService.OnNewSceneCreated                                         :        1 samples, Peak.   308 us (1.0x), Avg.   308 us, Total. 308.0 us (0.0%)
[Performance] EditorSceneManager.newSceneCreated: UnityEditor.SceneVisibilityManager.EditorSceneManagerOnNewSceneCreated                                   :        1 samples, Peak.   631 us (1.0x), Avg.   631 us, Total. 630.8 us (0.0%)
[Performance] EditorSceneManager.newSceneCreated: UnityEditor.SceneManagement.StageNavigationManager.OnNewSceneCreated                                     :        1 samples, Peak.  86.5 us (1.0x), Avg.  86.5 us, Total. 86.50 us (0.0%)
[Performance] Application.InvokeFinishedLoadingProject                                                                                                     :        1 samples, Peak.  22.7 ms (1.0x), Avg.  22.7 ms, Total. 22.67 ms (0.0%)
[Performance] ProcessService.OnProjectLoaded                                                                                                               :        1 samples, Peak.  62.2 us (1.0x), Avg.  62.2 us, Total. 62.20 us (0.0%)
[Performance] Inspector.InitOrRebuild                                                                                                                      :        2 samples, Peak.   489 us (1.4x), Avg.   344 us, Total. 687.9 us (0.0%)
[Performance] StateMacroSavedEvent.OnWillSaveAssets                                                                                                        :        2 samples, Peak.   542 us (1.9x), Avg.   284 us, Total. 568.0 us (0.0%)
[Performance] FlowMacroSavedEvent.OnWillSaveAssets                                                                                                         :        2 samples, Peak.   238 us (2.0x), Avg.   121 us, Total. 241.4 us (0.0%)
[Performance] AssetModificationProcessor.OnWillSaveAssets                                                                                                  :        2 samples, Peak.   266 us (2.0x), Avg.   134 us, Total. 267.9 us (0.0%)
[Performance] UnityCloudProjectLinkMonitor.OnWillSaveAssets                                                                                                :        2 samples, Peak.   296 us (2.0x), Avg.   149 us, Total. 297.8 us (0.0%)
[Performance] BuilderAssetModificationProcessor.OnWillSaveAssets                                                                                           :        2 samples, Peak.   358 us (2.0x), Avg.   180 us, Total. 360.4 us (0.0%)
[Performance] TerrainModificationProcessor.OnWillSaveAssets                                                                                                :        2 samples, Peak.   548 us (2.0x), Avg.   275 us, Total. 550.9 us (0.0%)
[Performance] GenerateAssemblyTypeInfos                                                                                                                    :        2 samples, Peak.  52.0 ms (1.1x), Avg.  45.4 ms, Total. 90.89 ms (0.1%)
[Performance] EditorApplication.quitting: UnityEditor.SettingsManagement.FileSettingsRepository.Save                                                       :        1 samples, Peak.  1.43 ms (1.0x), Avg.  1.43 ms, Total. 1.429 ms (0.0%)
[Performance] EditorApplication.quitting: callback in UnityEditor.TextCore.Text.EditorEventCallbacks                                                       :        1 samples, Peak.  69.4 ms (1.0x), Avg.  69.4 ms, Total. 69.43 ms (0.1%)
[Performance] Killing ADB server                                                                                                                           :        1 samples, Peak.   111 ms (1.0x), Avg.   111 ms, Total. 110.9 ms (0.1%)
[Performance] Application.Shutdown.PauseProfilerSession                                                                                                    :        1 samples, Peak.  1.57 ms (1.0x), Avg.  1.57 ms, Total. 1.571 ms (0.0%)
[Performance] Application.Shutdown.PauseAssetImportWorkers                                                                                                 :        1 samples, Peak.   240 us (1.0x), Avg.   240 us, Total. 240.2 us (0.0%)
[Performance] Application.Shutdown.SaveAssets                                                                                                              :        1 samples, Peak.   260 ms (1.0x), Avg.   260 ms, Total. 259.7 ms (0.2%)
[Performance] Application.Shutdown.CleanupRenderPipeline                                                                                                   :        1 samples, Peak.  4.90 us (1.0x), Avg.  4.90 us, Total. 4.900 us (0.0%)
[Performance] Application.Shutdown.StopPreloadManager                                                                                                      :        1 samples, Peak.  9.64 ms (1.0x), Avg.  9.64 ms, Total. 9.645 ms (0.0%)
[Performance] Application.Shutdown.DestroyWorld                                                                                                            :        1 samples, Peak.   639 us (1.0x), Avg.   639 us, Total. 638.9 us (0.0%)
[Performance] Application.Shutdown.CleanupAfterLoad                                                                                                        :        1 samples, Peak.  15.6 ms (1.0x), Avg.  15.6 ms, Total. 15.65 ms (0.0%)
[Performance] Application.Shutdown.Progress                                                                                                                :        1 samples, Peak.   412 us (1.0x), Avg.   412 us, Total. 411.6 us (0.0%)
[Performance] Application.Shutdown.GICleanupManagers                                                                                                       :        1 samples, Peak.  5.78 ms (1.0x), Avg.  5.78 ms, Total. 5.776 ms (0.0%)
[Performance] Application.Shutdown.MenuCleanupClass                                                                                                        :        1 samples, Peak.   291 us (1.0x), Avg.   291 us, Total. 291.1 us (0.0%)
[Performance] Application.Shutdown.ADBSaveStateBeforeShutdown                                                                                              :        1 samples, Peak.  15.3 us (1.0x), Avg.  15.3 us, Total. 15.30 us (0.0%)
[Performance] Application.Shutdown.RemoteShutdown                                                                                                          :        1 samples, Peak.  1.30 us (1.0x), Avg.  1.30 us, Total. 1.300 us (0.0%)
[Performance] Application.Shutdown.CleanupVCProvider                                                                                                       :        1 samples, Peak.   250 us (1.0x), Avg.   250 us, Total. 249.8 us (0.0%)
[Performance] Application.Shutdown.InputShutdown                                                                                                           :        1 samples, Peak.   231 us (1.0x), Avg.   231 us, Total. 230.7 us (0.0%)
[Performance] Application.Shutdown.GizmoManagerDestroy                                                                                                     :        1 samples, Peak.   669 us (1.0x), Avg.   669 us, Total. 669.3 us (0.0%)
[Performance] Application.Shutdown.ProfilerSession                                                                                                         :        1 samples, Peak.   728 us (1.0x), Avg.   728 us, Total. 728.5 us (0.0%)
[Performance] Application.Shutdown.ReleaseGfxWindowOnAllGUIViews                                                                                           :        1 samples, Peak.   600 ns (1.0x), Avg.   600 ns, Total. 600.0 ns (0.0%)
[Performance] Application.Shutdown.CleanupEngine                                                                                                           :        1 samples, Peak.   147 ms (1.0x), Avg.   147 ms, Total. 147.3 ms (0.1%)
[Performance] Application.Shutdown.CleanupAssetDatabase                                                                                                    :        1 samples, Peak.  21.0 ms (1.0x), Avg.  21.0 ms, Total. 21.05 ms (0.0%)
[Performance] Application.Shutdown.ScriptCompilationCleanUp                                                                                                :        1 samples, Peak.  11.8 ms (1.0x), Avg.  11.8 ms, Total. 11.75 ms (0.0%)
[Performance] Application.Shutdown.DestroyJobSystem                                                                                                        :        1 samples, Peak.   190 us (1.0x), Avg.   190 us, Total. 189.7 us (0.0%)
[Performance] Application.Shutdown.CleanupPersistentManager                                                                                                :        1 samples, Peak.   716 us (1.0x), Avg.   716 us, Total. 715.8 us (0.0%)
[Performance] Application.Shutdown.CleanupAsyncReadManager                                                                                                 :        1 samples, Peak.  5.09 ms (1.0x), Avg.  5.09 ms, Total. 5.091 ms (0.0%)
[Performance] Application.Shutdown.CleanupProgressBar                                                                                                      :        1 samples, Peak.   700 ns (1.0x), Avg.   700 ns, Total. 700.0 ns (0.0%)
[Performance] Application.Shutdown.CleanupMono                                                                                                             :        1 samples, Peak.   117 ms (1.0x), Avg.   117 ms, Total. 116.9 ms (0.1%)
[Performance] Application.Shutdown.CleanupStdConverters                                                                                                    :        1 samples, Peak.  12.0 us (1.0x), Avg.  12.0 us, Total. 12.00 us (0.0%)
[Performance] Application.Shutdown.UnloadAllPlatformSupportModuleNativeDlls                                                                                :        1 samples, Peak.   800 ns (1.0x), Avg.   800 ns, Total. 800.0 ns (0.0%)
[Performance] Application.Shutdown.UnloadAllPlatformSupportNativeLibraries                                                                                 :        1 samples, Peak.   200 ns (1.0x), Avg.   200 ns, Total. 200.0 ns (0.0%)
[Performance] Application.Shutdown.CleanupAutoDocumentation                                                                                                :        1 samples, Peak.   930 us (1.0x), Avg.   930 us, Total. 929.6 us (0.0%)
[Performance] Application.Shutdown.ShaderNameManagerDestroy                                                                                                :        1 samples, Peak.  68.6 us (1.0x), Avg.  68.6 us, Total. 68.60 us (0.0%)
[Performance] Application.Shutdown.CleanupCacheServer                                                                                                      :        1 samples, Peak. 0.0 (-nan(ind)x), Avg. 0.0, Total. 0.0 (0.0%)
[Performance] Application.Shutdown.Virtualization_Shutdown                                                                                                 :        1 samples, Peak.   400 ns (1.0x), Avg.   400 ns, Total. 400.0 ns (0.0%)
[Performance] Application.Shutdown.DevConnections                                                                                                          :        1 samples, Peak.   119 us (1.0x), Avg.   119 us, Total. 118.6 us (0.0%)
Exiting batchmode successfully now!
Exiting without the bug reporter. Application will terminate with return code 0